symbol,opened_at,closed_at,entry_day_change_pct,entry_price,exit_price,quantity,realized_pnl,return_pct,minutes_held,exit_reason,mfe_pct,mae_pct,nbbo_pnl
NNVC,2026-08-03T13:30:05.000Z,2026-08-03T13:35:05.000Z,9.210526315789469,1.6904276794928073,1.569534736313655,5.91566263795381,-0.7151618671571843,-7.151618767590509,5,stop,0,-7.124095337159886,-0.4140963846567658
TOPS,2026-08-03T13:30:05.000Z,2026-08-03T13:35:05.000Z,9.206349206349195,0.6952595931016664,0.6440849913958058,14.383116797349443,-0.7360502733932315,-7.360502783940369,5,stop,0,-7.300811611274516,-0.3466331148161199
NRXS,2026-08-03T13:30:05.000Z,2026-08-03T13:45:05.000Z,9.599999999999987,6.892373672867567,6.31818228293358,1.4508788955559326,-0.8330821696651493,-8.330822111319094,15,stop,0,-8.304449236708766,-0.5803515582223753
EZRA,2026-08-03T13:45:05.000Z,2026-08-03T13:50:05.000Z,129.39560439560444,4.190838151011406,3.6792635442208312,2.3861575273467777,-1.2206975987927988,-12.206975988015978,5,stop,0,-12.189402993005627,-1.1692171883999212
YYAI,2026-08-03T13:45:05.000Z,2026-08-03T13:50:05.000Z,50,0.18043633572233161,0.14917006065788227,55.42120968657963,-1.732814786465123,-17.32814786959769,5,stop,0,-17.311555124019108,-1.6570941696287314
EDBL,2026-08-03T13:50:05.000Z,2026-08-03T13:55:05.000Z,30.04291845493563,3.040608569360806,2.749447776931715,3.288815305064846,-0.9575740703756028,-9.575740704114983,5,stop,0,-9.557579107326442,-1.5128550403298284
SDST,2026-08-03T13:30:05.000Z,2026-08-03T14:00:05.000Z,9.425925925925904,0.5997364041658854,0.5663707399166339,16.673990713848795,-0.5563387758534157,-5.563388184790368,30,stop,5.579717289407471,-5.541835368841852,-0.09504174706893842
ZBAO,2026-08-03T13:55:05.000Z,2026-08-03T14:05:05.000Z,67.76611694152923,0.33686741634919143,0.26864617534581864,29.685269379984586,-2.025165916621971,-20.251659166897795,10,stop,0,-20.23568117331068,-1.2883406910913324
HYFM,2026-08-03T13:55:05.000Z,2026-08-03T14:20:05.000Z,372.2222222222222,2.5606649590425814,2.289541755832453,3.9052355559122227,-1.0388040876680618,-10.388041037870185,25,stop,0,-10.570104381940759,-0.9663088889780553
MUZ,2026-08-03T13:30:05.000Z,2026-08-03T14:25:05.000Z,9.010989010989,14.913008942929645,14.057185250282856,0.6705554884747162,-0.5738772742710029,-5.738772744802386,55,stop,1.9914898341904408,-5.7198982860803715,-0.7174943726679466
RUBI,2026-08-03T13:30:05.000Z,2026-08-03T14:30:05.000Z,9.4170403587444,2.461267997404479,2.5194237749483968,4.062945760037498,0.23628376979374505,2.362838082047377,60,time,8.074374785886507,-0.05151805515758445,0.2031472880018761
FCUV,2026-08-03T13:50:05.000Z,2026-08-03T14:40:05.000Z,30.60344827586208,15.213074176812723,14.347121296342348,0.6573293391921253,-0.5692162346911096,-5.692162349344441,50,stop,0.24272426965195049,-5.67323978560621,-0.44698395065064567
OWL,2026-08-03T13:45:05.000Z,2026-08-03T14:45:05.000Z,3.592233009708723,10.682137359295515,10.837829289703997,0.9361422403956839,0.1457497925441251,1.4574979254783678,60,time,1.5714330855183478,0,0.13105991365539538
INFQ,2026-08-03T13:45:05.000Z,2026-08-03T14:45:05.000Z,2.1363173957273496,10.052017891075415,10.637865472211644,0.9948251293207693,0.5828158956661081,5.828158957579723,60,time,5.84939377641398,0,0.5372055698332154
QUBT,2026-08-03T13:45:05.000Z,2026-08-03T14:45:05.000Z,1.4814814814814836,8.231655649078018,8.468284452114963,1.2148224396099363,0.28746197978732063,2.8746197985510786,60,time,2.8954606592256793,-0.14159544051532968,0.3037056099024831
UPC,2026-08-03T13:45:05.000Z,2026-08-03T14:45:05.000Z,90.66455696202532,6.04121437366754,6.178758902973923,1.6552963327152943,0.2276769549459083,2.276769549942031,60,time,5.276846783024025,-2.8341052490014174,0.5959066797775048
MGN,2026-08-03T13:50:05.000Z,2026-08-03T14:50:05.000Z,48.91304347826089,0.11012307324475339,0.1387719138547274,90.80749097630907,2.697086580359571,26.97086585765513,60,time,52.465777654819746,-0.6566046727976116,2.2611065253100957
PRZO,2026-08-03T13:50:05.000Z,2026-08-03T14:50:05.000Z,5.940807949881188,0.49291298920514093,0.5246356926786286,20.287556124268253,0.6435761271319014,6.435761314515761,60,time,12.068460782659907,0,0.2109905836923911
AMZG,2026-08-03T13:50:05.000Z,2026-08-03T14:50:05.000Z,9.760178471834923,19.723955410630694,19.5954030820919,0.5069976985168949,-0.06517573470815695,-0.6517573471571982,60,time,0.5376436275664531,-1.2875480873061562,0.030419861911013868
KIDZ,2026-08-03T13:55:05.000Z,2026-08-03T14:55:05.000Z,0.4571414324714862,0.5661153270089071,0.5899707082417719,17.664245278748723,0.42138730531538277,4.213873056379811,60,time,8.423137603964337,-4.8073821199472455,0.8372852262126909
AZTR,2026-08-03T13:55:05.000Z,2026-08-03T15:00:05.000Z,5.727204220045201,0.14143037111098306,0.13836305951963238,70.70617074457714,-0.1953804093041082,-1.953804099245958,65,time,1.6754738536021163,-2.4254840626071528,-0.2898953000527644
MOVE,2026-08-04T13:30:05.000Z,2026-08-04T13:35:05.000Z,72.3977695167286,18.583733375723064,16.456705313196657,0.5381050080703808,-1.1445644527516983,-11.44564452966732,5,stop,0,-11.427915654974964,-0.7156796607336062
TNMG,2026-08-04T13:30:05.000Z,2026-08-04T13:40:05.000Z,117.95323698742806,0.7809565668810542,0.7171563065401422,12.804809413272217,-0.8169501741825284,-8.16950174267877,10,stop,9.570754160817474,-8.151102069002715,-0.8579222306892369
XGN,2026-08-04T13:35:05.000Z,2026-08-04T13:40:05.000Z,39.74358974358976,6.581318918918373,6.048783666680726,1.5194522742797703,-0.8091619001466438,-8.091619002185782,5,stop,0,-8.073137397901608,-0.7445316143970864
QNME,2026-08-04T13:35:05.000Z,2026-08-04T13:45:05.000Z,224.8407643312102,1.0302064293712845,0.9095178732761259,9.706792458349836,-1.1714987661136167,-11.714987662114721,10,stop,0,-11.697308999015599,-1.1298706421519213
ADGM,2026-08-04T13:45:05.000Z,2026-08-04T13:55:05.000Z,95.65217391304346,0.9027806379396525,0.7770443784358763,11.076887983066172,-1.3927664619330684,-13.927664619694824,10,stop,10.768879833557786,-13.910426593358894,-1.364672599513753
AMIX,2026-08-04T13:55:05.000Z,2026-08-04T14:00:05.000Z,65.06849315068494,6.041208466426422,5.698857943558947,1.655297951630009,-0.5666921192419944,-5.666921192507484,5,stop,0,-5.648016755631979,0.016552979516301747
F,2026-08-04T13:30:05.000Z,2026-08-04T14:30:05.000Z,0.485100485100487,14.522914204949755,14.007196589744552,0.6885670367164646,-0.3551061500843284,-3.551061501344089,60,time,0,-3.5317581424184286,-0.17902742954628081
SNAP,2026-08-04T13:30:05.000Z,2026-08-04T14:30:05.000Z,5.753968253968256,5.341082810056099,5.728851920640993,1.872279526456609,0.7260121667403869,7.26012167148597,60,time,7.281616926284218,0,0.5429610626724166
MBGL,2026-08-04T13:30:05.000Z,2026-08-04T14:30:05.000Z,-2.0657276995305174,20.975077178385273,20.915733789799646,0.4767562861868741,-0.028292333551828454,-0.28292333840268735,60,time,0.7862799274211074,-0.8823670912448178,-0.12872419727045603
IQMX,2026-08-04T13:30:05.000Z,2026-08-04T14:30:05.000Z,1.6000000000000014,10.202289196314522,9.766854920136149,0.980172170456862,-0.4268005595730689,-4.268005619127811,60,time,0,-4.433212856560731,-0.40187058988731295
ELPW,2026-08-04T13:35:05.000Z,2026-08-04T14:35:05.000Z,26.133340960443906,0.13322673660117035,0.16106763961915024,75.06000862635196,2.1146911421381978,21.14691142445977,60,time,36.23391567665675,-1.7464486938051471,1.9772682772396788
VTGN,2026-08-04T13:35:05.000Z,2026-08-04T14:35:05.000Z,8.040816326530642,0.26555801003609736,0.295940039639297,37.65655556103006,1.1440825858097472,11.440825904317402,60,time,11.463404910951347,-1.5657633658017422,1.1071027334942833
ALP,2026-08-04T13:35:05.000Z,2026-08-04T14:35:05.000Z,-0.46511627906977715,0.19412844281091174,0.20004838904393094,51.51227093009719,0.3049498742468931,3.0494996752152606,60,time,3.3851593789835377,-0.735823555903703,0.39149325906873855
KIM,2026-08-04T13:45:05.000Z,2026-08-04T14:45:05.000Z,-1.6332152695789026,25.015017049061328,25.134935203122556,0.3997598714076599,0.04793846584696044,0.4793846585274576,60,time,0.9793435297613229,-0.020056148878433433,0.04397358585484312
PFE,2026-08-04T13:45:05.000Z,2026-08-04T14:45:05.000Z,-0.3795445465441416,24.944989511477402,24.935008383877623,0.40088210882099967,-0.004001255480611059,-0.04001255480659563,60,time,0.7416739479384038,-0.5010605894217535,-0.012026463264630749
SRAD,2026-08-04T13:45:05.000Z,2026-08-04T14:45:05.000Z,1.296596434359798,12.522521332339226,12.407506034694261,0.7985612267545352,-0.09184675718290071,-0.9184675720850163,60,time,0,-2.495674186093366,-0.11179857174563423
ENSC,2026-08-04T13:45:05.000Z,2026-08-04T14:45:05.000Z,50.5890753302392,0.4228848038157065,0.4118160293306249,23.647101784252275,-0.2617444368756589,-2.6174443690592795,60,time,6.790311670032878,-4.702179798442763,-0.5320597901456772
BLZE,2026-08-04T13:45:05.000Z,2026-08-04T14:45:05.000Z,47.69082745349582,23.05461139222313,22.72544042656681,0.43375270264813165,-0.1427787959867244,-1.4277879598844934,60,time,1.5848829614197202,-1.798388119276595,-0.32097699995961904
MOVE,2026-08-04T13:55:05.000Z,2026-08-04T14:50:05.000Z,48.884758364312276,16.063219382299458,15.006985876474413,0.6225402119638627,-0.6575478305996572,-6.575478306602349,55,stop,1.8475786866708255,-6.556714175615586,-0.32372091022120664
IRT,2026-08-04T13:55:05.000Z,2026-08-04T14:55:05.000Z,1.6408114558472464,17.063431278806597,16.736621418785692,0.5860485991553135,-0.1915264606553955,-1.915264606989186,60,time,0,-1.9540693390357577,-0.18167506573814762
MFA,2026-08-04T13:55:05.000Z,2026-08-04T14:55:05.000Z,-0.3275109170305823,9.15267434778716,9.107997946187995,1.0925768087402363,-0.04881240028521334,-0.4881240160146943,60,time,0,-0.9032807750572691,-0.010925768087403753
STVN,2026-08-04T13:55:05.000Z,2026-08-04T14:55:05.000Z,-1.651287032540072,20.314135255893447,19.59604883171594,0.4922680619524003,-0.35349101234419056,-3.53491012603738,60,time,0.37345790579268456,-4.0569546550319195,-0.3544330046057276
BCAL,2026-08-04T13:55:05.000Z,2026-08-04T15:10:05.000Z,-0.39627039627040395,21.49679720941714,21.58341998283232,0.4651855592632913,0.04029566329607916,0.4029566477802367,75,time,1.0383071878497407,-0.03161963780429211,-0.018607422370530813
BJDX,2026-08-05T13:30:05.000Z,2026-08-05T13:35:05.000Z,49,1.5003014008439064,1.3797232803103598,6.6653273752187046,-0.8036926476446684,-8.036926477954525,5,stop,0,-8.018482204724863,-0.1999598212565612
CISS,2026-08-05T13:30:05.000Z,2026-08-05T13:45:05.000Z,46.197502837684446,0.12912794437867167,0.11917598903078636,77.4425707193437,-0.7707050058243594,-7.707050085689354,15,stop,2.2241937135667023,-7.688455373809456,-0.5188652238196028
INLF,2026-08-05T13:30:05.000Z,2026-08-05T14:00:05.000Z,145.2830188679245,7.831566301688709,6.328733873230514,1.2768837822092696,-1.1591540092826724,-11.591540092916048,30,stop,4.321405007301227,-19.173256585530385,-0.2194917008290318
DBGI,2026-08-05T13:45:05.000Z,2026-08-05T14:00:05.000Z,10.77207582061952,24.0848491850326,21.20571531695365,0.4151987799632882,-1.1954128693773622,-11.954128697090498,15,stop,3.301456483528842,-11.936338745351815,-2.063537936417543
BJDX,2026-08-05T14:10:05.000Z,2026-08-05T14:15:05.000Z,49,1.5003010725251076,1.419714110221439,6.665328834121586,-0.5371386034969114,-5.371386035739833,5,stop,0,-5.352330541892869,-0.333266441706078
VNRX,2026-08-05T14:10:05.000Z,2026-08-05T14:15:05.000Z,13.929208046855113,0.89848123672021,0.8471222418423235,11.129892965782078,-0.5716201158210259,-5.71620116023411,5,stop,0,-5.696416867539766,-0.5119750764259763
CTXR,2026-08-05T13:30:05.000Z,2026-08-05T14:30:05.000Z,2.9397590361445847,0.6441988565028937,0.6908130963531617,15.523142083447787,0.7235994683076244,7.236001644479578,60,time,7.265014991049745,-0.09296143525381328,0.6209256833379104
GTE,2026-08-05T13:30:05.000Z,2026-08-05T14:30:05.000Z,50.51244509516839,10.302072669794331,10.22794197175177,0.970678456466843,-0.07195707155276262,-0.7195707157057049,60,time,8.813054996862068,-0.7966617245378949,0.029120353694004564
GME,2026-08-05T13:40:05.000Z,2026-08-05T14:40:05.000Z,-0.676730869338904,19.093829834746927,18.99617273737382,0.5237293976800049,-0.051145892786395745,-0.5114589279275565,60,time,0,-0.6485332477488726,-0.0366610578376001
APPS,2026-08-05T13:40:05.000Z,2026-08-05T14:40:05.000Z,43.007360672975814,13.612723129472428,13.567277564317017,0.734606875106667,-0.03338462460627314,-0.33384624606827357,60,time,3.0653445791763767,-1.0484539214892452,-0.2718045437894663
OESX,2026-08-05T13:40:05.000Z,2026-08-05T14:40:05.000Z,42.93269230769228,14.953117785211424,16.00677281701664,0.668756852304602,0.7046390224849611,7.046390237407721,60,time,13.28741098230093,0,0.6821319893506939
JLHL,2026-08-05T13:40:05.000Z,2026-08-05T14:40:05.000Z,37.45387453874538,7.47151060683372,11.797637781691988,1.338417426103743,5.7393144546594534,57.3931445723916,60,time,80.41866911987911,0,5.616668728644358
CRCD,2026-08-05T13:40:05.000Z,2026-08-05T14:40:05.000Z,7.36842105263158,6.151236567255468,6.038496242051472,1.6256893859497734,-0.18328075005266314,-1.8328075009200737,60,time,0.9553108891526607,-2.946343637964355,-0.0975413631569868
SHPU,2026-08-05T13:40:05.000Z,2026-08-05T14:40:05.000Z,32.920000000000016,16.673381965705392,16.83538200859519,0.5997583462510556,0.09716087781618497,0.9716087787289156,60,time,3.758193961989642,-1.2797761494595772,0.13794441963774062
CTOR,2026-08-05T13:30:05.000Z,2026-08-05T14:45:05.000Z,-0.3030303030303161,0.6633604799999999,0.7462625471797418,10.15,0.8414559818743804,12.49728762553686,75,time,14.462652342509163,0,0.8952299999999997
VTIX,2026-08-05T13:45:05.000Z,2026-08-05T14:45:05.000Z,-2.9585798816567976,1.660391227746905,1.9495232627770847,6.022676914221942,1.7413488325382724,17.41348847178156,60,time,18.04446851117456,0,1.6863495359821439
OMH,2026-08-05T13:45:05.000Z,2026-08-05T14:50:05.000Z,0.27272727272726893,0.1108377378139082,0.10975950459893852,90.22197419827036,-0.12067797157364449,-1.206779773512103,65,time,0.5975060472667826,-1.6580434156764134,-0.1196441716180967
CISS,2026-08-05T14:10:05.000Z,2026-08-05T15:10:05.000Z,41.316685584563004,0.12482542845980596,0.1207754651012896,80.11188197582098,-0.3244501865838621,-3.2445018683196074,60,time,9.272607098577733,-3.8657415555034658,-0.44061535086701475
TRAD.RT,2026-08-05T14:10:05.000Z,2026-08-05T15:10:05.000Z,31.118881118881127,0.30223761,0.29776761,10,-0.04469999999999974,-1.4789688152973333,60,time,0,-1.5013386322105915,-0.2999999999999998
BLMN,2026-08-05T14:15:05.000Z,2026-08-05T15:15:05.000Z,36.939461883408065,12.232451697253229,12.247540059216107,0.8174976077209289,0.012334699809080129,0.1233469981023178,60,time,2.514200017775914,-0.3470416095144868,-0.03269990430883851
CELZ,2026-08-06T13:30:05.000Z,2026-08-06T13:40:05.000Z,71.94976076555024,1.1602337425621838,1.0597875858481647,8.61895291451383,-0.8657406951620081,-8.65740695424014,10,stop,5.15122558889145,-8.639099078504142,-0.9480848205965202
AZI,2026-08-06T13:40:05.000Z,2026-08-06T13:45:05.000Z,51.48514851485149,1.5403083093428611,1.4297131192890786,6.492206747793379,-0.7180068391406579,-7.180068391695264,5,stop,0,-7.161443502821962,0.2596882699117362
CODX,2026-08-06T13:40:05.000Z,2026-08-06T13:50:05.000Z,1.324503311258285,1.5503961254726293,1.448684512234643,6.449964427623822,-0.6560362872612437,-6.5603629657536775,10,stop,0,-6.47551447163377,-0.644996442762384
PAVS,2026-08-06T13:40:05.000Z,2026-08-06T13:50:05.000Z,77.80040733197558,8.761753329125218,7.758446963690412,1.1413240733969383,-1.1450977078631301,-11.450977078978976,10,stop,2.8332990161863636,-11.43325190170852,-0.7761003699099174
CLRO,2026-08-06T13:45:05.000Z,2026-08-06T13:50:05.000Z,190.0815217391304,10.692139190544149,10.137970379691184,0.9352665375532075,-0.5182955449464302,-5.182955449579787,5,stop,0,-5.163973089991625,0.28993262664149455
MGRX,2026-08-06T13:45:05.000Z,2026-08-06T13:55:05.000Z,47.47356051703877,0.6300265342283704,0.5966788647187125,15.872347361497164,-0.5293057941536988,-5.293057942472336,10,stop,0,-5.273830929845658,-0.32379588617454047
HNST,2026-08-06T13:45:05.000Z,2026-08-06T14:00:05.000Z,50.12987012987011,5.7911586311390115,5.478903050612155,1.7267701744538644,-0.5391936232605524,-5.391936232723115,15,stop,0.3253471379574657,-5.372994437864531,-0.6389049645479314
SURG,2026-08-06T13:40:05.000Z,2026-08-06T14:05:05.000Z,67.05461056401074,0.3741753022053331,0.33863188135418315,26.725441092630792,-0.9499136001879936,-9.499136004344056,25,stop,0.6747366220556605,-9.480930995778458,-0.6948614684083996
OKLL,2026-08-06T13:45:05.000Z,2026-08-06T14:05:05.000Z,-1.000000000000012,2.980605337264254,2.819433480677267,3.3550231788872007,-0.5407353146336253,-5.407353149777236,20,stop,0,-5.388346295174584,-0.36905254967759227
AISP,2026-08-06T13:30:05.000Z,2026-08-06T14:30:05.000Z,-1.0471204188481575,1.9105271399630774,2.029321555396251,5.23415741192356,0.6217886700346726,6.217886830724085,60,time,6.776813442148999,-3.1680858490315433,0.889806760027005
ENSC,2026-08-06T13:30:05.000Z,2026-08-06T14:30:05.000Z,73.5911602209945,0.6300267031504544,0.6385721106944352,15.872343104960645,0.34110179811349584,3.4110179819224937,60,time,51.993557608195374,0,1.1004295474669217
ASPN,2026-08-06T13:30:05.000Z,2026-08-06T14:30:05.000Z,45.50898203592813,7.311466671610538,7.848422633679184,1.3677146389173478,0.7344025297752351,7.3440252986938335,60,time,8.186227952231363,0,0.9574002472421448
SNOA,2026-08-06T13:30:05.000Z,2026-08-06T14:30:05.000Z,10.619469026548689,1.2603499735690649,1.269583893081934,7.934303958249261,0.07326472414111339,0.7326472572313046,60,time,2.3525232715300604,-2.4080592062155293,0.23802911874747856
GCDT,2026-08-06T13:30:05.000Z,2026-08-06T14:35:05.000Z,-2.8858218318695172,0.390064775,0.4463062684954514,14.350000000000001,0.6347105616740738,11.339322081045735,65,time,14.442530730953607,-1.529175506811653,0.540960000000001
OPTU,2026-08-06T13:40:05.000Z,2026-08-06T14:40:05.000Z,0.36985078433871,0.7912181681463201,0.811844422378955,12.63873690508926,0.26068980058375724,2.6068984589874282,60,time,3.132111072694288,-0.8490917444501478,0.06319368452544616
JOBY,2026-08-06T13:40:05.000Z,2026-08-06T14:40:05.000Z,3.589743589743599,8.091619854008076,8.468304033067803,1.2358464905624371,0.46552382074135523,4.655238207627125,60,time,4.923367053564576,-0.2671882070357845,0.37075394716873156
TPVG,2026-08-06T13:45:05.000Z,2026-08-06T14:45:05.000Z,6.70995670995671,4.961217169966644,5.0084774676166015,2.0156343788284796,0.09525948069692144,0.9525948175793199,60,time,2.595791025092775,-1.838604657720655,0.16125075030627833
HTZ,2026-08-06T13:45:05.000Z,2026-08-06T14:45:05.000Z,7.371794871794868,1.6803364799401272,1.6896539026878832,5.951189014109993,0.05544974389626364,0.5544974389943569,60,time,2.9555699499925314,-1.2102623601227713,-0.05951189014110092
TRIN,2026-08-06T13:50:05.000Z,2026-08-06T14:50:05.000Z,1.1020881670533722,17.453632990824843,17.486461664964022,0.5729466173718781,0.018809077800846008,0.1880907783292807,60,time,0.2083635492637681,-0.7083510400948456,0.051565195563467725
GVH,2026-08-06T13:50:05.000Z,2026-08-06T14:50:05.000Z,3.409090909090895,0.9159106970549071,0.9352852566915383,10.918094922271592,0.2115332811899507,2.11533282654408,60,time,2.1496967999613315,-1.5952097843040303,0.020744380352315517
DSY,2026-08-07T13:30:05.000Z,2026-08-07T13:35:05.000Z,73.91304347826086,6.021207240042977,5.448906920809858,1.660796514761634,-0.950474375579335,-9.504743756819014,5,stop,0,-9.486589935723588,-0.7971823270855829
SLGB,2026-08-07T13:30:05.000Z,2026-08-07T13:35:05.000Z,50.2537080405933,0.7728553409797981,0.7078578893409829,12.939032012431763,-0.8410041074811153,-8.410041076563408,5,stop,0,-8.391653332896286,-0.5175612804972705
NAMI,2026-08-07T13:35:05.000Z,2026-08-07T13:40:05.000Z,195.36082474226797,8.611722838710495,7.358526479207362,1.1612078311269136,-1.455221426594777,-14.552214266231362,5,stop,0,-14.535103627393632,-0.2786898794704591
VATE,2026-08-07T13:30:05.000Z,2026-08-07T13:45:05.000Z,47.09851551956812,10.942199758467392,10.327914708445908,0.91389302138274,-0.561390820354382,-5.613908204756844,15,stop,1.4421253954032043,-5.59485087076439,-0.6488640451817442
SAGT,2026-08-07T13:40:05.000Z,2026-08-07T13:45:05.000Z,13.703190013869616,0.8238716887879177,0.7591344757832122,12.137812378444194,-0.7857681453544926,-7.857681467358956,5,stop,0,-7.83759044844905,-0.2961626220340374
CELZ,2026-08-07T13:35:05.000Z,2026-08-07T13:50:05.000Z,47.82608695652175,1.7103421185002607,1.489701645407756,5.846783454429594,-1.2900370674547743,-12.900370674726563,15,stop,0,-12.882926527791472,-2.1048420435946547
SBFM,2026-08-07T13:45:05.000Z,2026-08-07T14:00:05.000Z,-2.142857142857124,1.3802775499604945,1.2597437795023358,7.244919688817466,-0.8732574867597183,-8.732574869569417,15,stop,0,-8.71401190028317,-0.8693903626580948
AZIO,2026-08-07T13:35:05.000Z,2026-08-07T14:15:05.000Z,0,1.4807674535632,1.3989321203966338,6.753253743137421,-0.5526547700280112,-5.526548612994177,40,stop,0,-5.454431981797536,-0.33766268715687175
XBIO,2026-08-07T13:30:05.000Z,2026-08-07T14:30:05.000Z,-1.1102230246251565e-14,2.8607829127234243,2.9092437018434363,3.4955465350723873,0.1693969434953314,1.693969469143605,60,time,9.760163416620982,-0.7264764002536395,0.17477732675362034
HOST,2026-08-07T13:30:05.000Z,2026-08-07T14:30:05.000Z,60.25,0.3214645548694616,0.4692060057928042,31.107628653937656,4.592154229519862,45.921542303085275,60,time,59.73767316540355,0,1.9570586876908518
FIGS,2026-08-07T13:30:05.000Z,2026-08-07T14:30:05.000Z,35.320284697508896,15.243066673866549,15.336926434716004,0.6560359677937594,0.06157537904576282,0.6157537906094211,60,time,3.588079340170691,-1.2665868226998667,0.02624143871175022
ATOS,2026-08-07T13:35:05.000Z,2026-08-07T14:35:05.000Z,-2.4793388429752095,2.380714933954983,2.3382249547971248,4.200418771631977,-0.17847570606091873,-1.7847571144215608,60,time,0.8100535587005186,-2.55028155992284,-0.3780376894468791
CPOP,2026-08-07T13:35:05.000Z,2026-08-07T14:35:05.000Z,21.03880000111711,0.4349881394595991,0.42991066040763115,22.989132547432845,-0.11672683893250431,-1.1672683899556102,60,time,17.33653258548329,-1.1467299926375074,-0.12644022901088015
ZYME,2026-08-07T13:35:05.000Z,2026-08-07T14:40:05.000Z,1.2970168612191912,23.545463111758753,24.01462287974078,0.42471026703124526,0.19925697033996403,1.9925697182304574,65,time,2.015406900211958,0,0.12741308010937402
RKT,2026-08-07T13:40:05.000Z,2026-08-07T14:40:05.000Z,-0.03782148260211837,13.232648242467995,13.517288164999824,0.7557066292722449,0.2151042764128414,2.151042764201381,60,time,2.7761015845116255,0,0.1360271932690047
CDE,2026-08-07T13:40:05.000Z,2026-08-07T14:40:05.000Z,9.361022364217252,17.133426791599756,16.90661732373718,0.5836544038470117,-0.13237834475219004,-1.3237834475341355,60,time,0.21346114145814887,-1.5375020700990727,-0.07003852846164271
EQX,2026-08-07T13:40:05.000Z,2026-08-07T14:40:05.000Z,8.65921787709496,11.682338372567244,11.457706743315411,0.855993011046115,-0.19228310469947138,-1.922831047072895,60,time,0.23678159757563044,-1.9888002312347663,-0.19687839254060613
RCEL,2026-08-07T13:40:05.000Z,2026-08-07T14:40:05.000Z,38.947368421052616,6.631332843251252,7.24854327484781,1.507992470639216,0.9307486836475898,9.307486838406797,60,time,13.702632309785256,0,0.814315934145176
VTAK,2026-08-07T13:45:05.000Z,2026-08-07T14:50:05.000Z,1.662356852604363,0.27716303603815506,0.27394044378395427,36.07984701146127,-0.11085994083973744,-1.1085994153273666,65,time,1.4926102776834371,-1.321617806802633,-0.1298874492412594
AGBK,2026-08-07T13:50:05.000Z,2026-08-07T14:50:05.000Z,-1.2578616352201255,6.33133268820083,6.108483420730075,1.5794462983220188,-0.3519784505904574,-3.5197845137100487,60,time,0,-3.6537755886994483,-0.37906711159728523
AQN,2026-08-07T13:50:05.000Z,2026-08-07T14:50:05.000Z,-0.9565217391304337,5.70114784180417,5.698822231842532,1.7540327447578596,-0.0040791960242488965,-0.04079196025378787,60,time,0,-1.0725531682549638,0.03508065489515744
GLUE,2026-08-07T13:50:05.000Z,2026-08-07T14:50:05.000Z,1.8459579885423238,16.054132271761134,15.806186681767743,0.6228925788580454,-0.1544434679674627,-1.5444347025190615,60,time,0,-2.5173099668052035,-0.11212066419444788
ZENA,2026-08-07T13:50:05.000Z,2026-08-07T14:50:05.000Z,22.463768115942038,1.7003408313622363,1.6796616299696718,5.881173829724586,-0.12161797804955465,-1.2161797806147652,60,time,1.156189881178915,-3.548749183061972,0.05881173829724595
VEL,2026-08-07T13:50:05.000Z,2026-08-07T15:10:05.000Z,0.10982976386599841,18.356169159683095,18.184089184729373,0.5447759527178054,-0.09374503229906968,-0.9374503659057163,80,time,0,-1.177637653056074,-0.14164174770662896
LITU,2026-08-10T13:30:05.000Z,2026-08-10T13:35:05.000Z,9.945571499257788,22.434735947224695,19.275898462391332,0.4457373601365312,-1.4080118815899432,-14.080118849021398,5,stop,0,-14.0618367635165,-0.6017454361843164
SLI,2026-08-10T13:30:05.000Z,2026-08-10T13:35:05.000Z,9.282700421940927,2.6206255604717805,2.4694966119462656,3.8158827641385944,-0.5766903498409013,-5.7669035517728755,5,stop,0,-5.747694853615936,-0.11447648292415913
AWX,2026-08-10T13:30:05.000Z,2026-08-10T13:35:05.000Z,9.23076923076922,2.880739356753307,2.6991742501914335,3.4713310077744928,-0.6302725843381116,-6.302725935139917,5,stop,0,-6.274061425571187,-0.17356655038872404
AUUD,2026-08-10T13:30:05.000Z,2026-08-10T13:40:05.000Z,73.92361955728532,1.4402897366060483,1.3597269910431613,6.943047460116152,-0.5593509659603865,-5.5935096609608586,10,stop,1.3684929422879577,-5.574554519512576,-0.0694304746011607
VEEA,2026-08-10T13:45:05.000Z,2026-08-10T13:50:05.000Z,3.341740226986123,0.1668501515108773,0.1572151438697257,59.93401628244858,-0.5774647048462951,-5.774647223214209,5,stop,0,-5.72378953473992,-0.7551686051588522
GME.WS,2026-08-10T13:35:05.000Z,2026-08-10T13:55:05.000Z,9.15032679738561,1.7110497806062106,1.5996038767328418,5.84436383607923,-0.651330410276679,-6.513305757468054,20,stop,0,-6.490154866614484,-0.467549106886338
STKH,2026-08-10T14:00:05.000Z,2026-08-10T14:05:05.000Z,201.59574468085108,5.691138288915781,5.228953203061089,1.7571177315045607,-0.8121136095922372,-8.121136096004847,5,stop,0,-8.10274264137819,0.931272397697418
JWEL,2026-08-10T14:00:05.000Z,2026-08-10T14:05:05.000Z,140.96774193548387,3.750750615534191,3.559285736966637,2.666133002352993,-0.5104708315404644,-5.104708315572328,5,stop,0,-5.085665113115601,-0.613210590541188
TNXP,2026-08-10T13:45:05.000Z,2026-08-10T14:10:05.000Z,12.302576891105588,13.562733189353969,12.647339369347742,0.7373145115543828,-0.6749331472777914,-6.749331474903321,25,stop,1.1595510171170886,-6.729714258999175,-0.693075640861121
GENC,2026-08-10T13:30:05.000Z,2026-08-10T14:30:05.000Z,6.219765031098823,15.613656062945491,15.836008545025566,0.6404649801155274,0.14240897801405303,1.4240897915496158,60,time,3.307002120277902,-0.6638807882510589,-0.48034873508664333
TTD,2026-08-10T13:30:05.000Z,2026-08-10T14:30:05.000Z,-2.3188405797101463,13.502972568117174,12.987400857312418,0.7405776694802506,-0.38182089603773256,-3.8182089773485117,60,time,0,-3.7989603069207845,-0.49618703855176705
STDN,2026-08-10T13:35:05.000Z,2026-08-10T14:35:05.000Z,9.834123222748815,9.311873344333746,10.30784248683588,1.073897767696078,1.0695690388272179,10.695690390894098,60,time,10.718859876607034,-1.2014053477415576,0.5476878615249987
VIVK,2026-08-10T13:35:05.000Z,2026-08-10T14:35:05.000Z,9.523809523809511,1.390279644211306,1.459698643552808,7.192797534839566,0.5712320778377415,5.712320779736542,60,time,33.78603417984751,0,0.199600131591799
MPG,2026-08-10T13:35:05.000Z,2026-08-10T14:35:05.000Z,9.518599562363228,5.041060966175722,5.308893599827749,1.9837093907372303,0.5313021105214089,5.313021116965602,60,time,5.334968881130231,-0.41778836473188585,0.3372305964253286
SMCL,2026-08-10T13:35:05.000Z,2026-08-10T14:35:05.000Z,9.22014622258327,13.492717339960667,13.447267173309656,0.7411405534670359,-0.03368496166689864,-0.3368496167662443,60,time,1.8327120757726911,-1.5765344711600293,-0.06670264981203289
BOIL,2026-08-10T13:35:05.000Z,2026-08-10T14:35:05.000Z,9.100418410041833,20.874180741919655,20.88578149004864,0.4790607173037904,0.005557462719931751,0.0555746272029132,60,time,0.17159599470368825,-0.594901153031957,0.03353425021126455
CSQR,2026-08-10T13:45:05.000Z,2026-08-10T14:45:05.000Z,1.2081784386617223,21.864649410475085,21.615514006105855,0.4573592645040734,-0.11394438530423615,-1.1394438561172298,60,time,1.5794929204740127,-1.1189267473818987,-0.1555021499313849
XHLD,2026-08-10T13:45:05.000Z,2026-08-10T14:45:05.000Z,54.95049504950495,3.140629020066395,3.3893159828902526,3.1840755260988916,0.845957008605568,8.4595700866061,60,time,29.591873920656763,0,-1.106466245319364
VREX,2026-08-10T13:45:05.000Z,2026-08-10T14:45:05.000Z,48.10636583400485,18.3936794460849,18.396319275921343,0.5436650143411739,0.0014351831258882582,0.014351831259108334,60,time,0.2518286460894137,-0.02000386108546026,0.010873300286823095
RYN,2026-08-10T14:00:05.000Z,2026-08-10T15:00:05.000Z,-1.8357044515832865,21.414405006187977,21.365678133231278,0.46697538340626843,-0.02275425018114314,-0.2275425020803469,60,time,0.49310262779427294,-0.20736044814294585,-0.009339507668126856
GME,2026-08-10T14:00:05.000Z,2026-08-10T15:00:05.000Z,0.13048016701462384,19.20386186595445,19.196133944571528,0.5207285944624646,-0.00402414963984586,-0.04024149640767477,60,time,0.7609830515633575,-0.2804741376001174,0.005207285944623052
GCL,2026-08-10T14:00:05.000Z,2026-08-10T15:00:05.000Z,1.1856171039844599,0.5259481697340257,0.5523681591151663,19.013279910443686,0.502330653334577,5.023306649113611,60,time,9.003136238675458,0,0.18062615914921487
BCIC,2026-08-10T14:00:05.000Z,2026-08-10T15:10:05.000Z,-0.6666666666666599,7.4926443841918555,7.398026182382297,1.3346422100101836,-0.12628144597029928,-1.2628145279280367,70,time,0,-1.3699353516419044,-0.08007853260061104
FRTT,2026-08-11T13:30:05.000Z,2026-08-11T13:35:05.000Z,45.34288638689867,1.4302881793688065,1.3497289884927555,6.991598015822496,-0.563237479085264,-5.632374792582164,5,stop,0,-5.613426757413176,-0.8389917618986988
MREO,2026-08-11T13:30:05.000Z,2026-08-11T13:35:05.000Z,35.205580029368576,0.3695745164532313,0.3391319483998651,27.058142678789444,-0.8237193498967401,-8.237193501738268,5,stop,0,-8.218780002672377,-0.35175585482426364
GLE,2026-08-11T13:30:05.000Z,2026-08-11T13:40:05.000Z,74.35433884297522,0.6765357713888027,0.5990799681621339,14.78118441248703,-1.1448885113106992,-11.448885114776171,10,stop,5.064658819275603,-11.431142987464915,-1.8934697232395887
MTEK,2026-08-11T13:30:05.000Z,2026-08-11T13:50:05.000Z,4.201680672268915,1.2615005116947893,1.2084199886866915,7.927058379614143,-0.5181861604076377,-5.181867717582914,20,stop,0,-10.424134629808613,-0.4463529189807076
WYHG,2026-08-11T13:35:05.000Z,2026-08-11T13:55:05.000Z,44.93006993006992,8.31166462043226,7.8584249461773235,1.2031284292662423,-0.5453055373674859,-5.453055374019239,20,stop,12.011256771761092,-5.434105453701177,-0.6376580675111096
FRTT,2026-08-11T14:00:05.000Z,2026-08-11T14:10:05.000Z,56.60184237461618,1.5403085917192745,1.399719598740573,6.49220555737362,-0.9127326415218863,-9.127326415921475,10,stop,0.6291861470374638,-9.109122189772624,-0.9738308336060442
PSKY,2026-08-11T13:30:05.000Z,2026-08-11T14:30:05.000Z,0.21574973031284195,9.323107366490358,9.2181423254892,1.0726037105650628,-0.11258589245745602,-1.125858974642181,60,time,0,-1.964016494634535,-0.021452074211300243
TRIP,2026-08-11T13:30:05.000Z,2026-08-11T14:30:05.000Z,-2.0408163265306145,10.6022984052842,10.837642241311487,0.9431917100662992,0.22197435515613936,2.219743559660527,60,time,3.8454076571981854,0,0.2075021762145859
STIM,2026-08-11T13:35:05.000Z,2026-08-11T14:30:05.000Z,39.17050691244237,3.0306073482383016,2.8694255142637997,3.2996686307519494,-0.5318466414127327,-5.31846641460159,55,stop,9.878965413838126,-5.299510288974352,-0.42895692199775226
WXM,2026-08-11T14:00:05.000Z,2026-08-11T14:30:05.000Z,152.12500000000003,10.112023374219842,8.838230993308537,0.9889217646809021,-1.2596810091678952,-12.596810092021565,30,stop,13.231542059043,-12.579315999830554,-1.6712777823107245
ASPN,2026-08-11T13:35:05.000Z,2026-08-11T14:35:05.000Z,-0.5564387917328939,6.281419468609412,6.048703447332148,1.5919968394325181,-0.3704831703587154,-3.70483172538043,60,time,0.4550011591076597,-4.161789702404417,-0.35023930467515285
PLAG,2026-08-11T13:35:05.000Z,2026-08-11T14:35:05.000Z,92.6816333745802,1.1002205440079362,1.5296937627130074,9.089086777620208,3.9035194060097917,39.03519406396769,60,time,39.06302771137526,-4.5645888255267835,3.635634711048084
QMCO,2026-08-11T13:35:05.000Z,2026-08-11T14:35:05.000Z,38.115449915110354,16.31326372884838,18.12635990066995,0.6129981201802022,1.1114245450325433,11.11424545056113,60,time,13.772451107858252,-2.4719990772615774,1.1463064847369768
QMLS,2026-08-11T13:35:05.000Z,2026-08-11T14:35:05.000Z,-0.8403361344537785,5.931199554006762,6.138351185469065,1.6859995864785815,0.34925756498380706,3.4925756514525665,60,time,5.206374244896739,-2.212023939038288,0.28661992970135763
BKD,2026-08-11T13:45:05.000Z,2026-08-11T14:40:05.000Z,-0.9495982468955444,13.582718797644565,12.8074302961105,0.7362296274087463,-0.5707903646187104,-5.707903646422479,55,stop,0,-5.688984725050517,-0.48591155408977293
CMRC,2026-08-11T13:45:05.000Z,2026-08-11T14:45:05.000Z,2.220446049250313e-14,2.12064400358395,2.0892924730787548,4.715548516355936,-0.14783966315926125,-1.4783966781888067,60,time,0,-1.9165877683977262,0
GNK,2026-08-11T13:45:05.000Z,2026-08-11T14:45:05.000Z,-0.31923383878690315,25.00510977115174,24.82475349236169,0.39991826000957026,-0.07212776919551789,-0.7212776926023592,60,time,0,-1.6201079493724624,-0.0759844694018188
JBIO,2026-08-11T13:45:05.000Z,2026-08-11T14:45:05.000Z,0.9894155545329131,22.06540777182248,21.755639322078775,0.4531980551992386,-0.14038645898592958,-1.403864605390515,60,time,0,-3.2422141445129005,-0.09063961103984752
DSX,2026-08-11T13:45:05.000Z,2026-08-11T14:50:05.000Z,1.26050420168069,2.4329829317538203,2.3786168654131177,4.110175726453009,-0.21260458477652117,-2.126048528931596,65,time,0,-3.821766710331731,-0.12330527179359052
CLSK,2026-08-11T14:00:05.000Z,2026-08-11T15:00:05.000Z,2.329594477998276,11.872380577455106,11.537685979610774,0.8422910581116534,-0.28191026696255606,-2.81910266993879,60,time,0.5695523497056598,-2.799611883115305,-0.2863789597579629
CHMI,2026-08-11T14:00:05.000Z,2026-08-11T15:00:05.000Z,1.0752688172043001,2.83057612062664,2.8392697539918803,3.53284969792911,0.030713300008295686,0.3071330003065135,60,time,0.6862164642673418,-0.3736384458828401,0.0706569939585826
ONDS,2026-08-11T14:00:05.000Z,2026-08-11T15:00:05.000Z,0.26852846401719255,9.341871671846159,9.418114641964292,1.0704493007915759,0.08161423405322951,0.8161423405965784,60,time,1.692683583209531,0,0.0749314510554111
GAP,2026-08-11T14:00:05.000Z,2026-08-11T15:00:05.000Z,-1.6271501627150187,21.184279042793534,21.1657274219441,0.4720481624932545,-0.008757258533246272,-0.08757258536841087,60,time,0,-0.9170906519928246,0.03776385299946128
SLMT,2026-08-11T13:45:05.000Z,2026-08-11T15:30:05.000Z,-0.6281407035175879,3.981718111070223,3.988319887430886,2.511478392264893,0.016580218680369598,0.1658022033832092,105,time,0.20799787174163864,-3.559220093361448,-0.5525252462982753
RMCF,2026-08-12T13:35:05.000Z,2026-08-12T13:40:05.000Z,143.86617100371745,1.65033034595485,1.5596877087996999,6.059392911298915,-0.5492393530393561,-5.492393530624075,5,stop,0,-5.473470579769679,0.18178178733896821
CHOW,2026-08-12T13:35:05.000Z,2026-08-12T13:40:05.000Z,68.7853107344633,0.599819993126343,0.5570883554364087,16.671668357870875,-0.7124076919552814,-7.124076919679069,5,stop,0,-7.105463908297194,0.3484378686795022
BAOS,2026-08-12T13:30:05.000Z,2026-08-12T13:45:05.000Z,50.78821110349554,1.1102238256089556,1.0397905232154852,9.007192753406501,-0.6344063309169559,-6.344063311273104,15,stop,0,-6.325195333511957,-1.8014385506813007
WETH,2026-08-12T13:35:05.000Z,2026-08-12T13:55:05.000Z,8.715596330275233,1.2105520322165801,1.1097402481021754,8.260693109540238,-0.7629460503486722,-7.629461395163668,20,stop,0,-8.306295767598215,-0.6008554487632178
RMCF,2026-08-12T14:05:05.000Z,2026-08-12T14:15:05.000Z,127.50929368029742,1.5403081846798672,1.459707542126493,6.492207273337594,-0.5232760778207002,-5.2327607783325565,10,stop,7.770640739989898,-5.213773806996825,-1.1036752364673905
DOGZ,2026-08-12T14:05:05.000Z,2026-08-12T14:20:05.000Z,41.95074739219273,1.3302682802289947,1.2297515159699985,7.517280645691232,-0.7556127265316599,-7.556127267929219,15,stop,0,-7.5374480260278265,-0.45103683874147293
BMBL,2026-08-12T13:30:05.000Z,2026-08-12T14:30:05.000Z,-0.7194244604316502,2.7805959658485233,2.6893927006801723,3.5963513189286433,-0.3279989829787978,-3.279989839894611,60,time,0,-3.97741948873086,-0.35963513189286367
BMNR,2026-08-12T13:30:05.000Z,2026-08-12T14:30:05.000Z,1.1608623548922115,18.32368162443728,18.056379665174457,0.5457418548863356,-0.14587786706284508,-1.4587786709104231,60,time,0,-2.0939112144667704,-0.005457418548864723
SMMT,2026-08-12T13:30:05.000Z,2026-08-12T14:30:05.000Z,2.0178630499503747,15.483798074926534,15.376911570122989,0.645836366526808,-0.06903119189307229,-0.6903119266107649,60,time,1.073392485934077,-1.2516184594292712,-0.15500072796643316
BOXL,2026-08-12T13:30:05.000Z,2026-08-12T14:30:05.000Z,54.948805460750805,4.560918053222856,4.799021248312706,2.192541036833965,0.5220510262357791,5.220510263752716,60,time,14.66989625705628,0,0.39465738663011507
FGL,2026-08-12T13:30:05.000Z,2026-08-12T14:30:05.000Z,2.516469038208169,0.7837726532947261,0.7903271658336333,12.758800204137398,0.08362771591942972,0.8362772688424516,60,time,1.6493745540790972,-2.8162061028717655,0.012758800204137444
KEY,2026-08-12T13:35:05.000Z,2026-08-12T14:35:05.000Z,0.3525782282943979,22.794563930010554,22.76541870107188,0.43870108812712844,-0.012786043649110554,-0.12786043649776677,60,time,0.155458424641286,-0.45872309876868744,0.02193505440635768
VBIO,2026-08-12T13:35:05.000Z,2026-08-12T14:35:05.000Z,62.45161290322583,0.5113025634838851,1.0197957880523558,19.557891379603532,10.052602526738053,100.52602528014066,60,time,126.87154003219857,0,8.533694745662409
CHOW,2026-08-12T14:05:05.000Z,2026-08-12T14:40:05.000Z,54.91525423728814,0.5501103092084279,0.4789035801172267,18.178172325586853,-1.2944081921612327,-12.944081923071552,35,stop,0,-12.926554550622926,-1.279743331721317
IVDA,2026-08-12T13:35:05.000Z,2026-08-12T14:45:05.000Z,-0.9731543624160954,0.29724435492668494,0.3007147430869479,33.64234995719617,0.14521646617565126,1.4521648634266977,70,time,5.166000571180729,-1.0241926806098034,0.042006584952915205
AMTM,2026-08-12T14:05:05.000Z,2026-08-12T15:05:05.000Z,-1.827909050378962,22.044446471536663,21.965446489293875,0.4536289903849917,-0.03583668218522821,-0.35836682197845693,60,time,0.3427327084891463,-0.5645252726002581,-0.0635080586538983
NOK,2026-08-12T14:05:05.000Z,2026-08-12T15:05:05.000Z,8.421610169491522,10.242048502429226,10.397919383268144,0.9763671786488854,0.1521872121582114,1.521872121597049,60,time,2.225643605541494,0,0.12692773322435613
BIVI,2026-08-12T14:05:05.000Z,2026-08-12T15:05:05.000Z,141.73228346456693,3.0806161673355827,3.219355269586257,3.2461038495880867,0.4503615339043091,4.503615339092031,60,time,18.482790511252677,-4.88915720603551,0.8115259623970221
RKT,2026-08-12T14:10:05.000Z,2026-08-12T15:10:05.000Z,-2.7932960893854775,13.932793288443436,13.867220868063047,0.7177311678947781,-0.047063369861304355,-0.4706336986624115,60,time,0,-1.2401912873189591,-0.014354623357895946
MFIC,2026-08-12T14:10:05.000Z,2026-08-12T15:10:05.000Z,-1.0245901639344246,9.682196086674534,9.617450322269692,1.0328235298620927,-0.06687094893622827,-0.6687094934376571,60,time,0,-0.7456581753585434,-0.051641176493104624
BLOX,2026-08-12T14:10:05.000Z,2026-08-12T15:10:05.000Z,3.416149068322971,13.364419673517942,13.14515388313453,0.7482554283409235,-0.16406681790385116,-1.640668250024315,60,time,0.11658064369926002,-1.9785346463034093,-0.17958130280182338
LEGN,2026-08-12T14:10:05.000Z,2026-08-12T15:10:05.000Z,-2.33623453962436,21.35433962373117,20.88549591483645,0.46828888973273647,-0.21955429989648692,-2.1955430004198884,60,time,0,-2.6427397600439884,-0.1685840003037864
FSK,2026-08-12T14:10:05.000Z,2026-08-12T15:10:05.000Z,-1.346938775510198,12.103010869513927,12.12752325931857,0.8262406756737631,0.02025313351456716,0.20253133760614203,60,time,0.4708673825090992,-0.19012516606002894,0.024787220270214405
NBIG,2026-08-12T14:10:05.000Z,2026-08-12T15:10:05.000Z,42.50700280112048,20.384079534010585,20.595832294533462,0.49057893357255017,0.10388144343835674,1.0388144344196186,60,time,1.0592603194525152,-2.521965895751377,0.13736210140031346
IPWR,2026-08-13T13:30:05.000Z,2026-08-13T13:35:05.000Z,8.447488584474883,4.771198796456964,4.2891216555099,2.0959092877190977,-1.0103899571080202,-10.103899701371672,5,stop,0,-10.085490397388108,-0.775486436456065
FGI,2026-08-13T13:30:05.000Z,2026-08-13T13:45:05.000Z,79.70401691331924,8.521709243116634,7.3385293488742365,1.1734735031992707,-1.3884302554115688,-13.884302555829453,15,stop,0,-13.867044854541987,-1.7367407847349217
LIMN,2026-08-13T13:30:05.000Z,2026-08-13T13:45:05.000Z,36.036866359447004,0.1481310502579933,0.13867177097560082,67.50779098872303,-0.6385750486997099,-6.385750499924005,15,stop,0,-6.366693709095883,-0.45230219962444274
XHG,2026-08-13T13:35:05.000Z,2026-08-13T13:45:05.000Z,509.28961748633867,5.591119041384416,4.759044131885671,1.788550722245227,-1.378681185736136,-13.786811857875417,10,stop,28.954507078689097,-14.864985617952842,-6.884578867602441
GXAI,2026-08-13T13:30:05.000Z,2026-08-13T13:50:05.000Z,50.48822515795519,1.3202665003955076,1.2397469423569245,7.574228379786004,-0.6098735216236626,-6.098735218568536,20,stop,0,-6.079568054742168,-0.6816805541807405
DFSC,2026-08-13T13:45:05.000Z,2026-08-13T14:05:05.000Z,151.61290322580646,3.130626106527114,2.389521714929529,3.1942492203341377,-2.3672721250467914,-23.67272125062905,20,stop,0,-23.657443633494456,-3.4497891579608693
HYLN,2026-08-13T13:30:05.000Z,2026-08-13T14:30:05.000Z,4.113110539845777,4.071034402534803,4.469080424647746,2.4563781274286813,0.9777515424282274,9.777515558824623,60,time,15.204135761658089,0,0.3684567191143042
ARX,2026-08-13T13:30:05.000Z,2026-08-13T14:30:05.000Z,44.01175606171934,19.613922183817316,19.54608831467614,0.5098419330036839,-0.03458455096605575,-0.34584550966120575,60,time,0,-0.5298388707948298,-0.005098419330035853
DFSC,2026-08-13T14:25:05.000Z,2026-08-13T14:30:05.000Z,95.16129032258065,2.4304864285946417,2.24954805598359,4.114402731073556,-0.7444533344269154,-7.444533344531942,5,stop,0,-7.425938547577193,-0.5348723550395622
MLCO,2026-08-13T13:35:05.000Z,2026-08-13T14:35:05.000Z,-2.1739130434782483,5.431094563730968,5.578737477295312,1.8412494718103176,0.27184743661688393,2.7184743670328975,60,time,2.741720559671834,0,0.2025374418991337
HCAT,2026-08-13T13:35:05.000Z,2026-08-13T14:35:05.000Z,0,1.8021694112545703,1.8295051368532915,5.548861180681856,0.15168214662051543,1.5168233035146015,60,time,1.5442826058209347,-2.339924925549275,0.11097722361363616
UAA,2026-08-13T13:35:05.000Z,2026-08-13T14:35:05.000Z,2.281368821292773,5.391104703928595,5.338840892517508,1.854907396356205,-0.09694453034819057,-0.9694453044660983,60,time,0.16499950492379067,-1.318926413667676,-0.0927453698178109
CSQR,2026-08-13T13:35:05.000Z,2026-08-13T14:35:05.000Z,0.08703220191470518,23.06488250549562,22.775172965794578,0.4335595454598663,-0.12560633634817137,-1.256063366600782,60,time,0.3690350231964068,-1.4519150722568375,-0.24279334545752462
FWDI,2026-08-13T13:35:05.000Z,2026-08-13T14:35:05.000Z,-1.8181818181818188,4.340908688208803,4.298341148382113,2.3036651306528584,-0.09806135719642266,-0.9806135738887142,60,time,0,-2.554964782144875,-0.18429321045222835
ELMT,2026-08-13T13:45:05.000Z,2026-08-13T14:45:05.000Z,8.535144713526277,18.42397531242079,18.225556039049458,0.5427710250531015,-0.10769623239804951,-1.076962327655557,60,time,2.3123385716436573,-2.029829643598513,-0.24424696127389467
YSWY,2026-08-13T13:45:05.000Z,2026-08-13T14:45:05.000Z,0.0914076782449813,22.055515918025456,22.39492257709355,0.4534013129290278,0.15388742483832824,1.5388742676869498,60,time,2.015296688713031,-2.6547368930369464,0.20403059081806418
MTW,2026-08-13T13:45:05.000Z,2026-08-13T14:45:05.000Z,1.6865079365079305,20.55421243801805,20.365211995873768,0.48651827550869553,-0.09195216918241798,-0.9195216927635703,60,time,0.3200685123807778,-1.0421826604352646,-0.08757328959156574
CURI,2026-08-13T13:45:05.000Z,2026-08-13T14:45:05.000Z,39.107142857142875,3.9007830819192186,4.079180229474295,2.5635878202931286,0.4573367546472291,4.57336754719781,60,time,9.208841161812131,-2.0709452492670533,0.3589022948410392
MDWD,2026-08-13T13:45:05.000Z,2026-08-13T14:50:05.000Z,1.581595974119332,14.223394529368166,14.14509741695146,0.7030670412011546,-0.05504811916140783,-0.5504811967005484,65,time,0,-1.2893865032675422,-0.035153352060056875
XHG,2026-08-13T14:25:05.000Z,2026-08-13T14:50:05.000Z,386.3387978142076,4.460893223475569,4.209156333338317,2.2417035105941223,-0.5643194703667249,-5.643194703977223,25,stop,4.6875539504958486,-5.62428219880352,-0.9863495446614152
ERAS,2026-08-13T14:25:05.000Z,2026-08-13T15:25:05.000Z,-2.1797631862217504,18.20383345770367,18.206147491004334,0.5493348420732569,0.0012711791177723562,0.012711791206178252,60,time,0.4184093557727975,-0.6253268465027495,-0.01648004526219715
FGI,2026-08-13T14:25:05.000Z,2026-08-13T15:25:05.000Z,108.24524312896409,9.881976307503606,11.217753027623107,1.0119433288202206,1.3517303407182841,13.517303407266985,60,time,19.510507134412002,-1.0319424407663647,1.1030182284140402
GXAI,2026-08-13T14:25:05.000Z,2026-08-13T15:25:05.000Z,48.1906950028719,1.300260376970537,1.3097367819530072,7.690767308251149,0.07288082563893063,0.7288082564316266,60,time,0.7490517439403321,-3.8654086412783006,0.0769076730825109
LIMN,2026-08-13T14:25:05.000Z,2026-08-13T15:25:05.000Z,37.60368663594469,0.14963094896641915,0.16616647949974114,66.83109380010526,1.1050875921069465,11.050875936790968,60,time,15.417299156979958,0,0.8621211100213575
EIKN,2026-08-14T13:30:05.000Z,2026-08-14T13:35:05.000Z,3.7754114230396763,10.752282037474892,9.867153429022006,0.9300351254811324,-0.8232006964294202,-8.23200698575382,5,stop,0,-8.205532875717713,-0.7905298566589636
CAPR,2026-08-14T13:30:05.000Z,2026-08-14T13:35:05.000Z,81.47268408551069,7.661534367196705,6.998599102305894,1.3052215809664276,-0.8652774145191814,-8.652774145727333,5,stop,0,-8.634489326695471,0.2871487478126138
VNRX,2026-08-14T13:30:05.000Z,2026-08-14T13:40:05.000Z,-1.6650808753567947,0.623950697425458,0.5905641592046487,16.026906019457176,-0.5350829103799253,-5.35082953806585,10,stop,0,-5.329058459691893,-0.6058170475354814
SURG,2026-08-14T13:30:05.000Z,2026-08-14T13:50:05.000Z,59.28629359286295,0.3936792943565801,0.36942562723455447,25.401386713529277,-0.6160767777877841,-6.160767779688605,20,stop,8.032097724392639,-6.141876065922691,-0.5283488436414103
FIRY,2026-08-14T13:45:05.000Z,2026-08-14T14:15:05.000Z,-2.075098814229237,9.974420108611085,9.347994459549968,1.0025644410899568,-0.6280320807353723,-6.28032148475793,30,stop,0,-6.26021464718548,-0.601538664653976
HHS,2026-08-14T13:30:05.000Z,2026-08-14T14:30:05.000Z,49.466192170818516,4.210856432077669,4.319076130744369,2.374813806723329,0.25700163455311664,2.570016347323037,60,time,4.254326187842494,-2.395152475618978,0.1424888284033976
ONDS,2026-08-14T13:45:05.000Z,2026-08-14T14:45:05.000Z,4.489337822671158,9.321864573358708,9.318134737964108,1.0727467580312535,-0.004001168827546931,-0.04001168827596167,60,time,1.4818433110053375,-1.7363969631280174,0
RCAT,2026-08-14T13:45:05.000Z,2026-08-14T14:45:05.000Z,5.13196480938416,10.772157879523188,11.00778507014297,0.9283191084942629,0.21873722353316397,2.187372235489477,60,time,2.9505891394425054,0,0.17638063061390952
AEBI,2026-08-14T13:45:05.000Z,2026-08-14T14:45:05.000Z,-0.8035062089116085,13.654581230455245,13.057216960031043,0.7323549053714733,-0.43748265373881495,-4.3748267364790125,60,time,0,-4.940328956780126,-0.7836197487474745
BRUN,2026-08-14T13:45:05.000Z,2026-08-14T14:45:05.000Z,1.6407982261640752,22.964594964689155,22.895358957688945,0.4354529228631225,-0.03014902161561317,-0.3014902161639211,60,time,2.2878915831902047,-0.4119165386309076,-0.2569172244892428
WETO,2026-08-14T13:45:05.000Z,2026-08-14T14:45:05.000Z,152.63157894736844,9.141830572824908,9.878021802735846,1.0938728211789917,0.8052995775899096,8.052995776353011,60,time,23.82640336444146,-1.988995216837841,-0.08750982569431898
PMN,2026-08-14T13:30:05.000Z,2026-08-14T15:10:05.000Z,1.893171061528065,15.13345545518098,14.377089295376546,0.6607876148843473,-0.49979739071640533,-4.997973939557145,100,time,0,-4.978740363774836,-0.8590238993496513
ONFO,2026-08-14T15:10:05.000Z,2026-08-14T15:15:05.000Z,154.32900432900433,5.891178358660286,5.338931599742808,1.697453275231053,-0.9374130696602074,-9.374130696716248,5,stop,0,-9.355995101557745,-0.7808285066062837
WETO,2026-08-14T15:10:05.000Z,2026-08-14T15:15:05.000Z,118.14404432132966,7.891580884325954,7.428512021838954,1.2671732249655332,-0.5867884638587726,-5.867884639017446,5,stop,0,-5.84902937816596,-0.10137385799724363
CAPR,2026-08-14T15:10:05.000Z,2026-08-14T15:55:05.000Z,58.194774346793345,6.671335159333419,6.218754237875537,1.4989503241583972,-0.6783963189271993,-6.783963189507978,45,stop,0,-6.765289834104449,-0.4796641037306859
SURG,2026-08-14T15:30:05.000Z,2026-08-14T16:00:05.000Z,32.60340632603407,0.3276662917465726,0.3083364203942031,30.51885484445332,-0.5899255379649203,-5.899255382460823,30,stop,0,-5.879851614847742,-0.8087496533780136
MDXH,2026-08-14T15:10:05.000Z,2026-08-14T16:10:05.000Z,75.62770562770562,0.8123628857452623,0.9814033544416562,12.30976965389744,2.0957411734931037,20.957411737237226,60,time,28.021604414621095,0,2.101185356647889
HHS,2026-08-14T15:10:05.000Z,2026-08-14T16:10:05.000Z,54.092526690391466,4.341222007963047,4.25896668246543,2.303498819464033,-0.18947504517839114,-1.8947504952922793,60,time,1.8146501582377406,-1.8709480375355803,-0.27641985833568405
TRIB,2026-08-14T15:30:05.000Z,2026-08-14T16:20:05.000Z,2.3588879528222417,12.2038519835124,11.425395709167525,0.8194133826075151,-0.6378774889729786,-6.378775122777489,50,stop,0.05037767170485985,-6.341046946143624,-0.6555307060860116
LFS,2026-08-14T15:30:05.000Z,2026-08-14T16:30:05.000Z,50,3.250653488238668,2.8594263624983416,3.0763045135458897,-1.2035337727365514,-12.035337729962373,60,stop,23.359811019807463,-12.01769089360366,-1.7842566178566166
RMIX,2026-08-14T15:30:05.000Z,2026-08-14T16:30:05.000Z,-2.444208289054206,18.40372832740787,17.484126122721282,0.5433681597976285,-0.4996825577063929,-4.996825579722689,60,time,0,-4.964908800827573,-0.4781639806219129
SCNX,2026-08-14T15:30:05.000Z,2026-08-14T16:30:05.000Z,-2.0215053763440904,0.4590557105847972,0.4463737337056327,21.783844048036563,-0.27626220655652495,-2.7626226156752876,60,time,0,-3.453983954278328,-0.14159498631223677
STRR,2026-08-14T15:10:05.000Z,2026-08-14T17:00:05.000Z,0.0452960986273343,10.282404593492643,9.147595148795444,0.9725351526262597,-1.1036420765003112,-11.036420852524884,110,stop,0,-11.013032829006752,-1.7505632747272681
CAMP,2026-08-17T13:30:05.000Z,2026-08-17T13:35:05.000Z,9.558823529411754,6.0036984592834415,5.558862067664247,1.665639522294585,-0.7409370748358419,-7.409372649809713,5,stop,0,-7.390418794224363,-0.7995069707014011
GEMI,2026-08-17T13:30:05.000Z,2026-08-17T13:35:05.000Z,0.25510204081633514,3.950978064792734,3.7192494506190523,2.531018830816286,-0.5865094861125499,-5.865094930255908,5,stop,0,-5.846098383865639,-0.3037222596979561
RCT,2026-08-17T13:30:05.000Z,2026-08-17T13:35:05.000Z,5.183486238532109,0.23095798452612099,0.20974791798271422,43.297917983476886,-0.9183517216205132,-9.18351733408374,5,stop,0,-9.160966904665758,-0.9482244038381449
TRUG,2026-08-17T13:30:05.000Z,2026-08-17T13:35:05.000Z,64.00206291903044,1.6003232629631114,1.5196949678960592,6.248737506549036,-0.5038250514745921,-5.038250516821413,5,stop,0,-5.0191898613276,-0.7498485007858839
DAIC,2026-08-17T13:35:05.000Z,2026-08-17T13:40:05.000Z,9.975520195838428,0.55179895,0.4748369416666666,10.75,-0.8273415895833339,-13.947472776694008,5,stop,0,-13.827309747508586,-0.4192499999999999
XHG,2026-08-17T13:35:05.000Z,2026-08-17T13:45:05.000Z,9.736842105263154,4.200875065645787,3.9886352922982917,2.3804564111861364,-0.5052275291737385,-5.052275300524052,10,stop,0,-5.019789028488287,-0.07141369233558414
IPST,2026-08-17T13:35:05.000Z,2026-08-17T13:45:05.000Z,256.8019635471115,7.861572556915924,7.458506671829246,1.2720101388698812,-0.5127038924628162,-5.127038924700827,10,stop,5.068037472141307,-5.108043638961968,-0.7886462860993273
IVF,2026-08-17T13:35:05.000Z,2026-08-17T13:45:05.000Z,176.8629065459037,2.7005401191291534,2.379523345402782,3.7029629476996866,-1.1887132186988467,-11.88713218709337,10,stop,0.7205921783203229,-11.869481843969732,-1.1479185137869035
NNNN,2026-08-17T13:40:05.000Z,2026-08-17T13:50:05.000Z,50.45766590389016,13.242654590810188,11.207738877676556,0.7551356059639043,-1.5366373101226356,-15.36637310275972,10,stop,0,-15.34929856299929,-1.5933361285838377
UCL,2026-08-17T13:40:05.000Z,2026-08-17T13:50:05.000Z,21.91780821917808,0.8921788429049866,0.8272332467178104,11.208515062343428,-0.7279436930968385,-7.279436931692926,10,stop,0,-7.260746364939886,-0.4707576326184224
STFS,2026-08-17T13:45:05.000Z,2026-08-17T13:55:05.000Z,61.02564102564101,6.301260934490237,5.538890827572753,1.586983955063299,-1.509809170385514,-15.098091704303288,10,stop,0,-16.842040752214803,-0.7550063096645587
LUNR,2026-08-17T13:30:05.000Z,2026-08-17T14:30:05.000Z,6.680694371383478,20.30406398123604,20.515894746023157,0.49251223837990926,0.1043292441230307,1.0432924412712608,60,time,1.0635113195245793,-2.778084139989523,0.15267879389777228
SNAP,2026-08-17T13:30:05.000Z,2026-08-17T14:30:05.000Z,-2.957486136783738,5.261054649963784,5.138964991058157,1.9007595747097799,-0.23206308813792137,-2.3206308816135808,60,time,0,-3.4414135949914493,-0.11404557448258501
DRAL,2026-08-17T13:35:05.000Z,2026-08-17T14:35:05.000Z,9.830205540661296,12.332821537414867,12.586971573416808,0.8108444530467416,0.20607614693380288,2.0607614829332364,60,time,2.0853173120596535,-1.1580605215244621,0.22703644685308788
DCH,2026-08-17T13:35:05.000Z,2026-08-17T14:35:05.000Z,0.2971768202080227,6.771389253696534,6.758184958241247,1.4768018222932973,-0.019500127590466793,-0.19500127611300158,60,time,1.0132447527811284,-0.31587688870282626,0.02953603644586522
SLE,2026-08-17T13:40:05.000Z,2026-08-17T14:40:05.000Z,39.647577092511014,3.1806378496719105,3.1493580477022918,3.1440234542467813,-0.09834443103667607,-0.983444310481476,60,time,5.010383384091588,-4.107284634287622,-0.15720117271233924
ARTL,2026-08-17T13:40:05.000Z,2026-08-17T14:40:05.000Z,-2.710883776963946,0.778385138469891,0.7382974221764377,12.847110531291477,-0.515011322169049,-5.1501132681252955,60,stop,0,-5.098393649691458,-0.3751356275137123
MYSZ,2026-08-17T13:40:05.000Z,2026-08-17T14:40:05.000Z,25.92592592592593,3.7607646806943853,3.8291886405708184,2.6590336918650777,0.1819416146422599,1.819416147670249,60,time,3.9682174232199108,-4.806593765952116,0.6115777491289673
GCTK,2026-08-17T13:40:05.000Z,2026-08-17T14:40:05.000Z,-0.29940119760478723,0.36879195039451823,0.3947917601512859,27.11555896529434,0.7049993745460694,7.04999383228245,60,time,8.462237196906464,0,0.7050045330976538
GT,2026-08-17T13:45:05.000Z,2026-08-17T14:45:05.000Z,0.49099836333879043,6.151346960812561,6.0487712361793395,1.6256602045147024,-0.16675327348548705,-1.667532741799237,60,time,0,-1.8101232384045707,-0.13005281636117694
AAL,2026-08-17T13:45:05.000Z,2026-08-17T14:45:05.000Z,-1.7194875252865893,14.592920303007137,14.477098531786728,0.6852637986122241,-0.07936846690849332,-0.7936846691100041,60,time,0,-0.7738019578155786,-0.04796846590285675
BRNX,2026-08-17T13:45:05.000Z,2026-08-17T14:45:05.000Z,-2.2535211267605604,3.5007399787515903,3.2992434557720705,2.856538913644544,-0.5755826588550704,-5.755826602448095,60,stop,0.26451611101123707,-5.734215622126182,-0.657003950138245
WHLR,2026-08-17T13:45:05.000Z,2026-08-17T14:45:05.000Z,-2.0368334927678866,0.3592002340782743,0.35520742569095737,27.83962489569113,-0.11115828778327234,-1.1115829023782962,60,time,2.8674162610599074,-3.9811316145072717,-0.10022264962448801
ITG,2026-08-17T13:45:05.000Z,2026-08-17T14:50:05.000Z,2.1202775636083304,13.343069836785899,12.956706200346746,0.749452716130242,-0.2895612767432807,-2.895612787500939,65,time,0,-3.8452158540863035,-0.6370348087107054
DFSC,2026-08-18T13:30:05.000Z,2026-08-18T13:35:05.000Z,9.72222222222221,2.400842191723533,2.269476354928235,4.165204820626965,-0.5471656166854708,-5.4716564565617,5,stop,0,-5.449845565634748,-0.5831286748877744
XOS,2026-08-18T13:30:05.000Z,2026-08-18T13:35:05.000Z,117.22488038277513,4.5509114967330415,4.249149751731235,2.197362002429587,-0.6630797922538166,-6.63079792297504,5,stop,0,-6.612114890589648,-0.4174987804616208
BIAF,2026-08-18T13:40:05.000Z,2026-08-18T14:00:05.000Z,26.539650791383053,0.4973998046134203,0.4665061486541341,20.104551521449732,-0.6211030979194124,-6.211030980057744,20,stop,0,-6.19216258787193,-0.19903506006235183
RANI,2026-08-18T13:40:05.000Z,2026-08-18T14:05:05.000Z,9.310214851111942,0.8756827066781805,0.8304023468526005,11.419661374615968,-0.5170863761288884,-5.170863770662636,25,stop,1.075423009955645,-5.14829245049242,-0.3528675364756335
SGLY,2026-08-18T13:45:05.000Z,2026-08-18T14:15:05.000Z,31.403118040089083,5.921187633456733,5.548883558525118,0.5882517349707094,-0.2190085180151877,-6.287658793786067,30,stop,3.3576434129516386,-6.268803767666409,-0.0941202775953136
ENRD,2026-08-18T13:40:05.000Z,2026-08-18T14:20:05.000Z,10.551948051948056,6.831377553553998,6.338708599331761,1.4638335999137435,-0.7211853688248769,-7.211853690708812,40,stop,0,-7.192949733811171,-0.49770342397067147
ASTN,2026-08-18T13:30:05.000Z,2026-08-18T14:30:05.000Z,9.725685785536164,4.420909447828439,4.428281727357364,2.2619780174570323,0.016675934232975947,0.16675934252726865,60,time,2.6938021141794444,-1.8301539260927924,0
DEFT,2026-08-18T13:30:05.000Z,2026-08-18T14:30:05.000Z,-1.0752688172043001,0.4628694405125911,0.4607971033885144,21.60435393359178,-0.04477150469827535,-0.4477152610856703,60,time,0,-3.4068873709026226,-0.1058613342745982
AMX,2026-08-18T13:30:05.000Z,2026-08-18T14:30:05.000Z,0.7601351351351315,23.935227599642168,23.93520820256282,0.4177942289483185,-0.000008103987810443253,-0.00008103987843106367,60,time,0.019938813357689433,-0.815649647906791,-0.06266913434224897
BBWI,2026-08-18T13:30:05.000Z,2026-08-18T14:30:05.000Z,3.7214247740563478,19.54397424679634,19.86600480853656,0.511666658317717,0.1647723014017958,1.647723015153931,60,time,1.9239984071576455,-0.9413348813969935,0.23536666282615037
KURA,2026-08-18T13:35:05.000Z,2026-08-18T14:35:05.000Z,9.84042553191491,12.41248819147598,12.47745119332863,0.805640242692612,0.05233680857860966,0.5233680858384392,60,time,1.6717986379759298,-0.18117392040237768,-0.016112804853850804
SPCQ,2026-08-18T13:35:05.000Z,2026-08-18T14:35:05.000Z,9.79757085020243,13.59272597491747,13.186867920596159,0.7356876035959272,-0.2985847393837505,-2.985847394188896,60,time,0,-3.551355157223357,-0.21334940504281796
EYPT,2026-08-18T13:35:05.000Z,2026-08-18T14:35:05.000Z,9.65092402464065,5.361073554434369,5.23894109425853,1.8652980411260809,-0.22781343872390056,-2.278134387371305,60,time,0,-4.683270092921877,-0.3917125886364765
RAMZ,2026-08-18T13:35:05.000Z,2026-08-18T14:35:05.000Z,9.58199356913183,17.073446490515305,17.506377117261987,0.5857048254266081,0.25356955716049734,2.5356955725792383,60,time,3.025478832124806,-0.07875674382894493,0.2635671714419754
SKDD,2026-08-18T13:35:05.000Z,2026-08-18T14:35:05.000Z,9.546413502109697,10.402086534636679,10.777836234897764,0.961345588256916,0.361225316634853,3.6122531668038036,60,time,3.633054427157001,-0.11619336751749199,0.2980171323596448
LITZ,2026-08-18T13:35:05.000Z,2026-08-18T14:35:05.000Z,9.222661396574438,8.311671704147148,8.64824313061024,1.2031274036800261,0.4049383064734223,4.049383065685303,60,time,4.070520442765346,-1.3435528750663894,0.40906331725120815
SNDQ,2026-08-18T13:40:05.000Z,2026-08-18T14:40:05.000Z,9.57446808510638,13.402680891007908,13.917211747563089,0.7461193832180373,0.3839014453396002,3.8390144534470636,60,time,4.382101713591768,0,0.5073611805882656
DVLT,2026-08-18T13:40:05.000Z,2026-08-18T14:40:05.000Z,9.33499843896346,0.3509706637357834,0.3747245438656175,28.492409852102643,0.6768052882369501,6.768052884248016,60,time,6.789552155320799,0,0.5271095822638987
WEAV,2026-08-18T13:40:05.000Z,2026-08-18T14:40:05.000Z,31.916817359855322,7.301460707816956,7.278528671922809,1.3695889630824154,-0.031407463261633746,-0.3140746326224298,60,time,0,-0.4308823819769936,-0.027391779261648708
AIXC,2026-08-18T13:45:05.000Z,2026-08-18T14:45:05.000Z,112.61616446071527,1.5203041282100547,2.6594648356303616,6.577631287237815,7.326928174236135,73.26928174359766,60,time,93.38235984805476,0,5.885335594256038
DLHC,2026-08-18T13:45:05.000Z,2026-08-18T14:55:05.000Z,1.7777777777777892,4.663203165370238,4.497893748006151,2.1444479890653425,-0.35449744763997976,-3.5449756637605594,70,time,0,-3.499808170105323,-0.2144447989065359
OLOX,2026-08-19T13:30:05.000Z,2026-08-19T13:35:05.000Z,-1.538461538461544,2.6006513386147194,2.3295104154630097,3.845190520158218,-1.042588507329902,-10.425885205209301,5,stop,0,-10.4070597467666,-1.268912871652212
EHGO,2026-08-19T13:30:05.000Z,2026-08-19T13:35:05.000Z,51.381215469613274,2.7505523465718777,2.5494887304567206,3.6356334067773184,-0.7309935996357155,-7.309935997609738,5,stop,0,-7.291348111292417,0.10906900220332005
OPENZ,2026-08-19T13:30:05.000Z,2026-08-19T13:35:05.000Z,42.086956521739104,0.16659054262939074,0.15555778335935144,60.02740595569052,-0.6622679195140568,-6.6226804330564955,5,stop,0,-6.59733887405668,-0.660301465512596
YJ,2026-08-19T13:35:05.000Z,2026-08-19T13:40:05.000Z,174.13793103448273,4.790958327762863,4.239151368533434,2.08726507636576,-1.1517673948951723,-11.517673949109373,5,stop,0,-11.499960760880434,-1.0227598874192196
FEMY,2026-08-19T13:35:05.000Z,2026-08-19T13:40:05.000Z,60.68181818181817,3.5507102701978033,3.0393917754830295,2.8163379264652497,-1.4400456691683388,-14.400456691902635,5,stop,0,-14.38332703415287,-1.661639376614498
TNON,2026-08-19T13:30:05.000Z,2026-08-19T14:00:05.000Z,113.76146788990825,11.67234124261409,10.527892220968505,0.8567261520976235,-0.9804794065863116,-9.804794067083654,30,stop,3.3211739558351994,-9.786736172890166,-0.7196499677620043
ZNB,2026-08-19T13:35:05.000Z,2026-08-19T14:00:05.000Z,15.695067264573993,2.6005256372373773,2.3795207121255126,3.845376431758949,-0.8498471303278158,-8.498471307002585,25,stop,2.28701312961499,-8.480040884028694,-0.6152602290814304
MSS,2026-08-19T13:40:05.000Z,2026-08-19T14:10:05.000Z,51.592356687898075,2.3904782828432345,2.209556660236414,4.183263270590863,-0.7568427787068134,-7.568427787247339,30,stop,21.31463485000753,-7.549881717752893,-0.6274894905886299
PURR,2026-08-19T13:30:05.000Z,2026-08-19T14:30:05.000Z,1.2499999999999956,7.301535741641401,7.108523526530338,1.3695748856155958,-0.26434468243314646,-2.643446830100336,60,time,0,-4.677587753129631,-0.23282773055465178
SKK,2026-08-19T13:30:05.000Z,2026-08-19T14:30:05.000Z,14.999999999999991,4.8611683392869285,8.648269054438389,2.057118619423785,7.683052534741572,76.83052609343596,60,time,77.9407623079526,-4.549695131919074,5.812388659181906
RDAC,2026-08-19T13:35:05.000Z,2026-08-19T14:30:05.000Z,149.91452991452996,14.693053396143366,12.827431477387261,0.6805937278020201,-1.1688526953875442,-11.688526972956561,55,stop,27.679383544091163,-12.679824580453648,-1.1971643672037526
KLAR,2026-08-19T13:35:05.000Z,2026-08-19T14:35:05.000Z,-2.5564409030544466,14.692938788712205,14.717044979123214,0.6805990376530442,0.016406649995214014,0.16406649995390202,60,time,0.4564179586681094,-0.9728400204186305,0.013611980753060138
TGL,2026-08-19T13:35:05.000Z,2026-08-19T14:35:05.000Z,2.621722846441954,2.7705663394992373,2.9892317789063365,3.609370347255945,0.7892445529656756,7.8924455368436215,60,time,13.695166042093154,-1.464189430185936,0.9023425868139867
BGS,2026-08-19T13:40:05.000Z,2026-08-19T14:40:05.000Z,3.4782608695652195,3.58076798552006,3.5092004834219175,2.792696988269975,-0.19986634756748783,-1.9986634818996323,60,time,0,-1.9763354064332717,-0.16756181929619807
JTAI,2026-08-19T13:40:05.000Z,2026-08-19T14:40:05.000Z,3.4482758620689724,1.5104766478690215,1.5496416961914752,6.620426505159819,0.2592893239898377,2.5928933345449408,60,time,3.278657250401462,-0.6935987976909086,0.13240853010319675
GOVX,2026-08-19T13:40:05.000Z,2026-08-19T14:40:05.000Z,-2.9054573405073114,0.6350534987872652,0.6289160338912332,15.746704676273485,-0.09664484717881244,-0.9664484815456524,60,time,1.896926988944947,-4.52772858383973,0.02834406841729198
BIVIW,2026-08-19T14:30:05.000Z,2026-08-19T15:15:05.000Z,52.268489745183345,0.24976348194945563,0.22804818523664244,40.03786679526927,-0.5809128715598246,-5.809130446361889,45,stop,1.255795293236317,-8.673598630339264,-0.8119428832022049
PSKY,2026-08-19T14:30:05.000Z,2026-08-19T15:30:05.000Z,0.23969319271333056,10.472106083622021,10.437898373234924,0.9549177517709192,-0.03266554989607741,-0.3266554990365939,60,time,0.3618557344185369,-0.49757024237477854,-0.047745887588547475
PRMB,2026-08-19T14:30:05.000Z,2026-08-19T15:30:05.000Z,1.2798634812286824,23.764861530612517,23.775225110076843,0.4207893228280842,0.004360883584868487,0.04360883588980963,60,time,0.8632007770095207,-0.146693598730252,0.033663145826245966
YJ,2026-08-19T14:30:05.000Z,2026-08-19T15:30:05.000Z,135.34482758620695,4.110823018059711,4.159162937249571,2.4326029010667627,0.11759182765858556,1.1759182766441718,60,time,15.791898096520285,-2.209363372266493,0.048652058021335876
TNON,2026-08-19T14:30:05.000Z,2026-08-19T15:30:05.000Z,119.81651376146787,12.00240213484652,15.976801343564249,0.8331665517697489,3.2917610410658495,32.91761041183054,60,time,35.38956466740477,0,2.9635734246449985
IOVA,2026-08-19T14:30:05.000Z,2026-08-19T15:30:05.000Z,9.95732574679944,7.741553691025186,7.598477344246868,1.2917303680419316,-0.1848160620820515,-1.848160621093241,60,time,0.7549687221386936,-1.8284920143263994,-0.20667685888670917
SGLY,2026-08-20T13:30:05.000Z,2026-08-20T13:35:05.000Z,55.03355704697983,4.680936276986049,4.269145485494135,2.13632474533928,-0.879718857767025,-8.79718857777439,5,stop,0,-8.778933372932872,0.10681623726696365
LOOP,2026-08-20T13:30:05.000Z,2026-08-20T13:35:05.000Z,43.80138642592295,0.8942866333112145,0.8402308869561722,11.182097114362742,-0.6044566053314427,-6.044566064338203,5,stop,0,-6.025655679509834,-0.5915329373497897
HUIZ,2026-08-20T13:30:05.000Z,2026-08-20T13:40:05.000Z,110.27397260273975,3.080616724929671,2.3295335968093793,3.2461032619230172,-2.438093392166622,-24.380933922815036,10,stop,0,-24.365793993629868,0.09738309785768884
PWCM,2026-08-20T13:30:05.000Z,2026-08-20T13:40:05.000Z,10.909090909090914,1.8404189152767456,1.6996568539163737,5.43354551184297,-0.7648370667424138,-7.648370715599031,10,stop,0,-7.629725716855651,-0.8150318267764476
PLRZ,2026-08-20T13:40:05.000Z,2026-08-20T13:45:05.000Z,-1.2511170688114248,11.094069172501282,10.387880413127073,0.9013824623008637,-0.6365461627739165,-6.365462017531216,5,stop,0,-6.346356432015476,-0.3154838618053013
BTCT,2026-08-20T13:45:05.000Z,2026-08-20T13:50:05.000Z,63.14091072068844,1.3702747109392264,1.279742500755528,7.297806723810407,-0.6606865722000103,-6.606865722687449,5,stop,0,-6.588073925508664,-0.9487148740953515
CJMB,2026-08-20T13:45:05.000Z,2026-08-20T13:50:05.000Z,29.518072289156617,3.2406505208243295,2.7594266695839282,3.0858001917141253,-1.4849606524150398,-14.849606526469614,5,stop,0,-14.831914695388559,-0.617160038342826
OMH,2026-08-20T13:45:05.000Z,2026-08-20T13:55:05.000Z,34.14043583535109,0.11142242818857978,0.10287878271512614,89.74853770371621,-0.7667796879014384,-7.66779688106754,10,stop,0,-7.648754678147718,-0.8167116931038159
SGLY,2026-08-20T13:55:05.000Z,2026-08-20T14:00:05.000Z,23.993288590604035,3.7107462965881752,3.4493067405725832,2.694875693028455,-0.7045471047025701,-7.04547104866671,5,stop,0,-7.026788568863274,-0.3503338400937004
LOOP,2026-08-20T13:55:05.000Z,2026-08-20T14:15:05.000Z,41.4315653715944,0.8805785146345242,0.8151344557538492,11.356170776599413,-0.7431939089627722,-7.43193909379414,20,stop,6.327827040908729,-7.413139606479879,-0.8414922545460151
SOC,2026-08-20T13:30:05.000Z,2026-08-20T14:20:05.000Z,7.740585774058584,5.171046097058618,4.879016339468432,1.9338446820179505,-0.5647401937067715,-5.64740193974092,50,stop,0.36653904424026607,-5.6283794728530845,-0.754199425987002
MMA,2026-08-20T13:30:05.000Z,2026-08-20T14:30:05.000Z,36.052631578947384,0.5190048089926365,0.6784640191205907,19.267644196601847,3.234412053159903,32.34412054455149,60,time,76.79990321881944,0,4.432810562091202
BEEM,2026-08-20T13:55:05.000Z,2026-08-20T14:30:05.000Z,11.570247933884303,1.3602759813519956,1.2797421590742442,7.35144936112261,-0.5920403163325374,-5.920403166841762,35,stop,0,-5.901448121741315,-0.5881159488898096
HIVE,2026-08-20T13:40:05.000Z,2026-08-20T14:40:05.000Z,5.141843971631199,2.9705978669155075,3.0593868304468077,3.36632571804914,0.29889257141434294,2.988925714926651,60,time,3.0095669992964202,-2.376554150993593,0.26930605744393254
MFA,2026-08-20T13:40:05.000Z,2026-08-20T14:40:05.000Z,-0.7692307692307776,9.04185192001329,8.948183741472054,1.1059681222952866,-0.10359401954007055,-1.0359401964315562,60,time,0,-1.237046580753176,-0.09953713100657424
COSM,2026-08-20T13:40:05.000Z,2026-08-20T14:40:05.000Z,5.64766839378239,0.20543582373465846,0.20705096135118184,48.67694889516275,0.07861997121816337,0.7862005696774157,60,time,2.6111201872317524,-1.818486993526347,-0.029206169337099297
CHWY,2026-08-20T13:40:05.000Z,2026-08-20T14:40:05.000Z,-2.54272613588995,23.404693593836118,23.455221470040787,0.42726472614316124,0.02158877918918328,0.21588779191698396,60,time,0.8344753815333839,0,0.05981706166004308
AUPH,2026-08-20T13:40:05.000Z,2026-08-20T14:40:05.000Z,8.163265306122458,17.523585310621332,17.286496839333946,0.5706594748303768,-0.13529678251319655,-1.3529678264166793,60,time,1.0067271408878753,-1.6183064458244578,-0.1540780582042025
SAN,2026-08-20T13:45:05.000Z,2026-08-20T14:45:05.000Z,0.6704304869442623,14.272854921736286,14.267132171507948,0.7006306765328141,-0.004009534364109168,-0.040095343641609715,60,time,0.05006061017849284,-0.5104439310549935,0.007006306765328318
BIVI,2026-08-20T13:45:05.000Z,2026-08-20T14:45:05.000Z,33.955223880596996,1.800360470279787,1.8696246131764929,5.554443215431644,0.3847237485852954,3.847237486054208,60,time,11.08886431444407,-2.241799403289213,0.3888110250802139
STKH,2026-08-20T13:45:05.000Z,2026-08-20T14:45:05.000Z,9.714285714285719,3.8608091282836896,3.889169522874215,2.590130630023362,0.07345712670846846,0.7345712685654789,60,time,1.7921339651170154,-4.424179559470276,-0.025901306300232463
UXRP,2026-08-20T13:55:05.000Z,2026-08-20T14:55:05.000Z,27.66599597585515,12.732806902805057,12.926418424505316,0.7853727800282038,0.1520572190432231,1.520572197302433,60,time,3.5121328754025516,0,0.05497609460197417
TGHL,2026-08-20T13:55:05.000Z,2026-08-20T14:55:05.000Z,6.826137689614931,0.7362055403821789,0.7666166506529501,13.583162894274233,0.41307906460362215,4.1307907374595745,60,time,9.425962698106982,0,0.3667453981454045
AIRE,2026-08-21T13:40:05.000Z,2026-08-21T13:45:05.000Z,-0.34965034965035446,1.4403319266055141,1.3497215757330114,6.942844038225949,-0.6290935343567167,-6.290935387792701,5,stop,0,-6.271604825035215,-0.555427523058075
HOWL,2026-08-21T13:30:05.000Z,2026-08-21T13:50:05.000Z,127.34230055658627,0.9815972930127462,0.9006196447932653,10.18747715494717,-0.8249579412973105,-8.249579414684618,20,stop,0.8560238549012222,-8.231205769196947,-0.5918924227024309
KNRX,2026-08-21T13:40:05.000Z,2026-08-21T13:55:05.000Z,15.727272727272723,0.38347910364834287,0.3584272444174697,26.07704016156837,-0.6532783392854368,-6.5327834013730675,15,stop,5.4033964705045845,-6.513810898872119,-0.3885478984073689
JATT,2026-08-21T13:50:05.000Z,2026-08-21T14:10:05.000Z,37.73584905660379,19.214031210861535,14.966989111113222,0.5204529892551576,-2.210385756306511,-22.103857608743212,20,stop,7.9939954936171675,-22.088187347496437,-2.076607427128077
INV,2026-08-21T13:30:05.000Z,2026-08-21T14:15:05.000Z,7.333333333333325,1.6303781038190976,1.539676214082454,6.133546508286142,-0.5563242590891451,-5.5632426321341,45,stop,0,-5.543383072146913,-0.49068372066289
PUSA,2026-08-21T13:30:05.000Z,2026-08-21T14:15:05.000Z,6.156156156156167,3.5617531537911895,3.368967604874739,2.8076057290505116,-0.5412658116159748,-5.412658895556718,45,stop,0,-5.383673306699654,-0.30883663019555563
GOSS,2026-08-21T13:40:05.000Z,2026-08-21T14:15:05.000Z,0.032391441038037705,0.15793395381642023,0.14906876959974386,63.31760667058869,-0.5613222472938253,-5.613222491080741,35,stop,0.5483597178770339,-5.593448149020985,-0.5508631780341222
AEVA,2026-08-21T13:45:05.000Z,2026-08-21T14:15:05.000Z,2.861685214626397,19.443945525723905,18.266217846138986,0.5142989102065512,-0.6057040621306141,-6.057040624943181,30,stop,0,-6.037589048841974,-0.6120157031457971
SUGP,2026-08-21T13:35:05.000Z,2026-08-21T14:25:05.000Z,34.17266187050363,3.7407504013551116,3.4792971168825133,2.6732604225851104,-0.6989327177354833,-6.989327178255067,50,stop,7.465069001763069,-6.970537282055844,-1.2296997943891501
PURR,2026-08-21T13:30:05.000Z,2026-08-21T14:30:05.000Z,4.265873015873023,10.532111589469055,10.637866677773431,0.9494772167942711,0.10041204690507095,1.0041204691575716,60,time,4.2525984151059015,0,-0.4842333805650778
PSEC,2026-08-21T13:30:05.000Z,2026-08-21T14:30:05.000Z,0.8771929824561431,2.3215793118284185,2.2594537805912633,4.307411199410648,-0.2676002090202581,-2.676002965766722,60,time,0,-3.0832163029590576,-0.21537055997053223
JUNS,2026-08-21T13:30:05.000Z,2026-08-21T14:30:05.000Z,59.381044487427474,8.26165675968058,9.548088322132228,1.2104109732139339,1.5846422722349778,15.846422724180917,60,time,26.60898781280785,-2.5619166450188247,1.3166245361134568
BEKE,2026-08-21T13:35:05.000Z,2026-08-21T14:35:05.000Z,2.0306062389641166,17.363476239170126,17.386504249972344,0.5759215413876743,0.013262327476305309,0.1326232747695368,60,time,0.38312466877918894,-2.0357458051672883,0.023036861655507224
ELAB,2026-08-21T13:35:05.000Z,2026-08-21T14:35:05.000Z,3.2786885245901676,6.391346198456305,6.278300598105675,1.5646156016294899,-0.17687291000416808,-1.7687291040177724,60,time,1.543552774023138,-3.619678722961084,-0.5789077726029106
SKYQ,2026-08-21T13:35:05.000Z,2026-08-21T14:35:05.000Z,0.9380863039399667,2.7106304436845785,2.649382367126331,3.6891786364278074,-0.22595509556098226,-2.2595509727616276,60,time,0,-3.712436858334367,-0.18445893182138917
ZKH,2026-08-21T13:35:05.000Z,2026-08-21T14:35:05.000Z,-0.34482758620688614,2.9106175442202766,2.859379538304256,3.4356970031811986,-0.17603826337465278,-1.760382638308696,60,time,0,-1.7390654543668949,-0.034356970031813816
USDEW,2026-08-21T13:35:05.000Z,2026-08-21T14:40:05.000Z,25.330733881075073,0.9205122016399986,1.069712557449582,10.86351653975797,1.6408710941624545,16.408711716829274,65,time,27.103149519964,0,2.058636384284135
SXTC,2026-08-21T13:40:05.000Z,2026-08-21T14:40:05.000Z,9.779614325068863,4.010835946474813,3.9891132098282243,2.493245826009198,-0.054160122473605264,-0.541601225691655,60,time,3.719026544984705,-0.5194913667093792,0.02493245826009094
USDE,2026-08-21T13:45:05.000Z,2026-08-21T14:45:05.000Z,33.00000000000001,5.33106648695382,5.4089152504136635,1.8757972770156253,0.1460284985170075,1.4602849851967645,60,time,7.295604247254794,-2.4585415934047283,0.07503189108062536
STUB,2026-08-21T13:55:05.000Z,2026-08-21T14:55:05.000Z,1.171303074670571,6.92147323484,6.858579214881243,1.4447791146855997,-0.09086796647503055,-0.9086796672444305,60,time,0,-1.755019931718449,-0.057791164587424504
ADXN,2026-08-21T13:55:05.000Z,2026-08-21T14:55:05.000Z,6.345733041575463,4.890985051362585,4.818767328638793,2.0445779106010313,-0.1476547606349755,-1.4765476067785754,60,time,4.682389053174751,-3.495922591604539,0.12267467463606074
LUCY,2026-08-24T13:30:05.000Z,2026-08-24T13:35:05.000Z,44.758005556367905,0.9919998222325273,0.9213153274426091,10.080646964759424,-0.7125454378595414,-7.125454380711521,5,stop,0,-7.10683819215463,0.07258065814626846
PMI,2026-08-24T13:30:05.000Z,2026-08-24T13:35:05.000Z,39.25233644859816,4.4809020843131995,4.109173962131649,2.231693486959695,-0.8295832291923235,-8.295832294191408,5,stop,0,-8.277397660878549,-0.22316934869597027
CYPH,2026-08-24T13:30:05.000Z,2026-08-24T13:35:05.000Z,28.873239436619723,1.8403819964222583,1.7296522301532673,5.433654536749023,-0.6016672968406619,-6.016672977906326,5,stop,0,-5.997776365822061,0.16300963610247088
BTCT,2026-08-24T13:30:05.000Z,2026-08-24T13:40:05.000Z,43.42105263157894,1.6403302892936664,1.5296935273049046,6.096333197319242,-0.6744785649559963,-6.744785651455751,10,stop,3.0280310636537466,-6.726102054798677,-0.18288999591957733
XPON,2026-08-24T13:35:05.000Z,2026-08-24T13:40:05.000Z,143.0858806404658,8.371674252861192,7.548489608026672,1.1945041932946536,-0.9832975101106047,-9.832975101165458,5,stop,0,-9.814933405708759,-0.5375268869825955
INCR,2026-08-24T13:40:05.000Z,2026-08-24T13:45:05.000Z,26.115547205260683,5.421133661776233,4.988972215128251,1.8446326183299466,-0.7971791008715253,-7.971791023990078,5,stop,0,-7.952832168963198,-0.7378530473319795
LGHL,2026-08-24T13:45:05.000Z,2026-08-24T13:50:05.000Z,33.96381578947369,0.817163675752957,0.7636462685638176,12.237450459492932,-0.6549166191976048,-6.549166192418801,5,stop,0,-6.5303533840740275,0.3781372191983312
OLOX,2026-08-24T13:35:05.000Z,2026-08-24T14:00:05.000Z,13.875598086124397,2.390479943153725,2.229549254516933,4.183260364516923,-0.6732149712087062,-6.732149713185988,25,stop,0,-6.713293856044911,-0.6274890546775413
AAOZ,2026-08-24T13:40:05.000Z,2026-08-24T14:15:05.000Z,35.00939849624061,14.382883111759131,13.637259307956379,0.6952708939720752,-0.5184105286367989,-5.184105286881923,35,stop,0.32759001011657407,-5.165050052807329,-0.36849357380519976
ZSTK,2026-08-24T13:40:05.000Z,2026-08-24T14:25:05.000Z,1.0615711252653925,4.811016183220113,4.55892077616375,2.0785629470722773,-0.5239961722344602,-5.239961734812348,45,stop,2.8888661248871905,-5.217529387982712,-0.5404263662387923
BEZ,2026-08-24T13:30:05.000Z,2026-08-24T14:30:05.000Z,9.899328859060397,13.163015936586525,12.586390141865673,0.759704309508422,-0.43806510122315045,-4.380651041514921,60,time,3.471727646726386,-4.3532267935179725,-0.9724215161707814
CYAB,2026-08-24T13:30:05.000Z,2026-08-24T14:30:05.000Z,7.200267916945746,0.32627984178894726,0.31897440383109216,30.64853726674978,-0.2239009875012504,-2.239009899539117,60,time,3.806596859602096,-2.3231106608940455,-0.1532426863337495
MVIS,2026-08-24T13:35:05.000Z,2026-08-24T14:35:05.000Z,6.024096385542177,1.7703830196112857,1.7195762870715394,5.648495186495959,-0.2869815841923447,-2.869815852103106,60,time,0,-3.4107319683027604,0
SNAP,2026-08-24T13:35:05.000Z,2026-08-24T14:35:05.000Z,-0.667938931297718,5.211048171902659,5.338926468965348,1.9189997228457758,0.24539841662129008,2.4539841667976385,60,time,3.2421851137033997,-0.020114415911764993,0.24946996396995047
ALKT,2026-08-24T13:35:05.000Z,2026-08-24T14:35:05.000Z,1.422963689892054,20.71591454338358,20.4355575887174,0.48272065105669454,-0.13533409168472982,-1.3533409499206546,60,time,0,-1.3318965127306015,-0.13998898880644006
SDOT,2026-08-24T13:35:05.000Z,2026-08-24T14:35:05.000Z,63.42943854324734,21.584319729817153,25.814833464846636,0.463299289707974,2.0021458408861554,20.021458409554103,60,time,36.48797075269032,0,1.8042032589452788
PSKY,2026-08-24T13:40:05.000Z,2026-08-24T14:40:05.000Z,-0.48309178743960457,10.31209171342007,10.25793411027918,0.9697353623358675,-0.05251854290507321,-0.5251854293577498,60,time,0.6585306693069448,-1.571860665369429,-0.02909206087007732
JMKE,2026-08-24T13:40:05.000Z,2026-08-24T14:40:05.000Z,0.37720033528920727,23.98481289192633,23.455298848780455,0.41693049863034964,-0.22077055404058293,-2.207705540717892,60,time,0,-3.0636590547415965,-0.21680385928778279
NCTY,2026-08-24T13:40:05.000Z,2026-08-24T14:40:05.000Z,5.536332179930792,6.1513526423088996,6.84837760285328,1.625658702667848,1.133124693085686,11.331246980546277,60,time,15.584334266540667,0,0.5039541978270332
CAPR,2026-08-24T13:45:05.000Z,2026-08-24T14:45:05.000Z,2.225755166931642,6.441290610170308,6.978599663869242,1.552483904917854,0.8341636578342391,8.34163657901981,60,time,8.36337657206634,0,0.9159655039015338
VBIO,2026-08-24T13:45:05.000Z,2026-08-24T14:45:05.000Z,-2.446982055464919,0.1203662664724093,0.13134582864135053,83.07973953881925,0.91217916524591,9.121793414983081,60,time,9.1667988473497,-1.1350908460075027,0.9554170046964199
TNMG,2026-08-25T13:30:05.000Z,2026-08-25T13:35:05.000Z,64.27404148334381,0.656031560269871,0.6150765861850092,15.243169085834296,-0.6242835948815104,-6.242835949540937,5,stop,0,-6.224023773044419,-0.4572950725750289
SWVL,2026-08-25T13:30:05.000Z,2026-08-25T13:55:05.000Z,57.14285714285712,2.320465695782267,2.189560252460704,4.3094797810238274,-0.5641343612202357,-5.641343613029905,25,stop,4.720358694240789,-5.622392781733621,-0.8618959562047639
PSNYW,2026-08-25T13:35:05.000Z,2026-08-25T13:55:05.000Z,82.26582883180834,5.001050019513613,4.739013059944285,1.9995800761793192,-0.5239638835774344,-5.239638846779883,20,stop,7.577408324407076,-5.219904190020519,-0.5398866205684154
WVVIP,2026-08-25T13:50:05.000Z,2026-08-25T14:00:05.000Z,291.3207547169811,10.452094911185847,9.118162273717088,0.9567460001110424,-1.276234715315809,-12.762347154360251,10,stop,7.4425758225907135,-12.74476478165385,-2.985047520346452
TNMG,2026-08-25T13:55:05.000Z,2026-08-25T14:15:05.000Z,61.81018227529855,0.6453292814793054,0.6126761869614124,15.495965061940074,-0.5059912118134969,-5.059912118514358,20,stop,0,-5.0407260933112426,-0.23243947592910175
DAIC,2026-08-25T13:55:05.000Z,2026-08-25T14:20:05.000Z,139.59537572254334,4.1608329155676005,3.2993137936018337,2.4033649517972235,-2.070544863035641,-20.705448631268634,25,stop,5.267384893356186,-20.688956587197392,-2.066893858545612
SMTG,2026-08-25T13:35:05.000Z,2026-08-25T14:25:05.000Z,9.540034071550242,6.502225608951009,6.067362941360405,1.5379348724453905,-0.6687904612122179,-6.6879049381487015,50,stop,1.3499130348255006,-6.647348691746469,-0.3383456719379865
AXTL,2026-08-25T13:30:05.000Z,2026-08-25T14:30:05.000Z,9.818181818181815,3.050646046590128,3.026910919411379,3.2779941763970477,-0.077803608667983,-0.7780360886271676,60,time,2.9290173964871435,-2.6435727173354073,0.09833982529191054
COHX,2026-08-25T13:30:05.000Z,2026-08-25T14:30:05.000Z,9.31506849315069,24.014982207739,23.554108848276993,0.41640672051825034,-0.19191076418780276,-1.9191076448663222,60,time,1.1868332434955997,-2.9355932960542175,0
AVXL,2026-08-25T13:30:05.000Z,2026-08-25T14:30:05.000Z,9.0032154340836,3.4108936295493124,3.548973844789655,2.9317829646639257,0.4048212227987641,4.0482122938142515,60,time,7.010079950288017,0,0.2345426371731154
RIME,2026-08-25T13:30:05.000Z,2026-08-25T14:30:05.000Z,-2.8887523048555686,0.3187906401090069,0.32459026395979734,31.368548827449416,0.18192578394436104,1.81925788310703,60,time,3.5475821646225425,-0.5930663799791569,0.034505403710193505
BEX,2026-08-25T13:35:05.000Z,2026-08-25T14:35:05.000Z,9.869646182495352,23.634733348658813,22.565458162124482,0.42310610624869366,-0.4524168606828861,-4.524168607110636,60,time,0,-4.716504866859728,-0.3892576177487985
SMCX,2026-08-25T13:35:05.000Z,2026-08-25T14:35:05.000Z,9.79667282809611,11.902382705993928,12.527462691101862,0.8401679097840534,0.5251721445359804,5.2517214455988706,60,time,5.273039100734089,0,0.5125024249682717
BZ,2026-08-25T13:35:05.000Z,2026-08-25T14:35:05.000Z,4.145077720207246,16.113226326639136,15.97678791820936,0.6206081759634807,-0.0846747917869633,-0.8467479179151668,60,time,0.6005853290900198,-2.2542122804955156,-0.14894596223123635
PFXF,2026-08-25T13:35:05.000Z,2026-08-25T14:35:05.000Z,0.3353828954723248,17.974010573692922,17.934122761957703,0.5563588553191022,-0.02219193727819069,-0.22191937392982405,60,time,0,-0.3561284969232692,-0.011127177106383002
AIXI,2026-08-25T13:50:05.000Z,2026-08-25T14:50:05.000Z,177.55255468550234,1.2802609997806382,1.319733261369093,7.810907302300292,0.3083141762795693,3.0831417652508426,60,time,16.382518896951392,0,0.6248725841840237
NCPL,2026-08-25T13:50:05.000Z,2026-08-25T14:50:05.000Z,15.565115369573723,0.297160012168323,0.44141158430911825,33.65190330625766,4.867461765111512,48.67461767070785,60,time,65.90388336663065,-2.880607019047454,6.547482566782021
ILLR,2026-08-25T13:50:05.000Z,2026-08-25T14:50:05.000Z,-0.2618127415534244,0.8123178375063128,0.8239448266906555,12.310452085711749,0.14313349325493935,1.4313349587441908,60,time,2.3244796090718056,-3.621468857143517,-0.12187347564854534
GRML,2026-08-25T13:50:05.000Z,2026-08-25T14:50:05.000Z,2.8070175438596356,8.831775066004838,11.207680769065066,1.1322752134424592,2.6901812671629495,26.90181267718091,60,time,26.928051453092337,0,2.162645657675098
EHTH,2026-08-25T13:50:05.000Z,2026-08-25T14:55:05.000Z,-0.40650406504064707,1.241798,1.2196464847396769,5,-0.12072504276453011,-1.9443587888614753,65,time,0,-2.560641907943162,-0.09000000000000075
OFAL,2026-08-25T13:55:05.000Z,2026-08-25T14:55:05.000Z,43.7018701870187,1.0502116064394993,1.1297730451332395,9.16435485866328,0.7291292572552188,7.575753134501623,60,time,7.597363528575429,-0.020148933624586363,0.5498612915197949
METG,2026-08-26T13:30:05.000Z,2026-08-26T13:40:05.000Z,8.379013312451056,13.892940725964683,12.885489063904629,0.7197900122407265,-0.7251536441661468,-7.251536459643969,10,stop,0,-7.2190671920904,-0.7629774129751699
NUWE,2026-08-26T13:30:05.000Z,2026-08-26T13:45:05.000Z,8.423686405337772,1.0502185819044496,0.9956950311763327,9.521827317942764,-0.5191638347942213,-5.191638356773763,15,stop,0,-5.172121579295341,-0.1904365463588551
VNRX,2026-08-26T13:35:05.000Z,2026-08-26T13:45:05.000Z,8.450338013520554,0.4191848656120846,0.35712822491784635,23.855823087379797,-1.4804122417988421,-14.804122425466032,10,stop,0,-14.786999888837983,-0.8373393903670294
CRE,2026-08-26T13:40:05.000Z,2026-08-26T13:45:05.000Z,162.4513618677043,6.761354311910802,6.098777936558564,1.478993636186018,-0.9799462426331581,-9.799462427002874,5,stop,0,-9.78138818647265,-1.1388250998632348
YFOR,2026-08-26T13:40:05.000Z,2026-08-26T13:50:05.000Z,73.04347826086959,2.0004007330447053,1.869625226901051,4.998998367714694,-0.6537465417491912,-6.53746541797192,10,stop,0,-6.5187305168714405,-0.3999198694171753
TRUG,2026-08-26T13:45:05.000Z,2026-08-26T13:50:05.000Z,9.914529914529924,0.6460380142201724,0.6076707551383083,15.47896524765853,-0.5938854699760857,-5.938854717113967,5,stop,0,-5.918848949829858,-0.3869741311914616
MOVE,2026-08-26T13:45:05.000Z,2026-08-26T13:50:05.000Z,9.687836383207781,10.312261159507317,9.317382851246915,0.9697194245728823,-0.9647528206063196,-9.647528246927502,5,stop,0,-9.622149246991373,-0.9988110073100689
NXXT,2026-08-26T13:30:05.000Z,2026-08-26T14:00:05.000Z,7.6449912126537845,0.24687335440373886,0.23355117716403376,40.5065979487535,-0.5396360772507695,-5.396360928412671,30,stop,3.615880546453165,-5.376584457969291,-0.10126649487188288
EXYN,2026-08-26T13:30:05.000Z,2026-08-26T14:05:05.000Z,8.695652173913038,3.540827133268977,3.3490520603363434,2.8241988510043394,-0.5416109406276169,-5.41610944885587,35,stop,2.2359992101034676,-5.389337747556189,-0.39538783914060716
DAIC,2026-08-26T13:45:05.000Z,2026-08-26T14:05:05.000Z,50.25773195876289,5.841169205728639,5.198959587039025,1.7119860163919556,-1.0094717598791436,-10.094717599208614,20,stop,3.4039553943474354,-10.976727143939302,-1.1770306309826104
ZCMD,2026-08-26T13:30:05.000Z,2026-08-26T14:30:05.000Z,9.731958762886595,0.7999786139428576,0.8098128352952039,12.500334100979419,0.12293105252731364,1.2293105316748751,60,time,4.5527949650594035,-2.4223914996109985,0.25000668201958653
QUBT,2026-08-26T13:30:05.000Z,2026-08-26T14:30:05.000Z,-0.23640661938534313,8.461779363659156,8.358300617187636,1.1817845335499575,-0.1222895821311797,-1.2228958239673653,60,time,0.6880424771045668,-1.2028127806814393,-0.1418141440259948
SMMT,2026-08-26T13:35:05.000Z,2026-08-26T14:35:05.000Z,9.019461077844326,14.58291961586014,14.247131998920887,0.685733739396578,-0.2302608982068199,-2.302608982182527,60,time,2.17432717516326,-3.1058226184525584,-0.233149471394837
ACTU,2026-08-26T13:35:05.000Z,2026-08-26T14:35:05.000Z,8.860759493670889,1.7304782385736501,1.6896250576252128,5.778749230027528,-0.23608028794995775,-2.360802929374638,60,time,3.4396134027903758,-4.650635690165316,-0.2311499692011001
FTCI,2026-08-26T13:35:05.000Z,2026-08-26T14:35:05.000Z,7.788944723618085,2.1606416692513224,2.1488229468951054,4.628254584741225,-0.05470005593094471,-0.5470005750797271,60,time,5.524207574411721,-0.4925235592170174,-0.18513018338964926
DFSC,2026-08-26T13:35:05.000Z,2026-08-26T14:40:05.000Z,8.176100628930815,1.740447299064658,1.7194980545759597,5.745649327445061,-0.18025478538677006,-1.8025478803066752,65,time,6.869079057986505,-2.8985249419370085,-0.38728246637225183
RPGL,2026-08-26T13:35:05.000Z,2026-08-26T14:40:05.000Z,8.060453400503764,2.1820168149375396,2.1090209754324216,4.582913029931805,-0.3345335839988161,-3.3453380838042492,65,time,5.407070388036295,-3.3004702092362725,-0.8249243453877249
MTEN,2026-08-26T13:40:05.000Z,2026-08-26T14:40:05.000Z,9.80392156862746,1.1303672768571542,1.1297447526319127,8.846681780746566,-0.005507273721517888,-0.05507273945265049,60,time,5.275517467972635,-1.8018282441599642,0.17693363561492959
SOGP,2026-08-26T13:40:05.000Z,2026-08-26T14:40:05.000Z,9.135004042037199,13.602784669811502,14.256531344257109,0.7351435925070878,0.480597678841505,4.805976793093395,60,time,4.8314763935582095,-3.4021318505361164,0.3161117447780466
QBTZ,2026-08-26T13:40:05.000Z,2026-08-26T14:40:05.000Z,7.301587301587298,3.390680240135554,3.6292518218918572,2.9492607059504086,0.7036097916303011,7.036097917235798,60,time,7.058163640192694,-0.609914196294925,0.7668077835471063
AEON,2026-08-26T13:40:05.000Z,2026-08-26T14:50:05.000Z,7.361963190184029,0.22974689650448374,0.21893656694787045,43.52615919364484,-0.4203283804767405,-4.203283808340195,70,time,3.722837446620031,-5.025920558739028,-0.19357510045203696
CLGN,2026-08-26T13:45:05.000Z,2026-08-26T15:15:05.000Z,9.275862068965512,0.31966283999999995,0.30483311770380833,12.950000000000001,-0.18093986725472305,-4.37091484315169,90,time,0,-4.618253407246198,
TITN,2026-08-27T13:30:05.000Z,2026-08-27T13:35:05.000Z,-1.9138755980861233,18.593932915838664,17.46630192663335,0.5378098340361609,-0.6064510351585424,-6.064510366415152,5,stop,0,-6.044621764130809,-0.048402885063254075
MERC,2026-08-27T13:30:05.000Z,2026-08-27T13:35:05.000Z,57.409200968523024,0.6521370048536841,0.6121768555252838,15.334201102361012,-0.6127569658820666,-6.127569671861501,5,stop,0,-6.108686450421885,-0.5949670027716092
MIMI,2026-08-27T13:35:05.000Z,2026-08-27T13:40:05.000Z,37.22222222222222,2.4904993015782426,2.319532418530901,4.015259105921041,-0.6864763339667753,-6.864763340387158,5,stop,0,-6.845988732869612,0.16061036423684172
NCPL,2026-08-27T13:35:05.000Z,2026-08-27T13:40:05.000Z,31.84904153354633,0.6620326234960552,0.6199755640028753,15.104995802858094,-0.6352717071250346,-6.352717071718511,5,stop,0,-6.333921019574207,-0.27642142319230345
LNAI,2026-08-27T13:35:05.000Z,2026-08-27T13:45:05.000Z,4.166666666666674,2.5205206632238157,2.3089791723720445,3.96743424176116,-0.8392769543585222,-8.392769555049146,10,stop,0,-8.352268890132963,-0.5554407938465626
VNRX,2026-08-27T13:35:05.000Z,2026-08-27T13:45:05.000Z,100.47169811320754,0.6816363837603382,0.6328730422532453,14.67057838753816,-0.7153864240181002,-7.153864240356926,10,stop,0,-7.135238804599764,-0.8538276621547212
NMTC,2026-08-27T13:35:05.000Z,2026-08-27T13:50:05.000Z,58.00000000000001,3.2006519598581664,2.769445470665823,3.1243634477614566,-1.3472457932701036,-13.472457942957721,15,stop,0,-13.455132431120386,-1.6559126273135725
OBAI,2026-08-27T13:50:05.000Z,2026-08-27T13:55:05.000Z,36.473880597014926,0.44108834348899,0.33483272649332385,22.67119534433568,-2.4089418493416614,-24.089418494986457,5,stop,0,-24.07416678687193,-0.0770820641707406
PPCB,2026-08-27T13:35:05.000Z,2026-08-27T14:15:05.000Z,213.55140186915884,3.3706741627785197,3.129372860778566,2.96676555400424,-0.7158843909098377,-7.158843909167537,40,stop,9.176972388410753,-7.140238158770195,-1.127370910521611
MTLS,2026-08-27T13:30:05.000Z,2026-08-27T14:30:05.000Z,7.6461769115442335,7.232761287046864,7.058369727639919,1.382597725609277,-0.24111337340149688,-2.411133901505393,60,time,0,-4.047711177350322,0
PURR,2026-08-27T13:30:05.000Z,2026-08-27T14:30:05.000Z,5.795847750865057,12.2524666167844,13.317334333607143,0.8161621908498334,0.8691047687273099,8.69104768964645,60,time,8.712803850885088,-0.9179100037729038,1.0120411166537941
EOSE,2026-08-27T13:30:05.000Z,2026-08-27T14:30:05.000Z,4.790419161676662,3.510751269958889,3.499292899304754,2.8483931788419397,-0.03263794481188116,-0.326379449099204,60,time,0,-1.7304350347667974,-0.056967863576838695
WNW,2026-08-27T13:30:05.000Z,2026-08-27T14:30:05.000Z,30.241935483870996,3.2406621086544134,3.499293721799914,3.0857891553696444,0.7980826270801423,7.980826277901874,60,time,10.471251860518294,-1.5633258561303487,0.709731505735018
EPOW,2026-08-27T13:50:05.000Z,2026-08-27T14:40:05.000Z,1.0950605778191846,0.4375982042353111,0.4037156520462644,22.852013212818733,-0.774284530308115,-7.742845345596278,50,stop,4.182328809294522,-7.723570139958047,-0.6444267726014878
OWL,2026-08-27T13:45:05.000Z,2026-08-27T14:45:05.000Z,2.2881355932203418,12.082443692160094,12.09757111840574,0.8276471424280054,0.012520171104499692,0.12520171110304568,60,time,0.6418925659072539,-0.6823428625915229,-0.033105885697118254
CRMG,2026-08-27T13:45:05.000Z,2026-08-27T14:45:05.000Z,36.43815201192253,9.171836564141406,9.48808596924309,1.0902941771265857,0.3448048849021116,3.4480488492141776,60,time,3.5779468328251296,-1.4374063822380045,0.4143117873081028
GNS,2026-08-27T13:45:05.000Z,2026-08-27T14:45:05.000Z,11.420289855072463,0.1929396626613265,0.18504743109753402,51.82967488657599,-0.40905179608093767,-4.090517965528936,60,time,1.2751848452187797,-4.063271674257951,-0.25396540694422143
FNGR,2026-08-27T13:45:05.000Z,2026-08-27T14:45:05.000Z,2.164502164502169,0.16635066990403022,0.1701775951313923,60.11393643136703,0.23005153984523904,2.3005168717203746,60,time,4.538202401183655,-1.713650991411575,0.12623926650587158
VNCE,2026-08-27T13:45:05.000Z,2026-08-27T14:45:05.000Z,20.34700315457414,7.67172192773369,7.4683726886943065,1.3034883223352796,-0.2650633584436013,-2.650633599013341,60,time,0.10790370589925935,-3.4115147837612603,-0.37801161347723244
WKSP,2026-08-27T13:45:05.000Z,2026-08-27T14:45:05.000Z,27.686274509803923,0.6530315741635984,0.7220549385482509,15.313195245942023,1.0936745354179687,10.936745357535024,60,time,25.41506910274187,-3.1593532349524223,1.0347508857564183
EMAT,2026-08-28T13:30:05.000Z,2026-08-28T13:35:05.000Z,7.2555205047318605,3.442331622267042,3.2092491639610157,2.905006797563011,-0.677106125771704,-6.771063450084556,5,stop,0,-6.749251605051166,-0.23240054380504205
SLGB,2026-08-28T13:30:05.000Z,2026-08-28T13:35:05.000Z,7.071713147410352,0.547492715,0.5192802187019349,5,-0.14106248149032552,-5.153035926343807,5,stop,0,-5.131157772574191,-0.07749999999999968
EXYN,2026-08-28T13:35:05.000Z,2026-08-28T13:40:05.000Z,9.955423476968805,3.780874737367491,3.579267119324985,2.6448905668549316,-0.5332300871667155,-5.332300910420508,5,stop,0,-5.312917018439867,-0.4496313963653389
XTNT,2026-08-28T13:35:05.000Z,2026-08-28T13:40:05.000Z,7.333333333333325,0.3576813363203491,0.3393288695775873,27.957846614115084,-0.5130954501847829,-5.130954533877284,5,stop,0,-5.111067999359031,-0.25162061952703496
RGNX,2026-08-28T13:30:05.000Z,2026-08-28T13:45:05.000Z,7.790821771611545,10.15216175896961,9.637798196235478,0.9850118831610308,-0.5066542215581649,-5.066542229586554,15,stop,0,-5.044854200802174,-0.5614567734017868
DFDVW,2026-08-28T13:35:05.000Z,2026-08-28T13:45:05.000Z,6.874999999999987,0.8623708806798065,0.7918185918379009,11.595920573695647,-0.8181187377031706,-8.181200272705084,10,stop,0,-8.136972415452014,-1.2755512631065198
PSQL,2026-08-28T13:45:05.000Z,2026-08-28T13:50:05.000Z,60.061287027579205,15.713195487943288,14.057176957035212,0.6364077886480211,-1.0539030912153533,-10.539030919450704,5,stop,0,-10.521064854133467,-1.648296172598375
QNRX,2026-08-28T13:45:05.000Z,2026-08-28T13:50:05.000Z,55.965082444228884,8.05161046427005,7.458507202609836,1.2419875556897337,-0.7366268702209784,-7.366268702294761,5,stop,0,-7.347728344477044,-0.5837341511741752
WHLR,2026-08-28T13:50:05.000Z,2026-08-28T13:55:05.000Z,24.10714285714284,1.4002833591738828,1.259746380900335,7.1414117218705115,-1.0036324239989751,-10.036324244862806,5,stop,0,-10.018212260741633,-0.7141411721870519
CHGA,2026-08-28T13:50:05.000Z,2026-08-28T13:55:05.000Z,10.941086457536354,0.14593239815567466,0.13606754771388915,68.52487917290604,-0.6759876845821405,-6.759876878924508,5,stop,0,-6.737638988969308,-0.3837393233682729
PSQLW,2026-08-28T13:50:05.000Z,2026-08-28T14:05:05.000Z,26.506024096385516,2.131675017205241,1.9790418103094611,4.691144432831256,-0.7754822291037812,-7.7548258663476695,15,stop,0,-9.929985363470673,-1.1904318855210647
EPOW,2026-08-28T13:50:05.000Z,2026-08-28T14:05:05.000Z,7.901785714285703,0.485299016834613,0.4593063283020401,20.605852566758998,-0.5356015077158848,-5.356015081611234,15,stop,0,-5.336713229616796,-0.27405783913789605
HYLN,2026-08-28T13:30:05.000Z,2026-08-28T14:10:05.000Z,9.237536656891487,3.7618019168724963,3.5492156931843213,2.6583001665337935,-0.5651179938330659,-5.651180694408171,40,stop,0,-5.630331462231409,-0.3721620233147327
UMC,2026-08-28T13:30:05.000Z,2026-08-28T14:30:05.000Z,8.96696381751443,20.814170165095774,20.23593894184807,0.4804419258560373,-0.2778065224872198,-2.7780652250905855,60,time,0,-3.2870403175769725,-0.2978739940307431
LCID,2026-08-28T13:30:05.000Z,2026-08-28T14:30:05.000Z,-0.5893909626718985,5.081066555728664,5.078957080503767,1.96809072847814,-0.004151638632073503,-0.04151638640746302,60,time,0.3726273620641596,-1.5954633705253296,0.01968090728477989
PD,2026-08-28T13:35:05.000Z,2026-08-28T14:35:05.000Z,8.551068883610458,13.742759757916838,14.007183356996649,0.7276558838570107,0.19240938770107135,1.924093877341362,60,time,1.9445893458860164,-2.9307050767937604,0.24012644167281394
XPON,2026-08-28T13:35:05.000Z,2026-08-28T14:35:05.000Z,8.030112923462983,8.641754385437208,9.118174799662803,1.1571724383479236,0.5513005724081598,5.513005727499531,60,time,22.775995784832915,-3.1446668502307817,0.5785862191739604
AAOZ,2026-08-28T13:35:05.000Z,2026-08-28T14:35:05.000Z,7.749381698268754,13.10264770137221,12.897362826141967,0.7632045235162389,-0.15667434538518796,-1.5667434545213614,60,time,0.5140357900391246,-2.691423210098809,-0.21369726658454624
AEMD,2026-08-28T13:45:05.000Z,2026-08-28T14:35:05.000Z,36.866359447004605,2.980598273283729,2.6694655070724393,3.3550311318713137,-1.0438601167841162,-10.438601169439528,50,stop,6.018983783367227,-10.420668765319475,-1.1407105848362473
KLC,2026-08-28T13:45:05.000Z,2026-08-28T14:45:05.000Z,-0.19762845849802257,2.54053096258616,2.5993846751013714,3.93618504492703,0.23165910304080958,2.3165910347851293,60,time,2.34081136146842,-0.020899669950080746,0.23617110269562147
KLAR,2026-08-28T13:45:05.000Z,2026-08-28T14:45:05.000Z,5.710206995003575,14.822971611836696,14.717029919181615,0.6746285603748277,-0.07147129159956998,-0.7147129160692917,60,time,0.9244326424661109,-0.6946759026001836,-0.06746285603748348
FNGR,2026-08-28T13:45:05.000Z,2026-08-28T14:45:05.000Z,136.67820069204151,0.41118226483456816,0.5237951376509741,24.320115080364967,2.874194073826715,28.74194073889429,60,time,54.50569110892991,0,2.7491458086844567
XLABW,2026-08-28T13:50:05.000Z,2026-08-28T14:50:05.000Z,24.895920066611144,0.6060394186519312,0.6467036419199004,16.50057673309948,0.6709831363250142,6.7098314097162675,60,time,7.501258160598012,-3.966642748322269,0.16500576733099592
PASW,2026-08-31T13:30:05.000Z,2026-08-31T13:35:05.000Z,8.339709257842376,0.14253411701142912,0.13137230606665787,70.15864071929025,-0.7830974838508481,-7.8309749123967585,5,stop,0,-7.8115452250188895,-0.4419994365315283
PURR,2026-08-31T13:30:05.000Z,2026-08-31T13:40:05.000Z,5.4263565891472965,12.26246592167351,11.567682350941977,0.8154966596108387,-0.5665936810840556,-5.665936812134378,10,stop,0,-5.647036461480381,-0.16309933192216697
GMEU,2026-08-31T13:30:05.000Z,2026-08-31T14:30:05.000Z,8.200000000000006,5.431194624515371,5.317469642711809,1.8412155423154755,-0.20939220404626205,-2.093922049676304,60,time,0,-2.415575827888461,-0.2945944867704764
SHMD,2026-08-31T13:30:05.000Z,2026-08-31T14:30:05.000Z,7.820299500831962,3.2731515910085505,3.177845968767739,3.0551571970032576,-0.29117365770388903,-2.9117387200342026,60,time,2.0423254815048697,-3.7624774650478088,-0.27496414773029265
GME,2026-08-31T13:30:05.000Z,2026-08-31T14:30:05.000Z,4.644655847789592,18.73376660931192,18.466286540023344,0.533795483115339,-0.14277965280962057,-1.4277965284120824,60,time,0,-1.5147333434316956,-0.15480069010344977
TCAN,2026-08-31T13:30:05.000Z,2026-08-31T15:00:05.000Z,7.837866896032697,20.186535190549584,20.004334820864,0.4953796926822908,-0.09025836314144496,-0.9025836676067277,90,time,0,-0.874519519487571,-0.034676578487761844
WETO,2026-08-31T15:00:05.000Z,2026-08-31T15:05:05.000Z,131.64335664335667,13.27265565104452,12.527492555470596,0.7534287231330442,-0.5614272796241279,-5.614272796381043,5,stop,0,-5.595380989079423,-0.399317223260514
AIM,2026-08-31T15:05:05.000Z,2026-08-31T15:10:05.000Z,7.198142414860675,0.27805966946192023,0.2640445490732321,35.963503761397675,-0.5040328348150268,-5.040328363983572,5,stop,0,-5.020386267787025,-0.6005905128153408
CLGN,2026-08-31T15:00:05.000Z,2026-08-31T15:15:05.000Z,93.8268156424581,0.6953392977568571,0.5715854557853662,14.381468200512943,-1.7797619430043,-17.797619431364932,15,stop,5.54559513140398,-17.781146291560624,-1.8580856915062736
VVOS,2026-08-31T15:00:05.000Z,2026-08-31T15:15:05.000Z,43.30813694975546,0.32306477526603666,0.29983982805751613,30.953544813659295,-0.7188944442138115,-7.188944442920247,15,stop,0,-7.170319093736232,-0.8512224823756309
COOT,2026-08-31T15:05:05.000Z,2026-08-31T15:15:05.000Z,33.54347826086956,0.6160321676433855,0.5681855430230509,16.232918496685205,-0.7766903578033836,-7.7669036023509275,10,stop,0.8388900171209857,-7.7483238945108335,-0.6022412762270211
CVKD,2026-08-31T15:05:05.000Z,2026-08-31T15:35:05.000Z,3.2467532467532534,1.6103690967963622,1.5196548972746535,6.20975647933427,-0.5633130882475521,-5.633130920245165,30,stop,1.2190312918132218,-5.6117008812539115,-0.869365907106797
PASW,2026-08-31T15:05:05.000Z,2026-08-31T15:40:05.000Z,38.10252486610557,0.18113631193673893,0.16536669954404967,55.20704210028726,-0.7836596515471946,-7.836596516269467,35,stop,26.09288416988842,-8.687552356832118,-0.4282686290929796
RDHL,2026-08-31T15:00:05.000Z,2026-08-31T15:55:05.000Z,64.14523449319212,1.090225288611047,1.0197948688078036,9.172416096605215,-0.6460171162939333,-6.460171171865975,55,stop,3.648302034859796,-6.441355685347794,-0.4586208048302609
ATTO,2026-08-31T15:00:05.000Z,2026-08-31T16:00:05.000Z,-2.0772946859903163,20.376548451952914,21.11339873943522,0.49076023022959847,0.36161681672956186,3.616168308483493,60,time,3.64856467129413,-1.4062658974290154,0.269918126626278
AEHL,2026-08-31T15:00:05.000Z,2026-08-31T16:00:05.000Z,81.07344632768361,6.421291682250765,6.738648187865715,1.557319071057644,0.49422533851837414,4.942253386373372,60,time,16.020270821721283,-4.8478047354742255,0.6229276284230565
BMNR,2026-08-31T15:05:05.000Z,2026-08-31T16:05:05.000Z,1.5126050420168013,24.17483894363052,24.335127441063808,0.41365322114070796,0.066303853275084,0.6630385327779851,60,time,0.7245593518861115,-0.930053532744457,0.09514024086236184
NCRA,2026-08-31T15:05:05.000Z,2026-08-31T16:05:05.000Z,28.835978835978835,2.4504983355285668,2.739450264343913,4.080802605778608,1.2372957672541745,12.372957681102449,60,time,35.07456634472843,0,1.492553553063523
NVAX,2026-08-31T15:15:05.000Z,2026-08-31T16:15:05.000Z,3.8876889848812324,9.631940746290693,9.567964655442744,1.0382123665747884,-0.06642076868345369,-0.664207687039472,60,time,0.0836721686894748,-0.7468977248266118,-0.02076424733149551
STXS,2026-08-31T15:15:05.000Z,2026-08-31T16:20:05.000Z,-0.34482758620690834,1.4507135203455084,1.4190439286519516,6.893158726896674,-0.22381816561945383,-2.238181977822041,65,time,0,-2.1171320122661874,-0.13786317453793373
ZDGE,2026-08-31T15:15:05.000Z,2026-08-31T16:20:05.000Z,4.529616724738683,3.0122563882768865,2.9991734461442054,3.3197691669082365,-0.043432347904519136,-0.4343236579594379,65,time,0,-2.066769233826704,0
BLSM,2026-09-01T13:30:05.000Z,2026-09-01T13:35:05.000Z,9.781420765027327,20.21654119100903,18.775520524727906,0.4946444352352642,-0.71279285363497,-7.127928821582956,5,stop,0,-7.105771345535139,-0.4946444352352657
FTCI,2026-09-01T13:30:05.000Z,2026-09-01T13:40:05.000Z,8.936170212765958,2.5808819071170888,2.4094838902217335,3.8746443561520723,-0.6641063588192458,-6.6410639100806925,10,stop,0,-6.621066490716276,-0.42621087917672895
ATER,2026-09-01T13:35:05.000Z,2026-09-01T13:40:05.000Z,9.999999999999986,0.44704728,0.42020606422740975,18.400000000000002,-0.49387837021566056,-6.004111192129442,5,stop,0,-5.983098700432754,-0.3404000000000007
SST,2026-09-01T13:30:05.000Z,2026-09-01T13:55:05.000Z,8.92857142857142,2.4607257944388694,2.2795187807329134,4.063841547179246,-0.7363965909385433,-7.363966115829558,25,stop,3.6279623582150533,-7.344410126772427,-0.6095762320768863
ZEO,2026-09-01T13:45:05.000Z,2026-09-01T13:55:05.000Z,9.29743374000842,0.265284105,0.2525080086653772,27.25,-0.3659328776087998,-5.062018115836204,10,stop,0,-5.5729328374197085,-0.26432500000000125
AMBR,2026-09-01T13:35:05.000Z,2026-09-01T14:00:05.000Z,8.62068965517242,1.2702582705183671,1.0497884471329517,7.872414787807104,-1.735629897884565,-17.35629899071203,25,stop,0,-17.339644671511103,-1.7319312533175637
CAPR,2026-09-01T13:30:05.000Z,2026-09-01T14:10:05.000Z,8.779011099899092,10.83222677038839,10.237948519567148,0.9231712186640536,-0.5486205770361882,-5.48620577669031,40,stop,0,-5.467267099755846,-0.06462198530648422
GDXD,2026-09-01T13:35:05.000Z,2026-09-01T14:20:05.000Z,8.343023255813954,18.66374527049813,17.556471261074336,0.535798139850308,-0.593275354553861,-5.932753546385285,45,stop,0.033512724328477184,-5.91384662885871,-0.766191339985939
SMZ,2026-09-01T13:35:05.000Z,2026-09-01T14:25:05.000Z,8.45619386544656,19.264660865737223,18.13613776604195,0.5190851771584322,-0.5857996131327032,-5.857996190851115,50,stop,1.3254276109106344,-5.837947906663987,-0.6748107303059623
RGTZ,2026-09-01T13:30:05.000Z,2026-09-01T14:30:05.000Z,8.479532163742686,3.721060365510287,3.739202045237356,2.6874059475953933,0.0487540579978967,0.4875405917953014,60,time,0.7777254773383424,-2.715902339209375,0.24186653528358448
BMNZ,2026-09-01T13:30:05.000Z,2026-09-01T14:30:05.000Z,8.347826086956523,6.253723773058038,6.278063646709918,1.599046904716199,0.03892059962422218,0.3892060880069539,60,time,3.298454399771056,-0.8590685327274583,0.22386656666026816
BGIN,2026-09-01T13:45:05.000Z,2026-09-01T14:30:05.000Z,9.162303664921478,2.131713623251177,1.967815033540289,4.6910593563996175,-0.7688580127639622,-7.688583866200485,45,stop,0,-7.586085742818483,-0.5629271227679542
MSTZ,2026-09-01T13:35:05.000Z,2026-09-01T14:35:05.000Z,9.7938144329897,5.331068940655923,5.11895997504232,1.8757964134793885,-0.3978732369648195,-3.978732370088345,60,time,1.293006339092595,-4.89712182607418,-0.431433175100258
CRCD,2026-09-01T13:35:05.000Z,2026-09-01T14:35:05.000Z,9.302325581395344,2.3604891821124783,2.309526365385309,4.236410003778333,-0.2158993866037013,-2.158993869294538,60,time,1.6738402440871214,-2.1389287650661393,-0.25418460022670075
GPRO,2026-09-01T14:30:05.000Z,2026-09-01T14:35:05.000Z,76.90025108422735,1.560312127459499,1.4797038318992173,6.408974091689309,-0.5166164778210806,-5.166164778295243,5,stop,0,-5.147183441447922,-0.1922692227506797
LITZ,2026-09-01T13:45:05.000Z,2026-09-01T14:45:05.000Z,9.884467265725272,8.5817409201679,8.628204165037518,1.1652647274176013,0.05414198036793379,0.5414198039983467,60,time,2.543296073168233,-0.020286328660978903,0.04661058909670679
CRK,2026-09-01T13:45:05.000Z,2026-09-01T14:45:05.000Z,9.632709632709634,15.833173812154605,15.486886030986453,0.6315853105417238,-0.2187102758058922,-2.18710275827528,60,time,0,-3.6832401328590336,-0.23368656490043804
CAST,2026-09-01T13:45:05.000Z,2026-09-01T14:45:05.000Z,9.375,1.410301200077309,1.389634062361001,7.090683869778487,-0.14654414003951505,-1.4654414046570328,60,time,0.6877112436803889,-4.984835868639637,0
GAME,2026-09-01T13:45:05.000Z,2026-09-01T14:45:05.000Z,9.122807017543867,3.1414016483780385,3.0389748789724558,3.1832920523100157,-0.3260543209925821,-3.260543568456694,60,time,0.27371067390891124,-4.501227929610552,-0.2864962847079031
BIAF,2026-09-01T14:30:05.000Z,2026-09-01T15:00:05.000Z,45.06578947368423,6.6313291319686725,6.178760013057358,1.5079933147707334,-0.6824712057899428,-6.824712058545614,30,stop,1.4879500936795687,-6.806013138344779,-0.7539966573853665
FLYE,2026-09-01T14:30:05.000Z,2026-09-01T15:10:05.000Z,44.11764705882351,1.970395951238602,1.8196302973339928,5.075122079764515,-0.7651540990014172,-7.651540991537107,40,stop,3.0249782397253844,-7.632778129901363,-0.8120195327623225
SSM,2026-09-01T14:30:05.000Z,2026-09-01T15:30:05.000Z,48.50746268656718,3.9908038393992196,3.9292042537211826,2.505760844050297,-0.1543538298017464,-1.543538298472475,60,time,3.237346805305008,-4.781087898019654,-0.2004608675240238
RDAC,2026-09-01T14:30:05.000Z,2026-09-01T15:30:05.000Z,32.89473684210529,6.081217522293565,7.488497704982465,1.6444075487908485,2.3194855867940847,23.194855869103563,60,time,37.472471085806156,0,2.1060749681138784
LIDR,2026-09-01T14:30:05.000Z,2026-09-01T15:30:05.000Z,28.695652173913054,1.490300631269671,1.3897202179612083,6.710055532834376,-0.6749001588152184,-6.749001590556435,60,stop,0.6508330283713004,-6.730228060375931,-0.8052066639401243
VIVK,2026-09-02T13:30:05.000Z,2026-09-02T13:35:05.000Z,33.94565633371602,1.0602129287636082,0.9872023009179084,9.432067584670959,-0.6886411762398998,-6.886411763610807,5,stop,0,-6.867764652570363,-0.9432067584670971
PPBT,2026-09-02T13:30:05.000Z,2026-09-02T13:40:05.000Z,43.37349397590362,2.3904788241610793,2.179563239586965,4.183262323111646,-0.8823152183059607,-8.823152183669047,10,stop,0,-8.80488134986701,-0.7948198413912131
LHAI,2026-09-02T13:30:05.000Z,2026-09-02T13:45:05.000Z,48.63547758284601,1.2302472508933464,1.1397702853027003,8.128447343161772,-0.7354372505726264,-7.354372507229429,15,stop,0,-7.33570026901611,0
UPC,2026-09-02T13:35:05.000Z,2026-09-02T13:45:05.000Z,7.962529274004693,4.65119035001613,4.339124436249977,2.1499872299716816,-0.670937729506673,-6.709377391210635,10,stop,1.4793987088408844,-6.690552882125123,-0.5589966797926387
SST,2026-09-02T13:35:05.000Z,2026-09-02T13:50:05.000Z,8.450704225352123,3.110644562574169,2.9094062904742586,3.21476780255846,-0.6469343177892911,-6.469343187618286,15,stop,1.5866627135627365,-6.450256804915333,-0.9001349847163684
AXTL,2026-09-02T13:40:05.000Z,2026-09-02T13:50:05.000Z,9.183673469387754,2.1605642405859444,2.04957946451028,4.628420508058144,-0.5136842136708458,-5.136842218843969,10,stop,1.3624107472070657,-5.117378067682898,-0.2777052304834875
BRNX,2026-09-02T13:40:05.000Z,2026-09-02T13:55:05.000Z,9.659090909090896,3.8810584088329847,3.6692263614051535,2.576616672073583,-0.5458099850820319,-5.458099959168821,15,stop,0,-5.438166257756705,-0.4122586675317734
CBRG,2026-09-02T13:40:05.000Z,2026-09-02T13:55:05.000Z,9.328358208955233,2.9505906255426595,2.7894371420367614,3.389151959274724,-0.5461736443679615,-5.461736443911445,15,stop,0,-5.442660332221594,-0.23724063714922927
MOVE,2026-09-02T13:40:05.000Z,2026-09-02T13:55:05.000Z,9.289617486338786,14.07292309998772,12.496774321460322,0.710584426053072,-1.1199867751641424,-11.199867769680163,15,stop,3.8874432562823857,-11.176946600305747,-0.7461136473557257
CRK,2026-09-02T13:30:05.000Z,2026-09-02T13:55:05.000Z,0.12484394506866447,16.143865602387375,15.586862948313692,0.6194303242914195,-0.3450243346440428,-3.4502433790783824,25,rotation_for_stronger_continuation,0,-4.545786123732665,-0.14246897458702712
BIAF,2026-09-02T13:55:05.000Z,2026-09-02T14:00:05.000Z,68.36115326251895,11.112222625292372,10.12797302184118,0.8999099763468175,-0.8857360373611262,-8.857360373710971,5,stop,0,-8.839119395041173,-0.18898109503283322
LGPS,2026-09-02T13:35:05.000Z,2026-09-02T14:25:05.000Z,7.76699029126211,1.1303899853919281,1.098969711406828,8.846503975170757,-0.4580347260104273,-4.580347489459262,50,stop,0,-5.342402725815876,-0.17693007950341233
ASTX,2026-09-02T13:30:05.000Z,2026-09-02T14:30:05.000Z,9.623893805309747,9.932047472814228,11.267728436994734,1.006841742813841,1.3448193498187722,13.448193515350196,60,time,13.571748734340595,0,1.0873890822389498
PZG,2026-09-02T13:30:05.000Z,2026-09-02T14:30:05.000Z,8.270676691729317,1.451375925299723,1.418277204045073,6.89000879824167,-0.22805048065508607,-2.280506426880042,60,time,1.2832012971712325,-2.161805549671325,-0.20670026394725127
EOSE,2026-09-02T13:35:05.000Z,2026-09-02T14:35:05.000Z,9.868421052631572,3.3506708495457302,3.439309568262593,2.9844769744685675,0.2645402150568734,2.6454021507030503,60,time,2.9644556243934472,-2.1091552324607354,0.5073610856596549
MAIA,2026-09-02T13:35:05.000Z,2026-09-02T14:35:05.000Z,8.846153846153836,1.4303450455207696,1.3696153471767825,6.991319983737764,-0.4245807536386833,-4.245807578679468,60,time,0.6750087686510087,-4.218915268713963,-0.349565999186888
TGHL,2026-09-02T13:35:05.000Z,2026-09-02T14:35:05.000Z,7.732696897374702,0.918054824001446,0.9415703078248949,10.892594883283039,0.2561446387732248,2.561446572542805,60,time,7.684200785643158,-1.977531572931135,0.49343454821272204
MMED,2026-09-02T13:45:05.000Z,2026-09-02T14:45:05.000Z,5.48617305976804,23.684740593233027,24.135108218921552,0.42221277282930697,0.19015096403450354,1.9015096404188594,60,time,2.9776952970659742,0,0.07599829910927625
QFIN,2026-09-02T13:45:05.000Z,2026-09-02T14:45:05.000Z,0.7756563245823411,8.461766722810859,8.508104596126774,1.1817862993789505,0.0547614638271058,0.5476146392809362,60,time,1.7518005641722567,-0.3754147786327433,0.011817862993789063
GME,2026-09-02T13:55:05.000Z,2026-09-02T14:55:05.000Z,1.1430090377458901,19.043835086005032,18.776221646524945,0.5251043160147919,-0.14052497209455692,-1.4052497213481496,60,time,0,-1.542940719020225,-0.09451877688266208
AAL,2026-09-02T13:55:05.000Z,2026-09-02T14:55:05.000Z,1.3513513513513598,13.132627643088961,13.327331868696225,0.7614622352452145,0.14825991484259593,1.4825991484630814,60,time,1.5029159607286013,-0.09615473332640345,0.1599070694014948
CCL,2026-09-02T13:55:05.000Z,2026-09-02T14:55:05.000Z,1.764959104606123,23.65473450912762,23.71525078457628,0.42274835068470984,0.02558315563550229,0.25583155636478566,60,time,0.783206807080794,0,0.021137417534236036
VIOT,2026-09-02T13:55:05.000Z,2026-09-02T14:55:05.000Z,41.339110698442184,1.3802763007441838,1.5296932292333845,5.399194953899279,0.8067311263260215,10.8251462702534,60,time,10.847371586043453,-2.917988284118811,0.8098792430848931
JLHL,2026-09-02T13:55:05.000Z,2026-09-02T14:55:05.000Z,24.555160142348754,7.011425117667229,6.8586052571794935,1.3770346830467914,-0.2104382481499835,-2.17958343593606,60,time,6.968267850449861,-3.585934577461203,-0.19278485562655234
GPUS,2026-09-03T13:30:05.000Z,2026-09-03T13:35:05.000Z,8.366935483870975,0.2157356543454872,0.19945996616825198,46.35301165405358,-0.7544271637571257,-7.544273674471401,5,stop,0,-7.525716782765446,-0.4820713212021577
MIMI,2026-09-03T13:35:05.000Z,2026-09-03T13:40:05.000Z,66.9527227336558,1.08021618349396,1.0197956851297978,9.257406204853336,-0.5593370964567269,-5.593370964757457,5,stop,0,-5.574456707285281,-0.9257406204853318
GPRK,2026-09-03T13:30:05.000Z,2026-09-03T13:45:05.000Z,9.92301112061591,12.932643499171494,12.507479739038832,0.7732371182698091,-0.328752400677736,-3.287524009765671,15,rotation_for_stronger_continuation,0,-3.268036416518949,-0.363421445586809
CHPT,2026-09-03T13:45:05.000Z,2026-09-03T13:55:05.000Z,49.71098265895952,7.78155636900569,7.058587490121374,0.8400922017395909,-0.6073605172511288,-9.290800510858416,10,stop,0,-9.272648488156998,-0.49565439902635866
SPWH,2026-09-03T13:35:05.000Z,2026-09-03T14:00:05.000Z,2.34375,1.3203446241107526,1.2496983793613616,7.573780101011749,-0.535059122694143,-5.3505913122470545,25,stop,0,-5.327747227973112,-0.45442680606070596
RCAX,2026-09-03T13:30:05.000Z,2026-09-03T14:30:05.000Z,8.787275267280537,3.2408082164423657,3.1089410067621372,3.085650001113207,-0.4068960556965925,-4.068960607147164,60,time,0,-4.036283781888272,-0.0617130000222641
MSTP,2026-09-03T13:30:05.000Z,2026-09-03T14:30:05.000Z,8.294650639531342,21.42553367713757,23.63389280450364,0.4667328244887618,1.030713693001103,10.30713708532979,60,time,10.335641371796545,0,1.2555112978747704
MSTX,2026-09-03T13:30:05.000Z,2026-09-03T14:30:05.000Z,8.255451713395633,13.92282488815243,15.516884029249244,0.7182450454109808,1.14492508018487,11.449250808672254,60,time,11.471631114219338,0,1.2928410817397662
DRTS,2026-09-03T13:30:05.000Z,2026-09-03T14:30:05.000Z,4.605722260990919,15.06307465955629,14.565333706520057,0.6638750864295214,-0.33043781821644175,-3.3043781849707377,60,time,0,-4.667537507757413,-0.338576294079056
COSM,2026-09-03T13:35:05.000Z,2026-09-03T14:35:05.000Z,4.27998216674097,0.23639640782874843,0.22804750009685382,42.301771182707874,-0.34250696791242347,-3.4250742165304144,60,stop,0,-5.286208848740692,-0.4178477525154989
HLN,2026-09-03T13:35:05.000Z,2026-09-03T14:35:05.000Z,-0.4540867810292837,9.87197643276864,9.72805104352372,1.0129683825331,-0.1457918687488736,-1.4579186875606795,60,time,0,-1.9446605659572125,-0.151945257379964
SUPX,2026-09-03T13:35:05.000Z,2026-09-03T14:40:05.000Z,-2.392344497607646,8.232813824964754,8.278186993438833,1.214651482173022,-0.08490469338321292,-0.8490469750153239,65,time,5.431753766606762,-1.127364555278898,-0.48224892983017575
WCT,2026-09-03T13:35:05.000Z,2026-09-03T14:40:05.000Z,5.000000000000004,1.2906129449374633,1.2296343257597118,7.748255379045798,-0.5224005686727862,-5.224006369569311,65,stop,0,-7.020923297949255,-0.7448255379045801
BBBYW,2026-09-03T14:35:05.000Z,2026-09-03T14:40:05.000Z,70.96774193548387,1.0802438581768432,0.9597932749167765,9.257168986497256,-1.1150314037605953,-11.150314102535555,5,stop,0,-11.131177212132648,-1.1108602783796702
MIST,2026-09-03T13:45:05.000Z,2026-09-03T14:45:05.000Z,3.8135593220339103,1.230262177781391,1.2195346476470412,8.12834869881473,-0.08719710560903705,-0.8719710585344754,60,time,0,-2.4598153408214696,-0.08128348698814847
ALMS,2026-09-03T13:45:05.000Z,2026-09-03T14:45:05.000Z,5.21739130434784,10.912186336697735,11.087742151546344,0.9164066384729461,0.16088051414979285,1.6088051416260563,60,time,2.7291841809987893,-1.9444896755854701,0.11913286300148229
DSS,2026-09-03T13:45:05.000Z,2026-09-03T14:45:05.000Z,63.043478260869556,0.9061813872490517,0.8402314671975979,11.03531824896988,-0.7277783562619131,-7.27778356292021,60,stop,19.181437093805222,-7.259185431820459,-1.7104743285903332
DLTH,2026-09-03T13:45:05.000Z,2026-09-03T14:45:05.000Z,10.91160220994476,4.030835443492944,4.078997325536273,2.399315901437213,0.11555556942970144,1.1948362248594682,60,time,2.7082364943297854,-3.990126755300416,0.0719794770431168
BULL,2026-09-03T14:00:05.000Z,2026-09-03T15:00:05.000Z,7.1111111111111125,9.651932908085337,10.037989384261016,1.036061905384733,0.39997840829268916,3.9997840831682776,60,time,4.227827687994279,-0.6416632676078393,0.41442476215389235
APPS,2026-09-03T14:00:05.000Z,2026-09-03T15:00:05.000Z,7.719836400818014,10.552128967916008,10.287824676385389,0.5112527579331155,-0.1351262979785873,-2.50474849515432,60,time,0,-2.9579715038078436,-0.08691296884862965
CHPT,2026-09-03T14:35:05.000Z,2026-09-03T15:20:05.000Z,57.22543352601155,8.171636099431746,7.758445366713718,1.223745144522638,-0.5056401529254375,-5.056401529514524,45,stop,4.018337289775897,-5.037376780157543,-0.7464845381588088
UNG,2026-09-03T14:35:05.000Z,2026-09-03T15:35:05.000Z,-0.18604651162790198,10.742149962053853,10.367906364573658,0.9309123438938112,-0.34838798451754033,-3.4838798453027855,60,time,0,-3.4643899346821327,-0.3258193203628359
DKNG,2026-09-03T14:35:05.000Z,2026-09-03T15:35:05.000Z,1.1358942585708354,24.50490855699838,24.355089427652114,0.4080815064475921,-0.06113841599829091,-0.6113841600256822,60,time,0,-0.8361939262975127,-0.06529304103161415
NTSK,2026-09-03T14:35:05.000Z,2026-09-03T15:35:05.000Z,3.8181818181818095,14.2928665643262,14.247105498980453,0.6996497136380723,-0.03201671626492514,-0.3201671626877354,60,time,0,-1.4193553365462575,-0.03498248568190476
MMED,2026-09-03T14:35:05.000Z,2026-09-03T15:35:05.000Z,-0.6734006734006703,23.63485604611572,23.90517396197775,0.42310390929315483,0.11437256695320305,1.1437256708252963,60,time,1.5872487361560994,-0.7398227675875946,0.1227001336950142
GME.WS,2026-09-04T13:30:05.000Z,2026-09-04T13:35:05.000Z,9.642857142857153,3.0918672447931153,2.9291705140845665,3.2342907265122576,-0.5262085273645212,-5.262086558940702,5,stop,0,-5.235258566347212,-0.12937162906048982
WETH,2026-09-04T13:30:05.000Z,2026-09-04T13:45:05.000Z,9.166666666666679,1.321914,1.2397048445390935,5,-0.41104577730453284,-6.218948846967849,15,stop,0,-6.19662096021375,-0.25
MODD,2026-09-04T13:30:05.000Z,2026-09-04T13:50:05.000Z,9.941520467836252,3.8013178422258704,3.4687223418961843,2.630666496738138,-0.8749478396831635,-8.749478842183162,20,stop,0,-8.715867916792408,-0.8418132789562041
ATER,2026-09-04T13:45:05.000Z,2026-09-04T13:50:05.000Z,32.11974110032363,0.8200644533038419,0.7648457416250217,12.194163469169734,-0.6733459967684854,-6.733459968464346,5,stop,0,-6.714649450052434,-0.5731256830509786
IMRN,2026-09-04T13:45:05.000Z,2026-09-04T13:55:05.000Z,67.56756756756756,1.8703744427740758,1.7496498028747642,5.346523012095011,-0.645457065348553,-6.45457065379149,10,stop,0,-6.435847283902174,-0.5881175313304521
CURV,2026-09-04T13:50:05.000Z,2026-09-04T14:15:05.000Z,23.76681614349776,2.770558761307154,2.6194542847061144,3.609380221849315,-0.5453935092766852,-5.453935094657524,25,stop,0,-5.4342381547655805,-0.6496884399328771
SOAR,2026-09-04T13:30:05.000Z,2026-09-04T14:15:05.000Z,9.218255761409843,0.243476626026158,0.23874790282120315,41.0717028645785,-0.19421671440274288,-1.9421672142141546,45,rotation_for_stronger_continuation,0.46138883726822844,-3.1529211454298878,-0.053393213723952115
SGRX,2026-09-04T13:50:05.000Z,2026-09-04T14:25:05.000Z,5.882352941176472,2.3604760768158246,2.1895489964267694,4.236433529123275,-0.724121214395343,-7.241212146476323,35,stop,0.40347467520291946,-7.222105679875779,-1.4403873999019137
CRCD,2026-09-04T13:30:05.000Z,2026-09-04T14:30:05.000Z,9.969788519637458,1.8303980237842459,1.789423906919315,5.4632925910137455,-0.2238535890915084,-2.238535899433458,60,time,0,-3.8460500322602953,0.21853170364055075
BMNZ,2026-09-04T13:30:05.000Z,2026-09-04T14:30:05.000Z,8.92116182572613,5.271257866509662,5.36873143694285,1.8970803859205687,0.1849151986144492,1.849152003214942,60,time,2.632049825750715,0,0.32250366560649546
ATER,2026-09-04T14:15:05.000Z,2026-09-04T14:30:05.000Z,27.79935275080907,0.7933587891879473,0.7480494801952443,12.359833985039135,-0.5600155371266501,-5.711074183608648,15,stop,0,-5.692101707749431,-1.192723979556277
OFAL,2026-09-04T13:45:05.000Z,2026-09-04T14:35:05.000Z,23.82495948136143,0.8425688895397464,0.788141999445223,11.868465739920707,-0.6459636804172806,-6.459636804802289,50,stop,0.988774990826502,-6.4408845630878675,-0.5530705034803045
ETHA,2026-09-04T13:45:05.000Z,2026-09-04T14:45:05.000Z,-2.8128286014721393,18.493698874192514,18.41631309365832,0.54072471212669,-0.041844403902050895,-0.4184440390244658,60,time,0.35850657166267563,-0.39850802532184204,-0.03244348272760256
CDTG,2026-09-04T13:45:05.000Z,2026-09-04T14:45:05.000Z,21.151494942758696,1.1002201900920663,1.2297527813992968,9.089089701959885,1.211410886764285,12.11410886806182,60,time,25.42943789138441,0,1.1815816612547856
NIKI,2026-09-04T13:45:05.000Z,2026-09-04T14:45:05.000Z,20.583717357910913,7.891605206830096,9.108167940471528,1.2671693186490212,1.5415909702822037,15.415909713634818,60,time,17.846746717017137,-4.582150238802251,1.3305277845814736
AOUT,2026-09-04T13:50:05.000Z,2026-09-04T14:50:05.000Z,37.71228771228772,13.802773430938567,14.207125548126275,0.7244920774856494,0.2929499054170432,2.9294990547433226,60,time,3.7472655162337443,0,-0.0072449207748572775
CURR,2026-09-04T13:50:05.000Z,2026-09-04T14:50:05.000Z,7.666666666666688,3.240695836616199,3.318970117380422,3.085757032582015,0.24153541233850007,2.41535413104223,60,time,3.990012327686232,-2.181501757042925,0.030857570325819594
BAOS,2026-09-04T13:50:05.000Z,2026-09-04T14:50:05.000Z,16.74385464909156,0.3284688734836637,0.3499290271792964,30.44428494411677,0.6533390340543824,6.533390353865603,60,time,9.29498317223496,0,0.9041952628402683
UGP,2026-09-04T13:55:05.000Z,2026-09-04T14:55:05.000Z,0.7681564245810124,7.231526784491655,7.2681557359456175,1.382833843311579,0.050651753715555754,0.5065175383504719,60,time,0.6703040305720442,-0.5742464313443607,0.11062670746492564
IMRN,2026-09-04T14:15:05.000Z,2026-09-04T14:55:05.000Z,60.360360360360346,1.7903589905478292,1.6996591912629897,5.487347217459704,-0.49770129122981777,-5.066011887207404,40,stop,0.5384958828408282,-5.046976110650325,-0.603608193920568
BNC,2026-09-08T13:30:05.000Z,2026-09-08T13:35:05.000Z,54.44126074498568,5.401082782662554,5.06898513338762,1.8514806014577077,-0.6148723554222463,-6.148723554857666,5,stop,0,-6.129933496396822,-0.14811844811661778
MOBX,2026-09-08T13:30:05.000Z,2026-09-08T13:35:05.000Z,27.405655305881083,1.1902407858830233,1.1297733432551478,8.401661339344143,-0.5080269750156317,-5.080269752562339,5,stop,0,-5.061226820448061,0.3360664535737641
TRUG,2026-09-08T13:30:05.000Z,2026-09-08T13:35:05.000Z,7.560590094836672,0.41012879301317695,0.38731619394455885,24.382583744216237,-0.5562301072138102,-5.5623012715142774,5,stop,0,-5.541867189131167,-0.40231263177956755
PDSB,2026-09-08T13:35:05.000Z,2026-09-08T13:40:05.000Z,182.7727272727273,0.6237247641777135,0.5854828381170659,16.03271278324467,-0.6131218168084419,-6.131218168171302,5,stop,0,-6.112433939988771,-0.812858538110504
ISPC,2026-09-08T13:35:05.000Z,2026-09-08T13:45:05.000Z,24.675324675324674,1.9303870805278789,1.7896375860014202,5.18030818779765,-0.7291257589237944,-7.291257590056481,10,stop,0,-7.272483428012222,-0.6216369825357173
TWG,2026-09-08T13:35:05.000Z,2026-09-08T13:45:05.000Z,20.216851140727353,0.5337106750636479,0.4995986272650925,18.736743430206005,-0.6391486874804555,-6.391486884628515,10,stop,0,-6.372492935351525,-0.6501649970281473
WYHG,2026-09-08T13:30:05.000Z,2026-09-08T13:50:05.000Z,35.46798029556653,5.5111093740168595,5.1789612640487075,1.814516700476473,-0.602688292568908,-6.026882927312703,20,stop,0,-6.008034889997571,-1.3427423583525897
ARBE,2026-09-08T13:30:05.000Z,2026-09-08T13:50:05.000Z,29.897718332022038,0.8273682026935684,0.7844421777979936,12.086517176577885,-0.518826137222574,-5.188261375748472,20,stop,0,-5.169186168181572,-0.1571247232955102
MESHW,2026-09-08T13:40:05.000Z,2026-09-08T14:20:05.000Z,39.47368421052633,0.5352750249999999,0.47240074788124226,15,-0.9431141567813648,-11.746163034368672,40,stop,0.3035775861203627,-11.727620768407776,-0.9495000000000005
VVOS,2026-09-08T13:40:05.000Z,2026-09-08T14:20:05.000Z,-0.5364806866952843,0.18693565970117387,0.17654449046326884,53.494269689964256,-0.5558680096065522,-5.5586875476385,40,stop,1.0508109057235204,-5.528993086549638,-0.5028461350856634
GMEX,2026-09-08T13:30:05.000Z,2026-09-08T14:30:05.000Z,10.616271357693474,0.8227814230144015,0.7911359515595677,12.153896132041316,-0.38461577311152795,-3.84615774854215,60,time,2.724730573457057,-4.130066876073202,-0.3342321436311355
SLDP,2026-09-08T13:35:05.000Z,2026-09-08T14:35:05.000Z,4.970178926441338,2.650541449266185,2.589395249393098,3.772814039162711,-0.23069324132263308,-2.3069324152623962,60,time,0,-2.2841162994431397,-0.1886407019581373
IDAI,2026-09-08T13:35:05.000Z,2026-09-08T14:50:05.000Z,3.7151702786377694,3.361171825656051,3.2791640416415597,2.97515271458884,-0.25394088729921976,-2.5394090047113105,75,time,0,-4.7951081948805925,-0.26776374431299743
GRMLW,2026-09-08T13:35:05.000Z,2026-09-08T16:45:05.000Z,24.262131065532767,0.253066415,0.19811232,10,-0.5495409499999998,-21.715285688936632,190,stop,0,-21.601608020566452,
NUR,2026-09-08T16:45:05.000Z,2026-09-08T16:50:05.000Z,92.65536723163844,3.4206876437947358,3.159365818675642,2.9233888151110796,-0.7639453006975719,-7.639453008611935,5,stop,0,-7.620913422704156,-0.14616944075555338
PDSB,2026-09-08T16:45:05.000Z,2026-09-08T17:35:05.000Z,41.22727272727271,0.3112627354196398,0.2883418181832456,32.12719949694433,-0.7363848807065853,-7.363848809428641,50,stop,2.1323672335565647,-7.3451566210830155,-0.9124124657132189
AEO,2026-09-08T16:45:05.000Z,2026-09-08T17:45:05.000Z,-1.0638297872340607,17.22346929854684,17.096553563975565,0.5806031191337533,-0.0736876713592329,-0.7368767138103905,60,time,0,-0.7749269106782086,-0.05806031191337624
GCDT,2026-09-08T16:45:05.000Z,2026-09-08T17:45:05.000Z,78.80245923549856,0.6697343487731026,0.7216551209250662,14.931293306121507,0.775244277681275,7.752442777808572,60,time,12.731264475698012,0,0.9033432450203502
BNC,2026-09-08T16:45:05.000Z,2026-09-08T17:45:05.000Z,51.28939828080226,5.2910636126859805,5.178954296078737,1.889979166738977,-0.21188427278503472,-2.11884272830226,60,time,0,-2.855070808897231,-0.18899791667389643
INDP,2026-09-08T16:45:05.000Z,2026-09-08T17:45:05.000Z,47.54098360655738,1.8103710821102363,1.709522521266616,5.523729410247994,-0.5570601615130895,-5.570601620860371,60,stop,0,-5.544226987609635,-0.44189835281983925
SER,2026-09-09T13:30:05.000Z,2026-09-09T13:35:05.000Z,9.600000000000009,2.7610518094929035,2.3594297080647397,3.6218079195900694,-1.4545981076349297,-14.545982079993127,5,stop,0,-14.525327200091953,-1.122760455072921
YMAT,2026-09-09T13:30:05.000Z,2026-09-09T13:35:05.000Z,42.641509433962256,1.9003896965796792,1.7896367374509858,5.262078618681585,-0.5827907781868126,-5.827907787967198,5,stop,0,-5.808792627025838,-0.10524157237363241
OLB,2026-09-09T13:30:05.000Z,2026-09-09T13:40:05.000Z,43.66764275256221,0.3933795700420949,0.3697256955303744,25.420740569342705,-0.6012990074222352,-6.012990077036629,10,stop,2.013431952517908,-5.994101330572832,-0.07880429576496262
INNV,2026-09-09T13:30:05.000Z,2026-09-09T13:45:05.000Z,8.55513307984792,11.464129573024577,10.877800048679111,0.8722859732710848,-0.5114470198012568,-5.114470493469612,15,stop,0,-5.09528062557012,-0.3227458101103
MSTX,2026-09-09T13:30:05.000Z,2026-09-09T13:45:05.000Z,7.231270358306197,16.483332298207884,15.636864562805547,0.6066734453102354,-0.5135294973804884,-5.135294976091497,15,stop,0,-5.116273111229896,-0.36400406718614065
ATER,2026-09-09T13:40:05.000Z,2026-09-09T13:50:05.000Z,9.814687714481817,0.8060656104565351,0.7532234977166246,12.405938001797685,-0.6555559745353342,-6.555559752757861,10,stop,0,-6.533662988885814,-1.1785641101707807
USDE,2026-09-09T13:40:05.000Z,2026-09-09T13:50:05.000Z,9.329829172141913,8.341681941078262,7.8684236946398345,1.1987990032783398,-0.5673415141236416,-5.673415143148614,10,stop,0,-5.654518410195952,-0.47951960131133653
AVO,2026-09-09T13:40:05.000Z,2026-09-09T14:00:05.000Z,9.479409479409483,14.112832438061684,13.347280307438448,0.7085749825489134,-0.5424510875966431,-5.4245108767718095,20,stop,0,-5.405239815675545,-0.3968019902273916
WVVIP,2026-09-09T13:30:05.000Z,2026-09-09T14:15:05.000Z,7.307692307692304,2.8509503906378546,2.659309637664642,3.507602092215777,-0.7226771833512502,-7.226772155100447,45,stop,0,-8.451581319306856,-0.5410642929102085
AGRZ,2026-09-09T14:15:05.000Z,2026-09-09T14:20:05.000Z,39.86754966887418,0.3178637679487698,0.30063858758107376,31.46001843248459,-0.5419044918705893,-5.41904491941725,5,stop,0,-5.399724561100672,-0.4404402580547817
LAC,2026-09-09T13:40:05.000Z,2026-09-09T14:25:05.000Z,9.666666666666668,3.300661814570822,3.1293680578573073,3.029695424945477,-0.5189679110366596,-5.189679110938781,45,stop,0,-5.1705331887512145,-0.18178172549672844
GNSS,2026-09-09T13:40:05.000Z,2026-09-09T14:25:05.000Z,9.154929577464799,1.5706725264436379,1.4793596025457227,6.366698884477079,-0.5813618907191965,-5.8136194757712145,45,stop,0,-5.772847294205952,-0.5093359107581659
YMAT,2026-09-09T14:15:05.000Z,2026-09-09T14:30:05.000Z,44.1509433962264,1.9203896259403437,1.8096341317080606,5.207276616670091,-0.5767344952835066,-5.767344956263767,15,stop,0,-5.7482931822384735,-0.260363830833505
IRD,2026-09-09T14:15:05.000Z,2026-09-09T14:35:05.000Z,49.76958525345623,6.511303851193065,6.168764979922242,1.5357907153416412,-0.5260680181413354,-5.260680181712907,20,stop,0.13355464597679667,-5.241712858025016,-0.4760951217559093
ARBE,2026-09-09T13:40:05.000Z,2026-09-09T14:40:05.000Z,9.070111694253802,0.8125673510562884,0.8638089177360112,12.306672148040159,0.6306131614792871,6.30613162258019,60,time,7.400327968573039,0,0.44796286618866255
UFG,2026-09-09T14:40:05.000Z,2026-09-09T14:45:05.000Z,45.88398749565823,0.8414684949844834,0.7451507659109623,11.88398622057158,-1.1446385651064714,-11.446385651704903,5,stop,0,-11.428650693126274,-1.1206599005998985
MGN,2026-09-09T14:40:05.000Z,2026-09-09T15:05:05.000Z,411.6533864541833,0.5148033106304355,0.4789038306585186,19.424894502540745,-0.69734361115056,-6.973436112513316,25,stop,14.742851843089412,-6.954755319384076,-0.14957168766956208
EZRA,2026-09-09T14:15:05.000Z,2026-09-09T15:15:05.000Z,0.18450184501843658,2.753047230344527,2.7477851797703154,3.632335046584697,-0.01911353071760987,-0.19113549946446332,60,time,0,-2.2900889476072384,-0.14529340186338935
SRPT,2026-09-09T14:15:05.000Z,2026-09-09T15:15:05.000Z,9.455587392550147,22.944594903740775,22.995385565135447,0.43583249307081756,0.022136220580355446,0.22136220581689556,60,time,0.24147341232942932,-2.2427717983239615,0.04358324930708157
SUNE,2026-09-09T14:15:05.000Z,2026-09-09T15:15:05.000Z,43.459915611814345,3.410682180506977,3.4793022668541824,2.9319647714603785,0.20119167578457584,2.0119167578670596,60,time,11.121464839524853,-2.9519660636339595,0.26387682943143353
BIAF,2026-09-09T14:40:05.000Z,2026-09-09T15:20:05.000Z,25.307950727883565,11.212289080233614,10.47790072558361,0.8918785379030996,-0.654985211998309,-6.549852125599164,40,stop,1.495777700398837,-6.531129147611625,-0.7580967572176345
AKTS,2026-09-09T14:40:05.000Z,2026-09-09T15:40:05.000Z,-1.8784972022382163,24.584987149811123,24.844308014672883,0.40675229696855736,0.10547935743439364,1.0547935749632964,60,time,1.077945856038065,-0.874465170557448,0.10982312018151141
OLB,2026-09-09T14:40:05.000Z,2026-09-09T15:40:05.000Z,33.05270863836016,0.36407499135817895,0.3480299798754165,27.466868708269967,-0.44070622381971997,-4.407062243662122,60,time,5.115706676896581,-4.3878299079495475,-0.4806702023947249
VVOS,2026-09-09T14:40:05.000Z,2026-09-09T15:40:05.000Z,0.3895381190873737,0.1812381515702891,0.18403770371241576,55.176020562724844,0.15446814656040067,1.5446814690343558,60,time,3.7860949089682627,0,0.25932729664480547
RXT,2026-09-10T13:30:05.000Z,2026-09-10T13:35:05.000Z,8.641975308641946,3.530713890565751,3.2793422044049634,2.8322883998618176,-0.7119571107669039,-7.119571110886827,5,stop,0,-7.100940442545389,-0.0849686519958528
TNON,2026-09-10T13:35:05.000Z,2026-09-10T13:45:05.000Z,92.82786885245902,4.720944188296749,4.449109650977945,2.1182203392088974,-0.5758054458481303,-5.758054458527244,10,stop,2.5218644185286188,-5.739194904451983,-0.2753686440971581
DBI,2026-09-10T13:30:05.000Z,2026-09-10T13:45:05.000Z,9.578544061302697,5.781710159747104,5.608801598337044,1.7295920134506453,-0.2990612668720807,-2.9906127535390565,15,rotation_for_stronger_continuation,0,-2.969885293499641,-0.3805102429591436
DLXY,2026-09-10T13:35:05.000Z,2026-09-10T13:55:05.000Z,9.317776100999309,0.48129687,0.4697424607649254,20.75,-0.40484794653171535,-4.053785849712051,20,stop,0,-5.276757773222163,-0.27644999999999875
GTBP,2026-09-10T13:45:05.000Z,2026-09-10T14:00:05.000Z,9.53177257525084,6.611520842074715,6.248305493503513,0.8591421564098698,-0.31205361781262536,-5.493673199360654,15,stop,0,-5.468043597080596,-0.2577426469229609
AEON,2026-09-10T13:45:05.000Z,2026-09-10T14:10:05.000Z,33.246753246753215,0.30846196243013657,0.29034122793530853,31.449383290597655,-0.5698859246350014,-5.874544255657518,25,stop,0,-5.8554909940402915,-0.2924792646025569
SNDQ,2026-09-10T13:35:05.000Z,2026-09-10T14:15:05.000Z,8.026315789473681,12.332466649978798,12.297531383584008,0.8108677917983061,-0.028327882317428714,-0.283278823177274,40,rotation_for_stronger_continuation,0,-1.7228236330090851,0
TNON,2026-09-10T14:15:05.000Z,2026-09-10T14:25:05.000Z,76.63934426229511,4.32086502458212,4.049187653572627,2.307795328727976,-0.6269757677368049,-6.28756902758765,10,stop,0,-6.268768476708342,-0.6461826920438334
SKHN,2026-09-10T13:30:05.000Z,2026-09-10T14:30:05.000Z,9.619450317124745,10.424582900675558,10.317873517826225,0.9592708927281893,-0.10236320494835387,-1.0236321574306617,60,time,0.3397459606959252,-2.538067020968404,0.09592708927281812
SKDD,2026-09-10T13:30:05.000Z,2026-09-10T14:30:05.000Z,9.396914446002791,7.0314107476559204,7.018588220841708,1.4221897080864965,-0.018236065666836273,-0.1823606566930721,60,time,1.54434517113482,-1.726691157907323,0.1137751766469215
AHMA,2026-09-10T13:30:05.000Z,2026-09-10T14:30:05.000Z,9.375,1.4303348071624649,1.8196351226325622,6.991370041496298,2.739217586310797,27.392176081957643,60,time,34.234305869193335,0,2.396292081722855
GDXD,2026-09-10T13:30:05.000Z,2026-09-10T14:30:05.000Z,8.91210817455439,17.754388718789997,17.496245436009204,0.5632410127761396,-0.14539688403481124,-1.4539688573315526,60,time,0.5385219549058018,-2.1087108360637097,-0.18023712408836445
SMZ,2026-09-10T13:35:05.000Z,2026-09-10T14:35:05.000Z,9.01156668323464,12.993017365672282,12.487015519456094,0.7696441591346801,-0.38944136545165386,-3.8944136837148506,60,time,0.3615991036219679,-3.871443803355945,-0.4233042875240738
MUZ,2026-09-10T13:35:05.000Z,2026-09-10T14:35:05.000Z,8.031088082901562,8.351671958195524,8.258326253660506,1.1973650365562407,-0.11176888292294002,-1.117688829281874,60,time,0.21945356446249065,-1.5765939904561654,-0.13171015402118513
TSSI,2026-09-10T13:45:05.000Z,2026-09-10T14:45:05.000Z,9.603841536614643,9.14186326866735,9.08816863395476,1.093868908147976,-0.058734891446465425,-0.5873489149265899,60,time,1.2922609741664814,-0.6767030620484005,-0.09844820173331748
JBLU,2026-09-10T14:00:05.000Z,2026-09-10T15:00:05.000Z,-0.22831050228310223,4.3808825063259285,4.499094322382462,2.08249964509328,0.2461760649835641,2.6983562304133444,60,time,2.719029636199277,-0.9332025286433732,0.2707249538621248
YSS,2026-09-10T14:15:05.000Z,2026-09-10T15:15:05.000Z,-1.3630731102849958,7.981607675977595,7.958259106390969,1.144011699537824,-0.026711036774573427,-0.2925296573633767,60,time,0.6062979538326685,-1.0224465958557527,0.034320350986135395
SKHQ,2026-09-10T13:35:05.000Z,2026-09-10T15:55:05.000Z,8.110992529348993,10.182894862275989,9.846031428920114,0.9820389874769566,-0.3308130250108146,-3.308130329459006,140,time,1.346425938579987,-3.26915741327396,-0.3437136456169352
AEON,2026-09-10T15:55:05.000Z,2026-09-10T16:15:05.000Z,39.090909090909065,0.32186486011529286,0.3053371360669907,31.068939906289277,-0.513498865244432,-5.134988654052476,20,stop,0.974054727062823,-5.115457496476972,-0.5188512964350309
IPDN,2026-09-10T15:55:05.000Z,2026-09-10T16:15:05.000Z,32.693844924060755,0.16643399928163488,0.15436851208197436,60.08387729870019,-0.7249412524534407,-7.249412530935852,20,stop,0,-7.230493368888702,-0.8411742821818038
SAIL,2026-09-10T15:55:05.000Z,2026-09-10T16:55:05.000Z,5.4607508532423354,18.553728878380333,18.126347897797213,0.5389752142819717,-0.23034775558982623,-2.303477556369405,60,time,0,-2.2837936306921214,-0.21020033356997025
ODD,2026-09-10T15:55:05.000Z,2026-09-10T16:55:05.000Z,-1.5473300970873738,16.253862599478616,16.326697708847853,0.6152383686773701,0.04481095387076706,0.44810954272231346,60,time,1.3912840664017878,-1.0081455929366157,0.04921906949418897
TNON,2026-09-10T15:55:05.000Z,2026-09-10T16:55:05.000Z,77.04918032786887,4.330867536007678,4.309134626182576,2.3090062016784074,-0.050181423566677104,-0.5018142357024294,60,time,4.367080323280215,-3.9453420033527142,-0.023090062016782653
DBGI,2026-09-10T15:55:05.000Z,2026-09-10T16:55:05.000Z,44.53333333333334,5.431089055211027,5.578856141587647,1.8412513396879289,0.2720763457527344,2.7207634578343143,60,time,4.583076106073936,-3.334304655477438,0.2025376473656717
HOFT,2026-09-11T13:30:05.000Z,2026-09-11T13:40:05.000Z,9.192200557103059,13.843206494896128,13.12715645879169,0.7223759849495168,-0.5172573501040802,-5.172573539002248,10,stop,0,-5.152032480040514,-0.5562295084111302
GNLN,2026-09-11T13:35:05.000Z,2026-09-11T13:55:05.000Z,9.689922480620151,2.8608021380267585,2.628251496597849,3.49552303580709,-0.8128861241064673,-8.128861424485352,20,stop,0,-8.067742083902196,-0.7690150678775609
BFRI,2026-09-11T13:35:05.000Z,2026-09-11T14:00:05.000Z,8.56164383561644,1.6003247904421987,1.5596400928235084,4.913556563257121,-0.19990656300844714,-2.542277534015354,25,rotation_for_stronger_continuation,0,-4.3944073641930315,-0.19654226253028462
TRUG,2026-09-11T14:00:05.000Z,2026-09-11T14:05:05.000Z,70.42329468859533,0.6337267513493019,0.5663866363063197,12.092561703629215,-0.8143144962867522,-10.626048987139129,5,stop,0,-10.60816056859929,-0.46072660090827355
SWRD,2026-09-11T14:05:05.000Z,2026-09-11T14:10:05.000Z,91.47982062780267,4.280856539408195,3.7992397463397922,1.678421532746734,-0.8083559960184359,-11.250477296652974,5,stop,0,-11.232717914781409,-0.6881528284261611
CDTG,2026-09-11T13:30:05.000Z,2026-09-11T14:30:05.000Z,9.23076923076922,1.4303649687857904,1.5396634022451015,6.99122257417659,0.764129675322873,7.641296860904832,60,time,17.45254090123025,-2.822004849577353,0.9088589346429572
BENF,2026-09-11T13:30:05.000Z,2026-09-11T14:30:05.000Z,8.937855904926973,1.3315083707878148,1.4897012560253495,7.510271529346034,1.908912927753335,19.089149496352658,60,time,100.52446222476532,0,2.213652533274743
LPA,2026-09-11T13:30:05.000Z,2026-09-11T14:30:05.000Z,4.950495049504955,3.2307804484162745,3.3587261502439,3.095227317085563,0.39602103140055017,3.960210353827794,60,time,3.999638899853708,-3.4289067358501235,-0.4642840975628353
NOK,2026-09-11T13:30:05.000Z,2026-09-11T14:30:05.000Z,1.9774011299435124,10.842168795221326,10.967805465207952,0.9223246924785699,0.11587780300944663,1.1587780301114707,60,time,1.1790187663838658,-0.3889332108527155,0.11067896309742942
OPEN,2026-09-11T13:30:05.000Z,2026-09-11T14:30:05.000Z,1.4285714285714235,2.850585429881892,2.7894412108768236,3.5080513230910086,-0.21449705838009656,-2.144970586185932,60,time,0,-2.8269782423335665,-0.17540256615455085
KORU,2026-09-11T13:35:05.000Z,2026-09-11T14:35:05.000Z,9.68351440717996,23.234652254064525,23.09536331535411,0.4303916361697042,-0.05994879423191708,-0.5994879423514871,60,time,0.3673295601854587,-1.440315311824747,-0.008607832723393827
VIOT,2026-09-11T13:35:05.000Z,2026-09-11T14:35:05.000Z,8.823529411764696,1.5003147941725241,1.5392650236062282,6.665267861216538,0.25961371243147824,2.5961371296872726,60,time,3.978178850152214,-1.3540354498556062,0.266610714448662
SWRD,2026-09-11T14:30:05.000Z,2026-09-11T14:35:05.000Z,66.3677130044843,3.720745349075263,3.469300025874146,2.6876335414244017,-0.675792884469621,-6.757928845187161,5,stop,0,-6.739116105798049,-0.24188701872819607
CLIK,2026-09-11T13:35:05.000Z,2026-09-11T14:40:05.000Z,8.799999999999986,1.3817710851221727,1.338543558153453,7.23707870733051,-0.3128410149958766,-3.128414498910839,65,time,0.5955338743464544,-3.746719386416686,-0.36185393536652377
PCLA,2026-09-11T14:30:05.000Z,2026-09-11T14:45:05.000Z,47.42798353909463,14.362881232099035,13.267333270469392,0.6962391345520363,-0.7627633646652704,-7.627633647636427,15,stop,0,-7.609066833029288,-0.6962391345520356
REF,2026-09-11T14:00:05.000Z,2026-09-11T15:00:05.000Z,4.220532319391634,13.753028025535038,13.88701401824539,0.7271125992700282,0.09742290342539922,0.9742290385912282,60,time,2.522876953502484,-0.6764184975287857,0.03635562996350039
XNCR,2026-09-11T14:00:05.000Z,2026-09-11T15:00:05.000Z,0.6801319043693299,24.465278963639268,24.155084094929926,0.35437389695598903,-0.10992496444028087,-1.267898351661385,60,time,0,-2.065290015250676,-0.1063121690867952
GPK,2026-09-11T14:15:05.000Z,2026-09-11T15:15:05.000Z,1.1182108626198062,9.511965888486573,9.588050940556752,0.8284677354598281,0.06303401079092376,0.7998877725399841,60,time,1.240901333091382,-0.3360597468633153,0.09113145090058072
M,2026-09-11T14:30:05.000Z,2026-09-11T15:30:05.000Z,1.9756097560975627,20.92422519141692,20.94579699834022,0.4779149480825707,0.010309488985796778,0.10309488989895797,60,time,0.6966796010343002,-0.11577581102911738,0.00477914948082514
JOBY,2026-09-11T14:30:05.000Z,2026-09-11T15:30:05.000Z,0.7131537242472286,6.3612751658461555,6.408711704330974,1.5720118589889684,0.0745708010475217,0.7457080105496258,60,time,0.92316135716215,-0.49164931606908713,0.09432071153933741
TNON,2026-09-11T14:30:05.000Z,2026-09-11T15:30:05.000Z,50.9433962264151,8.011603063164511,8.798237743380007,1.2481896470522975,1.020867411342988,10.208674113701006,60,time,25.443059532087474,0,0.7261343271726748
NCT,2026-09-14T13:30:05.000Z,2026-09-14T13:35:05.000Z,68.99105832109969,0.5073028707016722,0.4641068038764554,19.712090295189107,-0.8514847696556965,-8.51484770142745,5,stop,0,-8.496476797392216,0.05716506185604864
BMM,2026-09-14T13:30:05.000Z,2026-09-14T13:40:05.000Z,21.631530705774505,6.661372379401383,6.248744132007232,1.5011921595062663,-0.6194342897789117,-6.194342905526497,10,stop,0,-6.175489913661769,-0.43534572625681633
UZX,2026-09-14T13:30:05.000Z,2026-09-14T13:45:05.000Z,22.372446462054675,0.1124230055144081,0.10627822497973305,88.94976561670852,-0.5465767883254592,-5.465767888483949,15,stop,4.071225871118811,-5.446399058974971,-1.823470195142523
ELMT,2026-09-14T13:30:05.000Z,2026-09-14T13:55:05.000Z,38.04817788758492,22.394496245843225,20.305934723226116,0.4465382872910136,-0.9326226852113554,-9.326226853639447,25,stop,0,-9.308073836356744,-0.5715690077324957
BMGL,2026-09-14T13:35:05.000Z,2026-09-14T14:05:05.000Z,68.99563318777294,7.761553453662294,7.298539197713443,1.2884018720384594,-0.5965484341449938,-5.965484341673603,30,stop,14.667766615722133,-5.946663337666114,-0.21902831824653823
ONDS,2026-09-14T13:35:05.000Z,2026-09-14T14:15:05.000Z,-0.7607192254495243,7.181437663970176,7.368525309332774,1.3924788416262137,0.2605155876970864,2.6051558770917294,40,rotation_for_stronger_continuation,2.6256906326132423,-0.9947543557828786,0.2784957683252429
SCNI,2026-09-14T13:30:05.000Z,2026-09-14T14:30:05.000Z,40.963855421686745,2.3504741352255007,2.3795211950889676,4.254460768823146,0.12357957663877732,1.2357957668264308,60,time,7.637857489432687,0,0.3829014691940813
SOAR,2026-09-14T13:30:05.000Z,2026-09-14T14:30:05.000Z,21.278825995807125,0.23194761457662283,0.23995117896332516,43.11318315268907,0.345059137278237,3.4505913765534273,60,time,6.360222953922112,-4.892317861227324,0.5001129245711944
OPENL,2026-09-14T13:35:05.000Z,2026-09-14T14:35:05.000Z,34.58950201884252,0.10182349073618197,0.15126696200809733,98.20916427779906,6.02723006385437,60.27230106618384,60,time,165.75400042128487,0,2.82940602284339
HAIN,2026-09-14T13:35:05.000Z,2026-09-14T14:35:05.000Z,7.152082660639336,0.666539889745626,0.707754832325985,15.002852992038546,0.618341724608437,6.183417258956261,60,time,6.205196551726022,-3.72669214967849,0.6151169726735812
DRCT,2026-09-14T13:35:05.000Z,2026-09-14T14:35:05.000Z,-1.7543859649122862,1.6903631866361737,1.7595864046643792,3.80631176256567,0.26348514902340664,4.0951683387024,60,time,8.8523469125948,-0.6130745580656294,0.2283787057539408
ALLO,2026-09-14T13:40:05.000Z,2026-09-14T14:40:05.000Z,-0.2808988764045006,1.7803865631839417,1.7792274238028762,5.616757714029906,-0.006510605060235431,-0.06510605084507881,60,time,1.1016392294594057,-0.5833880910315892,0
NCT,2026-09-14T14:15:05.000Z,2026-09-14T14:45:05.000Z,49.30601895102096,0.4482933223598427,0.4239139344134788,22.22166959785766,-0.5417507039420922,-5.43826702972718,30,stop,0.581466979350842,-5.419068531282423,-0.4244338893190811
FTFT,2026-09-14T14:15:05.000Z,2026-09-14T14:50:05.000Z,62.5,4.690939344915944,4.339130597766838,2.131769196773734,-0.7499750503280239,-7.4997505037108985,35,stop,1.8985676116358263,-7.481216854707218,-0.46898922329022064
OPENL,2026-09-14T14:55:05.000Z,2026-09-14T15:05:05.000Z,90.17496635262445,0.1427849652883405,0.1315721994034208,70.0353684013336,-0.785290189548257,-7.852903743945734,10,stop,0,-7.833433489130703,-1.2256189470233387
FNB,2026-09-14T14:15:05.000Z,2026-09-14T15:15:05.000Z,0.7099945385035555,18.46377422003182,18.256206476879594,0.5416010763414923,-0.11241891310501957,-1.1241891320737103,60,time,0,-1.1036433700036152,-0.09207218297805575
ELMT,2026-09-14T14:15:05.000Z,2026-09-14T15:15:05.000Z,36.41136504014823,22.114434965549506,23.245330178176975,0.45219333048311006,0.5113832726254198,5.113832726855599,60,time,10.696927315283599,-0.20093195064095903,0.3617546643864884
ONDS,2026-09-14T14:55:05.000Z,2026-09-14T15:55:05.000Z,1.7289073305670755,7.361473476006897,7.318534565070242,1.3584236949560966,-0.05832923405196212,-0.5832923405430351,60,time,0.5233534307862664,-0.6992278947233088,-0.02716847389912047
CRBP,2026-09-14T14:55:05.000Z,2026-09-14T15:55:05.000Z,3.2019704433497553,8.401747644924807,8.40824923232913,1.19022855789885,0.007738375000300224,0.07738375013262844,60,time,0.5743133109257226,-1.5680980968809655,0.01190228557898898
TAK,2026-09-14T14:55:05.000Z,2026-09-14T15:55:05.000Z,2.0536692223439124,18.65373311615574,18.616053586538374,0.536085722755664,-0.02019945786801802,-0.2019945786869346,60,time,0,-0.44888128094433544,-0.005360857227557858
BMNR,2026-09-14T14:55:05.000Z,2026-09-14T15:55:05.000Z,-0.5193767479025224,24.914985567706854,25.244947089002533,0.401364872258836,0.1324349638451716,1.3243496384896711,60,time,1.344630248260592,-0.34110221527484663,0.14850500273576905
CODA,2026-09-14T14:55:05.000Z,2026-09-14T16:00:05.000Z,0.698602794411185,10.132213084875616,10.196841455295829,0.9869512095622509,0.06378504835826605,0.6378504861557204,65,time,0.6690237814438449,-1.0087932815802114,-0.08882560886060276
JEM,2026-09-14T13:35:05.000Z,2026-09-14T17:00:05.000Z,-2.244389027431415,3.981974660322405,3.9290352212001154,2.5113164658283176,-0.10338646965591738,-1.0338648484361141,205,time,0.9549367567928124,-1.8075117614278602,
RIME,2026-09-15T13:30:05.000Z,2026-09-15T13:35:05.000Z,7.2593800978792755,0.26896810493531675,0.24084025373894566,37.17911959332973,-1.0457687435332637,-10.45769021688853,5,stop,0,-10.435477077130296,-0.6729420646392654
AEHG,2026-09-15T13:35:05.000Z,2026-09-15T13:40:05.000Z,8.864696734059097,7.051474286967792,6.51857304397128,1.4181431533284325,-0.7557302491557155,-7.557302505965254,5,stop,0,-7.537066226704381,-0.2552657675991181
TLX,2026-09-15T13:30:05.000Z,2026-09-15T13:45:05.000Z,7.300509337860794,12.672590421872895,12.707280171630092,0.7891046469581418,0.027373842735219193,0.27373842760137224,15,rotation_for_stronger_continuation,0.7686635082829962,-0.2571725336963704,-0.015782092939161885
BMNZ,2026-09-15T13:30:05.000Z,2026-09-15T14:30:05.000Z,9.456740442655942,5.461715245583089,5.5588597600094,1.8309265847513827,0.17786447402589783,1.778644804026951,60,time,2.3487997570114105,-0.3975902185792246,0.2746389877127058
SMST,2026-09-15T13:30:05.000Z,2026-09-15T14:30:05.000Z,8.358895705521485,21.24456680900292,21.345328657017742,0.4707085843471315,0.04742946683525821,0.4742946698829498,60,time,1.2023459611745668,-2.1867558570600965,0.14591966114761057
NAMI,2026-09-15T13:30:05.000Z,2026-09-15T14:30:05.000Z,7.777777777777772,1.9504630820591746,2.0394548860176545,5.1269875359335115,0.45625986969536464,4.562598737553544,60,time,8.179437970822612,-3.09993470859965,0.4101590028746802
MSTZ,2026-09-15T13:30:05.000Z,2026-09-15T14:30:05.000Z,7.672955974842743,4.2908657667502785,4.329126999609038,2.330532004481853,0.08916902770827116,0.8916902774084381,60,time,1.6111954325264577,-1.8846025754733153,0.18644256035854845
CRDF,2026-09-15T13:35:05.000Z,2026-09-15T14:35:05.000Z,9.923664122137389,1.4503171975322855,1.3990624345571956,6.895043357405638,-0.3534038129867941,-3.5340381443659274,60,time,0,-4.848401277453673,-0.06895043357405761
MTEN,2026-09-15T13:35:05.000Z,2026-09-15T14:35:05.000Z,9.90099009900991,1.1202367413552794,1.1697070730033485,8.926684518363551,0.44160604364112915,4.416060447028293,60,time,4.4422091159513455,-4.484475423873546,0.44633422591817684
TNON,2026-09-15T13:35:05.000Z,2026-09-15T14:35:05.000Z,8.812949640287782,6.071220190706009,6.4886958567315,1.6471153547121407,0.6876305797292642,6.876305798702122,60,time,12.003844143383692,-0.02009794847955826,0.44472114577227906
COHX,2026-09-15T13:35:05.000Z,2026-09-15T14:35:05.000Z,8.799593082400815,21.454298500110607,21.165629355967663,0.40405840455634584,-0.11663919382704355,-1.3455072611274388,60,time,0,-3.0031207970155127,-0.0121217521366912
QXL,2026-09-15T13:35:05.000Z,2026-09-15T14:40:05.000Z,8.837209302325588,4.710963493582369,4.508699107784538,2.122708020193659,-0.42934823393260124,-4.29348234333319,65,time,4.224963888783551,-4.265868199915735,-0.16981664161549226
TRUG,2026-09-15T14:30:05.000Z,2026-09-15T14:40:05.000Z,41.848844472204874,0.9097823702457686,0.8615270498961692,10.991639677856542,-0.5304050938223344,-5.304050938749633,10,stop,0,-5.285040886512182,-0.7793072531600309
XHLD,2026-09-15T13:45:05.000Z,2026-09-15T14:45:05.000Z,9.865470852017943,9.842050227259916,9.598021630495923,0.9392626031079452,-0.22920693502932718,-2.4794488051696524,60,time,0,-3.17058153590416,-0.49780917964721105
VEEA,2026-09-15T13:45:05.000Z,2026-09-15T14:45:05.000Z,102.18340611353712,4.640928378415106,5.868824867240779,2.1547412897701066,2.666803850414139,26.668038504576465,60,time,37.04154603161456,0,2.367521992134904
PSIG,2026-09-15T14:40:05.000Z,2026-09-15T14:45:05.000Z,31.10236220472442,3.3406733934705644,3.1393534331096653,2.9934084595908774,-0.6026328724288154,-6.026328726249754,5,stop,0,-6.006974338251259,-0.5986816919181752
BNGO,2026-09-15T14:30:05.000Z,2026-09-15T14:50:05.000Z,45.11278195488722,1.940388267059974,1.5896817472290916,5.153607744122411,-1.807403836514655,-18.074038365644405,20,stop,9.771844952831055,-18.057636866196525,-1.4945462457954974
RIME,2026-09-15T14:40:05.000Z,2026-09-15T14:55:05.000Z,-0.2446982055465008,0.2469568481568899,0.2469491222505459,38.48233261070092,-0.07622564715037791,-0.8020817918537692,15,stop,0.01747343450166916,-6.01596929494802,0.36793975806734025
ADBT,2026-09-15T14:40:05.000Z,2026-09-15T15:20:05.000Z,23.40206185567011,0.12002470986728828,0.11187713209417127,83.31617713451179,-0.6788250329622274,-6.788250337889429,40,stop,4.8950671400981305,-6.7691976729390095,-0.6332029462222906
ACVA,2026-09-15T14:30:05.000Z,2026-09-15T15:30:05.000Z,0.24015369836694056,10.452114705883075,10.417886251627962,0.956744187813789,-0.03274787466642889,-0.32747874682093303,60,time,0,-0.3072555821167833,-0.009567441878136407
PDSB,2026-09-15T14:30:05.000Z,2026-09-15T15:30:05.000Z,44.52518165873214,0.5776157026729997,0.5890818487368616,17.312548729233942,0.19850821246712452,1.9850821248107946,60,time,9.744246402328871,-4.798294531249969,0.6821144199318159
LUNR,2026-09-15T14:40:05.000Z,2026-09-15T15:40:05.000Z,-0.9005763688760937,13.77278137972538,13.637223223446355,0.726069754559913,-0.09842467725810593,-0.984246772976279,60,time,0,-1.1819063647159012,-0.07986767300159059
MYSZ,2026-09-15T14:40:05.000Z,2026-09-15T15:40:05.000Z,33.13253012048194,2.2204470112604175,2.4395088492945742,4.503597674953245,0.9865663844416125,9.865663847110143,60,time,9.88778329886626,-3.623009729682869,1.441151255985039
RETO,2026-09-15T14:40:05.000Z,2026-09-15T15:50:05.000Z,24.674244524535617,0.45399114365698473,1.509697680634165,22.02686140051024,21.591892212969714,215.91892216442693,70,time,248.02441018404028,0,21.910253342090083
RYDE,2026-09-16T13:35:05.000Z,2026-09-16T13:40:05.000Z,9.67548076923077,0.736366185,0.6613495130434783,10.8,-0.8101800571304335,-10.187414018274293,5,stop,0,-10.099076589183674,-0.6479999999999997
DTSS,2026-09-16T13:35:05.000Z,2026-09-16T13:40:05.000Z,-1.5000000000000124,0.6355479676644934,0.5948634088691975,15.734453467312964,-0.6401492972027412,-6.4014930210229695,5,stop,0,-6.380001152941894,-0.4437115877782265
CIEG,2026-09-16T13:30:05.000Z,2026-09-16T13:45:05.000Z,8.559052381079724,4.081032770798031,3.92837515721339,2.450360099309656,-0.3740661251836369,-3.740661302133815,15,rotation_for_stronger_continuation,0,-3.945882815504609,-0.09801440397238714
DLXY,2026-09-16T13:45:05.000Z,2026-09-16T13:50:05.000Z,107.13253012048192,0.86207268871181,0.7067584950842106,10.29910450192811,-1.5995971108033427,-18.016368649804278,5,stop,0,-17.999954150465392,-1.0288805397426186
ZTG,2026-09-16T13:45:05.000Z,2026-09-16T14:00:05.000Z,189.74739970282317,1.9603929145757468,1.7096577788012877,5.101018231964429,-1.2790044989795928,-12.790044990992092,15,stop,0,-12.772588225250491,-0.9691934640732409
CRML,2026-09-16T13:30:05.000Z,2026-09-16T14:05:05.000Z,8.50393700787404,6.911389066716267,6.528670769834137,1.4468871454657934,-0.5537501840933153,-5.537501842071335,35,stop,0,-5.518269381663854,-0.6076926010956338
FPSX,2026-09-16T13:30:05.000Z,2026-09-16T14:30:05.000Z,9.677419354838701,3.441520964956196,3.558893180821402,2.9056917076595195,0.3410474743491527,3.4104751085455063,60,time,6.929466287497665,0,0.319626087842547
CIFG,2026-09-16T13:30:05.000Z,2026-09-16T14:30:05.000Z,9.43952802359882,3.720776861925056,4.2790508735904105,2.6876107739451527,1.5004232485653883,15.004232513328267,60,time,15.0297413370178,0,0.8600354476624474
INTW,2026-09-16T13:30:05.000Z,2026-09-16T14:30:05.000Z,8.774834437086088,23.024650675910962,23.145332904215785,0.43431712110041865,0.05241435796533399,0.5241435798680052,60,time,2.194818636782836,-1.0191280606765551,-0.11292245148611002
CIFU,2026-09-16T13:30:05.000Z,2026-09-16T14:30:05.000Z,8.64345738295318,9.11432081450315,10.487614553482324,1.0971743153248261,1.5067426178043448,15.067428137858844,60,time,15.093600647760862,0,0.8119089933403707
CRDU,2026-09-16T13:35:05.000Z,2026-09-16T14:35:05.000Z,9.156193895870723,6.101224533908183,6.328701320881711,1.6390152407819476,0.37283792077372135,3.728379208293396,60,time,4.241369329282119,-0.3478733455919425,0.3605833529720286
CETX,2026-09-16T13:35:05.000Z,2026-09-16T14:45:05.000Z,9.543568464730278,2.670734909326386,2.5890548542627805,3.744287670785238,-0.36583371349760996,-3.658337210730562,70,stop,0,-5.269519967516456,-0.5242002739099334
NOK,2026-09-16T13:45:05.000Z,2026-09-16T14:45:05.000Z,4.7256097560975485,10.312062889907105,10.19795958324717,0.9697380734183453,-0.11065032077106786,-1.1065032077297845,60,time,0.17394298584476608,-1.765533161025401,-0.14546071101275082
INT,2026-09-16T13:35:05.000Z,2026-09-16T14:50:05.000Z,9.529481834425258,18.544307381125524,18.1258851707466,0.5392490384991789,-0.22563377463353623,-2.2563377632792934,75,time,0,-3.096947054005683,-0.2858019904045648
ACGCW,2026-09-16T13:45:05.000Z,2026-09-16T14:55:05.000Z,33.33333333333335,0.40108261322743777,0.39901484992874187,23.99987785958073,-0.049626066611225386,-0.5155454837737771,70,time,2.372924295066703,-0.7935056575571475,0.47999755719161463
BOSC,2026-09-16T13:35:05.000Z,2026-09-16T15:20:05.000Z,-0.10438413361169019,4.833464207290586,4.777756319827359,2.068908729263845,-0.11525453466151703,-1.1525457740888838,105,time,0,-1.5199079612460142,-0.08275634917055363
MEDS,2026-09-16T15:20:05.000Z,2026-09-16T15:25:05.000Z,506.7901234567901,9.851970548086676,9.178162994295478,1.0150253648322949,-0.6839317581136667,-6.839317581212787,5,stop,0,-6.820671507358266,-0.4669116678228562
PDSB,2026-09-16T15:20:05.000Z,2026-09-16T16:10:05.000Z,53.27182641380488,0.8987799172900769,0.8527290384180445,11.126194307624976,-0.5123710263671343,-5.1237102638965295,50,stop,7.301017907451146,-5.104688746095931,-0.3026324851673987
AAL,2026-09-16T15:20:05.000Z,2026-09-16T16:20:05.000Z,1.605324980422873,12.982596574583171,12.787441295245513,0.7702619381618222,-0.15032068370513668,-1.503206837064675,60,time,0,-1.483498108230752,-0.1540523876323654
ZNTL,2026-09-16T15:20:05.000Z,2026-09-16T16:20:05.000Z,0,3.1518141518885385,3.066950895019559,3.172775218815105,-0.26925203838183837,-2.69252096663536,60,time,0,-2.595779698479883,-0.1903665131289074
QCLS,2026-09-16T15:20:05.000Z,2026-09-16T16:20:05.000Z,63.856786766372096,0.7246456929323983,1.7096575596027173,13.799847422445724,12.992840753002111,129.92840755861118,60,time,135.97739097574743,0,8.277148483982947
DLXY,2026-09-16T15:20:05.000Z,2026-09-16T18:05:05.000Z,196.3855421686747,1.2402480889059437,1.3997193243816037,8.062902970225782,1.1858223842582238,11.858223842752306,165,time,12.88064158477984,0,0.39377417821354577
SDST,2026-09-17T13:30:05.000Z,2026-09-17T13:35:05.000Z,63.47117794486217,0.26185365979910885,0.21595668543766497,38.189269523663384,-1.7527719242098485,-17.52771925993149,5,stop,0,-17.511177744961536,-0.3284277179035051
KXIN,2026-09-17T13:30:05.000Z,2026-09-17T13:40:05.000Z,50.44247787610621,1.7103478467638684,1.589676947743228,5.846763868511929,-0.705534252374732,-7.055342528653489,10,stop,0,-7.036454426014993,-0.46774110948095426
AEHL,2026-09-17T13:35:05.000Z,2026-09-17T13:40:05.000Z,54.880694143167034,14.332869092942422,13.257339697064875,0.6976970161886148,-0.7503936503269081,-7.503936503593292,5,stop,0,-7.4853756493925445,-0.20233213469469824
TURB,2026-09-17T13:30:05.000Z,2026-09-17T13:45:05.000Z,73.47509792949079,1.560313647842843,1.3697251457070798,6.4089678454724766,-1.2214755819048686,-12.21475582164231,15,stop,3.82527911869992,-12.197140498383408,-0.8972554983661478
AEMD,2026-09-17T13:35:05.000Z,2026-09-17T13:45:05.000Z,481.8181818181818,8.341668608017688,7.82843332841678,1.1988009197875058,-0.6152669252529658,-6.152669252619384,10,stop,0,-6.133887979269426,-0.2517481931553771
BIAF,2026-09-17T13:35:05.000Z,2026-09-17T13:45:05.000Z,32.24299065420559,7.10142444394797,6.638667014164334,1.4081681890267514,-0.6516402918570969,-6.516402919389093,10,stop,0,-6.4976322368846535,-0.9857177323187258
SDST,2026-09-17T13:55:05.000Z,2026-09-17T14:05:05.000Z,103.5714285714286,0.32596521863456973,0.26194751278239614,30.67811971366652,-1.963942843927271,-19.639428439738538,10,stop,0,-19.62332634828726,-1.6382115927097924
SAFE,2026-09-17T13:35:05.000Z,2026-09-17T14:05:05.000Z,-0.14471780028942893,13.835146066618872,13.536947883659419,0.7227968039962925,-0.2155366936005944,-2.1553670739981485,30,rotation_for_stronger_continuation,0,-2.1333064732218077,-0.16624326491914587
MNOV,2026-09-17T13:55:05.000Z,2026-09-17T14:10:05.000Z,38.29365079365081,3.5007072571131683,3.289331544654582,2.856565619844873,-0.603808593079413,-6.038085933323532,15,stop,0,-6.018991067734303,-0.9997979669457067
KXIN,2026-09-17T14:05:05.000Z,2026-09-17T14:10:05.000Z,60.619469026548686,1.8203644413131428,1.7196548294980112,2.2016870201080456,-0.22173104513349512,-5.532387335718526,5,stop,0,-5.5134257204422,-0.08806748080432181
TURB,2026-09-17T14:05:05.000Z,2026-09-17T14:15:05.000Z,85.78623391158366,1.670334352926996,1.5296938324145968,5.986825321561254,-0.841990229441187,-8.419902294768056,10,stop,17.34177630756446,-8.401572576237948,-1.0177603046654138
RXRX,2026-09-17T13:30:05.000Z,2026-09-17T14:30:05.000Z,3.1347962382445083,3.3006812577308966,3.479300977583174,3.029677574374109,0.5411601595774301,5.411601602969444,60,time,5.432779728400039,-0.6265754284045744,0.7271226178497852
MVIS,2026-09-17T13:30:05.000Z,2026-09-17T14:30:05.000Z,1.2269938650306678,1.6705804626447438,1.7094251528072733,5.985943036410669,0.23252210257992317,2.32522114505238,60,time,5.9511971783665185,-1.8305291680671965,0.419016012548747
DTSS,2026-09-17T13:30:05.000Z,2026-09-17T14:35:05.000Z,63.63328822733425,0.9709945596532028,1.6396702928823115,10.29871887515692,6.8144276175959995,68.14427618158106,65,time,93.61591486892105,0,7.7672937756433456
SNAP,2026-09-17T13:35:05.000Z,2026-09-17T14:35:05.000Z,3.321678321678334,5.921185175538083,5.958806745931827,1.6888510835491313,0.06353722992429359,0.635372299268189,60,time,0.6555245835288215,-1.7088669335339257,0.1688851083549121
DAIC,2026-09-17T13:35:05.000Z,2026-09-17T14:35:05.000Z,121.39303482587067,4.460892162090689,4.829032131919908,2.241704044071895,0.9098683663951695,9.098683664017827,60,time,42.124036395191155,0,0.44890123482539757
XPEV,2026-09-17T13:45:05.000Z,2026-09-17T14:45:05.000Z,1.934235976789167,10.552118026132549,10.627769543270873,0.9476770420599693,0.07169320598899583,0.7169320599994355,60,time,2.2543528538851776,-0.4939105685084044,0.1231980154677963
SLXN,2026-09-17T13:45:05.000Z,2026-09-17T14:45:05.000Z,7.000000000000006,0.36530802894902403,0.3539276652623292,27.374158037040537,-0.3115278740785812,-3.1152788290571243,60,time,0,-4.080947520347101,-0.19161910625928513
ATCH,2026-09-17T13:45:05.000Z,2026-09-17T14:45:05.000Z,7.437499999999986,0.17298052292946609,0.1809623386761995,57.80996954678134,0.46142852524667927,4.6142858233745,60,time,4.636057825888229,-0.5668400770564852,0.5087277320116765
UGP,2026-09-17T13:55:05.000Z,2026-09-17T14:55:05.000Z,-0.595238095238082,7.531525448285437,7.4984847790688285,1.327752267908131,-0.04386982348555376,-0.4386982350850298,60,time,0,-1.4807816696792209,0
WETO,2026-09-17T13:55:05.000Z,2026-09-17T14:55:05.000Z,8.15217391304348,2.0004047733063453,1.9295713095249587,4.998988269080321,-0.3540956545014772,-3.5409565467248063,60,time,0.4796642570390919,-4.0194251873059255,-0.34992917883562136
NUWE,2026-09-17T14:05:05.000Z,2026-09-17T15:05:05.000Z,12.87116564417179,0.9243242321230826,1.1297723004242757,10.585530731631769,2.3335289423942482,23.849331803979844,60,time,54.70761777124782,0,2.689783358907631
AIXI,2026-09-18T13:30:05.000Z,2026-09-18T13:35:05.000Z,9.785202863961807,2.320795451326793,2.1795469013204434,4.3088672483123895,-0.6086212509939756,-6.086212808009357,5,stop,0,-6.066689386447244,-0.4308867248312378
CIFG,2026-09-18T13:30:05.000Z,2026-09-18T14:05:05.000Z,9.897968913893385,4.64107793517289,4.259078672945392,2.154671838014192,-0.8230830524637882,-8.230830586413491,35,stop,0.8386427758976911,-8.210979011682863,-0.5386679595035471
ESLA,2026-09-18T13:35:05.000Z,2026-09-18T14:25:05.000Z,9.980988593155882,0.5876237772260662,0.5511663313977754,17.017690056631018,-0.624748829826119,-6.247488728875606,50,stop,0,-6.18146825125695,-0.41352986837613415
TSUI,2026-09-18T13:30:05.000Z,2026-09-18T14:30:05.000Z,9.782208463458208,16.223390339434957,16.00503577366739,0.6163939701825449,-0.13459243770095553,-1.3459243795472338,60,time,0,-1.5002433791125425,-0.036983638210955405
CIFR,2026-09-18T13:30:05.000Z,2026-09-18T14:30:05.000Z,5.135773317591474,17.83357733970833,17.216550045275753,0.5607399910985992,-0.34599187958771654,-3.4599187963185716,60,time,0.8210504123905782,-4.22560950814066,-0.22990339635042467
EUV,2026-09-18T13:30:05.000Z,2026-09-18T14:30:05.000Z,1.2680367293397499,23.224700690723466,23.054228060301234,0.430576054702514,-0.07340143264196439,-0.7340143267823599,60,time,0.1950479787867776,-1.010564974976036,-0.03875184492322603
TGL,2026-09-18T13:35:05.000Z,2026-09-18T14:35:05.000Z,9.954751131221705,2.4606103418493332,2.398300790313209,4.064032289303039,-0.2532280293748009,-2.5322803239660443,60,time,0,-4.495240061707662,-0.12192096867909186
ARRY,2026-09-18T13:35:05.000Z,2026-09-18T14:35:05.000Z,-2.948113207547165,4.120867139004637,3.9891920102883383,2.4266737171201846,-0.31953257405425883,-3.1953257475829133,60,time,0,-3.1757184735697774,-0.3154675832256242
XRPC,2026-09-18T13:35:05.000Z,2026-09-18T14:35:05.000Z,2.8425655976676234,14.14407763960182,14.536982592585304,0.707009675710216,0.27778760339379055,2.777876104719578,60,time,3.0820133451307408,-0.09953027663255343,0.33936464434090396
MG,2026-09-18T13:35:05.000Z,2026-09-18T14:35:05.000Z,4.73790322580645,20.804170951666233,20.785787200765476,0.48067284306484137,-0.008836569811662573,-0.08836569812595367,60,time,1.2777680444530093,-0.21231776920528356,-0.07690765489037332
IMCC,2026-09-18T13:35:05.000Z,2026-09-18T14:35:05.000Z,139.6551724137931,4.190838275699805,7.268542762915641,2.3861574563381454,7.240110806226023,72.40110806321314,60,time,93.75598545720752,0,6.96280745759471
GSUI,2026-09-18T13:30:05.000Z,2026-09-18T14:40:05.000Z,9.416195856873832,11.672943602325448,11.577304780704758,0.8566819312203343,-0.08193205040565038,-0.8193205148497233,70,time,0.4887918559221438,-0.8818992520870261,-0.059967735185423976
QNME,2026-09-18T14:40:05.000Z,2026-09-18T14:45:05.000Z,144.80027548209367,0.7130426545966598,0.5626872817034962,14.024406443745306,-2.1086448604546115,-21.086448604987552,5,stop,0,-21.07064053294907,-1.4024406443745328
SSM,2026-09-18T14:40:05.000Z,2026-09-18T14:50:05.000Z,42.8082191780822,2.1004221968969055,1.9296120533225884,4.760947590760974,-0.8132181415276807,-8.132181416986846,10,stop,0,-8.113711478991304,-0.4284852831684862
BTTC,2026-09-18T14:45:05.000Z,2026-09-18T14:55:05.000Z,11.087589309341084,0.42329051225217873,0.3879820747250907,23.624436836824973,-0.8341419521656712,-8.341419546406634,10,stop,0,-8.31356036423838,-0.6827462245842408
MRNO,2026-09-18T14:40:05.000Z,2026-09-18T15:00:05.000Z,57.844474761255114,0.34916989234858337,0.30513877442894527,28.639353560306294,-1.2610227537560537,-12.610227538083652,20,stop,23.091941607302722,-12.592692930319238,-2.8582074853185677
GIPR,2026-09-18T14:40:05.000Z,2026-09-18T15:05:05.000Z,207.16723549488057,1.3602721164217775,1.2797438361801907,7.351470252976992,-0.5920012567194199,-5.9200125672955775,25,stop,18.358671074956433,-5.901180760283086,-0.14702940505953777
TNMG,2026-09-18T14:40:05.000Z,2026-09-18T15:05:05.000Z,50.9293680297398,4.080821387427092,3.799235867717435,2.450487058353484,-0.6900216718682551,-6.900216720516491,25,stop,2.6754077723000647,-6.881491757818569,-0.4410876705036273
SLXN,2026-09-18T14:45:05.000Z,2026-09-18T15:20:05.000Z,10.499999999999998,0.4231925146729675,0.39251835761626147,23.629907459341627,-0.724827492643274,-7.248274955999688,35,stop,0,-7.228982936195982,-0.6569114273696961
TRUG,2026-09-18T14:40:05.000Z,2026-09-18T15:40:05.000Z,53.75195414278273,0.5919187464711763,0.589480464786698,16.894210663721335,-0.041192844435068675,-0.41192844440465304,60,time,5.166461395443056,-4.632180790799034,0.006757684265489061
SVRN,2026-09-18T14:45:05.000Z,2026-09-18T15:45:05.000Z,33.826638477801296,19.114096968551742,18.755975064916136,0.5231740733350508,-0.18736009507554255,-1.873600956533918,60,time,2.0189446149780466,-2.3757176145902337,-0.1307935183337623
ENRD,2026-09-21T13:30:05.000Z,2026-09-21T13:35:05.000Z,5.597964376590325,4.171141418921638,3.889202191197411,2.397425259399098,-0.6759282261615372,-6.759282397984889,5,stop,0,-6.740155527844016,-0.7671760830077101
LGHL,2026-09-21T13:30:05.000Z,2026-09-21T13:40:05.000Z,2.9113924050632844,8.172340012459067,7.7381998442133755,1.2236397087367497,-0.5312311490230812,-5.3123116216876305,10,stop,0.9502784688661725,-5.29028420011829,-0.6485290456304753
GLNDW,2026-09-21T13:35:05.000Z,2026-09-21T13:40:05.000Z,178.00000000000003,0.8140644291894479,0.7249225100474235,12.284039981778905,-1.09502289879313,-10.95022899241301,5,stop,0,-10.928426055665952,-1.449516717849912
SUIL,2026-09-21T13:40:05.000Z,2026-09-21T13:45:05.000Z,72.16216216216216,12.83371773996389,11.217528801584152,0.7791974190602954,-1.2593302494992904,-12.593302822509212,5,stop,0,-12.574047307732272,-0.9973726963971803
GRML,2026-09-21T13:35:05.000Z,2026-09-21T13:55:05.000Z,152.28070175438594,7.201440336526938,6.758647683434648,1.3886111017520768,-0.6148667938582092,-6.148667938639571,20,stop,0.9520270983196966,-6.129889520682097,-0.9581416602089323
GLND,2026-09-21T13:40:05.000Z,2026-09-21T13:55:05.000Z,137.5,2.8605724714880663,2.7094574581420194,3.495803759332164,-0.5282684317466406,-5.282684317640692,15,stop,0,-5.263718118972827,-0.24470626315325106
SCNI,2026-09-21T13:30:05.000Z,2026-09-21T14:00:05.000Z,9.615384615384603,1.7204094294507344,1.6296657958428964,5.812569809419896,-0.5274537051059798,-5.274537098811949,30,stop,4.0450005305704195,-5.2551112486984515,-0.17437709428259573
LOBO,2026-09-21T14:00:05.000Z,2026-09-21T14:05:05.000Z,128.3018867924528,1.2202441563009896,1.0697859389291595,8.195081245098807,-1.2330173153548842,-12.330173153864916,5,stop,0,-12.312630675194958,-1.3931638116667973
SDST,2026-09-21T13:30:05.000Z,2026-09-21T14:15:05.000Z,2.400000000000002,0.12833061844525784,0.12107350028449336,77.92372567777728,-0.5655016847706268,-5.655016899852435,45,stop,1.3787680416244008,-5.634367334045232,-0.5532584523122193
WETH,2026-09-21T13:40:05.000Z,2026-09-21T14:25:05.000Z,7.619047619047614,1.1407641211653998,1.0797256461079705,8.766051336013192,-0.5350664058253861,-5.350665744560117,45,stop,0,-5.326615733962892,-0.5259630801607891
MARA,2026-09-21T13:30:05.000Z,2026-09-21T14:30:05.000Z,5.211480362537757,13.95280454972637,13.317334927580058,0.7167017901142799,-0.45544221575550675,-4.554422158509876,60,time,0,-4.535321536764303,-0.32251580555142567
VEEE,2026-09-21T13:30:05.000Z,2026-09-21T14:30:05.000Z,67.83216783216784,14.422892273745997,18.026391302631758,0.6933422096656999,2.516481317799133,25.164813180886792,60,time,36.3804126569351,0,2.8005825203921777
USAR,2026-09-21T13:35:05.000Z,2026-09-21T14:35:05.000Z,8.230318802862712,16.653330887748385,16.55666405020081,0.6004804724831484,-0.05804654828402078,-0.5804654828463979,60,time,0.6405271892489184,-1.701346653460345,-0.06004804724831381
CLSK,2026-09-21T13:35:05.000Z,2026-09-21T14:35:05.000Z,3.5590877677954325,15.003001285466633,14.87701238585467,0.6665333028742414,-0.08397579738385302,-0.8397579738529268,60,time,0,-2.152911136383917,-0.013330666057484564
RIOT,2026-09-21T13:35:05.000Z,2026-09-21T14:35:05.000Z,4.905263157894724,24.934987702320335,24.755044535351068,0.40104290883339233,-0.07216493110604748,-0.7216493110703316,60,time,0,-1.4637572982896252,0.02005214544166911
JBLU,2026-09-21T13:35:05.000Z,2026-09-21T14:35:05.000Z,1.3729977116704761,4.440892990211808,4.469093927529332,2.25179936102514,0.06350285263191068,0.6350285264626249,60,time,0.8806113967255724,-0.4704682201948751,0.04503598722050306
BB,2026-09-21T13:40:05.000Z,2026-09-21T14:40:05.000Z,2.3153942428035146,8.18164302165338,8.198345558448436,1.2222483884728752,0.02041464868116496,0.20414648684684056,60,time,1.079941744131041,-0.2645314834208823,0.02444496776945826
CYAB,2026-09-21T13:40:05.000Z,2026-09-21T14:40:05.000Z,4.219409282700415,0.32196489891005725,0.3182349666117245,20.920893068689896,-0.07803351476687197,-1.158490354370809,60,time,3.3653050772374904,-2.4738407624622094,0.03765760752364056
CRMU,2026-09-21T13:45:05.000Z,2026-09-21T14:45:05.000Z,70.64585246403428,3.370683702554235,3.3393114077455617,2.5931443762847386,-0.08135288985425783,-0.930739801687709,60,time,2.9464733629710027,-4.1737438148713775,-0.2333829938656269
GLNDW,2026-09-21T14:00:05.000Z,2026-09-21T15:00:05.000Z,106.93103448275866,0.6046477520527667,0.8345683350116014,16.538554650207125,3.784268056635899,37.842680977142926,60,time,43.604271586579024,0,2.4762764413888867
BTTC,2026-09-21T14:00:05.000Z,2026-09-21T15:00:05.000Z,80.84931506849315,0.661432454950949,0.8088379664688116,12.592988187085021,1.8939529186715351,22.73813716010474,60,time,40.40738295324064,-4.207905847772919,1.6447701871151743
IMSR,2026-09-22T13:30:05.000Z,2026-09-22T13:35:05.000Z,9.55555555555554,4.9610257813633805,4.649051866078129,2.0157121584579336,-0.6288496141622062,-6.288496150477878,5,stop,0,-6.269384499709341,-0.24188545901495218
SCNX,2026-09-22T13:30:05.000Z,2026-09-22T13:35:05.000Z,8.697079094190997,0.33380409197016847,0.31532621646159653,29.957690428218147,-0.5535544742569521,-5.535544935807221,5,stop,0,-5.513441091013704,-0.3355261327960424
SCAG,2026-09-22T13:30:05.000Z,2026-09-22T13:40:05.000Z,9.962794543199681,0.268088165,0.24971348390243903,25,-0.47863542250354263,-7.141462921401885,10,stop,0,-14.020822217198582,-0.7910000000000004
QNME,2026-09-22T13:30:05.000Z,2026-09-22T13:40:05.000Z,106.37898686679179,1.3302699552063724,1.2397513695577658,7.517271178550923,-0.6804527550194637,-6.804527554301107,10,stop,0.731433853372887,-6.78583732971465,-0.37586355892754675
SOFX,2026-09-22T13:35:05.000Z,2026-09-22T13:50:05.000Z,9.776889205068118,8.971803401555256,8.318328953697423,1.1146031126985818,-0.7283646536513284,-7.283646538047794,15,stop,0,-7.265021003940708,-0.5350094940953198
SOFA,2026-09-22T13:35:05.000Z,2026-09-22T13:50:05.000Z,8.957654723127039,13.43393563376333,12.41736513115545,0.7443834777834285,-0.7567182861433018,-7.56718306772996,15,stop,0,-7.547569538855159,-0.5508437735597358
OPENZ,2026-09-22T13:40:05.000Z,2026-09-22T13:50:05.000Z,67.31843575418995,0.12213057048894793,0.11027153862370957,81.87958046762014,-0.9710125538778557,-9.710125661217255,10,stop,0,-9.686821605421493,-0.6386607276474372
LHSW,2026-09-22T13:40:05.000Z,2026-09-22T13:55:05.000Z,156.35103926096997,1.1202241117139344,1.019795809786691,8.926785180958593,-0.8965018773929516,-8.96501877410841,15,stop,0,-8.946791152405408,0.6195188915585259
OPEX,2026-09-22T13:40:05.000Z,2026-09-22T14:00:05.000Z,9.445585215605746,5.372194618161993,5.058301493535716,1.861436499996141,-0.5842921192771905,-5.842921690980562,20,stop,0,-5.8113050690037245,-0.5398165849988814
IMCC,2026-09-22T13:40:05.000Z,2026-09-22T14:00:05.000Z,49.756888168557545,4.630928805588265,4.249138719979583,2.1593940262517934,-0.8244352301455496,-8.244352302457472,20,stop,0,-8.225753873145026,-1.101290953388414
DCOY,2026-09-22T13:55:05.000Z,2026-09-22T14:00:05.000Z,158.984375,6.641328910863217,5.858827626319627,1.505722745242826,-1.1782299823190125,-11.782299823513538,5,stop,0,-11.764647126348427,-0.34631623140585077
CWD,2026-09-22T13:55:05.000Z,2026-09-22T14:00:05.000Z,76.22350674373797,0.9183836957543896,0.7552487753216985,10.888695047731904,-1.7763264002275814,-17.763264002491557,5,stop,0,-17.746797608434207,-0.2918170272792153
TOPS,2026-09-22T13:40:05.000Z,2026-09-22T14:15:05.000Z,39.2757660167131,1.0102020985167206,0.9575080801823882,6.186795419176867,-0.32600711124886955,-5.216185792100711,35,stop,9.879003580552116,-5.197187631446165,-0.24623445768323915
SHPU,2026-09-22T13:30:05.000Z,2026-09-22T14:30:05.000Z,9.67529527964115,16.02335992487661,16.696011848041433,0.6240888319599719,0.4197945530435642,4.197945539003454,60,time,6.344737183023863,0,0.2558764211035882
MAZE,2026-09-22T13:30:05.000Z,2026-09-22T14:30:05.000Z,9.468512728896815,24.656823415233664,27.80439848617955,0.40556723869139977,1.2765533300974101,12.765533572346666,60,time,16.560026877767385,0,0.9976954071808439
VTGN,2026-09-22T13:35:05.000Z,2026-09-22T14:35:05.000Z,9.871244635193133,0.25876084499482566,0.24915746609923994,38.64572291622842,-0.3711295198583612,-3.7112952292986017,60,time,0,-4.119960651326071,0.06569772895758774
GMEU,2026-09-22T13:35:05.000Z,2026-09-22T14:35:05.000Z,9.240506329113906,8.672396946678278,8.528222726056617,1.1530837264633644,-0.16624494757437608,-1.6624495108804138,60,time,0,-2.7950398046657887,-0.09224669811706931
VFF,2026-09-22T13:35:05.000Z,2026-09-22T14:35:05.000Z,8.680555555555557,3.140645105710947,3.0293147125294175,3.184059214658198,-0.3544825642811685,-3.544825646778306,60,time,0,-3.523005687899916,-0.25472473717265487
OMER,2026-09-22T13:40:05.000Z,2026-09-22T14:40:05.000Z,9.464575446187151,20.274063564165154,19.89588605490582,0.4932410302160393,-0.18653266427160978,-1.865326642892504,60,time,0.5225219675353499,-1.8450349777255348,-0.11837784725184797
VRDN,2026-09-22T13:55:05.000Z,2026-09-22T14:55:05.000Z,3.151065801668218,22.30468805424621,21.755609681867305,0.44833624008480266,-0.24617173298424114,-2.4617173351338337,60,time,0,-3.4283736781543284,-0.2241681200424015
ZEO,2026-09-22T13:55:05.000Z,2026-09-22T14:55:05.000Z,50.176338570054504,0.469493935684651,0.4752047374411251,14.158654126330937,0.12350175332819921,1.857894989467412,60,time,46.81765782444272,-0.5311965704123733,-0.43601575382036195
SKIL,2026-09-22T13:35:05.000Z,2026-09-22T15:00:05.000Z,8.585858585858585,6.501426490458479,6.368017766586496,1.538123975096465,-0.14474036786958366,-1.4474036848760399,85,time,0.43949600266119937,-2.944376756999678,-0.04076247950193057
IPDN,2026-09-23T13:30:05.000Z,2026-09-23T13:40:05.000Z,76.41025641025642,6.901386054105283,6.148768094436493,1.4489842938563553,-1.0905316028342933,-10.905316030264622,10,stop,0,-10.88746591213111,-0.1883679582013258
ZEO,2026-09-23T13:35:05.000Z,2026-09-23T13:40:05.000Z,8.207431604736627,0.5316065859089273,0.48390296026162544,18.81090314527184,-0.8973482817297008,-8.973482818264829,5,stop,0,-8.955228767064805,-0.554921642785521
LGHL,2026-09-23T13:30:05.000Z,2026-09-23T13:45:05.000Z,1.675257731958757,7.932433197649869,7.188320934751515,1.2606471965276802,-0.9380630381246782,-9.380630688687187,15,stop,0,-9.359463599010564,-0.7689947898818836
FLYE,2026-09-23T13:40:05.000Z,2026-09-23T13:55:05.000Z,8.888888888888879,1.4918393052681658,1.3791515795638394,6.703126266921897,-0.75536005412836,-7.553610184849646,15,stop,0,-7.496739419133491,-0.46921883868453307
HAO,2026-09-23T13:35:05.000Z,2026-09-23T13:55:05.000Z,8.771929824561386,3.150702510663282,2.9986998760326773,3.173895318529358,-0.48244045045820544,-4.824404529344331,20,rotation_for_stronger_continuation,1.2472611807594847,-4.783139955398596,-0.8569517360029266
WHLR,2026-09-23T13:55:05.000Z,2026-09-23T14:10:05.000Z,290.64171122994645,7.321465015761644,6.9086172799297785,1.2999528804094236,-0.5366826033651428,-5.638867835099773,15,stop,3.531191963381408,-5.619981996442547,-0.7019745554210886
MSS,2026-09-23T13:30:05.000Z,2026-09-23T14:15:05.000Z,31.410256410256387,2.0604144096184096,1.919615419820779,4.85339257528264,-0.683352771691116,-6.833527718518847,45,stop,16.966761091829774,-6.814862532650146,-0.09706785150565267
RUN,2026-09-23T13:30:05.000Z,2026-09-23T14:30:05.000Z,-1.7064846416382062,8.671958567417681,8.468281400178753,1.1531420340350165,-0.23486870291638706,-2.3486870429038276,60,time,0.09272913978777275,-2.674811758086537,-0.31134834918945486
ONDS,2026-09-23T13:30:05.000Z,2026-09-23T14:30:05.000Z,0.38860103626943143,7.761561350206076,7.688461305121479,1.288400560965818,-0.09418213909362093,-0.9418213911644954,60,time,2.0413244532263786,-2.4680775112470132,0.012884005609658189
VTGN,2026-09-23T13:30:05.000Z,2026-09-23T14:30:05.000Z,54.65393794749404,0.38957928599593306,0.42261515738292166,25.66871584867175,0.9238886331751405,9.238886338442178,60,time,38.867752841881774,0,1.925987921915464
JDST,2026-09-23T13:35:05.000Z,2026-09-23T14:35:05.000Z,8.29244357212955,22.1144481508385,22.37522458932837,0.45219306081765376,0.11792129590986097,1.1792129593791487,60,time,2.376508993472548,-0.3366493720788455,0.11757019581259165
IONL,2026-09-23T13:35:05.000Z,2026-09-23T14:35:05.000Z,8.08656036446469,14.302865542003794,14.537033251762203,0.699160596165583,0.16372083555741887,1.6372083557013102,60,time,2.0774470481009555,-1.4882719926203825,0.39152993385272694
XNDU,2026-09-23T13:35:05.000Z,2026-09-23T14:35:05.000Z,-2.768166089965396,5.631127943819544,5.558882981454109,1.7758431523979035,-0.12829572171190176,-1.282957217207744,60,time,0,-2.8613795571167944,-0.017758431523978047
INFQ,2026-09-23T13:35:05.000Z,2026-09-23T14:35:05.000Z,-0.2844950213371278,14.04280948232703,14.077160345938301,0.7121082154090206,0.024461532183981043,0.24461532184497733,60,time,2.1875289133529208,-0.803325591428139,0.09969515015726316
AIXC,2026-09-23T13:40:05.000Z,2026-09-23T14:40:05.000Z,9.929078014184412,1.5704522345146759,1.5896393670542792,6.367592421250928,0.12217583974471541,1.2217584284270095,60,time,1.881481323400802,-2.57583348449798,-0.12735184842502
NXXT,2026-09-23T13:40:05.000Z,2026-09-23T14:40:05.000Z,8.882189239332106,0.9487328042826214,0.9303072633984374,6.925769817074046,-0.12761105491894553,-1.942121195874152,60,time,0.4181573251679005,-3.90339662710657,-0.1925364009146584
ADUR,2026-09-23T13:55:05.000Z,2026-09-23T14:55:05.000Z,1.1838989739542338,12.872816460778223,12.927139924027959,0.7181511162260391,0.03901245577006182,0.4220013810905486,60,time,1.3764162626075827,-1.4978576084395345,-0.014363022324520358
GLNDW,2026-09-23T13:45:05.000Z,2026-09-23T15:00:05.000Z,9.999999999999986,0.8463752474968315,0.8730296190347163,10.706759637486082,0.28538194934438343,3.14923807338596,75,time,5.8277640619863735,-2.832697147954011,0.5010763510343494
SOFI,2026-09-23T14:10:05.000Z,2026-09-23T15:10:05.000Z,-1.660839160839167,16.883378393028412,16.886620827996154,0.5524946881470603,0.0017914280963397475,0.01920489425908324,60,time,0.3353689389261616,-0.434619134395009,0.02209978752588171
UWMC,2026-09-23T14:15:05.000Z,2026-09-23T15:15:05.000Z,-1.1904761904761862,1.250251903164068,1.229740765430048,7.45181606985344,-0.15284522577734685,-1.6405604088353287,60,time,0,-2.419664636183172,-0.07451816069853479
ATYR,2026-09-24T13:30:05.000Z,2026-09-24T13:35:05.000Z,8.155650319829434,0.4068855045158766,0.36562640966588045,24.57693839570028,-1.0140222323907095,-10.140222345617182,5,stop,0,-10.122136094496703,-0.24576938395700232
CBRZ,2026-09-24T13:30:05.000Z,2026-09-24T13:35:05.000Z,7.568238213399514,8.711973214962853,8.178280966954041,1.1478455790817035,-0.6125962874670909,-6.125962911504287,5,stop,0,-6.106231066564661,-0.33287521793369557
KYTX,2026-09-24T13:35:05.000Z,2026-09-24T13:40:05.000Z,9.54738330975955,7.761565548871075,7.368521319551354,1.2883998638564291,-0.5063981315450838,-5.06398131723425,5,stop,0,-5.044930000340308,-0.6699679292053435
BTLN,2026-09-24T13:35:05.000Z,2026-09-24T13:45:05.000Z,7.625368731563409,0.7463847829613753,0.7048675457037983,13.397915003566128,-0.5562444159599063,-5.562444225196044,10,stop,0,-5.5179022806399525,-0.19560955905206612
HUHU,2026-09-24T13:35:05.000Z,2026-09-24T14:00:05.000Z,9.32203389830506,6.511456096235207,6.028613551803647,1.5357547988149642,-0.741527754682796,-7.415277586079862,25,stop,0,-7.393985141258574,-1.0596708111823254
ZKIN,2026-09-24T13:35:05.000Z,2026-09-24T14:00:05.000Z,8.235294117647074,1.8706224262470916,1.5996582999228677,5.345814001582161,-1.4485238204305138,-14.485238844689876,25,stop,0,-14.466972193315552,-0.7484139602215034
NCPL,2026-09-24T14:10:05.000Z,2026-09-24T14:20:05.000Z,49.03846153846154,1.5603128930193573,1.4197145374324631,6.408970946526682,-0.901090776085832,-9.010907761892721,10,stop,0.6208438720196163,-8.992612548873979,-1.0254353514442691
GLNDW,2026-09-24T14:10:05.000Z,2026-09-24T14:20:05.000Z,45.1594467939193,1.2904351195544765,1.1797398268953136,7.7493237633076895,-0.8578136618899502,-8.57813701609272,10,stop,0,-8.55797535893198,-0.5424526634315399
USDEW,2026-09-24T14:10:05.000Z,2026-09-24T14:20:05.000Z,42.72727272727273,4.751107691931913,4.459031256339824,2.1047723122713236,-0.614754394701128,-6.147543994594744,10,stop,0,-6.127154146100644,-1.1365770486265152
PATH,2026-09-24T13:30:05.000Z,2026-09-24T14:20:05.000Z,0.07668711656443339,13.08265302952628,12.637468419914303,0.7643709553169349,-0.34028618534150434,-3.402861855368628,50,rotation_for_stronger_continuation,0,-4.2243192438031985,-0.2904609630204362
LU,2026-09-24T13:30:05.000Z,2026-09-24T14:30:05.000Z,9.016393442622949,1.3503909717387725,1.3297290622672562,7.4052625867760735,-0.1530068651807743,-1.5300686915073156,60,time,1.4521000711356091,-4.4721101519964,0.2962105034710447
TSSI,2026-09-24T13:30:05.000Z,2026-09-24T14:30:05.000Z,8.081896551724155,10.062992100621535,10.047912532664151,0.9937401928072648,-0.014985172769421325,-0.14985173203557337,60,time,0.6658844477710257,-3.8059465494152622,0.2583724501298885
GLND,2026-09-24T14:10:05.000Z,2026-09-24T14:30:05.000Z,61.512027491408936,4.710942272617902,4.369125666561377,2.1227175841250894,-0.7255801202221434,-7.255801202305433,20,stop,0,-7.237241572659681,-0.42454351682501823
PMAX,2026-09-24T13:30:05.000Z,2026-09-24T14:35:05.000Z,9.469074986316372,1.0110262443231746,2.5894816850052678,9.890931878096739,15.40472742532602,154.04740196520345,65,time,172.00085214810335,-4.987629609647981,15.10345297785372
GRML,2026-09-24T13:35:05.000Z,2026-09-24T14:35:05.000Z,9.606791778373559,12.282458020810175,15.386919631849736,0.814169279693663,2.5293888352710394,25.293888353543387,60,time,28.638746195835175,0,2.4068879330943904
ORCZ,2026-09-24T13:35:05.000Z,2026-09-24T14:35:05.000Z,9.313725490196067,17.894335392206358,18.015828982780867,0.5588360605882199,0.0678949995433769,0.6789500023981013,60,time,4.614111615194427,-1.5330851143308788,0.10617885151176232
APUS,2026-09-24T14:10:05.000Z,2026-09-24T14:35:05.000Z,159.38864628820957,5.951190961442181,5.328933119209931,1.6803359301468763,-1.0456022101185167,-10.456022101523283,25,stop,2.6685253352941363,-10.438094920275343,-1.0082015580881265
PFSA,2026-09-24T14:10:05.000Z,2026-09-24T14:40:05.000Z,43.90243902439026,2.9605955469959477,2.589478026561595,3.3776987902776137,-1.2535231998219412,-12.535232001241026,30,stop,2.6820432491909463,-12.517601310722204,-1.0808636128888374
ATCH,2026-09-24T14:20:05.000Z,2026-09-24T14:50:05.000Z,11.0941475826972,0.21894533273705316,0.19945988145900964,44.11929613218497,-0.8596843952052642,-8.899687896724872,30,stop,0,-8.881364354273046,-0.7456161046339247
NIO,2026-09-24T14:20:05.000Z,2026-09-24T15:20:05.000Z,-1.6348773841961761,3.6207290142365545,3.5692689790553542,2.7618747379026414,-0.1421261711785381,-1.4212617121817603,60,time,0,-1.4010718293771873,-0.08285624213707976
CMPX,2026-09-24T14:20:05.000Z,2026-09-24T15:20:05.000Z,-2.991452991453003,1.1402871987281895,1.0897391576048836,8.76972036549762,-0.443292185675067,-4.432921914732032,60,time,0,-4.410046765786446,-0.35078881461990363
WVE,2026-09-24T14:20:05.000Z,2026-09-24T15:20:05.000Z,-2.0253164556962022,3.8810511928309004,3.859194479066934,2.374602056325436,-0.05190099744843073,-0.5631647890741586,60,time,0,-1.3153960175841584,-0.04749204112650851
KITT,2026-09-25T13:30:05.000Z,2026-09-25T13:35:05.000Z,9.867751780264511,3.2506620830068993,2.3695253641399314,3.076296378114295,-2.710637696873967,-27.10637698926572,5,stop,0,-27.09177578348214,-1.3228074425891467
USDE,2026-09-25T13:30:05.000Z,2026-09-25T13:35:05.000Z,9.353023909985936,15.583362009904784,14.587075441204371,0.6417100468805974,-0.6393271007072513,-6.393271028852265,5,stop,0,-6.3745038411698545,-0.34652342531552094
INLF,2026-09-25T13:30:05.000Z,2026-09-25T13:35:05.000Z,112.20338983050846,6.271255551231603,5.568885720693735,1.5945770217481874,-1.1199827925448524,-11.199827926003278,5,stop,0,-11.182059884226591,-1.1799869960936586
APUS,2026-09-25T13:35:05.000Z,2026-09-25T13:40:05.000Z,77.84552845528457,8.771754163552552,7.898419649684919,1.1400228293576247,-0.9956212834750454,-9.956212834787586,5,stop,0,-9.938196480411765,-0.9576191766604047
GLNDW,2026-09-25T13:40:05.000Z,2026-09-25T13:45:05.000Z,9.532267613972767,1.7003681153966488,1.3697039306485346,5.881079440178924,-1.9446623385256598,-19.446623454885202,5,stop,0,-19.429211381065148,-1.1174050936339945
PL,2026-09-25T13:30:05.000Z,2026-09-25T13:45:05.000Z,1.759364358683313,17.96364221078972,17.666461846548867,0.5566799804287547,-0.1654343593494075,-1.654343594431828,15,rotation_for_stronger_continuation,0,-1.9686553909279425,0.02226719921715059
FRVO,2026-09-25T13:35:05.000Z,2026-09-25T14:00:05.000Z,3.470975463794135,17.31347308425055,16.426707888640316,0.5775848641144177,-0.5121821550079322,-5.12182155073723,25,stop,0,-5.102806813811456,-0.508274680420687
STLU,2026-09-25T13:40:05.000Z,2026-09-25T14:10:05.000Z,9.610983981693355,24.044887881489117,22.375501187275145,0.41588881772011466,-0.6942792585743397,-6.942792590433099,30,stop,0,-6.924082531367626,-0.5780854566309603
ONCO,2026-09-25T13:45:05.000Z,2026-09-25T14:15:05.000Z,40.520364474695356,1.2902582797977618,1.2097569429767838,7.622168204029024,-0.6135947298986889,-6.239164520889251,30,stop,3.0801368086138092,-6.22032666284007,-0.45733009224174204
QBTS,2026-09-25T13:30:05.000Z,2026-09-25T14:30:05.000Z,-0.17162471395879564,17.483606157970396,17.356512114134027,0.5719643817555788,-0.07269326620768511,-0.7269326630217495,60,time,0.3797491285820298,-1.221751142415306,-0.04003750672289108
GIPR,2026-09-25T13:30:05.000Z,2026-09-25T14:30:05.000Z,1.138484509145199,0.5466899171414624,0.44621027246759903,18.291904009775948,-1.8379640153107042,-18.37964109512982,60,stop,24.293494116916637,-18.363228220191484,-1.7194389769189407
YMAT,2026-09-25T13:35:05.000Z,2026-09-25T14:35:05.000Z,9.090909090909104,1.5807151802894401,1.569436195876482,6.326249650368595,-0.07135367119898939,-0.7135367935729507,60,time,5.01575620321697,-2.5757442452083557,0.1265249930073722
MGN,2026-09-25T13:35:05.000Z,2026-09-25T14:35:05.000Z,8.92388451443571,4.20153419082605,4.128703226911069,2.3800828321716327,-0.17334372686455665,-1.7334373732815298,60,time,4.009626044262382,-2.8926145856772223,-0.19040662657373097
MGLD,2026-09-25T13:35:05.000Z,2026-09-25T14:35:05.000Z,93.01930193019301,1.940395238606353,1.9194730928464687,5.153589224215012,-0.10782414493559538,-1.0782414501754367,60,time,0,-1.0510868198687962,-0.05153589224214983
BENF,2026-09-25T13:40:05.000Z,2026-09-25T14:40:05.000Z,9.655172413793123,1.600327727109249,1.8696247688643155,6.248720071965103,1.7186849753484421,17.186849770482464,60,time,31.223121641048724,0,1.7121492997184369
ACTU,2026-09-25T13:40:05.000Z,2026-09-25T14:40:05.000Z,9.564516129032263,0.6943839848019653,0.6449367340583182,14.401238659780713,-0.712101659029281,-7.121024076865654,60,stop,4.308281275606696,-7.097511734234596,-0.59621128051492
AMC,2026-09-25T13:40:05.000Z,2026-09-25T14:40:05.000Z,0.687285223367673,2.9405894392924354,2.849427171055161,1.485702272870161,-0.1354399891201178,-3.1001358781731128,60,time,0,-3.760791554738274,-0.13371320455831448
WT,2026-09-25T13:45:05.000Z,2026-09-25T14:45:05.000Z,3.4597749062109218,24.854980845304826,24.075109304638453,0.32409349560674644,-0.252751293738784,-3.1376871522059284,60,time,0,-3.11801022953202,-0.22038357701258793
TSUI,2026-09-25T13:35:05.000Z,2026-09-25T14:50:05.000Z,9.249394673123511,22.61692511003839,22.184206856888192,0.4421467385984539,-0.1913249643623806,-1.9132497058945448,75,time,0,-2.373996940017642,-0.30950271701891907
GENI,2026-09-25T14:10:05.000Z,2026-09-25T15:10:05.000Z,7.758620689655182,6.261280271562172,6.258559074163895,1.5971174515512403,-0.004346071853904786,-0.043460718579181955,60,time,0.9378230312500957,-0.49958267647340904,0.015971174515513553
LION,2026-09-25T14:10:05.000Z,2026-09-25T15:10:05.000Z,-2.2768670309653904,10.7525276405233,10.497892179685111,0.8178112913916157,-0.2082437550621788,-2.3681451408554275,60,time,0,-2.348542119264996,-0.19627470993398788
PMAX,2026-09-28T13:30:05.000Z,2026-09-28T13:35:05.000Z,9.259259259259256,1.7803784752139193,1.6896549943587496,5.61678323591083,-0.5095741263707948,-5.0957412773859225,5,stop,0,-5.076363058313205,-1.4603636413368157
SOAR,2026-09-28T13:30:05.000Z,2026-09-28T13:35:05.000Z,118.10584958217274,0.39217854728713525,0.349430052871295,25.498590038960682,-1.0900263338923097,-10.900263339631813,5,stop,0,-10.882427808038154,-0.49212278775194207
CLRO,2026-09-28T13:30:05.000Z,2026-09-28T13:35:05.000Z,68.1159420289855,5.811166025281211,5.428912608128324,1.7208250384011226,-0.6577912512510768,-6.577912513425205,5,stop,0,-6.559200401829268,-0.8432042688165513
GYGY,2026-09-28T13:30:05.000Z,2026-09-28T13:35:05.000Z,63.60194699837749,1.2202451742283509,1.14976945727734,8.19507440739512,-0.5775537443280514,-5.775537444397411,5,stop,0,-5.756644296730951,-0.32780297629580524
LOBO,2026-09-28T13:30:05.000Z,2026-09-28T13:40:05.000Z,8.340775138417577,0.6124390136295488,0.5707159591069789,16.32815629979075,-0.6812605555492119,-6.81260559729907,10,stop,0,-6.749898799646658,-0.6629231457715061
CRMT,2026-09-28T13:35:05.000Z,2026-09-28T13:40:05.000Z,8.962264150943366,1.1705610682429264,1.0886121793154688,8.542910687035459,-0.7000820390090589,-7.0008213283965715,5,stop,0,-6.88226103093047,-0.6834328549628346
NAMI,2026-09-28T13:35:05.000Z,2026-09-28T13:50:05.000Z,54.71698113207546,2.470494208396203,2.219555605083506,4.047773099748745,-1.0157425281776553,-10.15742528194799,15,stop,6.456432525188749,-10.139437184061183,-0.7285991579547737
ARAY,2026-09-28T13:35:05.000Z,2026-09-28T13:50:05.000Z,47.884704788470465,0.3190639209541981,0.29314005298213447,31.34168215990766,-0.8124976303358286,-8.124976303975476,15,stop,0,-8.106187900170292,-0.6832486710859857
AMPX,2026-09-28T13:40:05.000Z,2026-09-28T14:00:05.000Z,9.282051282051285,10.67213738323381,10.057980267852729,0.9370194217210142,-0.5754771451002269,-5.754771451367719,20,stop,0,-5.735846168879844,-0.45913951664329744
CSAI,2026-09-28T13:35:05.000Z,2026-09-28T14:15:05.000Z,9.206798866855536,3.8811870584367925,3.2693353351175563,2.576531232681091,-1.5764550749017614,-15.76455125988359,40,stop,15.170949833074033,-15.747425961039795,-1.6747453012427105
SDEV,2026-09-28T13:40:05.000Z,2026-09-28T14:15:05.000Z,9.731543624161066,1.650331359346317,1.5196909877709743,6.059389189760515,-0.7916008552699277,-7.916008554008705,35,stop,0,-7.8972843004049835,-0.9695022703616818
LINK,2026-09-28T13:30:05.000Z,2026-09-28T14:30:05.000Z,9.369369369369384,6.101297792350582,6.198479597890379,1.6389955568814798,0.15928054748944662,1.592805479215208,60,time,4.895715924961275,0,0.03277991113763079
NASA,2026-09-28T13:35:05.000Z,2026-09-28T14:35:05.000Z,-0.4686226568867191,24.455181994188045,24.335029265681698,0.4089112882934339,-0.049131807005501855,-0.49131807129835686,60,time,0,-0.7572300800380738,0.04498024171227755
SOAR,2026-09-28T14:30:05.000Z,2026-09-28T14:35:05.000Z,146.9637883008357,0.4440888426040994,0.4158166974291284,22.51801675801824,-0.6366326388351218,-6.3663263884734285,5,stop,0,-6.347568301604345,-0.3084968295848505
ONCY,2026-09-28T13:35:05.000Z,2026-09-28T14:40:05.000Z,-0.4683155275867268,0.6838356565934435,0.7066546452412616,14.623395847758854,0.34961975880931434,3.496197762491176,65,time,4.279440992056194,0,0.28343474816622916
JDST,2026-09-28T13:40:05.000Z,2026-09-28T14:40:05.000Z,9.960159362549792,24.89500190948631,24.614785131314974,0.40168705487262557,-0.11255945234954,-1.125594523712646,60,time,0,-2.1892021196376565,-0.06025305823089511
NYXH,2026-09-28T13:40:05.000Z,2026-09-28T14:40:05.000Z,8.965517241379327,1.5904098880753959,1.569592871048494,6.287687171733028,-0.13089089091379816,-1.3089089286343074,60,time,0.6029962462198668,-2.5408473864745096,-0.06287687171733047
MIMI,2026-09-28T13:40:05.000Z,2026-09-28T14:40:05.000Z,29.668049792531125,1.0102073784790617,0.9862004157220425,9.898957582475644,-0.2376439060158055,-2.3764390627559426,60,time,1.959263210959472,-3.2178916103348887,-0.3464635153866471
NAMI,2026-09-28T14:30:05.000Z,2026-09-28T14:40:05.000Z,35.849056603773576,2.1704352611310314,2.039584791044341,4.607370778533815,-0.6028766322348292,-6.028766323050931,10,stop,0,-6.009636106955818,-1.2900638179894681
TGHL,2026-09-28T13:40:05.000Z,2026-09-28T14:45:05.000Z,9.289617486338809,0.80616725,0.791950005,5,-0.07108622499999995,-1.7635602289723367,65,time,0,-1.6209105492687725,-0.1200000000000001
DLXY,2026-09-28T14:30:05.000Z,2026-09-28T14:50:05.000Z,15.999999999999993,2.9206375355277694,2.629437944240763,1.8935442835620282,-0.5513993214571097,-9.97041186195621,20,stop,0,-9.951167578733811,-0.5301923993973681
LFCR,2026-09-28T14:30:05.000Z,2026-09-28T15:30:05.000Z,56.785714285714285,6.591329250881493,6.568332537573141,1.5171446632285372,-0.03488934086756285,-0.3488934087957522,60,time,0.2832622739337376,-0.6270245243167993,-0.015171446632285424
CLRO,2026-09-28T14:30:05.000Z,2026-09-28T15:30:05.000Z,42.46376811594202,4.930991123390936,4.9889940294970225,2.0279898599846553,0.117629305432785,1.1762930545735586,60,time,2.0078899785359594,-1.4396927841581086,0
ARAY,2026-09-28T14:30:05.000Z,2026-09-28T15:30:05.000Z,37.377963737796364,0.29606118003975157,0.34373104879090816,33.77680243263898,1.6101357387976467,16.101357410233938,60,time,17.3743886156712,-0.831307920687574,1.8003035696596594
