symbol,opened_at,closed_at,entry_day_change_pct,entry_price,exit_price,quantity,realized_pnl,return_pct,minutes_held,exit_reason,mfe_pct,mae_pct,nbbo_pnl
NNVC,2026-08-03T13:30:05.000Z,2026-08-03T13:35:05.000Z,9.210526315789469,1.6904276794928073,1.569534736313655,5.91566263795381,-0.7151618671571843,-7.151618767590509,5,stop,0,-7.124095337159886,-0.4140963846567658
TOPS,2026-08-03T13:30:05.000Z,2026-08-03T13:35:05.000Z,9.206349206349195,0.6952595931016664,0.6440849913958058,14.383116797349443,-0.7360502733932315,-7.360502783940369,5,stop,0,-7.300811611274516,-0.3466331148161199
NRXS,2026-08-03T13:30:05.000Z,2026-08-03T13:45:05.000Z,9.599999999999987,6.892373672867567,6.31818228293358,1.4508788955559326,-0.8330821696651493,-8.330822111319094,15,stop,0,-8.304449236708766,-0.5803515582223753
EZRA,2026-08-03T13:45:05.000Z,2026-08-03T13:50:05.000Z,129.39560439560444,4.190838151011406,3.6792635442208312,2.3861575273467777,-1.2206975987927988,-12.206975988015978,5,stop,0,-12.189402993005627,-1.1692171883999212
YYAI,2026-08-03T13:45:05.000Z,2026-08-03T13:50:05.000Z,50,0.18043633572233161,0.14917006065788227,55.42120968657963,-1.732814786465123,-17.32814786959769,5,stop,0,-17.311555124019108,-1.6570941696287314
EDBL,2026-08-03T13:50:05.000Z,2026-08-03T13:55:05.000Z,30.04291845493563,3.040608569360806,2.749447776931715,3.288815305064846,-0.9575740703756028,-9.575740704114983,5,stop,0,-9.557579107326442,-1.5128550403298284
SDST,2026-08-03T13:30:05.000Z,2026-08-03T14:00:05.000Z,9.425925925925904,0.5997364041658854,0.5663707399166339,16.673990713848795,-0.5563387758534157,-5.563388184790368,30,stop,5.579717289407471,-5.541835368841852,-0.09504174706893842
ZBAO,2026-08-03T13:55:05.000Z,2026-08-03T14:05:05.000Z,67.76611694152923,0.33686741634919143,0.26864617534581864,29.685269379984586,-2.025165916621971,-20.251659166897795,10,stop,0,-20.23568117331068,-1.2883406910913324
MGN,2026-08-03T13:50:05.000Z,2026-08-03T14:15:05.000Z,48.91304347826089,0.11012307324475339,0.1517695960645456,90.80749097630907,3.7818163423371605,37.81816349917295,25,take_profit,37.84577157833018,-0.6566046727976116,2.678820983801117
HYFM,2026-08-03T13:55:05.000Z,2026-08-03T14:20:05.000Z,372.2222222222222,2.5606649590425814,2.289541755832453,3.9052355559122227,-1.0388040876680618,-10.388041037870185,25,stop,0,-10.570104381940759,-0.9663088889780553
MUZ,2026-08-03T13:30:05.000Z,2026-08-03T14:25:05.000Z,9.010989010989,14.913008942929645,14.057185250282856,0.6705554884747162,-0.5738772742710029,-5.738772744802386,55,stop,1.9914898341904408,-5.7198982860803715,-0.7174943726679466
FCUV,2026-08-03T13:50:05.000Z,2026-08-03T14:40:05.000Z,30.60344827586208,15.213074176812723,14.347121296342348,0.6573293391921253,-0.5692162346911096,-5.692162349344441,50,stop,0.24272426965195049,-5.67323978560621,-0.44698395065064567
RUBI,2026-08-03T13:30:05.000Z,2026-08-03T14:45:05.000Z,9.4170403587444,2.461267997404479,2.2695167766575564,4.062945760037498,-0.7790748093157231,-7.790749359644421,75,stop,8.074374785886507,-7.771116254149479,-1.0563658976097479
UPC,2026-08-03T13:45:05.000Z,2026-08-03T16:05:05.000Z,90.66455696202532,6.04121437366754,7.568485006950557,1.6552963327152943,2.528085518378209,25.280855189144656,140,take_profit,25.305932413127664,-2.8341052490014174,2.1353322692027294
AZTR,2026-08-03T13:55:05.000Z,2026-08-03T18:30:05.000Z,5.727204220045201,0.14143037111098306,0.13384715868018415,70.70617074457714,-0.536179912924467,-5.36179914627263,275,stop,1.6754738536021163,-5.324437072341304,-0.544437514733243
KIDZ,2026-08-03T13:55:05.000Z,2026-08-03T19:20:05.000Z,0.4571414324714862,0.5661153270089071,0.5372005358390233,17.664245278748723,-0.5107579634086256,-5.107579637996426,325,stop,8.423137603964337,-5.072345799331323,-0.17310960373173678
OWL,2026-08-03T13:45:05.000Z,2026-08-03T19:50:05.000Z,3.592233009708723,10.682137359295515,11.21775531789859,0.9361422403956839,0.5014145957628449,5.01414595775614,365,session_close,5.784073167406212,0,0.47743254260179846
INFQ,2026-08-03T13:45:05.000Z,2026-08-03T19:50:05.000Z,2.1363173957273496,10.052017891075415,10.95777120436212,0.9948251293207693,0.9010661570231605,9.010661571651877,365,session_close,9.03283419074221,0,0.9251873702683167
QUBT,2026-08-03T13:45:05.000Z,2026-08-03T19:50:05.000Z,1.4814814814814836,8.231655649078018,8.688237693481764,1.2148224396099363,0.5546661130646505,5.546661131954479,365,session_close,6.053999002956334,-0.14159544051532968,0.5709665466166705
PRZO,2026-08-03T13:50:05.000Z,2026-08-03T19:50:05.000Z,5.940807949881188,0.49291298920514093,0.5178598027803016,20.287556124268253,0.50610988052773,5.061098839247331,360,session_close,12.068460782659907,0,0.4584987684084627
AMZG,2026-08-03T13:50:05.000Z,2026-08-03T19:55:05.000Z,9.760178471834923,19.723955410630694,19.664517452681707,0.5069976985168949,-0.03013490788468027,-0.3013490788817707,365,session_close,0.5376436275664531,-3.315538881609059,-0.005069976985168978
MOVE,2026-08-04T13:30:05.000Z,2026-08-04T13:35:05.000Z,72.3977695167286,18.583733375723064,16.456705313196657,0.5381050080703808,-1.1445644527516983,-11.44564452966732,5,stop,0,-11.427915654974964,-0.7156796607336062
TNMG,2026-08-04T13:30:05.000Z,2026-08-04T13:40:05.000Z,117.95323698742806,0.7809565668810542,0.7171563065401422,12.804809413272217,-0.8169501741825284,-8.16950174267877,10,stop,9.570754160817474,-8.151102069002715,-0.8579222306892369
XGN,2026-08-04T13:35:05.000Z,2026-08-04T13:40:05.000Z,39.74358974358976,6.581318918918373,6.048783666680726,1.5194522742797703,-0.8091619001466438,-8.091619002185782,5,stop,0,-8.073137397901608,-0.7445316143970864
QNME,2026-08-04T13:35:05.000Z,2026-08-04T13:45:05.000Z,224.8407643312102,1.0302064293712845,0.9095178732761259,9.706792458349836,-1.1714987661136167,-11.714987662114721,10,stop,0,-11.697308999015599,-1.1298706421519213
ADGM,2026-08-04T13:45:05.000Z,2026-08-04T13:55:05.000Z,95.65217391304346,0.9027806379396525,0.7770443784358763,11.076887983066172,-1.3927664619330684,-13.927664619694824,10,stop,10.768879833557786,-13.910426593358894,-1.364672599513753
AMIX,2026-08-04T13:55:05.000Z,2026-08-04T14:00:05.000Z,65.06849315068494,6.041208466426422,5.698857943558947,1.655297951630009,-0.5666921192419944,-5.666921192507484,5,stop,0,-5.648016755631979,0.016552979516301747
ELPW,2026-08-04T13:35:05.000Z,2026-08-04T14:25:05.000Z,26.133340960443906,0.13322673660117035,0.17436505018481793,75.06000862635196,3.087842300111179,30.878423005605942,50,take_profit,30.904655063410114,-1.7464486938051471,2.394414275180628
IQMX,2026-08-04T13:30:05.000Z,2026-08-04T14:50:05.000Z,1.6000000000000014,10.202289196314522,9.687944335625225,0.980172170456862,-0.5041465184651607,-5.041465212288818,80,stop,0,-5.021316162058831,-0.49988780693299795
MOVE,2026-08-04T13:55:05.000Z,2026-08-04T14:50:05.000Z,48.884758364312276,16.063219382299458,15.006985876474413,0.6225402119638627,-0.6575478305996572,-6.575478306602349,55,stop,1.8475786866708255,-6.556714175615586,-0.32372091022120664
BLZE,2026-08-04T13:45:05.000Z,2026-08-04T15:00:05.000Z,47.69082745349582,23.05461139222313,21.82563105984701,0.43375270264813165,-0.5330735406695417,-5.3307354067598185,75,stop,1.5848829614197202,-5.311785010768921,-0.6853292701840505
VTGN,2026-08-04T13:35:05.000Z,2026-08-04T15:35:05.000Z,8.040816326530642,0.26555801003609736,0.3079374284198078,37.65655556103006,1.5958629230103314,15.958629294574772,120,take_profit,15.982191596530448,-1.5657633658017422,1.6719510669097346
ENSC,2026-08-04T13:45:05.000Z,2026-08-04T15:35:05.000Z,50.5890753302392,0.4228848038157065,0.3890201285669972,23.647101784252275,-0.8008014224968772,-8.008014225894847,110,stop,6.790311670032878,-7.989126946833947,-1.092496102432456
F,2026-08-04T13:30:05.000Z,2026-08-04T19:50:05.000Z,0.485100485100487,14.522914204949755,14.24714724791035,0.6885670367164646,-0.1898840364329397,-1.8988403645971899,380,session_close,0,-3.5317581424184286,-0.02065701110149476
SNAP,2026-08-04T13:30:05.000Z,2026-08-04T19:50:05.000Z,5.753968253968256,5.341082810056099,5.748849306902432,1.872279526456609,0.7634528636203236,7.634528640495851,380,session_close,8.592212595540726,0,0.617852243730681
MBGL,2026-08-04T13:30:05.000Z,2026-08-04T19:50:05.000Z,-2.0657276995305174,20.975077178385273,21.085763987119176,0.4767562861868741,0.052770631861852144,0.5277063239984863,380,session_close,1.3107118475732316,-0.8823670912448178,-0.04290806575681927
ALP,2026-08-04T13:35:05.000Z,2026-08-04T19:50:05.000Z,-0.46511627906977715,0.19412844281091174,0.1931415454623341,51.51227093009719,-0.05083732360012521,-0.5083733914967318,375,session_close,3.3851593789835377,-0.8903604159619771,0.056663498023105774
KIM,2026-08-04T13:45:05.000Z,2026-08-04T19:50:05.000Z,-1.6332152695789026,25.015017049061328,25.064972715296957,0.3997598714076599,0.01997027071043906,0.19970270712849117,365,session_close,1.2591754397804467,-0.020056148878433433,-0.011992796142230588
PFE,2026-08-04T13:45:05.000Z,2026-08-04T19:50:05.000Z,-0.3795445465441416,24.944989511477402,25.30493486745101,0.40088210882099967,0.14429565336302524,1.442956533647744,365,session_close,2.70599628118513,-0.5010605894217535,0.13629991699913901
SRAD,2026-08-04T13:45:05.000Z,2026-08-04T19:50:05.000Z,1.296596434359798,12.522521332339226,12.907411600604943,0.7985612267545352,0.3073584447921536,3.0735844487782513,365,session_close,3.333822770839623,-2.495674186093366,0.27949642936408914
BCAL,2026-08-04T13:55:05.000Z,2026-08-04T19:50:05.000Z,-0.39627039627040395,21.49679720941714,21.575454386450847,0.4651855592632913,0.03659018288849732,0.36590184234166223,355,session_close,1.0383071878497407,-0.1711753107156766,-0.018607422370530813
IRT,2026-08-04T13:55:05.000Z,2026-08-04T19:50:05.000Z,1.6408114558472464,17.063431278806597,17.036581065491273,0.5860485991553135,-0.015735529900467043,-0.1573552990404284,355,session_close,0.15570561840281272,-3.0675616776838943,0
MFA,2026-08-04T13:55:05.000Z,2026-08-04T19:50:05.000Z,-0.3275109170305823,9.15267434778716,9.068172066265952,1.0925768087402363,-0.09232523307571118,-0.923252355653173,355,session_close,0,-1.0125384588774877,-0.06555460852441541
STVN,2026-08-04T13:55:05.000Z,2026-08-04T19:50:05.000Z,-1.651287032540072,20.314135255893447,19.72602726750836,0.4922680619524003,-0.2895067796610513,-2.8950677987361892,355,session_close,0.37345790579268456,-4.352315492420211,-0.2805927953128684
BJDX,2026-08-05T13:30:05.000Z,2026-08-05T13:35:05.000Z,49,1.5003014008439064,1.3797232803103598,6.6653273752187046,-0.8036926476446684,-8.036926477954525,5,stop,0,-8.018482204724863,-0.1999598212565612
CISS,2026-08-05T13:30:05.000Z,2026-08-05T13:45:05.000Z,46.197502837684446,0.12912794437867167,0.11917598903078636,77.4425707193437,-0.7707050058243594,-7.707050085689354,15,stop,2.2241937135667023,-7.688455373809456,-0.5188652238196028
JLHL,2026-08-05T13:40:05.000Z,2026-08-05T13:55:05.000Z,37.45387453874538,7.47151060683372,9.728053748500571,1.338417426103743,2.340331815655517,23.40331816707449,15,take_profit,30.228015618429072,0,2.3214392087334232
INLF,2026-08-05T13:30:05.000Z,2026-08-05T14:00:05.000Z,145.2830188679245,7.831566301688709,6.328733873230514,1.2768837822092696,-1.1591540092826724,-11.591540092916048,30,stop,4.321405007301227,-19.173256585530385,-0.2194917008290318
DBGI,2026-08-05T13:45:05.000Z,2026-08-05T14:00:05.000Z,10.77207582061952,24.0848491850326,21.20571531695365,0.4151987799632882,-1.1954128693773622,-11.954128697090498,15,stop,3.301456483528842,-11.936338745351815,-2.063537936417543
VTIX,2026-08-05T13:45:05.000Z,2026-08-05T14:15:05.000Z,-2.9585798816567976,1.660391227746905,1.9595705730920994,6.022676914221942,1.8018605364225357,18.018605515711535,30,take_profit,18.04446851117456,0,1.3852156902710462
CISS,2026-08-05T14:05:05.000Z,2026-08-05T14:15:05.000Z,44.72190692395006,0.12792573521972772,0.1199754928810743,78.17035391965784,-0.6214732573595861,-6.214732575113155,10,stop,0,-6.195575273508746,-0.14852367244734843
VNRX,2026-08-05T14:10:05.000Z,2026-08-05T14:15:05.000Z,13.929208046855113,0.89848123672021,0.8471222418423235,11.129892965782078,-0.5716201158210259,-5.71620116023411,5,stop,0,-5.696416867539766,-0.5119750764259763
BJDX,2026-08-05T14:05:05.000Z,2026-08-05T14:25:05.000Z,45.50000000000001,1.4602934148233537,1.329732601250943,6.847938843347141,-0.8940724666815164,-8.940724668556028,20,stop,1.3494949012716084,-8.92241336574916,-0.753273272768185
DFNSW,2026-08-05T14:05:05.000Z,2026-08-05T14:25:05.000Z,30.43478260869563,0.15078113294560005,0.143751540594247,66.32128293037464,-0.9523720363750499,-9.523722098355934,20,stop,0,-10.068323966684357,-1.8569959220504924
CTOR,2026-08-05T13:30:05.000Z,2026-08-05T14:55:05.000Z,-0.3030303030303161,0.6633604799999999,0.8291247657594406,10.15,1.68250981817921,24.98860259301641,85,take_profit,25.01498431139584,0,2.177175
GTE,2026-08-05T13:30:05.000Z,2026-08-05T15:05:05.000Z,50.51244509516839,10.302072669794331,9.648061970643662,0.970678456466843,-0.6348340959643726,-6.348340961214808,95,stop,8.813054996862068,-6.329528927768169,-0.5629935047507697
CRCD,2026-08-05T13:40:05.000Z,2026-08-05T15:40:05.000Z,7.36842105263158,6.151236567255468,5.838666020524231,1.6256893859497734,-0.5081426201814899,-5.081426202905711,120,stop,0.9553108891526607,-5.059739840152733,-0.35765166490894984
APPS,2026-08-05T13:40:05.000Z,2026-08-05T15:45:05.000Z,43.007360672975814,13.612723129472428,12.91741356508065,0.734606875106667,-0.5107791863296217,-5.107791863381013,125,stop,3.0653445791763767,-5.088791734642994,-0.7199147376045332
OESX,2026-08-05T13:40:05.000Z,2026-08-05T15:55:05.000Z,42.93269230769228,14.953117785211424,14.176603540652147,0.668756852304602,-0.5192992219611478,-5.192992228866452,135,stop,13.28741098230093,-5.170278174201471,-0.4815049336593127
CTXR,2026-08-05T13:30:05.000Z,2026-08-05T17:40:05.000Z,2.9397590361445847,0.6441988565028937,0.7417251547478819,15.523142083447787,1.5139145845296573,15.139160409942482,250,take_profit,15.16630191296644,-0.09296143525381328,1.3489610470516116
GME,2026-08-05T13:40:05.000Z,2026-08-05T19:50:05.000Z,-0.676730869338904,19.093829834746927,19.016181030456323,0.5237293976800049,-0.04066696150169053,-0.406669615067474,370,session_close,1.1845196443590833,-0.7532791272979011,-0.010474587953599013
SHPU,2026-08-05T13:40:05.000Z,2026-08-05T19:50:05.000Z,32.920000000000016,16.673381965705392,16.85653713078974,0.5997583462510556,0.1098488389183272,1.0984883898243891,370,session_close,4.477903977910946,-1.2797761494595772,0.25189850542544256
OMH,2026-08-05T13:45:05.000Z,2026-08-06T13:35:05.000Z,0.27272727272726893,0.1108377378139082,0.11067769040779979,90.22197419827036,0.1221658780181415,1.2216588386694216,1430,session_close,5.83038080129501,-1.6580434156764134,0.05292219741982862
TRAD.RT,2026-08-05T14:05:05.000Z,2026-08-10T13:35:05.000Z,31.118881118881102,0.302337755,0.2976542325,10,-0.046835224999999814,-1.5491027576096086,7170,time,0,-1.533964886390049,-0.2999999999999998
VIVK,2026-08-10T13:35:05.000Z,2026-08-10T13:45:05.000Z,9.523809523809511,1.390279644211306,1.8596276256744237,7.192797534839566,3.375925069635114,33.75925070438345,10,take_profit,33.78603417984751,0,2.373623186497058
VEEA,2026-08-10T13:45:05.000Z,2026-08-10T13:50:05.000Z,3.341740226986123,0.1668501515108773,0.1572151438697257,59.93401628244858,-0.5774647048462951,-5.774647223214209,5,stop,0,-5.72378953473992,-0.7551686051588522
GME.WS,2026-08-10T13:35:05.000Z,2026-08-10T13:55:05.000Z,9.15032679738561,1.7110497806062106,1.5996038767328418,5.84436383607923,-0.651330410276679,-6.513305757468054,20,stop,0,-6.490154866614484,-0.467549106886338
XHLD,2026-08-10T13:45:05.000Z,2026-08-10T13:55:05.000Z,54.95049504950495,3.140629020066395,4.069185783480721,3.1840755260988916,2.9565948817745666,29.56594881966937,10,take_profit,29.591873920656763,0,0.44577057365384576
STKH,2026-08-10T14:00:05.000Z,2026-08-10T14:05:05.000Z,201.59574468085108,5.691138288915781,5.228953203061089,1.7571177315045607,-0.8121136095922372,-8.121136096004847,5,stop,0,-8.10274264137819,0.931272397697418
JWEL,2026-08-10T14:00:05.000Z,2026-08-10T14:05:05.000Z,140.96774193548387,3.750750615534191,3.559285736966637,2.666133002352993,-0.5104708315404644,-5.104708315572328,5,stop,0,-5.085665113115601,-0.613210590541188
TNXP,2026-08-10T13:45:05.000Z,2026-08-10T14:10:05.000Z,12.302576891105588,13.562733189353969,12.647339369347742,0.7373145115543828,-0.6749331472777914,-6.749331474903321,25,stop,1.1595510171170886,-6.729714258999175,-0.693075640861121
XHLD,2026-08-10T14:15:05.000Z,2026-08-10T14:20:05.000Z,77.22772277227723,3.590720839757916,3.3693257485426895,2.784956125713804,-0.6165756154828108,-6.165756155807216,5,stop,0,-6.146978548541149,-0.974734643999831
QNTM,2026-08-10T14:15:05.000Z,2026-08-10T14:20:05.000Z,5.362318840579694,3.670740158062297,3.3693117927735097,2.7242462190228713,-0.8211650844442235,-8.21165084722054,5,stop,0,-8.192902387867495,-1.1169409497993783
AUUD,2026-08-10T13:45:05.000Z,2026-08-10T16:30:05.000Z,52.03113597664802,1.260252642468712,1.1597611035876678,7.93491690633458,-0.7973920108107758,-7.973920108922843,165,stop,11.088836700039483,-7.954963877110144,-0.8728408596968045
SERV,2026-08-10T14:15:05.000Z,2026-08-10T16:45:05.000Z,0.5899705014749346,5.131059031373146,4.859006557165478,1.948915404318432,-0.5302072577662674,-5.3020725847089505,150,stop,0,-5.282711224248116,-0.5067180051227922
SMCL,2026-08-10T13:35:05.000Z,2026-08-10T17:15:05.000Z,9.22014622258327,13.492717339960667,12.807261136913379,0.7411405534670359,-0.5080193897038797,-5.080193898505591,220,stop,1.8327120757726911,-5.05989507346084,-0.6225580649123099
GCL,2026-08-10T14:00:05.000Z,2026-08-10T17:20:05.000Z,1.1856171039844599,0.5259481697340257,0.6347698895460211,19.013279910443686,2.0690578191213436,20.690578668051458,200,take_profit,20.71531693342934,0,2.5002463082233444
STDN,2026-08-10T13:35:05.000Z,2026-08-10T19:45:05.000Z,9.834123222748815,9.311873344333746,10.847762710840959,1.073897767696078,1.6493881621202393,16.493881625245667,370,take_profit,16.517907823587397,-1.2014053477415576,1.2671993658813712
MPG,2026-08-10T13:35:05.000Z,2026-08-10T19:50:05.000Z,9.518599562363228,5.041060966175722,5.258398825716038,1.9837093907372303,0.4311351529328538,4.311351538864526,375,session_close,5.533339820642724,-0.41778836473188585,0.23804512688846557
GENC,2026-08-10T13:35:05.000Z,2026-08-10T19:50:05.000Z,9.122322045611607,15.915681107484053,15.946507050713995,0.6283111210691442,0.019368282948818816,0.19368284034948985,375,session_close,1.3465895117436455,-2.5489396573376233,0.075397334528299
CSQR,2026-08-10T13:45:05.000Z,2026-08-10T19:50:05.000Z,1.2081784386617223,21.864649410475085,21.705459573348676,0.4573592645040734,-0.0728069468246575,-0.7280694702113211,365,session_close,1.5794929204740127,-3.131307516630377,-0.07317748232065213
VREX,2026-08-10T13:45:05.000Z,2026-08-10T19:50:05.000Z,48.10636583400485,18.3936794460849,18.456302471345378,0.5436650143411739,0.034045947926325724,0.34045947926861264,365,session_close,0.4149281503943225,-0.02000386108546026,0.03261990086047106
RYN,2026-08-10T14:00:05.000Z,2026-08-10T19:50:05.000Z,-1.8357044515832865,21.414405006187977,21.59562226952678,0.46697538340626843,0.0846240010274716,0.846240011274824,350,session_close,1.100170626939878,-0.20736044814294585,0.10273458434937943
GME,2026-08-10T14:00:05.000Z,2026-08-10T19:50:05.000Z,0.13048016701462384,19.20386186595445,18.816229999441497,0.5207285944624646,-0.2018509970181525,-2.0185099706438074,350,session_close,0.7609830515633575,-1.9988784997197917,-0.19266957995111333
BCIC,2026-08-10T14:00:05.000Z,2026-08-10T19:50:05.000Z,-0.6666666666666599,7.4926443841918555,7.556547635556216,1.3346422100101836,0.08528797662776605,0.8528798123554979,350,session_close,1.2993492125897177,-1.6368638080650588,0.14681064310111935
CTMX,2026-08-10T14:15:05.000Z,2026-08-10T19:50:05.000Z,-1.3005780346820761,3.42152821726537,3.4392858830376456,2.9226702988243964,0.051899802329080355,0.5189980805263746,335,session_close,0.5398693671856858,-1.5060000676117014,0.05845340597648807
PTEN,2026-08-10T14:15:05.000Z,2026-08-10T19:50:05.000Z,9.473150962512666,10.822181048606247,10.997793268669064,0.9240281558690392,0.16227063585271265,1.6227063590424176,335,session_close,1.8279028091036098,-0.9441816593837693,0.16632506805642677
FRTT,2026-08-11T13:30:05.000Z,2026-08-11T13:35:05.000Z,45.34288638689867,1.4302881793688065,1.3497289884927555,6.991598015822496,-0.563237479085264,-5.632374792582164,5,stop,0,-5.613426757413176,-0.8389917618986988
MREO,2026-08-11T13:30:05.000Z,2026-08-11T13:35:05.000Z,35.205580029368576,0.3695745164532313,0.3391319483998651,27.058142678789444,-0.8237193498967401,-8.237193501738268,5,stop,0,-8.218780002672377,-0.35175585482426364
GLE,2026-08-11T13:30:05.000Z,2026-08-11T13:40:05.000Z,74.35433884297522,0.6765357713888027,0.5990799681621339,14.78118441248703,-1.1448885113106992,-11.448885114776171,10,stop,5.064658819275603,-11.431142987464915,-1.8934697232395887
MTEK,2026-08-11T13:30:05.000Z,2026-08-11T13:50:05.000Z,4.201680672268915,1.2615005116947893,1.2084199886866915,7.927058379614143,-0.5181861604076377,-5.181867717582914,20,stop,0,-10.424134629808613,-0.4463529189807076
WYHG,2026-08-11T13:35:05.000Z,2026-08-11T13:55:05.000Z,44.93006993006992,8.31166462043226,7.8584249461773235,1.2031284292662423,-0.5453055373674859,-5.453055374019239,20,stop,12.011256771761092,-5.434105453701177,-0.6376580675111096
FRTT,2026-08-11T14:00:05.000Z,2026-08-11T14:10:05.000Z,56.60184237461618,1.5403085917192745,1.399719598740573,6.49220555737362,-0.9127326415218863,-9.127326415921475,10,stop,0.6291861470374638,-9.109122189772624,-0.9738308336060442
PLAG,2026-08-11T13:35:05.000Z,2026-08-11T14:20:05.000Z,92.6816333745802,1.1002205440079362,1.179760635819377,9.089086777620208,0.8329281379125213,8.32928137995094,45,take_profit,17.249219442924236,-4.5645888255267835,0.39267260332860765
STIM,2026-08-11T13:35:05.000Z,2026-08-11T14:30:05.000Z,39.17050691244237,3.0306073482383016,2.8694255142637997,3.2996686307519494,-0.5318466414127327,-5.31846641460159,55,stop,9.878965413838126,-5.299510288974352,-0.42895692199775226
WXM,2026-08-11T14:00:05.000Z,2026-08-11T14:30:05.000Z,152.12500000000003,10.112023374219842,8.838230993308537,0.9889217646809021,-1.2596810091678952,-12.596810092021565,30,stop,13.231542059043,-12.579315999830554,-1.6712777823107245
BKD,2026-08-11T13:45:05.000Z,2026-08-11T14:40:05.000Z,-0.9495982468955444,13.582718797644565,12.8074302961105,0.7362296274087463,-0.5707903646187104,-5.707903646422479,55,stop,0,-5.688984725050517,-0.48591155408977293
QMCO,2026-08-11T13:35:05.000Z,2026-08-11T17:30:05.000Z,38.115449915110354,16.31326372884838,18.786239654605033,0.6129981201802022,1.5159295937397237,15.159295937718717,235,take_profit,15.182346784302636,-2.4719990772615774,1.495715413239692
PSKY,2026-08-11T13:30:05.000Z,2026-08-11T19:50:05.000Z,0.21574973031284195,9.323107366490358,9.328124098748793,1.0726037105650628,0.005380965635308492,0.05380965874603258,380,session_close,0.07393064606779909,-1.964016494634535,0.10726037105650654
TRIP,2026-08-11T13:30:05.000Z,2026-08-11T19:50:05.000Z,-2.0408163265306145,10.6022984052842,10.837802024046741,0.9431917100662992,0.22212506090744305,2.2212506171790625,380,session_close,3.8454076571981854,0,0.09431917100662801
ASPN,2026-08-11T13:35:05.000Z,2026-08-11T19:50:05.000Z,-0.5564387917328939,6.281419468609412,6.118648673540808,1.5919968394325181,-0.2591305913011356,-2.5913059282544353,375,session_close,0.4550011591076597,-4.320989387284135,-0.2865594310978512
QMLS,2026-08-11T13:35:05.000Z,2026-08-11T19:50:05.000Z,-0.8403361344537785,5.931199554006762,5.9887724703581195,1.6859995864785815,0.09706791316075532,0.9706791320562643,375,session_close,5.206374244896739,-2.212023939038288,0.21917994624221393
CMRC,2026-08-11T13:45:05.000Z,2026-08-11T19:50:05.000Z,2.220446049250313e-14,2.12064400358395,2.199414458379125,4.715548516355936,0.3714459012420691,3.714459129493234,365,session_close,5.1567352290735835,-1.9165877683977262,0.4715548516355952
DSX,2026-08-11T13:45:05.000Z,2026-08-11T19:50:05.000Z,1.26050420168069,2.4329829317538203,2.3492666708572205,4.110175726453009,-0.3440885434466116,-3.440889773782866,365,session_close,0,-3.821766710331731,-0.2877123008517106
GNK,2026-08-11T13:45:05.000Z,2026-08-11T19:50:05.000Z,-0.31923383878690315,25.00510977115174,24.45498329320959,0.39991826000957026,-0.22000562384381803,-2.200056240412223,365,session_close,0,-2.899846382551352,-0.22395422560535927
JBIO,2026-08-11T13:45:05.000Z,2026-08-11T19:50:05.000Z,0.9894155545329131,22.06540777182248,22.395398800902143,0.4531980551992386,0.1495512926120994,1.495512942666136,365,session_close,1.7882843238520074,-3.2422141445129005,0.18127922207969682
CLSK,2026-08-11T14:00:05.000Z,2026-08-11T19:50:05.000Z,2.329594477998276,11.872380577455106,11.527691786939899,0.8422910581116534,-0.2903282860822795,-2.903282861145378,350,session_close,0.5695523497056598,-3.052299200576869,-0.27795604917684713
CHMI,2026-08-11T14:00:05.000Z,2026-08-11T19:50:05.000Z,1.0752688172043001,2.83057612062664,2.8793615790973615,3.53284969792911,0.17235169222162147,1.7235169234707322,350,session_close,2.805926284567728,-0.3736384458828401,0.21197098187574603
ONDS,2026-08-11T14:00:05.000Z,2026-08-11T19:50:05.000Z,0.26852846401719255,9.341871671846159,9.628073691326392,1.0704493007915759,0.3063647516377532,3.0636475166188397,350,session_close,3.0842676743481956,-0.7693498088050199,0.29972580422164263
GAP,2026-08-11T14:00:05.000Z,2026-08-11T19:50:05.000Z,-1.6271501627150187,21.184279042793534,21.035789376069097,0.4720481624932545,-0.07009427432650628,-0.7009427435527965,350,session_close,0,-1.1059099170676379,-0.0377638529994595
SLMT,2026-08-11T13:45:05.000Z,2026-08-11T19:55:05.000Z,-0.6281407035175879,3.981718111070223,3.838932866097199,2.511478392264893,-0.35860205748399926,-3.5860209334267914,370,session_close,0.20799787174163864,-3.559220093361448,-0.8287878694474156
RMCF,2026-08-12T13:35:05.000Z,2026-08-12T13:40:05.000Z,143.86617100371745,1.65033034595485,1.5596877087996999,6.059392911298915,-0.5492393530393561,-5.492393530624075,5,stop,0,-5.473470579769679,0.18178178733896821
CHOW,2026-08-12T13:35:05.000Z,2026-08-12T13:40:05.000Z,68.7853107344633,0.599819993126343,0.5570883554364087,16.671668357870875,-0.7124076919552814,-7.124076919679069,5,stop,0,-7.105463908297194,0.3484378686795022
BAOS,2026-08-12T13:30:05.000Z,2026-08-12T13:45:05.000Z,50.78821110349554,1.1102238256089556,1.0397905232154852,9.007192753406501,-0.6344063309169559,-6.344063311273104,15,stop,0,-6.325195333511957,-1.8014385506813007
WETH,2026-08-12T13:35:05.000Z,2026-08-12T13:55:05.000Z,8.715596330275233,1.2105520322165801,1.1097402481021754,8.260693109540238,-0.7629460503486722,-7.629461395163668,20,stop,0,-8.306295767598215,-0.6008554487632178
VBIO,2026-08-12T13:35:05.000Z,2026-08-12T14:15:05.000Z,62.45161290322583,0.5113025634838851,0.9634064630857564,19.557891379603532,9.064956003590323,90.6495600474097,40,take_profit,126.87154003219857,0,8.201478609431781
RMCF,2026-08-12T14:05:05.000Z,2026-08-12T14:15:05.000Z,127.50929368029742,1.5403081846798672,1.459707542126493,6.492207273337594,-0.5232760778207002,-5.2327607783325565,10,stop,7.770640739989898,-5.213773806996825,-1.1036752364673905
DOGZ,2026-08-12T14:05:05.000Z,2026-08-12T14:20:05.000Z,41.95074739219273,1.3302682802289947,1.2297515159699985,7.517280645691232,-0.7556127265316599,-7.556127267929219,15,stop,0,-7.5374480260278265,-0.45103683874147293
BIVI,2026-08-12T14:05:05.000Z,2026-08-12T14:40:05.000Z,141.73228346456693,3.0806161673355827,3.6492698203169454,3.2461038495880867,1.8459088120251292,18.45908812045188,35,take_profit,18.482790511252677,-4.88915720603551,1.4282856938187578
CHOW,2026-08-12T14:05:05.000Z,2026-08-12T14:40:05.000Z,54.91525423728814,0.5501103092084279,0.4789035801172267,18.178172325586853,-1.2944081921612327,-12.944081923071552,35,stop,0,-12.926554550622926,-1.279743331721317
BMBL,2026-08-12T13:30:05.000Z,2026-08-12T14:55:05.000Z,-0.7194244604316502,2.7805959658485233,2.629363349509022,3.5963513189286433,-0.5438856192375956,-5.438856209134703,85,stop,0,-5.4159600207349,-0.5034891846500091
IVDA,2026-08-12T13:35:05.000Z,2026-08-12T16:30:05.000Z,-0.9731543624160954,0.29724435492668494,0.34502190431836854,33.64234995719617,1.6073490367322447,16.073492599537474,175,take_profit,16.099765825702093,-1.0241926806098034,2.055547582384685
BOXL,2026-08-12T13:30:05.000Z,2026-08-12T18:40:05.000Z,54.948805460750805,4.560918053222856,5.948809490902361,2.192541036833965,3.0430089589727163,30.430089597858107,310,take_profit,30.45619172647893,-4.843718975980071,3.310736965619286
BMNR,2026-08-12T13:30:05.000Z,2026-08-12T19:50:05.000Z,1.1608623548922115,18.32368162443728,17.926411754030184,0.5457418548863356,-0.21680679596642338,-2.168067960083307,380,session_close,0,-2.585078883959413,-0.11460578952613076
SMMT,2026-08-12T13:30:05.000Z,2026-08-12T19:50:05.000Z,2.0178630499503747,15.483798074926534,15.00698582527396,0.645836366526808,-0.3079426908310922,-3.079426942570983,380,session_close,1.073392485934077,-3.059960305822984,-0.33583491059394
FGL,2026-08-12T13:30:05.000Z,2026-08-12T19:50:05.000Z,2.516469038208169,0.7837726532947261,0.7773176098844151,12.758800204137398,-0.08235860918119177,-0.8235861997960878,380,session_close,4.890110230837763,-2.8162061028717655,-0.114829201837237
KEY,2026-08-12T13:35:05.000Z,2026-08-12T19:50:05.000Z,0.3525782282943979,22.794563930010554,22.91541275485111,0.43870108812712844,0.05301651095643722,0.5301651095919926,375,session_close,0.7696399480512595,-0.45872309876868744,0.07896619586288445
AMTM,2026-08-12T14:05:05.000Z,2026-08-12T19:50:05.000Z,-1.827909050378962,22.044446471536663,22.415507065777117,0.4536289903849917,0.16832384273695228,1.6832384279621624,345,session_close,1.8850712763411437,-0.5645252726002581,0.14516127692319714
NOK,2026-08-12T14:05:05.000Z,2026-08-12T19:50:05.000Z,8.421610169491522,10.242048502429226,10.287941176095911,0.9763671786488854,0.0448081003085956,0.44808100309035326,345,session_close,2.225643605541494,0,0.00976367178648907
RKT,2026-08-12T14:10:05.000Z,2026-08-12T19:50:05.000Z,-2.7932960893854775,13.932793288443436,13.9772024335766,0.7177311678947781,0.03187382760163455,0.3187382760497801,340,session_close,1.2000946837792625,-1.2401912873189591,0.050241181752634034
MFIC,2026-08-12T14:10:05.000Z,2026-08-12T19:50:05.000Z,-1.0245901639344246,9.682196086674534,9.617657123003486,1.0328235298620927,-0.06665736027237276,-0.6665736067860851,340,session_close,0,-1.3653522970524468,-0.04131294119448192
BLOX,2026-08-12T14:10:05.000Z,2026-08-12T19:50:05.000Z,3.416149068322971,13.364419673517942,13.177193377049386,0.7482554283409235,-0.14009309266076364,-1.4009309872208724,340,session_close,0.11658064369926002,-2.128185738446464,-0.16461619423500373
LEGN,2026-08-12T14:10:05.000Z,2026-08-12T19:50:05.000Z,-2.33623453962436,21.35433962373117,20.625843665913727,0.46828888973273647,-0.34114656326111714,-3.4114656348720005,340,session_close,0,-4.281750875194756,-0.3043877783262783
FSK,2026-08-12T14:10:05.000Z,2026-08-12T19:50:05.000Z,-1.346938775510198,12.103010869513927,12.147509349781238,0.8262406756737631,0.03676645440251881,0.3676645484917944,340,session_close,0.5534914510802569,-0.19012516606002894,0.04131203378369008
NBIG,2026-08-12T14:10:05.000Z,2026-08-12T19:50:05.000Z,42.50700280112048,20.384079534010585,23.21533631920726,0.49057893357255017,1.3889549343518317,13.889549344000343,340,session_close,13.912428379499374,-2.521965895751377,1.5109831154034534
IPWR,2026-08-13T13:30:05.000Z,2026-08-13T13:35:05.000Z,8.447488584474883,4.771198796456964,4.2891216555099,2.0959092877190977,-1.0103899571080202,-10.103899701371672,5,stop,0,-10.085490397388108,-0.775486436456065
HYLN,2026-08-13T13:30:05.000Z,2026-08-13T13:45:05.000Z,4.113110539845777,4.071034402534803,4.689057265479757,2.4563781274286813,1.5180978427888399,15.180978636784465,15,take_profit,15.204135761658089,0,0.7614772195028934
FGI,2026-08-13T13:30:05.000Z,2026-08-13T13:45:05.000Z,79.70401691331924,8.521709243116634,7.3385293488742365,1.1734735031992707,-1.3884302554115688,-13.884302555829453,15,stop,0,-13.867044854541987,-1.7367407847349217
LIMN,2026-08-13T13:30:05.000Z,2026-08-13T13:45:05.000Z,36.036866359447004,0.1481310502579933,0.13867177097560082,67.50779098872303,-0.6385750486997099,-6.385750499924005,15,stop,0,-6.366693709095883,-0.45230219962444274
XHG,2026-08-13T13:35:05.000Z,2026-08-13T13:45:05.000Z,509.28961748633867,5.591119041384416,4.759046250866091,1.788550722245227,0.9613072035447605,9.61307203580604,10,take_profit,28.954507078689097,-14.864985617952842,-1.8884318745360034
GXAI,2026-08-13T13:30:05.000Z,2026-08-13T13:50:05.000Z,50.48822515795519,1.3202665003955076,1.2397469423569245,7.574228379786004,-0.6098735216236626,-6.098735218568536,20,stop,0,-6.079568054742168,-0.6816805541807405
DFSC,2026-08-13T13:45:05.000Z,2026-08-13T14:05:05.000Z,151.61290322580646,3.130626106527114,2.389521714929529,3.1942492203341377,-2.3672721250467914,-23.67272125062905,20,stop,0,-23.657443633494456,-3.4497891579608693
DFSC,2026-08-13T14:25:05.000Z,2026-08-13T14:30:05.000Z,95.16129032258065,2.4304864285946417,2.24954805598359,4.114402731073556,-0.7444533344269154,-7.444533344531942,5,stop,0,-7.425938547577193,-0.5348723550395622
XHG,2026-08-13T14:25:05.000Z,2026-08-13T14:50:05.000Z,386.3387978142076,4.460893223475569,4.209156333338317,2.2417035105941223,-0.5643194703667249,-5.643194703977223,25,stop,4.6875539504958486,-5.62428219880352,-0.9863495446614152
FGI,2026-08-13T14:25:05.000Z,2026-08-13T15:00:05.000Z,108.24524312896409,9.881976307503606,11.807637245771598,1.0119433288202206,1.9486597400499812,19.486597400621115,35,take_profit,19.510507134412002,-1.0319424407663647,1.7911396920117912
LIMN,2026-08-13T14:25:05.000Z,2026-08-13T15:20:05.000Z,37.60368663594469,0.14963094896641915,0.17266538312325705,66.83109380010526,1.539416429767982,15.394164319580295,55,take_profit,15.417299156979958,0,1.1027130477017373
FWDI,2026-08-13T13:35:05.000Z,2026-08-13T15:50:05.000Z,-1.8181818181818188,4.340908688208803,4.109051421608463,2.3036651306528584,-0.5341215003556864,-5.3412150140391805,135,stop,0,-5.319362944353534,-0.645026236582801
GXAI,2026-08-13T14:25:05.000Z,2026-08-13T16:10:05.000Z,48.1906950028719,1.300260376970537,1.1697656343700171,7.690767308251149,-1.0036047002907267,-10.036047003490038,105,stop,4.594435398289209,-10.0180224882365,-1.0767074231551614
ELMT,2026-08-13T13:45:05.000Z,2026-08-13T16:50:05.000Z,8.535144713526277,18.42397531242079,17.296414466059716,0.5427710250531015,-0.612007356389143,-6.120073584775772,185,stop,2.3123385716436573,-6.100612345388045,-0.6947469120679699
MDWD,2026-08-13T13:45:05.000Z,2026-08-13T18:10:05.000Z,1.581595974119332,14.223394529368166,13.477243480563759,0.7030670412011546,-0.5245942101720527,-5.24594215019326,265,stop,0,-5.226561970373666,-0.4921469288408087
ARX,2026-08-13T13:30:05.000Z,2026-08-13T19:50:05.000Z,44.01175606171934,19.613922183817316,19.456103132881356,0.5098419330036839,-0.08046276999399637,-0.8046276999414719,380,session_close,0,-0.8867282238980811,-0.06118103196044089
MLCO,2026-08-13T13:35:05.000Z,2026-08-13T19:50:05.000Z,-2.1739130434782483,5.431094563730968,5.5088869571527885,1.8412494718103176,0.14323520329878667,1.432352033443135,375,session_close,2.9258455069113953,-0.388403543400595,0.05523748415430774
HCAT,2026-08-13T13:35:05.000Z,2026-08-13T19:50:05.000Z,0,1.8021694112545703,1.7796383542088317,5.548861180681856,-0.12502170780082764,-1.2502185923827096,375,session_close,2.0991693960166646,-4.00458529613651,-0.1664658354204569
UAA,2026-08-13T13:35:05.000Z,2026-08-13T19:50:05.000Z,2.281368821292773,5.391104703928595,5.338923301456463,1.854907396356205,-0.09679166939779779,-0.9679166949606186,375,session_close,0.3504902447477143,-1.6899078933155454,-0.0927453698178109
CSQR,2026-08-13T13:35:05.000Z,2026-08-13T19:50:05.000Z,0.08703220191470518,23.06488250549562,22.83537466732273,0.4335595454598663,-0.09950531399771595,-0.995053142448085,375,session_close,0.3690350231964068,-3.8364925782075066,-0.2644713227305182
YSWY,2026-08-13T13:45:05.000Z,2026-08-13T19:50:05.000Z,0.0914076782449813,22.055515918025456,24.48482931340487,0.4534013129290278,1.1014538829811005,11.014538967977588,365,session_close,12.171486225722683,-2.6547368930369464,0.997482888443864
MTW,2026-08-13T13:45:05.000Z,2026-08-13T19:50:05.000Z,1.6865079365079305,20.55421243801805,20.735676209250276,0.48651827550869553,0.08828544104720595,0.8828544113739903,365,session_close,1.0011940987888046,-2.0638710400472937,0.09730365510173833
CURI,2026-08-13T13:45:05.000Z,2026-08-13T19:50:05.000Z,39.107142857142875,3.9007830819192186,3.8592246164315362,2.5635878202931286,-0.1065387759542949,-1.0653877597119619,365,session_close,9.208841161812131,-2.583662813407006,-0.2050870256234507
ERAS,2026-08-13T14:25:05.000Z,2026-08-13T19:50:05.000Z,-2.1797631862217504,18.20383345770367,17.926361249498083,0.5493348420732569,-0.1524251516743342,-1.5242515201553006,325,session_close,0.4733428401030748,-1.8338635017691507,-0.181280497884174
EIKN,2026-08-14T13:30:05.000Z,2026-08-14T13:35:05.000Z,3.7754114230396763,10.752282037474892,9.867153429022006,0.9300351254811324,-0.8232006964294202,-8.23200698575382,5,stop,0,-8.205532875717713,-0.7905298566589636
CAPR,2026-08-14T13:30:05.000Z,2026-08-14T13:35:05.000Z,81.47268408551069,7.661534367196705,6.998599102305894,1.3052215809664276,-0.8652774145191814,-8.652774145727333,5,stop,0,-8.634489326695471,0.2871487478126138
VNRX,2026-08-14T13:30:05.000Z,2026-08-14T13:40:05.000Z,-1.6650808753567947,0.623950697425458,0.5905641592046487,16.026906019457176,-0.5350829103799253,-5.35082953806585,10,stop,0,-5.329058459691893,-0.6058170475354814
SURG,2026-08-14T13:30:05.000Z,2026-08-14T13:50:05.000Z,59.28629359286295,0.3936792943565801,0.36942562723455447,25.401386713529277,-0.6160767777877841,-6.160767779688605,20,stop,8.032097724392639,-6.141876065922691,-0.5283488436414103
WETO,2026-08-14T13:45:05.000Z,2026-08-14T14:00:05.000Z,152.63157894736844,9.141830572824908,11.317735389426996,1.0938728211789917,2.3801631403534826,23.80163140487643,15,take_profit,23.82640336444146,0,1.9361548934868154
FIRY,2026-08-14T13:45:05.000Z,2026-08-14T14:15:05.000Z,-2.075098814229237,9.974420108611085,9.347994459549968,1.0025644410899568,-0.6280320807353723,-6.28032148475793,30,stop,0,-6.26021464718548,-0.601538664653976
AEBI,2026-08-14T13:45:05.000Z,2026-08-14T15:05:05.000Z,-0.8035062089116085,13.654581230455245,12.957330557771105,0.7323549053714733,-0.5106349504137894,-5.106349736519115,80,stop,0,-5.08679994452006,-0.8788258864457674
ONFO,2026-08-14T15:10:05.000Z,2026-08-14T15:15:05.000Z,154.32900432900433,5.891178358660286,5.338931599742808,1.697453275231053,-0.9374130696602074,-9.374130696716248,5,stop,0,-9.355995101557745,-0.7808285066062837
WETO,2026-08-14T15:10:05.000Z,2026-08-14T15:15:05.000Z,118.14404432132966,7.891580884325954,7.428512021838954,1.2671732249655332,-0.5867884638587726,-5.867884639017446,5,stop,0,-5.84902937816596,-0.10137385799724363
MDXH,2026-08-14T15:10:05.000Z,2026-08-14T15:25:05.000Z,75.62770562770562,0.8123628857452623,1.0297938920232805,12.30976965389744,2.6765256352747153,26.76525635569245,15,take_profit,26.790627449095904,0,2.7216900704767255
PMN,2026-08-14T13:30:05.000Z,2026-08-14T15:55:05.000Z,1.893171061528065,15.13345545518098,14.217019820291542,0.6607876148843473,-0.6055693173736147,-6.055693212984576,145,stop,0,-6.036000554442156,
CAPR,2026-08-14T15:10:05.000Z,2026-08-14T15:55:05.000Z,58.194774346793345,6.671335159333419,6.218754237875537,1.4989503241583972,-0.6783963189271993,-6.783963189507978,45,stop,0,-6.765289834104449,-0.4796641037306859
LFS,2026-08-14T15:10:05.000Z,2026-08-14T16:00:05.000Z,43.055555555555536,3.1006228635395776,3.649269107367111,3.2251584401750475,1.7694710639507065,17.694710642790508,50,take_profit,17.71828308823311,0,1.7093339732927753
STRR,2026-08-14T15:10:05.000Z,2026-08-14T17:00:05.000Z,0.0452960986273343,10.282404593492643,9.147595148795444,0.9725351526262597,-1.1036420765003112,-11.036420852524884,110,stop,0,-11.013032829006752,-1.7505632747272681
MF,2026-08-14T17:00:05.000Z,2026-08-14T17:15:05.000Z,61.050000000000004,16.163238113187944,15.036954437162283,0.6186879095150443,-0.6968180930412357,-6.96818093094045,15,stop,0,-6.949338401885385,-0.4949503276120364
MDXH,2026-08-14T17:00:05.000Z,2026-08-14T17:30:05.000Z,121.86147186147184,1.0302067960971204,0.9674056911006086,9.70678900229832,-0.609597075312323,-6.09597075406901,30,stop,0,-6.077109599189468,-0.5057237070197438
WETO,2026-08-14T17:00:05.000Z,2026-08-14T17:35:05.000Z,115.37396121883657,7.791579906161886,9.228152901468786,1.283436750278271,1.8437505766342097,18.43750577685537,35,take_profit,18.46121211823235,-1.9454322228282694,1.7198052453728838
STKH,2026-08-14T17:00:05.000Z,2026-08-14T17:40:05.000Z,47.22222222222223,4.260856998994333,3.9391976813780665,2.3469456966051667,-0.7549169512524513,-7.549169514306302,40,stop,0,-7.530339531931329,-0.5163280532531367
HHS,2026-08-14T13:30:05.000Z,2026-08-14T19:50:05.000Z,49.466192170818516,4.210856432077669,4.229059516719316,2.374813806723329,0.043228936731935085,0.43228936762075226,380,session_close,4.966770330356218,-2.395152475618978,-0.07124441420170058
ONDS,2026-08-14T13:45:05.000Z,2026-08-14T19:50:05.000Z,4.489337822671158,9.321864573358708,9.168165129418115,1.0727467580312535,-0.1648805801984768,-1.6488058020050569,365,session_close,2.232766041636447,-2.809143721172469,-0.12872961096375057
RCAT,2026-08-14T13:45:05.000Z,2026-08-14T19:50:05.000Z,5.13196480938416,10.772157879523188,11.097774349822284,0.9283191084942629,0.30227599141910527,3.0227599144091704,365,session_close,4.435899713140512,-0.11286391880961366,0.29706211471816246
BRUN,2026-08-14T13:45:05.000Z,2026-08-14T19:50:05.000Z,1.6407982261640752,22.964594964689155,22.78541816263424,0.4354529228631225,-0.07802306216407984,-0.7802306216609566,365,session_close,4.290975028412314,-4.200356967637953,-0.2090174029742986
ETHA,2026-08-14T17:00:05.000Z,2026-08-14T19:50:05.000Z,-0.10541110330288816,14.232876668646787,14.167160597330671,0.702598654400816,-0.046172023279211015,-0.4617202329932354,170,session_close,0,-0.8633298208609475,-0.03512993272004117
CAPR,2026-08-14T17:00:05.000Z,2026-08-14T19:50:05.000Z,56.05700712589075,6.581330623768693,6.638668439761894,1.5194495713968938,0.08712191993570252,0.8712191997484995,170,session_close,2.1070112437520994,-3.3630072157346147,0.04558348714190785
CAMP,2026-08-17T13:30:05.000Z,2026-08-17T13:35:05.000Z,9.558823529411754,6.0036984592834415,5.558862067664247,1.665639522294585,-0.7409370748358419,-7.409372649809713,5,stop,0,-7.390418794224363,-0.7995069707014011
GEMI,2026-08-17T13:30:05.000Z,2026-08-17T13:35:05.000Z,0.25510204081633514,3.950978064792734,3.7192494506190523,2.531018830816286,-0.5865094861125499,-5.865094930255908,5,stop,0,-5.846098383865639,-0.3037222596979561
RCT,2026-08-17T13:30:05.000Z,2026-08-17T13:35:05.000Z,5.183486238532109,0.23095798452612099,0.20974791798271422,43.297917983476886,-0.9183517216205132,-9.18351733408374,5,stop,0,-9.160966904665758,-0.9482244038381449
TRUG,2026-08-17T13:30:05.000Z,2026-08-17T13:35:05.000Z,64.00206291903044,1.6003232629631114,1.5196949678960592,6.248737506549036,-0.5038250514745921,-5.038250516821413,5,stop,0,-5.0191898613276,-0.7498485007858839
DAIC,2026-08-17T13:35:05.000Z,2026-08-17T13:40:05.000Z,9.975520195838428,0.55179895,0.4748369416666666,10.75,-0.8273415895833339,-13.947472776694008,5,stop,0,-13.827309747508586,-0.4192499999999999
XHG,2026-08-17T13:35:05.000Z,2026-08-17T13:45:05.000Z,9.736842105263154,4.200875065645787,3.9886352922982917,2.3804564111861364,-0.5052275291737385,-5.052275300524052,10,stop,0,-5.019789028488287,-0.07141369233558414
IPST,2026-08-17T13:35:05.000Z,2026-08-17T13:45:05.000Z,256.8019635471115,7.861572556915924,7.458506671829246,1.2720101388698812,-0.5127038924628162,-5.127038924700827,10,stop,5.068037472141307,-5.108043638961968,-0.7886462860993273
IVF,2026-08-17T13:35:05.000Z,2026-08-17T13:45:05.000Z,176.8629065459037,2.7005401191291534,2.379523345402782,3.7029629476996866,-1.1887132186988467,-11.88713218709337,10,stop,0.7205921783203229,-11.869481843969732,-1.1479185137869035
NNNN,2026-08-17T13:40:05.000Z,2026-08-17T13:50:05.000Z,50.45766590389016,13.242654590810188,11.207738877676556,0.7551356059639043,-1.5366373101226356,-15.36637310275972,10,stop,0,-15.34929856299929,-1.5933361285838377
UCL,2026-08-17T13:40:05.000Z,2026-08-17T13:50:05.000Z,21.91780821917808,0.8921788429049866,0.8272332467178104,11.208515062343428,-0.7279436930968385,-7.279436931692926,10,stop,0,-7.260746364939886,-0.4707576326184224
STFS,2026-08-17T13:45:05.000Z,2026-08-17T13:55:05.000Z,61.02564102564101,6.301260934490237,5.538890827572753,1.586983955063299,-1.509809170385514,-15.098091704303288,10,stop,0,-16.842040752214803,-0.7550063096645587
ARTL,2026-08-17T13:40:05.000Z,2026-08-17T14:40:05.000Z,-2.710883776963946,0.778385138469891,0.7382974221764377,12.847110531291477,-0.515011322169049,-5.1501132681252955,60,stop,0,-5.098393649691458,-0.3751356275137123
BRNX,2026-08-17T13:45:05.000Z,2026-08-17T14:45:05.000Z,-2.2535211267605604,3.5007399787515903,3.2992434557720705,2.856538913644544,-0.5755826588550704,-5.755826602448095,60,stop,0.26451611101123707,-5.734215622126182,-0.657003950138245
MYSZ,2026-08-17T13:40:05.000Z,2026-08-17T15:20:05.000Z,25.92592592592593,3.7607646806943853,3.569262086380794,2.6590336918650777,-0.5092118503594094,-5.092118507085973,100,stop,11.945318504285352,-5.072497135320964,-0.1861323584305552
SLE,2026-08-17T13:40:05.000Z,2026-08-17T16:05:05.000Z,39.647577092511014,3.1806378496719105,2.7594419873165648,3.1440234542467813,-1.3242496700769062,-13.242496702313753,145,stop,5.010383384091588,-13.224952652666833,-1.0375277399014387
ITG,2026-08-17T13:45:05.000Z,2026-08-17T16:15:05.000Z,2.1202775636083304,13.343069836785899,12.616809937093128,0.749452716130242,-0.5442974544412241,-5.442974582134942,150,stop,0,-5.419066568867437,-0.7719362976141486
GCTK,2026-08-17T13:40:05.000Z,2026-08-17T16:35:05.000Z,-0.29940119760478723,0.36879195039451823,0.34901642041857844,27.11555896529434,-0.536224549132541,-5.362245557362288,175,stop,8.462237196906464,-5.339582486399874,-0.5423111793058872
LUNR,2026-08-17T13:30:05.000Z,2026-08-17T19:50:05.000Z,6.680694371383478,20.30406398123604,20.455905247227122,0.49251223837990926,0.07478368179170641,0.7478368179464201,380,session_close,2.294791915522687,-2.778084139989523,0.17237928343296893
SNAP,2026-08-17T13:30:05.000Z,2026-08-17T19:50:05.000Z,-2.957486136783738,5.261054649963784,5.198957522397354,1.9007595747097799,-0.1180317097838663,-1.1803170979578665,380,session_close,0.1700295973218413,-3.4414135949914493,-0.019007595747096317
DCH,2026-08-17T13:35:05.000Z,2026-08-17T19:50:05.000Z,0.2971768202080227,6.771389253696534,6.798635304989251,1.4768018222932973,0.04023701819938055,0.4023701824236861,375,session_close,1.1609249351682394,-0.6112372534770372,0.07384009111466305
GT,2026-08-17T13:45:05.000Z,2026-08-17T19:50:05.000Z,0.49099836333879043,6.151346960812561,6.058753602301538,1.6256602045147024,-0.15052533813373356,-1.5052533876058969,365,session_close,0,-2.4603873229184448,-0.1463094184063234
AAL,2026-08-17T13:45:05.000Z,2026-08-17T19:50:05.000Z,-1.7194875252865893,14.592920303007137,14.477098284205182,0.6852637986122241,-0.07936863656716425,-0.7936863656967136,365,session_close,0.1170409804084338,-1.2534866168592895,-0.04796846590285675
WHLR,2026-08-17T13:45:05.000Z,2026-08-17T19:50:05.000Z,-2.0368334927678866,0.3592002340782743,0.39248833018148394,27.83962489569113,0.9267281090050743,9.267281294687505,365,session_close,9.326209379480987,-3.9811316145072717,0.5929840102782205
DRAL,2026-08-17T13:35:05.000Z,2026-08-17T19:55:05.000Z,9.830205540661296,12.332821537414867,12.305042626195748,0.8108444530467416,-0.022524376073700822,-0.2252437622229811,380,session_close,4.842188470606135,-1.1580605215244621,-0.05675911171327108
DFSC,2026-08-18T13:30:05.000Z,2026-08-18T13:35:05.000Z,9.72222222222221,2.400842191723533,2.269476354928235,4.165204820626965,-0.5471656166854708,-5.4716564565617,5,stop,0,-5.449845565634748,-0.5831286748877744
XOS,2026-08-18T13:30:05.000Z,2026-08-18T13:35:05.000Z,117.22488038277513,4.5509114967330415,4.249149751731235,2.197362002429587,-0.6630797922538166,-6.63079792297504,5,stop,0,-6.612114890589648,-0.4174987804616208
AIXC,2026-08-18T13:45:05.000Z,2026-08-18T13:50:05.000Z,112.61616446071527,1.5203041282100547,1.759647837602656,6.577631287237815,1.5743146713043303,15.743146713308946,5,take_profit,15.766310657338911,0,0.13155262574475657
BIAF,2026-08-18T13:40:05.000Z,2026-08-18T14:00:05.000Z,26.539650791383053,0.4973998046134203,0.4665061486541341,20.104551521449732,-0.6211030979194124,-6.211030980057744,20,stop,0,-6.19216258787193,-0.19903506006235183
RANI,2026-08-18T13:40:05.000Z,2026-08-18T14:05:05.000Z,9.310214851111942,0.8756827066781805,0.8304023468526005,11.419661374615968,-0.5170863761288884,-5.170863770662636,25,stop,1.075423009955645,-5.14829245049242,-0.3528675364756335
SGLY,2026-08-18T13:45:05.000Z,2026-08-18T14:15:05.000Z,31.403118040089083,5.921194431516613,5.5488715067696734,1.6888484430132402,-0.6287969917570053,-6.2879699198051116,30,stop,3.3575247491487215,-6.268911379448461,-0.2702157508821177
ENRD,2026-08-18T13:40:05.000Z,2026-08-18T14:20:05.000Z,10.551948051948056,6.831377553553998,6.338708599331761,1.4638335999137435,-0.7211853688248769,-7.211853690708812,40,stop,0,-7.192949733811171,-0.49770342397067147
DEFT,2026-08-18T13:30:05.000Z,2026-08-18T15:10:05.000Z,-1.0752688172043001,0.4628694405125911,0.4327110919837121,21.60435393359178,-0.6515516356705189,-6.515519472506334,100,stop,0,-6.4963114608066475,-0.7194249859886064
SPCQ,2026-08-18T13:35:05.000Z,2026-08-18T15:55:05.000Z,9.79757085020243,13.59272597491747,12.8973016662084,0.7356876035959272,-0.51161504315653,-5.116150432167395,140,stop,0,-5.096299124956605,-0.4193419340496778
ASTN,2026-08-18T13:30:05.000Z,2026-08-18T19:50:05.000Z,9.725685785536164,4.420909447828439,4.4678228728758835,2.2619780174570323,0.10611713618093722,1.0611713630662198,380,session_close,2.6938021141794444,-2.282549530120004,0.02261978017457089
AMX,2026-08-18T13:30:05.000Z,2026-08-18T19:50:05.000Z,0.7601351351351315,23.935227599642168,23.665252571629193,0.4177942289483185,-0.11279400866398183,-1.1279400911859794,380,session_close,0.019938813357689433,-1.609458686108034,-0.17965151844777694
BBWI,2026-08-18T13:30:05.000Z,2026-08-18T19:50:05.000Z,3.7214247740563478,19.54397424679634,20.015986194165933,0.511666658317717,0.24151277579663852,2.4151277596314222,380,session_close,3.5613317149031376,-0.9413348813969935,0.3325833279065158
KURA,2026-08-18T13:35:05.000Z,2026-08-18T19:50:05.000Z,9.84042553191491,12.41248819147598,12.29748865608816,0.805640242692612,-0.09264825359938123,-0.9264825360864707,375,session_close,1.6717986379759298,-1.3090702602848392,-0.17724085339237305
EYPT,2026-08-18T13:35:05.000Z,2026-08-18T19:50:05.000Z,9.65092402464065,5.361073554434369,5.4788942974473525,1.8652980411260809,0.21977080114613773,2.197708011589006,375,session_close,2.404862463768853,-4.683270092921877,0
RAMZ,2026-08-18T13:35:05.000Z,2026-08-18T19:50:05.000Z,9.58199356913183,17.073446490515305,17.994108111552677,0.5857048254266081,0.5392359540266718,5.3923595423385695,375,session_close,6.891130681425661,-0.07875674382894493,0.5447054876467465
SKDD,2026-08-18T13:35:05.000Z,2026-08-18T19:50:05.000Z,9.546413502109697,10.402086534636679,11.13773043273617,0.961345588256916,0.7072080159660662,7.072080160551996,375,session_close,8.632051486723036,-0.11619336751749199,0.6921688235449803
LITZ,2026-08-18T13:35:05.000Z,2026-08-18T19:50:05.000Z,9.222661396574438,8.311671704147148,9.077904460674887,1.2031274036800261,0.9218756269758078,9.21875627192329,375,session_close,10.68772116455965,-1.3435528750663894,0.9023455527600195
SNDQ,2026-08-18T13:40:05.000Z,2026-08-18T19:50:05.000Z,9.57446808510638,13.402680891007908,14.417113891855585,0.7461193832180373,0.7568881249084921,7.568881249185592,370,session_close,9.754161272833084,0,0.8505760968685632
DVLT,2026-08-18T13:40:05.000Z,2026-08-18T19:50:05.000Z,9.33499843896346,0.3509706637357834,0.3856211542410704,28.492409852102643,0.9872759770530287,9.87275977327053,370,session_close,13.34280642312331,-1.5872163435224018,0.8946616693560223
WEAV,2026-08-18T13:40:05.000Z,2026-08-18T19:50:05.000Z,31.916817359855322,7.301460707816956,7.278536207540601,1.3695889630824154,-0.03139714256267583,-0.31397142563284863,370,session_close,0,-0.4308823819769936,-0.027391779261648708
DLHC,2026-08-18T13:45:05.000Z,2026-08-19T13:50:05.000Z,1.7777777777777892,4.663203165370238,4.477630514265183,2.1444479890653425,-0.3979508984877592,-3.9795103177822013,1445,time,0,-4.786477394503907,-0.25733375868784236
MSS,2026-08-19T13:50:05.000Z,2026-08-19T13:55:05.000Z,80.2547770700637,2.8405683025801736,2.479503408870796,3.520422300954194,-1.271100903906148,-12.71100903933242,5,stop,0,-12.693526934474997,-1.2321478053339678
YJ,2026-08-19T13:50:05.000Z,2026-08-19T14:00:05.000Z,141.3793103448276,4.210843554086311,4.889021724282075,2.3748210710787974,1.6105518085265633,16.105518086456634,10,take_profit,16.128750384340872,-0.9699613286909048,1.353648010514915
TNON,2026-08-19T13:50:05.000Z,2026-08-19T14:00:05.000Z,108.99082568807339,11.412286174250047,10.5278921804292,0.8762486189516073,-0.7749490156946137,-7.749490157514077,10,stop,0,-7.731020417633605,-1.0602608289314457
CISS,2026-08-19T14:00:05.000Z,2026-08-19T14:05:05.000Z,32.11678832116787,3.650731778319281,4.309137006722981,2.7391768572018145,1.80348836430409,18.03488364480219,5,take_profit,18.05852255692779,0,-0.27391768572018016
AEON,2026-08-19T14:00:05.000Z,2026-08-19T14:05:05.000Z,2.693877551020396,0.2536519110833264,0.23784300522890167,39.42410663368848,-0.623251990166783,-6.232519907658573,5,stop,0,-6.210050228303543,-0.11038749857432784
GOVX,2026-08-19T14:00:05.000Z,2026-08-19T14:10:05.000Z,-0.09223674096848766,0.6528389449630552,0.6061749232249415,15.317713579662005,-0.714786119459547,-7.147861214185751,10,stop,0,-7.12870231197511,-0.7046148246644535
SKK,2026-08-19T13:50:05.000Z,2026-08-19T14:30:05.000Z,57.14285714285712,6.6413308992472135,8.648269289676165,1.505722294345925,3.02189190390075,30.21891904165166,40,take_profit,30.24497847231895,0,2.062839543253917
TNON,2026-08-19T14:30:05.000Z,2026-08-19T14:40:05.000Z,119.81651376146787,12.00240213484652,15.036991502961092,0.8331665517697489,2.528318369956605,25.283183700466267,10,take_profit,25.308249390631854,0,1.891288072517332
RDAC,2026-08-19T14:30:05.000Z,2026-08-19T14:45:05.000Z,120.51282051282053,12.972596962404923,15.856825386382463,0.7708556758930489,2.2233238511951496,22.233238512968086,15,take_profit,22.257710202227663,0,2.8213317737685575
BIVI,2026-08-19T14:40:05.000Z,2026-08-19T14:50:05.000Z,41.02032351721279,1.3702786596662975,1.2497472848237021,7.297785689458636,-0.879612142457067,-8.796121430654713,10,stop,0,-8.777678818670998,-0.6568007120512771
YJ,2026-08-19T14:30:05.000Z,2026-08-19T15:00:05.000Z,135.34482758620695,4.110823018059711,4.759046845134483,2.4326029010667627,1.5768711622826899,15.768711623608903,30,take_profit,15.791898096520285,-2.209363372266493,0.6811288122986934
BIVIW,2026-08-19T14:30:05.000Z,2026-08-19T15:15:05.000Z,52.268489745183345,0.24976348194945563,0.22804818523664244,40.03786679526927,-0.5809128715598246,-5.809130446361889,45,stop,1.255795293236317,-8.673598630339264,-0.8119428832022049
RIME,2026-08-19T14:40:05.000Z,2026-08-19T15:55:05.000Z,-1.6185337987940307,0.3118442692824557,0.2871297094614072,32.067284118051866,-0.7925288116341506,-7.925289080320744,75,stop,1.1081591223388143,-7.902748810860427,-0.6317254971256219
ZNB,2026-08-19T14:00:05.000Z,2026-08-19T18:45:05.000Z,7.623318385650224,2.420487591798115,2.859423756306345,4.131398992044165,1.8134204276210337,18.134204281632208,285,take_profit,18.158011207790704,-2.498983758606277,2.0243855061016394
KC,2026-08-19T13:50:05.000Z,2026-08-19T19:50:05.000Z,9.501845018450194,11.892412700719218,12.407443547768278,0.8408722641684205,0.4330751544747223,4.330751547311439,360,session_close,5.024945856820473,-1.533857807576633,0.46247974529263125
JTAI,2026-08-19T13:50:05.000Z,2026-08-19T19:50:05.000Z,7.586206896551739,1.5703360294820043,1.679563640270853,6.368063766118113,0.6955683905241185,6.955683926126226,360,session_close,6.983471592011403,-3.8422368428945086,0.6368063766118102
LCID,2026-08-19T14:00:05.000Z,2026-08-19T19:50:05.000Z,0.5199306759098743,5.811183806759018,5.8488080316086215,1.7208197718204983,0.06474451002061855,0.6474451007012203,350,session_close,0.8400387057832193,-1.9132729312347552,0.017208197718204588
WEAV,2026-08-19T14:00:05.000Z,2026-08-19T19:50:05.000Z,0.3434065934065922,7.31148761741663,7.288529133367124,1.367710719915443,-0.03140056474751746,-0.31400564769906864,350,session_close,0,-0.2938884470712222,-0.013677107199155714
PSKY,2026-08-19T14:30:05.000Z,2026-08-19T19:50:05.000Z,0.23969319271333056,10.472106083622021,10.557881894003282,0.9549177517709192,0.08190884400560214,0.8190884402461395,320,session_close,1.2212817112118302,-1.3569962191680829,0.03819671007083514
PRMB,2026-08-19T14:30:05.000Z,2026-08-19T19:50:05.000Z,1.2798634812286824,23.764861530612517,23.66525827325508,0.4207893228280842,-0.04191198721490723,-0.4191198725443179,320,session_close,0.8632007770095207,-0.3991671926651841,-0.02945525259796611
SAIL,2026-08-19T14:40:05.000Z,2026-08-19T19:50:05.000Z,-0.5729166666666674,19.12393127408053,19.08613104932036,0.5229050368958293,-0.01976592792288657,-0.19765927945683834,310,session_close,1.1298342522926719,-0.5957523714537949,-0.01045810073791742
SOFI,2026-08-19T14:40:05.000Z,2026-08-19T19:50:05.000Z,3.2559456398640885,18.243649186661127,18.45630535381458,0.5481359511769928,0.1165644904563124,1.1656449045782926,310,session_close,2.5562364665499437,0,0.12058990925893909
IOVA,2026-08-19T14:40:05.000Z,2026-08-19T19:50:05.000Z,10.668563300142232,7.791562097270318,8.038389590448745,1.283439684379708,0.3167881999411545,3.1678819997455943,310,session_close,3.1885506350096238,-3.998711598274618,0.2951911274073318
BALY,2026-08-19T14:40:05.000Z,2026-08-19T19:50:05.000Z,-0.7856341189674598,8.881888639404902,8.747764225428366,1.125886664313906,-0.15100888905510013,-1.5100888946241393,310,session_close,0.4290907276861766,-2.948569274366064,-0.3039893993647542
SGLY,2026-08-20T13:30:05.000Z,2026-08-20T13:35:05.000Z,55.03355704697983,4.680936276986049,4.269145485494135,2.13632474533928,-0.879718857767025,-8.79718857777439,5,stop,0,-8.778933372932872,0.10681623726696365
LOOP,2026-08-20T13:30:05.000Z,2026-08-20T13:35:05.000Z,43.80138642592295,0.8942866333112145,0.8402308869561722,11.182097114362742,-0.6044566053314427,-6.044566064338203,5,stop,0,-6.025655679509834,-0.5915329373497897
HUIZ,2026-08-20T13:30:05.000Z,2026-08-20T13:40:05.000Z,110.27397260273975,3.080616724929671,2.3295335968093793,3.2461032619230172,-2.438093392166622,-24.380933922815036,10,stop,0,-24.365793993629868,0.09738309785768884
PWCM,2026-08-20T13:30:05.000Z,2026-08-20T13:40:05.000Z,10.909090909090914,1.8404189152767456,1.6996568539163737,5.43354551184297,-0.7648370667424138,-7.648370715599031,10,stop,0,-7.629725716855651,-0.8150318267764476
PLRZ,2026-08-20T13:40:05.000Z,2026-08-20T13:45:05.000Z,-1.2511170688114248,11.094069172501282,10.387880413127073,0.9013824623008637,-0.6365461627739165,-6.365462017531216,5,stop,0,-6.346356432015476,-0.3154838618053013
BTCT,2026-08-20T13:45:05.000Z,2026-08-20T13:50:05.000Z,63.14091072068844,1.3702747109392264,1.279742500755528,7.297806723810407,-0.6606865722000103,-6.606865722687449,5,stop,0,-6.588073925508664,-0.9487148740953515
CJMB,2026-08-20T13:45:05.000Z,2026-08-20T13:50:05.000Z,29.518072289156617,3.2406505208243295,2.7594266695839282,3.0858001917141253,-1.4849606524150398,-14.849606526469614,5,stop,0,-14.831914695388559,-0.617160038342826
MMA,2026-08-20T13:30:05.000Z,2026-08-20T13:55:05.000Z,36.052631578947384,0.5190048089926365,0.6449708405417448,19.267644196601847,2.4270686767461425,24.27068677718081,25,take_profit,24.295572762053652,0,2.5857178511839685
OMH,2026-08-20T13:45:05.000Z,2026-08-20T13:55:05.000Z,34.14043583535109,0.11142242818857978,0.10287878271512614,89.74853770371621,-0.7667796879014384,-7.66779688106754,10,stop,0,-7.648754678147718,-0.8167116931038159
SGLY,2026-08-20T13:55:05.000Z,2026-08-20T14:00:05.000Z,23.993288590604035,3.7107462965881752,3.4493067405725832,2.694875693028455,-0.7045471047025701,-7.04547104866671,5,stop,0,-7.026788568863274,-0.3503338400937004
LOOP,2026-08-20T13:55:05.000Z,2026-08-20T14:15:05.000Z,41.4315653715944,0.8805785146345242,0.8151344557538492,11.356170776599413,-0.7431939089627722,-7.43193909379414,20,stop,6.327827040908729,-7.413139606479879,-0.8414922545460151
SOC,2026-08-20T13:30:05.000Z,2026-08-20T14:20:05.000Z,7.740585774058584,5.171046097058618,4.879016339468432,1.9338446820179505,-0.5647401937067715,-5.64740193974092,50,stop,0.36653904424026607,-5.6283794728530845,-0.754199425987002
BEEM,2026-08-20T13:55:05.000Z,2026-08-20T14:30:05.000Z,11.570247933884303,1.3602759813519956,1.2797421590742442,7.35144936112261,-0.5920403163325374,-5.920403166841762,35,stop,0,-5.901448121741315,-0.5881159488898096
BIVI,2026-08-20T13:45:05.000Z,2026-08-20T15:00:05.000Z,33.955223880596996,1.800360470279787,2.1695657477199877,5.554443215431644,2.05072974837928,20.50729748486556,75,take_profit,20.531417781171825,-2.241799403289213,1.999599557555392
TGHL,2026-08-20T13:55:05.000Z,2026-08-20T15:40:05.000Z,6.826137689614931,0.7362055403821789,0.6891539559555758,13.583162894274233,-0.6391093357002461,-6.391093498451214,105,stop,9.425962698106982,-6.37125609756064,-0.5637012601123796
UXRP,2026-08-20T13:55:05.000Z,2026-08-20T17:05:05.000Z,27.66599597585515,12.732806902805057,14.67680292046171,0.7853727800282038,1.5267615567507629,15.267615636489296,190,take_profit,15.292724629052312,0,1.3979635484502033
HIVE,2026-08-20T13:40:05.000Z,2026-08-20T19:50:05.000Z,5.141843971631199,2.9705978669155075,3.0993747068202575,3.36632571804914,0.4335047880604566,4.335047881740526,370,session_close,6.712525290120808,-2.376554150993593,0.40395908616589793
MFA,2026-08-20T13:40:05.000Z,2026-08-20T19:50:05.000Z,-0.7692307692307776,9.04185192001329,8.907717279676339,1.1059681222952866,-0.1483486363082113,-1.483486364558311,370,session_close,0,-2.232417891809413,-0.13271617467543528
CHWY,2026-08-20T13:40:05.000Z,2026-08-20T19:50:05.000Z,-2.54272613588995,23.404693593836118,23.94519604947351,0.42726472614316124,0.23093763368761602,2.3093763371452054,370,session_close,2.329901923208655,0,0.27772207199305576
AUPH,2026-08-20T13:40:05.000Z,2026-08-20T19:50:05.000Z,8.163265306122458,17.523585310621332,17.296482360994194,0.5706594748303768,-0.12959844996665218,-1.2959845008971271,370,session_close,1.0067271408878753,-3.1020210817922944,-0.15978465295250643
SAN,2026-08-20T13:45:05.000Z,2026-08-20T19:50:05.000Z,0.6704304869442623,14.272854921736286,14.187158592001584,0.7006306765328141,-0.060041477478403514,-0.6004147747917926,365,session_close,0.40037594844943847,-1.0008854046342885,-0.04904414735729645
STKH,2026-08-20T13:45:05.000Z,2026-08-20T19:50:05.000Z,9.714285714285719,3.8608091282836896,3.9291678650590285,2.590130630023362,0.17705805795150967,1.7705805830843426,365,session_close,7.490421362655386,-4.683192622994747,0.02590130630023424
COSM,2026-08-20T13:40:05.000Z,2026-08-20T19:55:05.000Z,5.64766839378239,0.20543582373465846,0.21323176820425088,48.67694889516275,0.36985852388061546,3.698589272795474,375,session_close,6.894696362030817,-1.818486993526347,0.25248474447581337
AIRE,2026-08-21T13:40:05.000Z,2026-08-21T13:45:05.000Z,-0.34965034965035446,1.4403319266055141,1.3497215757330114,6.942844038225949,-0.6290935343567167,-6.290935387792701,5,stop,0,-6.271604825035215,-0.555427523058075
HOWL,2026-08-21T13:30:05.000Z,2026-08-21T13:50:05.000Z,127.34230055658627,0.9815972930127462,0.9006196447932653,10.18747715494717,-0.8249579412973105,-8.249579414684618,20,stop,0.8560238549012222,-8.231205769196947,-0.5918924227024309
USDEW,2026-08-21T13:35:05.000Z,2026-08-21T13:50:05.000Z,25.330733881075073,0.9205122016399986,1.1696482448071766,10.86351653975797,2.7065246864608685,27.065248143265336,15,take_profit,27.103149519964,0,1.8467978117588562
KNRX,2026-08-21T13:40:05.000Z,2026-08-21T13:55:05.000Z,15.727272727272723,0.38347910364834287,0.3584272444174697,26.07704016156837,-0.6532783392854368,-6.5327834013730675,15,stop,5.4033964705045845,-6.513810898872119,-0.3885478984073689
JATT,2026-08-21T13:50:05.000Z,2026-08-21T14:10:05.000Z,37.73584905660379,19.214031210861535,14.966989111113222,0.5204529892551576,-2.210385756306511,-22.103857608743212,20,stop,7.9939954936171675,-22.088187347496437,-2.076607427128077
INV,2026-08-21T13:30:05.000Z,2026-08-21T14:15:05.000Z,7.333333333333325,1.6303781038190976,1.539676214082454,6.133546508286142,-0.5563242590891451,-5.5632426321341,45,stop,0,-5.543383072146913,-0.49068372066289
PUSA,2026-08-21T13:30:05.000Z,2026-08-21T14:15:05.000Z,6.156156156156167,3.5617531537911895,3.368967604874739,2.8076057290505116,-0.5412658116159748,-5.412658895556718,45,stop,0,-5.383673306699654,-0.30883663019555563
JUNS,2026-08-21T13:30:05.000Z,2026-08-21T14:15:05.000Z,59.381044487427474,8.26165675968058,10.45790793366751,1.2104109732139339,1.8285322078437758,18.285322080550724,45,take_profit,26.60898781280785,-2.5619166450188247,1.2924712527673687
GOSS,2026-08-21T13:40:05.000Z,2026-08-21T14:15:05.000Z,0.032391441038037705,0.15793395381642023,0.14906876959974386,63.31760667058869,-0.5613222472938253,-5.613222491080741,35,stop,0.5483597178770339,-5.593448149020985,-0.5508631780341222
AEVA,2026-08-21T13:45:05.000Z,2026-08-21T14:15:05.000Z,2.861685214626397,19.443945525723905,18.266217846138986,0.5142989102065512,-0.6057040621306141,-6.057040624943181,30,stop,0,-6.037589048841974,-0.6120157031457971
SUGP,2026-08-21T13:35:05.000Z,2026-08-21T14:25:05.000Z,34.17266187050363,3.7407504013551116,3.4792971168825133,2.6732604225851104,-0.6989327177354833,-6.989327178255067,50,stop,7.465069001763069,-6.970537282055844,-1.2296997943891501
USDE,2026-08-21T13:45:05.000Z,2026-08-21T15:00:05.000Z,33.00000000000001,5.33106648695382,6.268745490190285,1.8757972770156253,1.758895720985686,17.588957210178332,75,take_profit,17.612489271029276,-2.4585415934047283,1.7257334948543743
ELAB,2026-08-21T13:35:05.000Z,2026-08-21T15:10:05.000Z,3.2786885245901676,6.391346198456305,5.938435427201229,1.5646156016294899,-0.708631258851737,-7.086312604447354,95,stop,1.543552774023138,-7.061833054283895,-0.9700616730102833
ADXN,2026-08-21T13:55:05.000Z,2026-08-21T17:45:05.000Z,6.345733041575463,4.890985051362585,4.559058144500857,2.0445779106010313,-0.6786504217036151,-6.786504219007093,230,stop,4.682389053174751,-6.767247249516251,-0.36802402390818756
PURR,2026-08-21T13:30:05.000Z,2026-08-21T19:50:05.000Z,4.265873015873023,10.532111589469055,10.617874504995278,0.9494772167942711,0.08142993433800014,0.814299343466662,380,session_close,4.2525984151059015,-0.8745785561288355,-0.4652438362291935
PSEC,2026-08-21T13:30:05.000Z,2026-08-21T19:50:05.000Z,0.8771929824561431,2.3215793118284185,2.349451482963709,4.307411199410648,0.12005690210004147,1.2005694138159462,380,session_close,1.2241963057983307,-4.375440085586257,0.1292223359823197
BEKE,2026-08-21T13:35:05.000Z,2026-08-21T19:50:05.000Z,2.0306062389641166,17.363476239170126,17.776437841041137,0.5759215413876743,0.2378334822834757,2.3783348229510297,375,session_close,2.3988500637346144,-2.0357458051672883,0.23036861655507046
SKYQ,2026-08-21T13:35:05.000Z,2026-08-21T19:50:05.000Z,0.9380863039399667,2.7106304436845785,2.7493655126478167,3.6891786364278074,0.14290058889973617,1.4290058998446633,375,session_close,1.4524132718699345,-3.712436858334367,0.2582425045499459
ZKH,2026-08-21T13:35:05.000Z,2026-08-21T19:50:05.000Z,-0.34482758620688614,2.9106175442202766,2.8894184394751856,3.4356970031811986,-0.07283370064283352,-0.7283370083158771,375,session_close,0,-1.7390654543668949,-0.034356970031813816
SXTC,2026-08-21T13:40:05.000Z,2026-08-21T19:50:05.000Z,9.779614325068863,4.010835946474813,4.078912009546253,2.493245826009198,0.1697303601040069,1.697303604034795,370,session_close,3.719026544984705,-3.5113863631993314,0.12466229130046003
STUB,2026-08-21T13:55:05.000Z,2026-08-21T19:50:05.000Z,1.171303074670571,6.92147323484,6.688650259678024,1.4447791146855997,-0.3363777719329866,-3.363777728562693,355,session_close,0,-3.34427696223476,-0.317851405230833
LUCY,2026-08-24T13:30:05.000Z,2026-08-24T13:35:05.000Z,44.758005556367905,0.9919998222325273,0.9213153274426091,10.080646964759424,-0.7125454378595414,-7.125454380711521,5,stop,0,-7.10683819215463,0.07258065814626846
PMI,2026-08-24T13:30:05.000Z,2026-08-24T13:35:05.000Z,39.25233644859816,4.4809020843131995,4.109173962131649,2.231693486959695,-0.8295832291923235,-8.295832294191408,5,stop,0,-8.277397660878549,-0.22316934869597027
CYPH,2026-08-24T13:30:05.000Z,2026-08-24T13:35:05.000Z,28.873239436619723,1.8403819964222583,1.7296522301532673,5.433654536749023,-0.6016672968406619,-6.016672977906326,5,stop,0,-5.997776365822061,0.16300963610247088
BTCT,2026-08-24T13:30:05.000Z,2026-08-24T13:40:05.000Z,43.42105263157894,1.6403302892936664,1.5296935273049046,6.096333197319242,-0.6744785649559963,-6.744785651455751,10,stop,3.0280310636537466,-6.726102054798677,-0.18288999591957733
XPON,2026-08-24T13:35:05.000Z,2026-08-24T13:40:05.000Z,143.0858806404658,8.371674252861192,7.548489608026672,1.1945041932946536,-0.9832975101106047,-9.832975101165458,5,stop,0,-9.814933405708759,-0.5375268869825955
NCTY,2026-08-24T13:40:05.000Z,2026-08-24T13:45:05.000Z,5.536332179930792,6.1513526423088996,7.108561559351707,1.625658702667848,1.556095006261906,15.560950130856435,5,take_profit,15.584334266540667,0,1.446836245374385
INCR,2026-08-24T13:40:05.000Z,2026-08-24T13:45:05.000Z,26.115547205260683,5.421133661776233,4.988972215128251,1.8446326183299466,-0.7971791008715253,-7.971791023990078,5,stop,0,-7.952832168963198,-0.7378530473319795
LGHL,2026-08-24T13:45:05.000Z,2026-08-24T13:50:05.000Z,33.96381578947369,0.817163675752957,0.7636462685638176,12.237450459492932,-0.6549166191976048,-6.549166192418801,5,stop,0,-6.5303533840740275,0.3781372191983312
SDOT,2026-08-24T13:35:05.000Z,2026-08-24T14:00:05.000Z,63.42943854324734,21.584319729817153,26.114774250386397,0.463299289707974,2.0989563614340105,20.98956361506614,25,take_profit,21.013774475908733,0,2.0663148320975644
OLOX,2026-08-24T13:35:05.000Z,2026-08-24T14:00:05.000Z,13.875598086124397,2.390479943153725,2.229549254516933,4.183260364516923,-0.6732149712087062,-6.732149713185988,25,stop,0,-6.713293856044911,-0.6274890546775413
AAOZ,2026-08-24T13:40:05.000Z,2026-08-24T14:15:05.000Z,35.00939849624061,14.382883111759131,13.637259307956379,0.6952708939720752,-0.5184105286367989,-5.184105286881923,35,stop,0.32759001011657407,-5.165050052807329,-0.36849357380519976
ZSTK,2026-08-24T13:40:05.000Z,2026-08-24T14:25:05.000Z,1.0615711252653925,4.811016183220113,4.55892077616375,2.0785629470722773,-0.5239961722344602,-5.239961734812348,45,stop,2.8888661248871905,-5.217529387982712,-0.5404263662387923
BEZ,2026-08-24T13:30:05.000Z,2026-08-24T14:35:05.000Z,9.899328859060397,13.163015936586525,12.31746216316588,0.759704309508422,-0.6423708455887722,-6.423708498828401,65,stop,3.471727646726386,-6.40442844290241,-1.1167653349773818
CYAB,2026-08-24T13:30:05.000Z,2026-08-24T14:50:05.000Z,7.200267916945746,0.32627984178894726,0.30026305888155413,30.64853726674978,-0.7973763404981767,-7.97376349232815,80,stop,3.806596859602096,-7.901144504545532,-0.8581590434689943
VBIO,2026-08-24T13:45:05.000Z,2026-08-24T14:55:05.000Z,-2.446982055464919,0.1203662664724093,0.1428709025476835,83.07973953881925,1.869679303549696,18.69679664811467,70,take_profit,18.72097074038259,-1.1350908460075027,1.9025260354389602
CAPR,2026-08-24T13:45:05.000Z,2026-08-24T15:15:05.000Z,2.225755166931642,6.441290610170308,7.4385095911809085,1.552483904917854,1.5481664176975412,15.481664178232668,90,take_profit,15.504802535268425,0,1.5214342268194976
MVIS,2026-08-24T13:35:05.000Z,2026-08-24T19:00:05.000Z,6.024096385542177,1.7703830196112857,1.6795089432693904,5.648495186495959,-0.5133017827944623,-5.1330178461521925,325,stop,0,-5.105280530262357,-0.28242475932479927
SNAP,2026-08-24T13:35:05.000Z,2026-08-24T19:50:05.000Z,-0.667938931297718,5.211048171902659,5.508897487970859,1.9189997228457758,0.5715727549846803,5.715727551208753,375,session_close,5.73688475399734,-0.020114415911764993,0.5565099196252739
ALKT,2026-08-24T13:35:05.000Z,2026-08-24T19:50:05.000Z,1.422963689892054,20.71591454338358,20.31586761681798,0.48272065105669454,-0.1931109128449765,-1.9311091756427965,375,session_close,0,-2.780058501291316,-0.2027426734438098
PSKY,2026-08-24T13:40:05.000Z,2026-08-24T19:50:05.000Z,-0.48309178743960457,10.31209171342007,10.397896039989147,0.9697353623358675,0.0832074897154491,0.8320748976409128,370,session_close,2.113133713661064,-1.571860665369429,0.11636824348030217
JMKE,2026-08-24T13:40:05.000Z,2026-08-24T19:50:05.000Z,0.37720033528920727,23.98481289192633,23.48524203369206,0.41693049863034964,-0.20828632702480654,-2.0828632705424814,370,session_close,0,-3.8975200521201625,-0.175110809424746
TNMG,2026-08-25T13:30:05.000Z,2026-08-25T13:35:05.000Z,64.27404148334381,0.656031560269871,0.6150765861850092,15.243169085834296,-0.6242835948815104,-6.242835949540937,5,stop,0,-6.224023773044419,-0.4572950725750289
SWVL,2026-08-25T13:30:05.000Z,2026-08-25T13:55:05.000Z,57.14285714285712,2.320465695782267,2.189560252460704,4.3094797810238274,-0.5641343612202357,-5.641343613029905,25,stop,4.720358694240789,-5.622392781733621,-0.8618959562047639
PSNYW,2026-08-25T13:35:05.000Z,2026-08-25T13:55:05.000Z,82.26582883180834,5.001050019513613,4.739013059944285,1.9995800761793192,-0.5239638835774344,-5.239638846779883,20,stop,7.577408324407076,-5.219904190020519,-0.5398866205684154
WVVIP,2026-08-25T13:50:05.000Z,2026-08-25T14:00:05.000Z,291.3207547169811,10.452094911185847,9.118162273717088,0.9567460001110424,-1.276234715315809,-12.762347154360251,10,stop,7.4425758225907135,-12.74476478165385,-2.985047520346452
GRML,2026-08-25T13:50:05.000Z,2026-08-25T14:10:05.000Z,2.8070175438596356,8.831775066004838,10.157947970896009,1.1322752134424592,1.5015927089472574,15.015927092571236,20,take_profit,15.039161709493154,0,1.2568254869211302
TNMG,2026-08-25T13:55:05.000Z,2026-08-25T14:15:05.000Z,61.81018227529855,0.6453292814793054,0.6126761869614124,15.495965061940074,-0.5059912118134969,-5.059912118514358,20,stop,0,-5.0407260933112426,-0.23243947592910175
AIXI,2026-08-25T13:50:05.000Z,2026-08-25T14:20:05.000Z,177.55255468550234,1.2802609997806382,1.4897018181648156,7.810907302300292,1.6359228177167204,16.35922819019429,30,take_profit,16.382518896951392,0,1.405963314414052
DAIC,2026-08-25T13:55:05.000Z,2026-08-25T14:20:05.000Z,139.59537572254334,4.1608329155676005,3.2993137936018337,2.4033649517972235,-2.070544863035641,-20.705448631268634,25,stop,5.267384893356186,-20.688956587197392,-2.066893858545612
SMTG,2026-08-25T13:35:05.000Z,2026-08-25T14:25:05.000Z,9.540034071550242,6.502225608951009,6.067362941360405,1.5379348724453905,-0.6687904612122179,-6.6879049381487015,50,stop,1.3499130348255006,-6.647348691746469,-0.3383456719379865
NCPL,2026-08-25T13:50:05.000Z,2026-08-25T14:25:05.000Z,15.565115369573723,0.297160012168323,0.34253125427671016,33.65190330625766,1.5268286523162509,15.26828652930837,35,take_profit,15.291420773646358,-2.880607019047454,1.9316192497791906
RIME,2026-08-25T13:30:05.000Z,2026-08-25T14:50:05.000Z,-2.8887523048555686,0.3187906401090069,0.2967237627153724,31.368548827449416,-0.6922059209915635,-6.9220593760497415,80,stop,3.5475821646225425,-6.8981448456226335,-0.7214766230313376
OFAL,2026-08-25T13:55:05.000Z,2026-08-25T15:15:05.000Z,43.7018701870187,1.0502116691126056,0.9457090718757362,9.52189000646487,-0.99506223627937,-9.95062236598177,80,stop,7.597357107526026,-9.932442399992137,-1.2854551508727567
ILLR,2026-08-25T13:50:05.000Z,2026-08-25T16:00:05.000Z,-0.2618127415534244,0.8123178375063128,0.9433606164332341,12.310452085711749,1.6131958511583817,16.131958806814076,130,take_profit,16.161428006641177,-3.621468857143517,1.4797163407025522
AXTL,2026-08-25T13:30:05.000Z,2026-08-25T18:05:05.000Z,9.818181818181815,3.050646046590128,2.87912448784175,3.2779941763970477,-0.5622466707037274,-5.622466721109681,275,stop,2.9290173964871435,-5.593767483476775,-0.4589191846955867
COHX,2026-08-25T13:30:05.000Z,2026-08-25T19:50:05.000Z,9.31506849315069,24.014982207739,23.565027989842203,0.41640672051825034,-0.18736396025775892,-1.8736396054950846,380,session_close,1.1868332434955997,-4.851064213420797,0.03331253764146069
AVXL,2026-08-25T13:30:05.000Z,2026-08-25T19:50:05.000Z,9.0032154340836,3.4108936295493124,3.5592667862858653,2.9317829646639257,0.4349978933336365,4.349979004069902,380,session_close,7.010079950288017,0,0.2638604668197537
BEX,2026-08-25T13:35:05.000Z,2026-08-25T19:50:05.000Z,9.869646182495352,23.634733348658813,23.965170974950382,0.42310610624869366,0.13981017741828697,1.3981017742699464,375,session_close,2.6032307716985503,-4.716504866859728,0.14808713718704247
SMCX,2026-08-25T13:35:05.000Z,2026-08-25T19:50:05.000Z,9.79667282809611,11.902382705993928,12.547467540880831,0.8401679097840534,0.5419795773603209,5.419795773849927,375,session_close,7.961576412165439,0,0.5797158577509975
BZ,2026-08-25T13:35:05.000Z,2026-08-25T19:50:05.000Z,4.145077720207246,16.113226326639136,16.126770519474196,0.6206081759634807,0.008405636810263906,0.08405636810715918,375,session_close,1.9038624986834174,-2.2542122804955156,-0.07447298111561906
PFXF,2026-08-25T13:35:05.000Z,2026-08-25T19:50:05.000Z,0.3353828954723248,17.974010573692922,17.956167802763428,0.5563588553191022,-0.009926983610054447,-0.09926983661403521,375,session_close,0.08895858963429149,-0.4674002685626566,0
EHTH,2026-08-25T13:50:05.000Z,2026-08-25T19:50:05.000Z,-0.40650406504064707,1.241798,1.1894307082405344,5,-0.26183645879732764,-4.217053962034528,360,session_close,0,-4.171209810291209,-0.20000000000000018
DFNS,2026-08-25T13:55:05.000Z,2026-08-25T19:50:05.000Z,21.480472297910993,13.402684069520255,13.05730096608759,0.7461192062367068,-0.2576969669807505,-2.5769696699642344,355,session_close,10.425642529748602,-3.15372702458534,-0.3059088745570495
METG,2026-08-26T13:30:05.000Z,2026-08-26T13:40:05.000Z,8.379013312451056,13.892940725964683,12.885489063904629,0.7197900122407265,-0.7251536441661468,-7.251536459643969,10,stop,0,-7.2190671920904,-0.7629774129751699
NUWE,2026-08-26T13:30:05.000Z,2026-08-26T13:45:05.000Z,8.423686405337772,1.0502185819044496,0.9956950311763327,9.521827317942764,-0.5191638347942213,-5.191638356773763,15,stop,0,-5.172121579295341,-0.1904365463588551
VNRX,2026-08-26T13:35:05.000Z,2026-08-26T13:45:05.000Z,8.450338013520554,0.4191848656120846,0.35712822491784635,23.855823087379797,-1.4804122417988421,-14.804122425466032,10,stop,0,-14.786999888837983,-0.8373393903670294
CRE,2026-08-26T13:40:05.000Z,2026-08-26T13:45:05.000Z,162.4513618677043,6.761354311910802,6.098777936558564,1.478993636186018,-0.9799462426331581,-9.799462427002874,5,stop,0,-9.78138818647265,-1.1388250998632348
YFOR,2026-08-26T13:40:05.000Z,2026-08-26T13:50:05.000Z,73.04347826086959,2.0004007330447053,1.869625226901051,4.998998367714694,-0.6537465417491912,-6.53746541797192,10,stop,0,-6.5187305168714405,-0.3999198694171753
TRUG,2026-08-26T13:45:05.000Z,2026-08-26T13:50:05.000Z,9.914529914529924,0.6460380142201724,0.6076707551383083,15.47896524765853,-0.5938854699760857,-5.938854717113967,5,stop,0,-5.918848949829858,-0.3869741311914616
MOVE,2026-08-26T13:45:05.000Z,2026-08-26T13:50:05.000Z,9.687836383207781,10.312261159507317,9.317382851246915,0.9697194245728823,-0.9647528206063196,-9.647528246927502,5,stop,0,-9.622149246991373,-0.9988110073100689
NXXT,2026-08-26T13:30:05.000Z,2026-08-26T14:00:05.000Z,7.6449912126537845,0.24687335440373886,0.23355117716403376,40.5065979487535,-0.5396360772507695,-5.396360928412671,30,stop,3.615880546453165,-5.376584457969291,-0.10126649487188288
EXYN,2026-08-26T13:30:05.000Z,2026-08-26T14:05:05.000Z,8.695652173913038,3.540827133268977,3.3490520603363434,2.8241988510043394,-0.5416109406276169,-5.41610944885587,35,stop,2.2359992101034676,-5.389337747556189,-0.39538783914060716
DAIC,2026-08-26T13:45:05.000Z,2026-08-26T14:05:05.000Z,50.25773195876289,5.841169205728639,5.198959587039025,1.7119860163919556,-1.0094717598791436,-10.094717599208614,20,stop,3.4039553943474354,-10.976727143939302,-1.1770306309826104
SOAR,2026-08-26T13:45:05.000Z,2026-08-26T14:35:05.000Z,49.16879795396418,0.23394689405341693,0.28224347889625384,42.74474358586394,2.0644251351799867,20.644251353817673,50,take_profit,20.668411154688226,-1.5588555121335501,1.9790816280255008
RPGL,2026-08-26T13:35:05.000Z,2026-08-26T14:45:05.000Z,8.060453400503764,2.1820168149375396,2.059039116230136,4.582913029931805,-0.5635960977971877,-5.6359647581782655,70,stop,5.407070388036295,-5.5919282611501036,-1.1457282574829524
AEON,2026-08-26T13:40:05.000Z,2026-08-26T14:50:05.000Z,7.361963190184029,0.22974689650448374,0.21887690042651037,43.52615919364484,-0.4833600711172206,-4.833600715280766,70,stop,3.722837446620031,-5.025920558739028,-0.19357510045203874
ACTU,2026-08-26T13:35:05.000Z,2026-08-26T15:30:05.000Z,8.860759493670889,1.7304782385736501,1.6296441730169569,5.778749230027528,-0.5826947786962865,-5.826947910064788,115,stop,3.4396134027903758,-5.806385560587557,-0.5778749230027529
PSNYW,2026-08-26T13:45:05.000Z,2026-08-26T15:45:05.000Z,47.18498659517427,5.521281012744136,5.238427080138062,1.8111738747791901,-0.512297653114674,-5.122976569263445,120,stop,7.7648463511692745,-5.094488255440844,-0.5252404236859647
CLGN,2026-08-26T13:45:05.000Z,2026-08-26T15:55:05.000Z,9.275862068965512,0.31966283999999995,0.29931089285714285,12.950000000000001,-0.2347688549798474,-5.6712469645871035,130,stop,0,-6.338816235255862,
MTEN,2026-08-26T13:40:05.000Z,2026-08-26T18:05:05.000Z,9.80392156862746,1.1303672768571542,1.0795666960260522,8.846681780746566,-0.5205730274565867,-5.20573048606205,265,stop,5.275517467972635,-5.34050110022628,-0.26540045342239615
ZCMD,2026-08-26T13:30:05.000Z,2026-08-26T19:50:05.000Z,9.731958762886595,0.7999786139428576,0.7951902742902205,12.500334100979419,-0.059855845446932,-0.598558457586364,380,session_close,7.277867813263961,-2.4223914996109985,0.04500120276352604
QUBT,2026-08-26T13:30:05.000Z,2026-08-26T19:50:05.000Z,-0.23640661938534313,8.461779363659156,8.358294395514624,1.1817845335499575,-0.12229693480811744,-1.2229693507369024,380,session_close,0.6880424771045668,-2.1482404095744423,-0.18908552536799306
SMMT,2026-08-26T13:35:05.000Z,2026-08-26T19:50:05.000Z,9.019461077844326,14.58291961586014,14.337124565981869,0.685733739396578,-0.16854995867819553,-1.6854995868656433,375,session_close,2.17432717516326,-3.1058226184525584,-0.21257745921293925
DFSC,2026-08-26T13:35:05.000Z,2026-08-26T19:50:05.000Z,8.176100628930815,1.740447299064658,1.6884482315795772,5.745649327445061,-0.2987684071234246,-2.987684115056275,375,session_close,6.869079057986505,-4.622219765452917,-0.45965194619560457
FTCI,2026-08-26T13:35:05.000Z,2026-08-26T19:50:05.000Z,7.788944723618085,2.1606416692513224,2.2282891706220624,4.628254584741225,0.313089858365416,3.130898673919419,375,session_close,5.524207574411721,-2.806650918304976,0.18513018338964926
QBTZ,2026-08-26T13:40:05.000Z,2026-08-26T19:50:05.000Z,7.301587301587298,3.390680240135554,3.729231129433611,2.9492607059504086,0.9984748347713265,9.984748349036959,370,session_close,10.0074243465341,-0.609914196294925,1.0912264612016518
SOGP,2026-08-26T13:40:05.000Z,2026-08-27T13:35:05.000Z,9.135004042037199,13.602784669811502,12.987350246719776,0.7351435925070878,-0.45243267274417825,-4.5243267318459575,1435,time,4.8314763935582095,-4.5048472403701805,-0.9556866702592153
LNAI,2026-08-27T13:35:05.000Z,2026-08-27T13:45:05.000Z,4.166666666666674,2.5205206632238157,2.3089791723720445,3.96743424176116,-0.8392769543585222,-8.392769555049146,10,stop,0,-8.352268890132963,-0.5554407938465626
VNRX,2026-08-27T13:35:05.000Z,2026-08-27T13:45:05.000Z,100.47169811320754,0.6816363837603382,0.6328730422532453,14.67057838753816,-0.7153864240181002,-7.153864240356926,10,stop,0,-7.135238804599764,-0.8538276621547212
NMTC,2026-08-27T13:35:05.000Z,2026-08-27T13:50:05.000Z,58.00000000000001,3.2006519598581664,2.769445470665823,3.1243634477614566,-1.3472457932701036,-13.472457942957721,15,stop,0,-13.455132431120386,-1.6559126273135725
MIMI,2026-08-27T13:45:05.000Z,2026-08-27T13:55:05.000Z,41.66666666666665,2.560512701470131,2.9694057128864166,3.9054678360743087,1.5969185044818688,15.96918504569486,10,take_profit,15.992394737771075,0,1.0935309941008047
OBAI,2026-08-27T13:50:05.000Z,2026-08-27T13:55:05.000Z,36.473880597014926,0.44108834348899,0.33483272649332385,22.67119534433568,-2.4089418493416614,-24.089418494986457,5,stop,0,-24.07416678687193,-0.0770820641707406
CELU,2026-08-27T13:55:05.000Z,2026-08-27T14:00:05.000Z,40.84507042253522,1.2502501926142848,1.049788443683604,7.998399087451087,-1.6033730697160062,-16.033730697654473,5,stop,0,-16.016809579173884,-0.7198559178705963
MERC,2026-08-27T13:35:05.000Z,2026-08-27T14:05:05.000Z,48.595641646489085,0.6152237488608641,0.5476896947417234,16.2542489884897,-1.0977153308546514,-10.977153311162875,30,stop,0,-10.959224019830927,-0.9736295144105309
WKSP,2026-08-27T14:05:05.000Z,2026-08-27T14:10:05.000Z,44.90196078431372,0.7410483171936546,0.6881621483552469,13.494396745274756,-0.7136669446430599,-7.136669446695093,5,stop,0,-7.118067198831534,-1.3845251060651886
PPCB,2026-08-27T13:35:05.000Z,2026-08-27T14:15:05.000Z,213.55140186915884,3.3706741627785197,3.129372860778566,2.96676555400424,-0.7158843909098377,-7.158843909167537,40,stop,9.176972388410753,-7.140238158770195,-1.127370910521611
EPOW,2026-08-27T13:50:05.000Z,2026-08-27T14:40:05.000Z,1.0950605778191846,0.4375982042353111,0.4037156520462644,22.852013212818733,-0.774284530308115,-7.742845345596278,50,stop,4.182328809294522,-7.723570139958047,-0.6444267726014878
VNRX,2026-08-27T14:05:05.000Z,2026-08-27T14:55:05.000Z,81.92806603773583,0.6180240149843444,0.5760843604676879,16.180601005999254,-0.6786088160634749,-6.786088161593364,50,stop,7.520093700053532,-6.767376990262086,-0.2588896160959884
WNW,2026-08-27T13:55:05.000Z,2026-08-27T15:20:05.000Z,33.46774193548385,3.3206709029658454,3.149357807779969,3.0114396421722285,-0.515899046065973,-5.158990462826921,85,stop,7.809539235054452,-5.139651231725839,-0.4517159463258338
MTLS,2026-08-27T13:35:05.000Z,2026-08-27T19:50:05.000Z,6.221889055472274,7.101501788982552,7.3780649819776984,1.4081528489020405,0.3894432481175603,3.8944324906629406,375,session_close,4.203311072603633,-2.2741920481257893,0.3097936267584487
OWL,2026-08-27T13:45:05.000Z,2026-08-27T19:50:05.000Z,2.2881355932203418,12.082443692160094,12.057582440185076,0.8276471424280054,-0.020576344154306425,-0.20576344163846483,365,session_close,0.9729514230319536,-0.6823428625915229,-0.04965882854567916
CRMG,2026-08-27T13:45:05.000Z,2026-08-27T19:50:05.000Z,36.43815201192253,9.171836564141406,9.73802082862133,1.0902941771265857,0.6173074067431599,6.173074067777238,365,session_close,6.739799946669245,-1.4374063822380045,0.6759823898184845
GNS,2026-08-27T13:45:05.000Z,2026-08-27T19:50:05.000Z,11.420289855072463,0.1929396626613265,0.19024498828280814,51.82967488657599,-0.13966409696379298,-1.3966409712493468,365,session_close,2.726415743717303,-4.218760699097068,0.031097804931945916
FNGR,2026-08-27T13:45:05.000Z,2026-08-27T19:50:05.000Z,2.164502164502169,0.16635066990403022,0.1731138575574302,60.11393643136703,0.40656183266989254,4.065620930352576,365,session_close,8.265268846769258,-1.713650991411575,0.42079755501957017
VNCE,2026-08-27T13:45:05.000Z,2026-08-27T19:50:05.000Z,20.34700315457414,7.67172192773369,7.618071578948852,1.3034883223352796,-0.06993260313025064,-0.6993260351484945,365,session_close,0.23825253884965925,-4.193607781463604,-0.22159301479699955
EOSE,2026-08-27T14:05:05.000Z,2026-08-27T19:50:05.000Z,4.041916167664672,3.4806998539778458,3.4192955009384103,2.872985438932621,-0.17641381216937616,-1.764138122086591,345,session_close,0.8417889289899172,-2.605793598496897,-0.14364927194663046
STXS,2026-08-27T14:10:05.000Z,2026-08-27T19:50:05.000Z,2.0689655172413834,1.4905769098464303,1.4696654291892821,6.708811339635455,-0.14029117856124337,-1.4029118872707251,340,session_close,0.6321773865758162,-2.051347343732879,-0.13417622679270913
EMAT,2026-08-28T13:30:05.000Z,2026-08-28T13:35:05.000Z,7.2555205047318605,3.442331622267042,3.2092491639610157,2.905006797563011,-0.677106125771704,-6.771063450084556,5,stop,0,-6.749251605051166,-0.23240054380504205
SLGB,2026-08-28T13:30:05.000Z,2026-08-28T13:35:05.000Z,7.071713147410352,0.547492715,0.5192802187019349,5,-0.14106248149032552,-5.153035926343807,5,stop,0,-5.131157772574191,-0.07749999999999968
EXYN,2026-08-28T13:35:05.000Z,2026-08-28T13:40:05.000Z,9.955423476968805,3.780874737367491,3.579267119324985,2.6448905668549316,-0.5332300871667155,-5.332300910420508,5,stop,0,-5.312917018439867,-0.4496313963653389
XTNT,2026-08-28T13:35:05.000Z,2026-08-28T13:40:05.000Z,7.333333333333325,0.3576813363203491,0.3393288695775873,27.957846614115084,-0.5130954501847829,-5.130954533877284,5,stop,0,-5.111067999359031,-0.25162061952703496
RGNX,2026-08-28T13:30:05.000Z,2026-08-28T13:45:05.000Z,7.790821771611545,10.15216175896961,9.637798196235478,0.9850118831610308,-0.5066542215581649,-5.066542229586554,15,stop,0,-5.044854200802174,-0.5614567734017868
DFDVW,2026-08-28T13:35:05.000Z,2026-08-28T13:45:05.000Z,6.874999999999987,0.8623708806798065,0.7918185918379009,11.595920573695647,-0.8181187377031706,-8.181200272705084,10,stop,0,-8.136972415452014,-1.2755512631065198
PSQL,2026-08-28T13:45:05.000Z,2026-08-28T13:50:05.000Z,60.061287027579205,15.713195487943288,14.057176957035212,0.6364077886480211,-1.0539030912153533,-10.539030919450704,5,stop,0,-10.521064854133467,-1.648296172598375
QNRX,2026-08-28T13:45:05.000Z,2026-08-28T13:50:05.000Z,55.965082444228884,8.05161046427005,7.458507202609836,1.2419875556897337,-0.7366268702209784,-7.366268702294761,5,stop,0,-7.347728344477044,-0.5837341511741752
WHLR,2026-08-28T13:50:05.000Z,2026-08-28T13:55:05.000Z,24.10714285714284,1.4002833591738828,1.259746380900335,7.1414117218705115,-1.0036324239989751,-10.036324244862806,5,stop,0,-10.018212260741633,-0.7141411721870519
CHGA,2026-08-28T13:50:05.000Z,2026-08-28T13:55:05.000Z,10.941086457536354,0.14593239815567466,0.13606754771388915,68.52487917290604,-0.6759876845821405,-6.759876878924508,5,stop,0,-6.737638988969308,-0.3837393233682729
FNGR,2026-08-28T13:45:05.000Z,2026-08-28T14:00:05.000Z,136.67820069204151,0.41118226483456816,0.6351729048406887,24.320115080364967,5.447478183502274,54.47478183621136,15,take_profit,54.50569110892991,0,7.296034524109491
PSQLW,2026-08-28T13:50:05.000Z,2026-08-28T14:05:05.000Z,26.506024096385516,2.131675017205241,1.9790418103094611,4.691144432831256,-0.7754822291037812,-7.7548258663476695,15,stop,0,-9.929985363470673,-1.1904318855210647
EPOW,2026-08-28T13:50:05.000Z,2026-08-28T14:05:05.000Z,7.901785714285703,0.485299016834613,0.4593063283020401,20.605852566758998,-0.5356015077158848,-5.356015081611234,15,stop,0,-5.336713229616796,-0.27405783913789605
HYLN,2026-08-28T13:30:05.000Z,2026-08-28T14:10:05.000Z,9.237536656891487,3.7618019168724963,3.5492156931843213,2.6583001665337935,-0.5651179938330659,-5.651180694408171,40,stop,0,-5.630331462231409,-0.3721620233147327
XPON,2026-08-28T13:35:05.000Z,2026-08-28T14:15:05.000Z,8.030112923462983,8.641754385437208,10.05798668628378,1.1571724383479236,1.6388249848377174,16.388249858537502,40,take_profit,16.411547369973523,-3.1446668502307817,0.9373096750618171
AEMD,2026-08-28T13:45:05.000Z,2026-08-28T14:35:05.000Z,36.866359447004605,2.980598273283729,2.6694655070724393,3.3550311318713137,-1.0438601167841162,-10.438601169439528,50,stop,6.018983783367227,-10.420668765319475,-1.1407105848362473
UMC,2026-08-28T13:30:05.000Z,2026-08-28T16:00:05.000Z,8.96696381751443,20.814170165095774,19.656065433430722,0.4804419258560373,-0.5564020676241468,-5.5640206766788625,150,stop,0,-5.545117369277852,-0.5861391495443655
LCID,2026-08-28T13:30:05.000Z,2026-08-28T19:50:05.000Z,-0.5893909626718985,5.081066555728664,4.978989701855886,1.96809072847814,-0.20089650969923248,-2.008965101189065,380,session_close,0.7662455085820641,-2.5795087368200686,-0.13776635099347168
PD,2026-08-28T13:35:05.000Z,2026-08-28T19:50:05.000Z,8.551068883610458,13.742759757916838,13.707234752045657,0.7276558838570107,-0.025849979546219475,-0.258499795506617,375,session_close,2.7450108182662802,-2.9307050767937604,0.07276558838570146
AAOZ,2026-08-28T13:35:05.000Z,2026-08-28T19:50:05.000Z,7.749381698268754,13.10264770137221,13.617226669867073,0.7632045235162389,0.39272899646159976,3.92728996629416,375,session_close,4.864301575940577,-2.691423210098809,0.3129138546416588
KLC,2026-08-28T13:45:05.000Z,2026-08-28T19:50:05.000Z,-0.19762845849802257,2.54053096258616,2.5692922069815043,3.93618504492703,0.11320958006244529,1.1320958027634669,365,session_close,3.915285382414102,-0.020899669950080746,0.19680925224635182
KLAR,2026-08-28T13:45:05.000Z,2026-08-28T19:50:05.000Z,5.710206995003575,14.822971611836696,14.267140078055684,0.6746285603748277,-0.37497982744561636,-3.749798274842269,365,session_close,0.9244326424661109,-4.000355848777215,-0.3777919938099039
XLABW,2026-08-28T13:50:05.000Z,2026-08-31T13:40:05.000Z,24.895920066611144,0.6060394186519312,0.5466564610580292,16.50057673309948,-0.5693272105839076,-5.693272145265446,4310,session_close,7.501258160598012,-9.774845798595566,
SORA,2026-08-31T13:40:05.000Z,2026-08-31T13:45:05.000Z,9.876543209876543,1.8213360486907608,1.6195096842562442,5.49047282473598,-1.108122169242974,-11.081226036216457,5,stop,0,-11.054305372997364,-1.5373323909260748
ZSTK,2026-08-31T13:45:05.000Z,2026-08-31T13:50:05.000Z,-2.7726432532347522,5.33356432851042,4.9678234691006,1.8749182066932328,-0.6857341962391006,-6.85734411141836,5,stop,0,-6.816535924522316,-0.4874787337402413
RDHL,2026-08-31T13:45:05.000Z,2026-08-31T13:50:05.000Z,110.28744326777607,1.400280247960086,1.2697457286383154,7.141427592236216,-0.9322028180237842,-9.322028180568283,5,stop,0,-9.303869575385137,-0.7141427592236198
YDDL,2026-08-31T13:50:05.000Z,2026-08-31T13:55:05.000Z,44.84848484848483,2.400484199915524,2.21955499003877,4.165826209904679,-0.7537196446419266,-7.537196449079782,5,stop,0,-7.518658107471632,-0.6665321935847484
GPRK,2026-08-31T13:40:05.000Z,2026-08-31T13:55:05.000Z,9.867751780264511,10.822200947399333,10.96761897840908,0.9240264565091453,0.13437010790647355,1.3437010799978928,15,rotation_for_stronger_continuation,2.4745340980294905,0,0.12012343934618919
PFSA,2026-08-31T13:40:05.000Z,2026-08-31T14:00:05.000Z,9.044368600682606,3.2107586857722397,2.919399563898545,3.1145286496972786,-0.9074463324262629,-9.074463402210434,20,stop,5.893974999315299,-9.055762647646858,-0.9343585949091846
VVOS,2026-08-31T13:45:05.000Z,2026-08-31T14:00:05.000Z,90.70698088039128,0.42978599458865296,0.39522084248754713,23.267393832404395,-0.8042410068133897,-8.042410068338326,15,stop,0,-8.023992178167516,-0.2768819866056127
CLGN,2026-08-31T13:55:05.000Z,2026-08-31T14:00:05.000Z,137.43016759776538,0.8546712060100423,0.6952608588890957,11.700405874168567,-1.8651657618571738,-18.65165761990975,5,stop,0,-18.635377545194952,-1.8311135193073795
WBUY,2026-08-31T13:55:05.000Z,2026-08-31T14:05:05.000Z,38.55421686746987,1.16023254828362,1.069782509987166,8.618961788174321,-0.7795854238160403,-7.7958542388989525,10,stop,0,-7.777108857797921,-0.7757065609356886
NCRA,2026-08-31T13:55:05.000Z,2026-08-31T14:15:05.000Z,31.74603174603177,2.5005030181865573,2.8794233634793747,3.922531831468178,1.4863271160019893,15.15376476400425,20,take_profit,15.17682558482436,-0.42003621312060035,1.3728861410138613
WETO,2026-08-31T13:50:05.000Z,2026-08-31T14:25:05.000Z,70.2797202797203,9.771954408762346,11.257747295966729,1.0233367432567522,1.52046645434578,15.204664543585034,35,take_profit,15.227717291674514,-1.7596726465297197,1.4633715428571552
TURB,2026-08-31T13:45:05.000Z,2026-08-31T14:40:05.000Z,9.909909909909898,1.2508745628060358,1.1692272066484337,7.9944039172579195,-0.6527219439000868,-6.527221720333485,55,stop,0,-6.465441476770728,-0.5596082742080544
PASW,2026-08-31T13:55:05.000Z,2026-08-31T14:40:05.000Z,17.061973986227997,0.15373123278069292,0.1443631738233839,65.04859040421465,-0.6093790299965288,-6.093790303934619,45,stop,1.8660926393529564,-6.0698353951304735,-0.3317478110614953
BSEM,2026-08-31T13:45:05.000Z,2026-08-31T15:05:05.000Z,9.631728045325794,3.9008696178796742,3.649161852890406,2.5635309375470907,-0.6452606427708211,-6.452606460763595,80,stop,1.2594725518416894,-6.431120300196936,-0.5639768062603583
AEHL,2026-08-31T13:50:05.000Z,2026-08-31T15:40:05.000Z,70.90395480225989,6.061216110746669,7.448509331579552,1.6498339303409377,2.2888034270620543,22.88803427373563,110,take_profit,22.912627827128418,-1.9998645244103663,1.7488239661613942
SY,2026-08-31T13:40:05.000Z,2026-08-31T19:50:05.000Z,9.583333333333343,2.6405396700394577,2.8793933351852408,3.7871046227516176,0.9045638194347622,9.045638202519939,370,session_close,13.991849247810052,-1.5352797194996048,0.8331630170053561
BIVI,2026-08-31T13:40:05.000Z,2026-08-31T19:50:05.000Z,9.490740740740744,2.3805949046253634,2.2995146737693974,4.20063063048473,-0.3405881012603436,-3.4058810551275043,370,session_close,3.755577868411275,-4.225620429158827,-0.08401261260969584
AXTL,2026-08-31T13:40:05.000Z,2026-08-31T19:50:05.000Z,8.79629629629628,2.3614148307691636,2.28927262295091,4.234748369973441,-0.3055040969646349,-3.0550417011972177,370,session_close,3.751359908330154,-4.294663921295472,-0.12704245109920365
FLYW,2026-08-31T13:45:05.000Z,2026-08-31T19:50:05.000Z,-0.47897817988291624,18.75389201597547,18.796205958347578,0.5332226492379613,0.022562752451357585,0.22562752486823776,365,session_close,0.8324031293960088,-1.4604542659313324,0.05865449141617418
PURR,2026-08-31T13:50:05.000Z,2026-08-31T19:50:05.000Z,0.5167958656330685,11.68233786079904,12.047585313537622,0.8559930485521164,0.3126492805455945,3.126492805555623,360,session_close,6.057538718988553,-3.101586900811104,0.3851968718484535
LSPD,2026-08-31T13:50:05.000Z,2026-08-31T19:50:05.000Z,-1.037735849056598,10.51212724231566,10.52785516236805,0.9512822442717079,0.01496169108516344,0.14961691092435117,360,session_close,1.216430839702931,-0.686133649765186,0.028538467328150574
SOFI,2026-08-31T13:50:05.000Z,2026-08-31T19:50:05.000Z,-2.2978959025470647,17.653531192350226,17.88641929602704,0.566458907903828,0.13192154087256142,1.3192154087434405,360,session_close,1.4527904069465025,-0.35987809837023654,0.16427308329211066
RCAT,2026-08-31T13:55:05.000Z,2026-08-31T19:50:05.000Z,3.062426383981154,8.761789991932812,8.548267026367864,1.1413192966673429,-0.24369788088091196,-2.436978810968351,355,session_close,0,-2.987859697320383,-0.20543747340012075
BLSM,2026-09-01T13:30:05.000Z,2026-09-01T13:35:05.000Z,9.781420765027327,20.21654119100903,18.775520524727906,0.4946444352352642,-0.71279285363497,-7.127928821582956,5,stop,0,-7.105771345535139,-0.4946444352352657
FTCI,2026-09-01T13:30:05.000Z,2026-09-01T13:40:05.000Z,8.936170212765958,2.5808819071170888,2.4094838902217335,3.8746443561520723,-0.6641063588192458,-6.6410639100806925,10,stop,0,-6.621066490716276,-0.42621087917672895
ATER,2026-09-01T13:35:05.000Z,2026-09-01T13:40:05.000Z,9.999999999999986,0.44704728,0.42020606422740975,18.400000000000002,-0.49387837021566056,-6.004111192129442,5,stop,0,-5.983098700432754,-0.3404000000000007
SST,2026-09-01T13:30:05.000Z,2026-09-01T13:55:05.000Z,8.92857142857142,2.4607257944388694,2.2795187807329134,4.063841547179246,-0.7363965909385433,-7.363966115829558,25,stop,3.6279623582150533,-7.344410126772427,-0.6095762320768863
ZEO,2026-09-01T13:45:05.000Z,2026-09-01T13:55:05.000Z,9.29743374000842,0.265284105,0.2525080086653772,27.25,-0.3659328776087998,-5.062018115836204,10,stop,0,-5.5729328374197085,-0.26432500000000125
AMBR,2026-09-01T13:35:05.000Z,2026-09-01T14:00:05.000Z,8.62068965517242,1.2702582705183671,1.0497884471329517,7.872414787807104,-1.735629897884565,-17.35629899071203,25,stop,0,-17.339644671511103,-1.7319312533175637
CAPR,2026-09-01T13:30:05.000Z,2026-09-01T14:10:05.000Z,8.779011099899092,10.83222677038839,10.237948519567148,0.9231712186640536,-0.5486205770361882,-5.48620577669031,40,stop,0,-5.467267099755846,-0.06462198530648422
GDXD,2026-09-01T13:35:05.000Z,2026-09-01T14:20:05.000Z,8.343023255813954,18.66374527049813,17.556471261074336,0.535798139850308,-0.593275354553861,-5.932753546385285,45,stop,0.033512724328477184,-5.91384662885871,-0.766191339985939
SMZ,2026-09-01T13:35:05.000Z,2026-09-01T14:25:05.000Z,8.45619386544656,19.264660865737223,18.13613776604195,0.5190851771584322,-0.5857996131327032,-5.857996190851115,50,stop,1.3254276109106344,-5.837947906663987,-0.6748107303059623
BGIN,2026-09-01T13:45:05.000Z,2026-09-01T14:30:05.000Z,9.162303664921478,2.131713623251177,1.967815033540289,4.6910593563996175,-0.7688580127639622,-7.688583866200485,45,stop,0,-7.586085742818483,-0.5629271227679542
GPRO,2026-09-01T14:30:05.000Z,2026-09-01T14:35:05.000Z,76.90025108422735,1.560312127459499,1.4797038318992173,6.408974091689309,-0.5166164778210806,-5.166164778295243,5,stop,0,-5.147183441447922,-0.1922692227506797
RDAC,2026-09-01T14:30:05.000Z,2026-09-01T14:45:05.000Z,32.89473684210529,6.081217522293565,7.068585024114232,1.6444075487908485,1.6236345734246662,16.23634573506056,15,take_profit,16.259613705340858,0,1.9075127565973826
BIAF,2026-09-01T14:30:05.000Z,2026-09-01T15:00:05.000Z,45.06578947368423,6.6313291319686725,6.178760013057358,1.5079933147707334,-0.6824712057899428,-6.824712058545614,30,stop,1.4879500936795687,-6.806013138344779,-0.7539966573853665
FLYE,2026-09-01T14:30:05.000Z,2026-09-01T15:10:05.000Z,44.11764705882351,1.970395951238602,1.8196302973339928,5.075122079764515,-0.7651540990014172,-7.651540991537107,40,stop,3.0249782397253844,-7.632778129901363,-0.8120195327623225
LIDR,2026-09-01T14:30:05.000Z,2026-09-01T15:30:05.000Z,28.695652173913054,1.490300631269671,1.3897202179612083,6.710055532834376,-0.6749001588152184,-6.749001590556435,60,stop,0.6508330283713004,-6.730228060375931,-0.8052066639401243
GAME,2026-09-01T13:45:05.000Z,2026-09-01T17:25:05.000Z,9.122807017543867,3.1414016483780385,2.977123660981759,3.1832920523100157,-0.5229448116480618,-5.229448691513206,220,stop,0.27371067390891124,-5.137886410079817,-0.3183292052310023
SSM,2026-09-01T14:30:05.000Z,2026-09-01T19:30:05.000Z,48.50746268656718,3.9908038393992196,4.589080275583788,2.505760844050297,1.4991376677092476,14.991376681511701,300,take_profit,15.014422775813108,-4.781087898019654,1.4282836811086668
RGTZ,2026-09-01T13:30:05.000Z,2026-09-01T19:50:05.000Z,8.479532163742686,3.721060365510287,3.7191173817231693,2.6874059475953933,-0.005221586185581416,-0.05221586312135002,380,session_close,1.5839472811570499,-2.715902339209375,0.18811841633167603
BMNZ,2026-09-01T13:30:05.000Z,2026-09-01T19:50:05.000Z,8.347826086956523,6.253723773058038,6.668113948092419,1.599046904716199,0.6626293267335306,6.626294829644294,380,session_close,8.095596244961678,-0.8590685327274583,0.8794757975939103
MSTZ,2026-09-01T13:35:05.000Z,2026-09-01T19:50:05.000Z,9.7938144329897,5.331068940655923,5.328926204414057,1.8757964134793885,-0.004019336957524141,-0.040193369579687825,375,session_close,2.7936434700421175,-4.89712182607418,0.018757964134795913
CRCD,2026-09-01T13:35:05.000Z,2026-09-01T19:50:05.000Z,9.302325581395344,2.3604891821124783,2.3892688745022745,4.236410003778333,0.12192257674579611,1.2192257692975483,375,session_close,3.7920452491722934,-3.4098517681172336,0.1270923001133486
LITZ,2026-09-01T13:45:05.000Z,2026-09-01T19:50:05.000Z,9.884467265725272,8.5817409201679,8.537926141148082,1.1652647274176013,-0.051055816531389374,-0.5105581656147186,365,session_close,2.543296073168233,-1.4186040023859925,-0.034957941822526095
CRK,2026-09-01T13:45:05.000Z,2026-09-01T19:50:05.000Z,9.632709632709634,15.833173812154605,15.976793110128117,0.6315853105417238,0.09070783891038482,0.9070783891935804,365,session_close,1.1799667587933271,-3.6832401328590336,0.10736950279209267
CAST,2026-09-01T13:45:05.000Z,2026-09-01T19:50:05.000Z,9.375,1.410301200077309,1.4095338094278484,7.090683869778487,-0.005441324499948545,-0.05441324515773323,365,session_close,3.523984799840396,-4.984835868639637,0.14181367739556983
VIVK,2026-09-02T13:30:05.000Z,2026-09-02T13:35:05.000Z,33.94565633371602,1.0602129287636082,0.9872023009179084,9.432067584670959,-0.6886411762398998,-6.886411763610807,5,stop,0,-6.867764652570363,-0.9432067584670971
PPBT,2026-09-02T13:30:05.000Z,2026-09-02T13:40:05.000Z,43.37349397590362,2.3904788241610793,2.179563239586965,4.183262323111646,-0.8823152183059607,-8.823152183669047,10,stop,0,-8.80488134986701,-0.7948198413912131
LHAI,2026-09-02T13:30:05.000Z,2026-09-02T13:45:05.000Z,48.63547758284601,1.2302472508933464,1.1397702853027003,8.128447343161772,-0.7354372505726264,-7.354372507229429,15,stop,0,-7.33570026901611,0
UPC,2026-09-02T13:35:05.000Z,2026-09-02T13:45:05.000Z,7.962529274004693,4.65119035001613,4.339124436249977,2.1499872299716816,-0.670937729506673,-6.709377391210635,10,stop,1.4793987088408844,-6.690552882125123,-0.5589966797926387
SST,2026-09-02T13:35:05.000Z,2026-09-02T13:50:05.000Z,8.450704225352123,3.110644562574169,2.9094062904742586,3.21476780255846,-0.6469343177892911,-6.469343187618286,15,stop,1.5866627135627365,-6.450256804915333,-0.9001349847163684
AXTL,2026-09-02T13:40:05.000Z,2026-09-02T13:50:05.000Z,9.183673469387754,2.1605642405859444,2.04957946451028,4.628420508058144,-0.5136842136708458,-5.136842218843969,10,stop,1.3624107472070657,-5.117378067682898,-0.2777052304834875
BRNX,2026-09-02T13:40:05.000Z,2026-09-02T13:55:05.000Z,9.659090909090896,3.8810584088329847,3.6692263614051535,2.576616672073583,-0.5458099850820319,-5.458099959168821,15,stop,0,-5.438166257756705,-0.4122586675317734
CBRG,2026-09-02T13:40:05.000Z,2026-09-02T13:55:05.000Z,9.328358208955233,2.9505906255426595,2.7894371420367614,3.389151959274724,-0.5461736443679615,-5.461736443911445,15,stop,0,-5.442660332221594,-0.23724063714922927
MOVE,2026-09-02T13:40:05.000Z,2026-09-02T13:55:05.000Z,9.289617486338786,14.07292309998772,12.496774321460322,0.710584426053072,-1.1199867751641424,-11.199867769680163,15,stop,3.8874432562823857,-11.176946600305747,-0.7461136473557257
AXTX,2026-09-02T13:40:05.000Z,2026-09-02T13:55:05.000Z,9.072978303747515,5.541109432673477,5.218953843352257,1.8046927462786853,-0.5813918552211405,-5.813918552512434,15,stop,2.867486543211273,-5.795038639374939,-0.5053139689580313
BIAF,2026-09-02T13:40:05.000Z,2026-09-02T13:55:05.000Z,41.95751138088013,9.371874498675245,11.077783260593437,1.0670223978465667,1.8202428576494167,18.202428576687932,15,take_profit,18.226081682658112,-0.44681027985558064,0.9283094861265138
LGPS,2026-09-02T13:35:05.000Z,2026-09-02T14:25:05.000Z,7.76699029126211,1.1303899853919281,1.098969711406828,8.846503975170757,-0.4580347260104273,-4.580347489459262,50,stop,0,-5.342402725815876,-0.17693007950341233
ASTX,2026-09-02T13:30:05.000Z,2026-09-02T19:10:05.000Z,9.623893805309747,9.932047472814228,11.427672698675279,1.006841742813841,1.5058579090022852,15.058579109240485,340,take_profit,15.082011350488745,0,1.3290311005142712
MAIA,2026-09-02T13:35:05.000Z,2026-09-02T19:40:05.000Z,8.846153846153836,1.4303450455207696,1.3497183592970177,6.991319983737764,-0.563686962618671,-5.636869682335761,365,stop,0.6750087686510087,-5.617179279389672,-0.4893923988616411
PZG,2026-09-02T13:30:05.000Z,2026-09-02T19:50:05.000Z,8.270676691729317,1.451375925299723,1.3896675969539334,6.89000879824167,-0.4251709252272758,-4.251712273169074,380,session_close,1.2832012971712325,-4.228809657776866,-0.3445004399120837
CRK,2026-09-02T13:30:05.000Z,2026-09-02T19:50:05.000Z,0.12484394506866447,16.143865602387375,15.496879531913477,0.6194303242914195,-0.40076279144567833,-4.007627952367378,380,session_close,0,-4.793558255793062,-0.17963479404451377
EOSE,2026-09-02T13:35:05.000Z,2026-09-02T19:50:05.000Z,9.868421052631572,3.3506708495457302,3.6492672282421514,2.9844769744685675,0.8911540168791657,8.911540169244127,375,session_close,9.530304968557646,-2.1091552324607354,1.1341012502980554
MMED,2026-09-02T13:45:05.000Z,2026-09-02T19:50:05.000Z,5.48617305976804,23.684740593233027,23.865177870969976,0.42221277282930697,0.07618292335508918,0.761829233580469,365,session_close,2.9776952970659742,-0.7799983812607603,-0.016888510913171118
QFIN,2026-09-02T13:45:05.000Z,2026-09-02T19:50:05.000Z,0.7756563245823411,8.461766722810859,8.508226409728021,1.1817862993789505,0.05490542147213734,0.5490542157339064,365,session_close,1.7518005641722567,-0.6117720389444026,0.011817862993789063
LCID,2026-09-02T13:45:05.000Z,2026-09-02T19:50:05.000Z,-0.219780219780219,4.550930634762358,4.689042432929969,2.197352759969751,0.30348034088798426,3.0348034116943317,365,session_close,5.253197300163315,-0.899390433457925,0.3296029139954637
TGHL,2026-09-02T13:35:05.000Z,2026-09-02T19:55:05.000Z,7.732696897374702,0.918054824001446,0.8853455596887735,10.892594883283039,-0.35628876508816915,-3.562887907947096,380,session_close,7.684200785643158,-4.341224833146051,-0.2962785808252981
GPUS,2026-09-03T13:30:05.000Z,2026-09-03T13:35:05.000Z,8.366935483870975,0.2157356543454872,0.19945996616825198,46.35301165405358,-0.7544271637571257,-7.544273674471401,5,stop,0,-7.525716782765446,-0.4820713212021577
MIMI,2026-09-03T13:35:05.000Z,2026-09-03T13:40:05.000Z,66.9527227336558,1.08021618349396,1.0197956851297978,9.257406204853336,-0.5593370964567269,-5.593370964757457,5,stop,0,-5.574456707285281,-0.9257406204853318
GIPR,2026-09-03T13:45:05.000Z,2026-09-03T13:50:05.000Z,43.1651027136698,0.56561505881839,0.5293926235080509,17.679868732357292,-0.6404079014530987,-6.404079019043503,5,stop,0,-6.385094996204133,-0.3606693221400885
CHPT,2026-09-03T13:45:05.000Z,2026-09-03T13:55:05.000Z,49.71098265895952,7.781556564468396,7.058587220038125,1.2850899324585234,-0.9290806260034798,-9.290806260169635,10,stop,0,-9.272650767111523,-0.7582030601505281
SPWH,2026-09-03T13:35:05.000Z,2026-09-03T14:00:05.000Z,2.34375,1.3203446241107526,1.2496983793613616,7.573780101011749,-0.535059122694143,-5.3505913122470545,25,stop,0,-5.327747227973112,-0.45442680606070596
DSS,2026-09-03T13:45:05.000Z,2026-09-03T14:25:05.000Z,63.043478260869556,0.9061813872490517,1.079783865353375,11.03531824896988,1.9157585946910314,19.157585947702856,40,take_profit,19.181437093805222,-3.52924786351434,1.3242381898763842
MIMI,2026-09-03T14:00:05.000Z,2026-09-03T14:30:05.000Z,58.37104072398191,1.020204308476402,0.9451105576865807,5.032834840918847,-0.37793444531029025,-7.360658072692147,30,stop,0,-7.342089016293807,-0.48818497956912843
COSM,2026-09-03T13:35:05.000Z,2026-09-03T14:35:05.000Z,4.27998216674097,0.23639640782874843,0.22804750009685382,42.301771182707874,-0.34250696791242347,-3.4250742165304144,60,stop,0,-5.286208848740692,-0.4178477525154989
RCAX,2026-09-03T13:30:05.000Z,2026-09-03T14:40:05.000Z,8.787275267280537,3.2408082164423657,3.0488883351544027,3.085650001113207,-0.5921975819098496,-5.921975892132403,70,stop,0,-5.887673805388827,-0.15428250005565936
WCT,2026-09-03T13:35:05.000Z,2026-09-03T14:40:05.000Z,5.000000000000004,1.2906129449374633,1.2296343257597118,7.748255379045798,-0.5224005686727862,-5.224006369569311,65,stop,0,-7.020923297949255,-0.7448255379045801
AEHL,2026-09-03T13:45:05.000Z,2026-09-03T14:40:05.000Z,33.33333333333335,7.261458398632714,6.768643198020048,1.3771338275673126,-0.6786724835030729,-6.786724836232061,55,stop,10.996986521573238,-6.768039857189745,-1.005307694124138
GPRK,2026-09-03T13:30:05.000Z,2026-09-03T14:55:05.000Z,9.92301112061591,12.932643499171494,12.246747275025525,0.7732371182698091,-0.5303604197907721,-5.30360420272862,85,stop,0,-5.278452925847887,-0.5335336116061686
MSTX,2026-09-03T13:30:05.000Z,2026-09-03T15:00:05.000Z,8.255451713395633,13.92282488815243,16.046784398090725,0.7182450454109808,1.5255233946667153,15.255233955759003,90,take_profit,15.278329857166284,0,1.5729566494500489
MSTP,2026-09-03T13:30:05.000Z,2026-09-03T15:10:05.000Z,8.294650639531342,21.42553367713757,24.654495950723067,0.4667328244887618,1.5070626821182136,15.070627048282162,100,take_profit,15.096316253320751,0,1.4422044276702728
DRTS,2026-09-03T13:30:05.000Z,2026-09-03T18:45:05.000Z,4.605722260990919,15.06307465955629,14.296894818860126,0.6638750864295214,-0.5086477079627231,-5.08647708394704,315,stop,0,-5.065862559953393,-0.4979063148221403
SUPX,2026-09-03T13:35:05.000Z,2026-09-03T19:50:05.000Z,-2.392344497607646,8.232813824964754,8.728194931888149,1.214651482173022,0.6017153957650136,6.017154249513416,375,session_close,12.233802396710436,-1.127364555278898,0.012146514821729681
HLN,2026-09-03T13:35:05.000Z,2026-09-03T19:50:05.000Z,-0.4540867810292837,9.87197643276864,9.78803169002322,1.0129683825331,-0.0850333702809867,-0.8503337028518283,375,session_close,0,-1.9446605659572125,-0.08103747060264865
MIST,2026-09-03T13:45:05.000Z,2026-09-03T19:50:05.000Z,3.8135593220339103,1.230262177781391,1.2097425947905431,8.12834869881473,-0.16679032570387836,-1.667903261713859,365,session_close,0,-3.2726502129812873,-0.16256697397629516
ALMS,2026-09-03T13:45:05.000Z,2026-09-03T19:50:05.000Z,5.21739130434784,10.912186336697735,11.247746255040218,0.9164066384729461,0.30750933677449105,3.0750933679898163,365,session_close,8.685827331547324,-1.9444896755854701,0.26575792515715335
BULL,2026-09-03T14:00:05.000Z,2026-09-03T19:50:05.000Z,7.1111111111111125,9.651932908085337,9.938006980868225,1.036061905384733,0.2963904489286101,2.963904489464972,350,session_close,5.263889593441529,-0.6416632676078393,0.31081857161541926
APPS,2026-09-03T14:00:05.000Z,2026-09-03T19:50:05.000Z,7.719836400818014,10.552145159541006,10.717846592406783,0.9476746047397959,0.15703103989589334,1.570310400022823,350,session_close,3.0122296050068664,-2.958120408898768,0.18953492094795799
GEMI,2026-09-03T14:00:05.000Z,2026-09-03T19:50:05.000Z,5.24475524475525,4.531054597985057,4.749039020056757,2.206991707426265,0.48108981186034827,4.81089815533533,350,session_close,5.052806075582361,-0.46467323510999137,0.5958877610050912
GME.WS,2026-09-04T13:30:05.000Z,2026-09-04T13:35:05.000Z,9.642857142857153,3.0918672447931153,2.9291705140845665,3.2342907265122576,-0.5262085273645212,-5.262086558940702,5,stop,0,-5.235258566347212,-0.12937162906048982
WETH,2026-09-04T13:30:05.000Z,2026-09-04T13:45:05.000Z,9.166666666666679,1.321914,1.2397048445390935,5,-0.41104577730453284,-6.218948846967849,15,stop,0,-6.19662096021375,-0.25
MODD,2026-09-04T13:30:05.000Z,2026-09-04T13:50:05.000Z,9.941520467836252,3.8013178422258704,3.4687223418961843,2.630666496738138,-0.8749478396831635,-8.749478842183162,20,stop,0,-8.715867916792408,-0.8418132789562041
ATER,2026-09-04T13:45:05.000Z,2026-09-04T13:50:05.000Z,32.11974110032363,0.8200644533038419,0.7648457416250217,12.194163469169734,-0.6733459967684854,-6.733459968464346,5,stop,0,-6.714649450052434,-0.5731256830509786
IMRN,2026-09-04T13:45:05.000Z,2026-09-04T13:55:05.000Z,67.56756756756756,1.8703744427740758,1.7496498028747642,5.346523012095011,-0.645457065348553,-6.45457065379149,10,stop,0,-6.435847283902174,-0.5881175313304521
CDTG,2026-09-04T13:45:05.000Z,2026-09-04T13:55:05.000Z,21.151494942758696,1.1002201900920663,1.3297336960445831,9.089089701959885,2.0860688434137296,20.86068843485877,10,take_profit,20.88489304024732,0,1.8178179403919792
ZTG,2026-09-04T13:55:05.000Z,2026-09-04T14:00:05.000Z,-0.4119464469618861,0.6856985676825831,0.6481094526257479,14.58366724333024,-0.5481871459601383,-5.481871601959585,5,stop,0,-5.454082806236116,0.07291833621665056
CRMU,2026-09-04T13:50:05.000Z,2026-09-04T14:05:05.000Z,5.5320574563423985,2.540735206955982,2.4086525398581693,3.9358685288238675,-0.5198600126334002,-5.198600260908688,15,stop,0,-5.145565999875035,-0.31486948230590883
CURV,2026-09-04T13:50:05.000Z,2026-09-04T14:15:05.000Z,23.76681614349776,2.770558761307154,2.6194542847061144,3.609380221849315,-0.5453935092766852,-5.453935094657524,25,stop,0,-5.4342381547655805,-0.6496884399328771
SGRX,2026-09-04T13:50:05.000Z,2026-09-04T14:25:05.000Z,5.882352941176472,2.3604760768158246,2.1895489964267694,4.236433529123275,-0.724121214395343,-7.241212146476323,35,stop,0.40347467520291946,-7.222105679875779,-1.4403873999019137
OFAL,2026-09-04T13:45:05.000Z,2026-09-04T14:35:05.000Z,23.82495948136143,0.8425688895397464,0.788141999445223,11.868465739920707,-0.6459636804172806,-6.459636804802289,50,stop,0.988774990826502,-6.4408845630878675,-0.5530705034803045
NIKI,2026-09-04T13:45:05.000Z,2026-09-04T14:35:05.000Z,20.583717357910913,7.891605206830096,9.298138379712553,1.2671693186490212,1.782315682338708,17.823156835888312,50,take_profit,17.846746717017137,-4.582150238802251,1.3938862505139245
SOAR,2026-09-04T13:30:05.000Z,2026-09-04T14:50:05.000Z,9.218255761409843,0.243476626026158,0.2310406358265496,41.0717028645785,-0.5107672943051261,-5.10767312763416,80,stop,0.46138883726822844,-5.083291249825484,-0.4928604343749434
CRCD,2026-09-04T13:30:05.000Z,2026-09-04T15:30:05.000Z,9.969788519637458,1.8303980237842459,1.729620364782269,5.4632925910137455,-0.55057783776521,-5.505778398603418,120,stop,0,-5.485037815801319,-0.10926585182027537
BMNZ,2026-09-04T13:30:05.000Z,2026-09-04T19:50:05.000Z,8.92116182572613,5.271257866509662,5.378395723991912,1.8970803859205687,0.2032491280191304,2.032491298954251,380,session_close,4.149714148497496,-0.7826949004295258,0.4173576849025249
ETHA,2026-09-04T13:45:05.000Z,2026-09-04T19:50:05.000Z,-2.8128286014721393,18.493698874192514,18.526286932176777,0.54072471212669,0.01762116827230862,0.17621168272475246,365,session_close,0.4125790428758602,-0.7770153238141009,0.010814494242534778
AOUT,2026-09-04T13:50:05.000Z,2026-09-04T19:50:05.000Z,37.71228771228772,13.802773430938567,14.497011423818519,0.7244920774856494,0.5029699257310637,5.029699258294242,360,session_close,5.630944918064795,0,0.34051127641825474
BAOS,2026-09-04T13:50:05.000Z,2026-09-04T19:50:05.000Z,16.74385464909156,0.3284688734836637,0.3369769733222006,30.44428494411677,0.2590230158174112,2.5902301634556695,360,session_close,12.735187377934842,0,0.0974217118211751
UGP,2026-09-04T13:55:05.000Z,2026-09-04T19:50:05.000Z,0.7681564245810124,7.231526784491655,7.268523489471471,1.382833843311579,0.05116029573710374,0.5116029585779487,355,session_close,1.3617209538589359,-0.5742464313443607,0.09679836903181105
FMS,2026-09-04T13:55:05.000Z,2026-09-04T19:50:05.000Z,0.8010680907877266,22.674615020783374,22.665118848449033,0.44102182037313375,-0.004188019209468045,-0.04188019212514457,355,session_close,0.28836202580151404,-0.6818859797251497,0.008820436407463106
LABX,2026-09-04T13:55:05.000Z,2026-09-04T19:50:05.000Z,24.48680351906156,12.762575152052287,12.337481714504529,0.7835409294127378,-0.3330781071434262,-3.330781072653674,355,session_close,1.1551340242177188,-4.251298390709479,-0.4074412832946219
TSDD,2026-09-04T13:55:05.000Z,2026-09-04T19:50:05.000Z,9.878213802435742,8.131627695019478,8.2683435643193,0.8703184879994484,0.11898634865455134,1.6812854009973774,355,session_close,2.8084451667701904,-1.0038297138157626,0.13925095807991195
CURR,2026-09-04T13:50:05.000Z,2026-09-04T19:55:05.000Z,7.666666666666688,3.240695836616199,3.279282299908151,3.085757032582015,0.1190684504656084,1.1906845084308286,365,session_close,3.990012327686232,-2.181501757042925,0
BNC,2026-09-08T13:30:05.000Z,2026-09-08T13:35:05.000Z,54.44126074498568,5.401082782662554,5.06898513338762,1.8514806014577077,-0.6148723554222463,-6.148723554857666,5,stop,0,-6.129933496396822,-0.14811844811661778
MOBX,2026-09-08T13:30:05.000Z,2026-09-08T13:35:05.000Z,27.405655305881083,1.1902407858830233,1.1297733432551478,8.401661339344143,-0.5080269750156317,-5.080269752562339,5,stop,0,-5.061226820448061,0.3360664535737641
TRUG,2026-09-08T13:30:05.000Z,2026-09-08T13:35:05.000Z,7.560590094836672,0.41012879301317695,0.38731619394455885,24.382583744216237,-0.5562301072138102,-5.5623012715142774,5,stop,0,-5.541867189131167,-0.40231263177956755
PDSB,2026-09-08T13:35:05.000Z,2026-09-08T13:40:05.000Z,182.7727272727273,0.6237247641777135,0.5854828381170659,16.03271278324467,-0.6131218168084419,-6.131218168171302,5,stop,0,-6.112433939988771,-0.812858538110504
ISPC,2026-09-08T13:35:05.000Z,2026-09-08T13:45:05.000Z,24.675324675324674,1.9303870805278789,1.7896375860014202,5.18030818779765,-0.7291257589237944,-7.291257590056481,10,stop,0,-7.272483428012222,-0.6216369825357173
TWG,2026-09-08T13:35:05.000Z,2026-09-08T13:45:05.000Z,20.216851140727353,0.5337106750636479,0.4995986272650925,18.736743430206005,-0.6391486874804555,-6.391486884628515,10,stop,0,-6.372492935351525,-0.6501649970281473
WYHG,2026-09-08T13:30:05.000Z,2026-09-08T13:50:05.000Z,35.46798029556653,5.5111093740168595,5.1789612640487075,1.814516700476473,-0.602688292568908,-6.026882927312703,20,stop,0,-6.008034889997571,-1.3427423583525897
ARBE,2026-09-08T13:30:05.000Z,2026-09-08T13:50:05.000Z,29.897718332022038,0.8273682026935684,0.7844421777979936,12.086517176577885,-0.518826137222574,-5.188261375748472,20,stop,0,-5.169186168181572,-0.1571247232955102
MESHW,2026-09-08T13:40:05.000Z,2026-09-08T14:20:05.000Z,39.47368421052633,0.5352750249999999,0.47240074788124226,15,-0.9431141567813648,-11.746163034368672,40,stop,0.3035775861203627,-11.727620768407776,-0.9495000000000005
VVOS,2026-09-08T13:40:05.000Z,2026-09-08T14:20:05.000Z,-0.5364806866952843,0.18693565970117387,0.17654449046326884,53.494269689964256,-0.5558680096065522,-5.5586875476385,40,stop,1.0508109057235204,-5.528993086549638,-0.5028461350856634
GMEX,2026-09-08T13:30:05.000Z,2026-09-08T14:35:05.000Z,10.616271357693474,0.8227814230144015,0.7290505530270648,12.153896132041316,-1.139195258191959,-11.391952633536318,65,stop,2.724730573457057,-11.373789003590995,-1.0306503919971028
GRMLW,2026-09-08T13:35:05.000Z,2026-09-08T16:45:05.000Z,24.262131065532767,0.253066415,0.19811232,10,-0.5495409499999998,-21.715285688936632,190,stop,0,-21.601608020566452,
NUR,2026-09-08T16:45:05.000Z,2026-09-08T16:50:05.000Z,92.65536723163844,3.4206876437947358,3.159365818675642,2.9233888151110796,-0.7639453006975719,-7.639453008611935,5,stop,0,-7.620913422704156,-0.14616944075555338
PDSB,2026-09-08T16:45:05.000Z,2026-09-08T17:35:05.000Z,41.22727272727271,0.3112627354196398,0.2883418181832456,32.12719949694433,-0.7363848807065853,-7.363848809428641,50,stop,2.1323672335565647,-7.3451566210830155,-0.9124124657132189
INDP,2026-09-08T16:45:05.000Z,2026-09-08T17:45:05.000Z,47.54098360655738,1.8103710821102363,1.709522521266616,5.523729410247994,-0.5570601615130895,-5.570601620860371,60,stop,0,-5.544226987609635,-0.44189835281983925
GCDT,2026-09-08T16:45:05.000Z,2026-09-08T19:30:05.000Z,78.80245923549856,0.6697343487731026,0.775444556050252,14.931293306121507,1.578390110306018,15.783901105087663,165,take_profit,15.807110897154143,-0.90100631454203,3.956792726122199
SLDP,2026-09-08T13:35:05.000Z,2026-09-08T19:50:05.000Z,4.970178926441338,2.650541449266185,2.579438258175653,3.772814039162711,-0.2682591175756289,-2.6825911781239062,375,session_close,0,-3.4159605121908965,-0.1886407019581373
AEO,2026-09-08T16:45:05.000Z,2026-09-08T19:50:05.000Z,-1.0638297872340607,17.22346929854684,17.236548056729525,0.5806031191337533,0.007593567795263914,0.07593567797511054,185,session_close,0.09597776828014215,-1.1232887822615445,0.005806031191337269
BNC,2026-09-08T16:45:05.000Z,2026-09-08T19:50:05.000Z,51.28939828080226,5.2910636126859805,5.398912905483609,1.889979166738977,0.20383291653505017,2.0383291657852425,185,session_close,2.058875025672191,-3.800060392468263,0.1889979166738982
IDAI,2026-09-08T13:35:05.000Z,2026-09-09T13:45:05.000Z,3.7151702786377694,3.361171825656051,3.3967911201925993,2.97515271458884,0.10597284083215054,1.0597284632896073,1450,time,4.427865698740341,-4.7951081948805925,0.11900610858355343
DXLG,2026-09-09T13:45:05.000Z,2026-09-09T14:15:05.000Z,7.619047619047636,0.690099195,0.6539116025174825,12.5,-0.45234490603146965,-5.243824763846821,30,stop,0,-5.173052694257974,-0.5175000000000001
AGRZ,2026-09-09T14:15:05.000Z,2026-09-09T14:20:05.000Z,39.86754966887418,0.3178637679487698,0.30063858758107376,31.46001843248459,-0.5419044918705893,-5.41904491941725,5,stop,0,-5.399724561100672,-0.4404402580547817
YMAT,2026-09-09T14:15:05.000Z,2026-09-09T14:30:05.000Z,44.1509433962264,1.9203896259403437,1.8096341317080606,5.207276616670091,-0.5767344952835066,-5.767344956263767,15,stop,0,-5.7482931822384735,-0.260363830833505
IRD,2026-09-09T14:15:05.000Z,2026-09-09T14:35:05.000Z,49.76958525345623,6.511303851193065,6.168764979922242,1.5357907153416412,-0.5260680181413354,-5.260680181712907,20,stop,0.13355464597679667,-5.241712858025016,-0.4760951217559093
UFG,2026-09-09T14:40:05.000Z,2026-09-09T14:45:05.000Z,45.88398749565823,0.8414684949844834,0.7451507659109623,11.88398622057158,-1.1446385651064714,-11.446385651704903,5,stop,0,-11.428650693126274,-1.1206599005998985
AVO,2026-09-09T13:45:05.000Z,2026-09-09T15:05:05.000Z,8.93550893550894,14.042821337768013,13.27622352735601,0.7121076141014842,-0.5459001377479136,-5.459001378521045,80,stop,0,-5.432108829273597,-0.5127174821530698
MGN,2026-09-09T14:40:05.000Z,2026-09-09T15:05:05.000Z,411.6533864541833,0.5148033106304355,0.4789038306585186,19.424894502540745,-0.69734361115056,-6.973436112513316,25,stop,14.742851843089412,-6.954755319384076,-0.14957168766956208
BIAF,2026-09-09T14:40:05.000Z,2026-09-09T15:05:05.000Z,25.307950727883565,11.212289080233614,10.997779214695091,0.8918785379030996,-0.1913167452422877,-1.913167454063295,25,rotation_for_stronger_continuation,1.495777700398837,-1.8933607465389302,-0.2586447759918986
GOW,2026-09-09T13:45:05.000Z,2026-09-09T15:25:05.000Z,8.951707891637216,9.31433609491873,9.038180908870418,1.0736136919089396,-0.6471418432817788,-6.4714192336258956,100,stop,0,-6.7029586280371145,-0.4665582395852965
FTFT,2026-09-09T15:05:05.000Z,2026-09-09T15:30:05.000Z,124.42748091603053,2.9605921144682985,2.22955380417557,3.3777027071892296,-2.46923007973479,-24.692300797538877,25,stop,10.113108255220515,-24.677229629097617,-1.3510810828756936
IRD,2026-09-09T15:05:05.000Z,2026-09-09T15:35:05.000Z,35.02304147465436,5.871178249083526,5.38892126837568,1.6706498832121082,-0.805682568497787,-8.213972736786266,30,stop,0,-8.195599395379228,-0.551314461459997
MIMI,2026-09-09T13:45:05.000Z,2026-09-09T15:45:05.000Z,8.756065284516978,0.9904002503771846,0.92729563436604,10.09692797601592,-0.6371627628186679,-6.371627631062471,120,stop,5.008050997960245,-6.350992980184489,-0.6512518544530259
OLB,2026-09-09T14:40:05.000Z,2026-09-09T15:45:05.000Z,33.05270863836016,0.36407499135817895,0.34412986827327796,27.466868708269967,-0.5478300771432598,-5.478300778225897,65,stop,5.115706676896581,-5.459037788900423,-0.5548307479070527
YMAT,2026-09-09T15:05:05.000Z,2026-09-09T18:35:05.000Z,36.603773584905674,1.8203778621322302,2.139569757587813,5.493364972301308,1.7534375779381606,17.534375807103572,210,take_profit,17.558010593107998,-0.02075734604833901,2.0325450397514846
SUNE,2026-09-09T14:15:05.000Z,2026-09-09T18:50:05.000Z,43.459915611814345,3.410682180506977,4.139171441822256,2.9319647714603785,2.135904850563593,21.35904850586207,275,take_profit,21.383341539744816,-2.9519660636339595,2.3748914648829054
SGLY,2026-09-09T13:45:05.000Z,2026-09-09T19:50:05.000Z,9.493670886075932,1.750386605855541,1.8892002181809897,5.71302358024545,0.7930454404743384,7.9304544413832705,365,session_close,9.690053247497076,-2.307296326447905,0.7426930654319079
SSL,2026-09-09T13:45:05.000Z,2026-09-09T19:50:05.000Z,8.646616541353369,14.462901943898716,14.496820578302918,0.6914241718162762,0.02345216370206439,0.23452163705300366,365,session_close,1.8467805225905076,-1.0572009994385567,0.034571208590815417
SRPT,2026-09-09T14:15:05.000Z,2026-09-09T19:50:05.000Z,9.455587392550147,22.944594903740775,21.995589233870597,0.43583249307081756,-0.41360750703786114,-4.136075070627886,335,session_close,0.24147341232942932,-4.116851518641429,-0.33123269473382244
AKTS,2026-09-09T14:40:05.000Z,2026-09-09T19:50:05.000Z,-1.8784972022382163,24.584987149811123,24.614998967372685,0.40675229696855736,0.012207375729366457,0.12207375736534457,310,session_close,1.077945856038065,-1.2405422380441067,-0.052877798605912574
VVOS,2026-09-09T14:40:05.000Z,2026-09-09T19:50:05.000Z,0.3895381190873737,0.1812381515702891,0.17745240417986133,55.176020562724844,-0.20888247585952507,-2.0888247632340056,310,session_close,3.7860949089682627,-3.1660836973741224,-0.4027849501078915
RBBN,2026-09-09T15:05:05.000Z,2026-09-09T19:50:05.000Z,2.57069408740358,2.0111138560922717,1.9594526135022465,4.972367928106734,-0.25687870578078265,-2.568787561854224,285,session_close,0,-4.033280156991282,-0.1491710378432014
AMRX,2026-09-09T15:05:05.000Z,2026-09-09T19:50:05.000Z,1.026392961876832,17.25437569109951,17.17655229922152,0.5795631231712235,-0.04510356805258696,-0.45103568666431776,285,session_close,0.4382906125053099,-1.126529841353685,-0.017386893695135797
EZRA,2026-09-09T14:15:05.000Z,2026-09-09T19:55:05.000Z,0.18450184501843658,2.753047230344527,2.7890321665859394,3.632335046584697,0.1309796784728589,1.3097981024269538,340,session_close,4.611354583974414,-2.2900889476072384,-0.2116167523292365
DSACW,2026-09-09T15:05:05.000Z,2026-09-10T13:50:05.000Z,35.593220338983066,0.8020749932536376,0.6645561160072689,3.5717642012711224,-0.3781003825643703,-13.19803757059986,1365,session_close,0,-17.12744997775988,
AHMA,2026-09-10T13:50:05.000Z,2026-09-10T13:55:05.000Z,39.84375,1.8003607458853388,1.6696652458063055,5.5544423649673185,-0.725940622549572,-7.259406226098479,5,stop,0,-7.240812497343862,-1.110888472993464
SKYQ,2026-09-10T13:55:05.000Z,2026-09-10T14:05:05.000Z,36.70411985018729,3.660732480392188,3.4693052632835237,2.7316937397911225,-0.5229205306013746,-5.229205306151081,10,stop,0.25316025296715505,-5.210227226758568,-0.13658468698955595
TNON,2026-09-10T13:50:05.000Z,2026-09-10T14:10:05.000Z,95.90163934426228,4.790958249450348,4.409116052462945,2.08726511049081,-0.7970058954849656,-7.970058954932672,20,stop,0,-7.951608626396489,-0.834906044196325
PCLA,2026-09-10T14:00:05.000Z,2026-09-10T14:15:05.000Z,22.776280323450138,9.131851714949178,10.517893892928766,1.0950681533645994,1.5178106483255551,15.178106491924154,15,take_profit,15.201169799750147,0,0.7008436181533444
HLSQ,2026-09-10T13:55:05.000Z,2026-09-10T14:20:05.000Z,9.876543209876543,1.7904209099485147,1.6896498605880705,5.5852787809888635,-0.5628344037308699,-5.628344083813336,25,stop,0,-5.608787821373373,-0.5026750902889976
IPDN,2026-09-10T13:55:05.000Z,2026-09-10T14:20:05.000Z,35.41167066346924,0.16983437631796672,0.21005794655776336,58.88089450344898,2.368399795841536,23.68399797016913,25,take_profit,23.70875941313986,-4.49518906800912,1.9371814291634717
ATTT,2026-09-10T14:00:05.000Z,2026-09-10T14:20:05.000Z,23.92857142857143,3.4907858845695503,3.2893249962983555,2.8646844217830183,-0.5771218682290609,-5.7712187150097005,20,stop,0,-5.751881989012608,-0.48699635170311417
TPET,2026-09-10T14:20:05.000Z,2026-09-10T14:25:05.000Z,26.243093922651937,2.2904586736178274,2.0995793507981992,4.365937754998099,-0.8333672421466849,-8.33367242195775,5,stop,0,-8.315307139639149,-1.5280782142493354
VIOT,2026-09-10T14:00:05.000Z,2026-09-10T14:30:05.000Z,26.851851851851862,1.3802807429581383,1.3096965118778077,7.244902925746827,-0.5113759022654775,-5.113759026229588,30,stop,0,-5.0917716063702105,-0.36224514628734106
DBGI,2026-09-10T13:55:05.000Z,2026-09-10T14:35:05.000Z,22.666666666666657,4.650939541513862,5.728851756785793,2.1501032009975103,2.3176225044504952,23.17622505411185,40,take_profit,23.20091346822599,-4.750428156327913,1.483571208688284
TMDE,2026-09-10T14:20:05.000Z,2026-09-10T14:40:05.000Z,1.047789419882439,0.7965734814518679,0.7456028893108542,12.55376960696383,-0.5987885635773488,-5.987885659028145,20,stop,0,-6.373985907656133,-0.6101132028984431
SLXN,2026-09-10T14:15:05.000Z,2026-09-10T15:05:05.000Z,31.330472103004283,0.46029224980708655,0.4350117298955085,21.725327774424628,-0.5492275813869012,-5.492275814370843,50,stop,0,-5.473098844841495,-0.5909289154643496
AHMA,2026-09-10T14:15:05.000Z,2026-09-10T15:20:05.000Z,28.125,1.6503318713153987,1.559683891440852,6.0593873096256825,-0.5492712188950329,-5.492712190203035,65,stop,10.280849060338838,-5.473557948281005,-0.3635632385775409
LSAK,2026-09-10T13:50:05.000Z,2026-09-10T16:00:05.000Z,-0.8714596949891074,4.591230807229004,4.34896404846493,2.178065150100493,-0.5279817235864577,-5.279817332330404,130,stop,0,-5.254164239558168,-0.5245162875251221
CMRC,2026-09-10T14:00:05.000Z,2026-09-10T17:50:05.000Z,23.269230769230774,3.2206527437672734,3.049333319787272,3.1049606368922644,-0.5319400677929608,-5.319400680857165,230,stop,0,-5.298700522666621,-0.43469448916491693
YSS,2026-09-10T14:15:05.000Z,2026-09-10T19:20:05.000Z,-1.3630731102849958,7.981608787108482,7.578479542732569,1.2528802480173808,-0.5050726676767534,-5.050726678398827,305,stop,0.6062839482896765,-5.031677169609483,-0.43850808680608466
SKDD,2026-09-10T13:50:05.000Z,2026-09-10T19:50:05.000Z,9.085242325074017,7.011404782910738,6.998553838848004,1.4262477076745192,-0.01832862951092786,-0.1832862951238572,360,session_close,1.8340863360605475,-3.300405411976104,-0.028524954153489546
SKHN,2026-09-10T13:50:05.000Z,2026-09-10T19:50:05.000Z,8.879492600422822,10.322699965920936,10.29669274881233,0.9687387865404227,-0.02519419994308482,-0.25194200349197415,360,session_close,1.3300787054970398,-3.416741425066394,-0.029062163596211832
DBI,2026-09-10T13:50:05.000Z,2026-09-10T19:50:05.000Z,7.088122605363978,5.611147670007835,5.848811720887445,1.782166604541886,0.4235569345777853,4.235569349741932,360,session_close,6.038913069484275,-3.9412199252907287,0.37425498695379567
JBLU,2026-09-10T13:55:05.000Z,2026-09-10T19:50:05.000Z,-0.3424657534246478,4.370878167149125,4.3691140925267185,2.2878697633904905,-0.0040359729889685,-0.0403597298974174,355,session_close,2.95413937229676,-0.7064522498293591,0
AEON,2026-09-10T13:55:05.000Z,2026-09-10T19:50:05.000Z,30.08658008658007,0.3014610165078313,0.31583480718299817,33.17178489907418,0.4768042924609535,4.768042926967794,355,session_close,9.831779855157086,-4.697461937823533,0.2222509588237962
ETH,2026-09-10T14:20:05.000Z,2026-09-10T19:50:05.000Z,-1.276595744680853,23.22466789805457,23.485233697421602,0.43057666278918355,0.1121935523284529,1.1219355235166106,330,session_close,1.4008041078283018,-0.23538721110903937,0.11625569895307919
HOFT,2026-09-11T13:30:05.000Z,2026-09-11T13:40:05.000Z,9.192200557103059,13.843206494896128,13.12715645879169,0.7223759849495168,-0.5172573501040802,-5.172573539002248,10,stop,0,-5.152032480040514,-0.5562295084111302
GNLN,2026-09-11T13:35:05.000Z,2026-09-11T13:55:05.000Z,9.689922480620151,2.8608021380267585,2.628251496597849,3.49552303580709,-0.8128861241064673,-8.128861424485352,20,stop,0,-8.067742083902196,-0.7690150678775609
SWRD,2026-09-11T14:00:05.000Z,2026-09-11T14:05:05.000Z,117.04035874439462,4.850971456067103,4.259147340592915,2.061442762540232,-1.2200115395410382,-12.200115396143877,5,stop,0,-12.182538310506363,-0.7008905392636784
TRUG,2026-09-11T14:00:05.000Z,2026-09-11T14:05:05.000Z,70.42329468859533,0.6337267609079309,0.5663866168856554,15.77967132955535,-1.0626053399564288,-10.626053399701519,5,stop,0,-10.608161916914494,-0.6012054776560589
CDTG,2026-09-11T13:30:05.000Z,2026-09-11T14:15:05.000Z,9.23076923076922,1.4303649687857904,1.6796613295802165,6.99122257417659,1.7428863452460635,17.428863698056656,45,take_profit,17.45254090123025,-2.822004849577353,1.6778934178023803
FTFT,2026-09-11T14:05:05.000Z,2026-09-11T14:15:05.000Z,48.78048780487805,3.060612650517576,2.769445612242507,3.1062426850638074,-0.904435482773627,-9.513357994708354,10,stop,0,-9.495244374306267,-0.8697479518178675
BENF,2026-09-11T13:30:05.000Z,2026-09-11T14:20:05.000Z,8.937855904926973,1.3315083707878148,1.979603631273974,7.510271529346034,5.367252456609045,53.67258141494198,50,take_profit,100.52446222476532,0,3.0177733129234277
PCLA,2026-09-11T14:05:05.000Z,2026-09-11T14:25:05.000Z,49.588477366255134,14.582917724054548,13.587278037248806,0.6857338283729322,-0.6827438141133285,-6.827438141294814,20,stop,4.437262063668435,-6.808772721913725,-0.3634389290376543
VIOT,2026-09-11T13:35:05.000Z,2026-09-11T14:50:05.000Z,8.823529411764696,1.5003147941725241,1.408926920228593,6.665267861216538,-0.6091246591033923,-6.091246603639252,75,stop,3.978178850152214,-6.019722962362439,-0.5332214288973223
TNON,2026-09-11T14:15:05.000Z,2026-09-11T14:55:05.000Z,48.113207547169814,7.861573292853582,8.968205943217566,1.272010019770615,2.48738540827079,24.873854083526687,40,take_profit,27.8370069911549,-1.5464244665135407,2.3611296189797883
CLIK,2026-09-11T13:35:05.000Z,2026-09-11T15:15:05.000Z,8.799999999999986,1.3817710851221727,1.308960903843721,7.23707870733051,-0.5269330126071567,-5.269337451218552,100,stop,0.5955338743464544,-5.194137140004407,-0.43422472243982924
XRTX,2026-09-11T14:15:05.000Z,2026-09-11T15:35:05.000Z,8.056872037914697,2.3004698519624145,2.1795372487054374,1.310568008852516,-0.15849040105584775,-5.256865381383529,80,stop,2.5877386737671593,-5.236749869147284,-0.19658520132787727
BFRI,2026-09-11T13:35:05.000Z,2026-09-11T19:45:05.000Z,8.56164383561644,1.6003260921579967,1.5196735119229687,6.2487264572163825,-0.5039759119573863,-5.039759123484023,370,stop,0.6044960392389997,-5.019357776619082,-0.37492358743298304
LPA,2026-09-11T13:30:05.000Z,2026-09-11T19:50:05.000Z,4.950495049504955,3.2307804484162745,3.498391166475688,3.095227317085563,0.8283160048823799,8.283160132115947,380,session_close,10.809139065915563,-3.4289067358501235,0.24761818536684288
NOK,2026-09-11T13:30:05.000Z,2026-09-11T19:50:05.000Z,1.9774011299435124,10.842168795221326,11.03779139962308,0.9223246924785699,0.1804275584467044,1.804275584493521,380,session_close,2.3780408666235875,-0.3889332108527155,0.17524169157093006
OPEN,2026-09-11T13:30:05.000Z,2026-09-11T19:50:05.000Z,1.4285714285714235,2.850585429881892,2.8094284317205527,3.5080513230910086,-0.14438086185434065,-1.4438086201487594,380,session_close,0,-2.8269782423335665,-0.14032205292364175
KORU,2026-09-11T13:35:05.000Z,2026-09-11T19:50:05.000Z,9.68351440717996,23.234652254064525,23.11535768411385,0.4303916361697042,-0.051343385147232294,-0.5134338515000003,375,session_close,1.4002694870484333,-1.440315311824747,0.08177441087224402
JVA,2026-09-11T13:35:05.000Z,2026-09-11T19:50:05.000Z,8.45481049562682,3.740914625916086,3.88676951735354,2.6731430388147497,0.3898909877231112,3.8989099197027683,375,session_close,5.589151183387742,-1.8956494068270935,0.32077716465776973
REF,2026-09-11T14:00:05.000Z,2026-09-11T19:50:05.000Z,4.220532319391634,13.753028025535038,13.78719481022805,0.7271125992700282,0.02484309962683524,0.24843099737435914,350,session_close,2.522876953502484,-3.657580167807939,-0.1745070238248072
XNCR,2026-09-11T14:00:05.000Z,2026-09-11T19:50:05.000Z,0.6801319043693299,24.46533833115904,24.334858381491248,0.40874153567079496,-0.05333257500146087,-0.5333257521381246,350,session_close,0.673040636561506,-2.0655276633368302,-0.05722381499391105
ACVA,2026-09-11T14:00:05.000Z,2026-09-11T19:50:05.000Z,44.45983379501386,10.442089454699984,10.407912105781449,0.8771004872101511,-0.029976969387998056,-0.3273037361612662,350,session_close,0,-0.30730875117661594,-0.026313014616302866
GPK,2026-09-11T14:15:05.000Z,2026-09-11T19:50:05.000Z,1.1182108626198062,9.511983072941671,9.518084434376188,1.051305485464259,0.006414394744907925,0.06414394756308384,335,session_close,1.3458489788790162,-0.33623980085343286,0.021026109709284313
NCT,2026-09-14T13:30:05.000Z,2026-09-14T13:35:05.000Z,68.99105832109969,0.5073028707016722,0.4641068038764554,19.712090295189107,-0.8514847696556965,-8.51484770142745,5,stop,0,-8.496476797392216,0.05716506185604864
BMM,2026-09-14T13:30:05.000Z,2026-09-14T13:40:05.000Z,21.631530705774505,6.661372379401383,6.248744132007232,1.5011921595062663,-0.6194342897789117,-6.194342905526497,10,stop,0,-6.175489913661769,-0.43534572625681633
OPENL,2026-09-14T13:35:05.000Z,2026-09-14T13:40:05.000Z,34.58950201884252,0.10182349073618197,0.27054535716090744,98.20916427779906,16.57003841777347,165.7003853534014,5,take_profit,165.75400042128487,0,11.853846128330346
UZX,2026-09-14T13:30:05.000Z,2026-09-14T13:45:05.000Z,22.372446462054675,0.1124230055144081,0.10627822497973305,88.94976561670852,-0.5465767883254592,-5.465767888483949,15,stop,4.071225871118811,-5.446399058974971,-1.823470195142523
VSME,2026-09-14T13:40:05.000Z,2026-09-14T13:45:05.000Z,25.245350032713333,1.3502709539778686,1.2697421939464002,7.405920988763189,-0.5963896341161257,-5.963896342006943,5,stop,0,-5.944803429370382,-0.37029604943815997
FTFT,2026-09-14T13:40:05.000Z,2026-09-14T13:50:05.000Z,47.22222222222223,4.250850332159014,4.029193499201502,2.352470498476629,-0.5214411603183096,-5.214411603264618,10,stop,0,-5.195438909909667,-0.42344468972579286
ELMT,2026-09-14T13:30:05.000Z,2026-09-14T13:55:05.000Z,38.04817788758492,22.394496245843225,20.305934723226116,0.4465382872910136,-0.9326226852113554,-9.326226853639447,25,stop,0,-9.308073836356744,-0.5715690077324957
BMGL,2026-09-14T13:35:05.000Z,2026-09-14T14:05:05.000Z,68.99563318777294,7.761553453662294,7.298539197713443,1.2884018720384594,-0.5965484341449938,-5.965484341673603,30,stop,14.667766615722133,-5.946663337666114,-0.21902831824653823
AGMH,2026-09-14T14:15:05.000Z,2026-09-14T14:20:05.000Z,44.522144522144515,1.2502502807880647,1.03979071870291,7.998398523251737,-1.6833394505861077,-16.83339450661803,5,stop,0,-16.81665535444139,-1.4829030862108716
OPENL,2026-09-14T14:15:05.000Z,2026-09-14T14:30:05.000Z,113.32436069986538,0.1598368739337037,0.1301696976800519,62.56378570820237,-1.85609085770094,-18.560908708685695,15,stop,0,-18.541950430034248,-1.0010205713312388
NCT,2026-09-14T14:15:05.000Z,2026-09-14T14:45:05.000Z,49.30601895102096,0.44829333647059316,0.4239139295637693,22.306822719156077,-0.5438271078686896,-5.438271088025219,30,stop,0.58146381338815,-5.419071508368667,-0.4260603139358814
FTFT,2026-09-14T14:15:05.000Z,2026-09-14T14:50:05.000Z,62.5,4.690939344915944,4.339130597766838,2.131769196773734,-0.7499750503280239,-7.4997505037108985,35,stop,1.8985676116358263,-7.481216854707218,-0.46898922329022064
HAIN,2026-09-14T13:35:05.000Z,2026-09-14T15:10:05.000Z,7.152082660639336,0.666539889745626,0.6148756843730978,15.002852992038546,-0.7751104781545277,-7.7511047976805925,95,stop,11.486200815916959,-7.732453906891501,-0.7216372289170518
VNCE,2026-09-14T13:40:05.000Z,2026-09-14T18:50:05.000Z,23.664122137404586,6.50130970942146,7.508462311917351,1.5381516100516088,1.5491533970967228,15.491533975628977,310,take_profit,15.515185949636923,-2.6350030544338487,1.4612440295490288
SCNI,2026-09-14T13:30:05.000Z,2026-09-14T19:50:05.000Z,40.963855421686745,2.3504741352255007,2.3395139830639224,4.254460768823146,-0.04662953739176712,-0.46629537408318716,380,session_close,7.637857489432687,-3.849186590467246,0.2978122538176198
SOAR,2026-09-14T13:30:05.000Z,2026-09-14T19:50:05.000Z,21.278825995807125,0.23194761457662283,0.22855225245073554,43.11318315268907,-0.14638486920308227,-1.4638486936306232,380,session_close,6.532675686721334,-4.892317861227324,0.11640559451226196
ONDS,2026-09-14T13:35:05.000Z,2026-09-14T19:50:05.000Z,-0.7607192254495243,7.181437663970176,7.238550749175325,1.3924788416262137,0.07952876272816622,0.7952876273185593,375,session_close,3.878921590134987,-0.9947543557828786,0.06962394208131073
DRCT,2026-09-14T13:35:05.000Z,2026-09-14T19:50:05.000Z,-1.7543859649122862,1.690377145531777,1.8794785031615944,5.91583953601851,1.1186932877812485,11.186932935627672,375,session_close,11.217783851932595,-0.6138952812517195,1.0648511164833323
ALLO,2026-09-14T13:40:05.000Z,2026-09-14T19:50:05.000Z,-0.2808988764045006,1.7803865631839417,1.7896094121732526,5.616757714029906,0.05180250820604501,0.5180250839917202,370,session_close,2.7866665499503895,-0.5833880910315892,0
LYNX,2026-09-14T13:40:05.000Z,2026-09-14T19:50:05.000Z,-0.3532182103610615,12.763163095451146,13.517141583305415,0.7835048260778593,0.5907457839927064,5.9074579100457525,370,session_close,6.870059545516294,-3.002101380242539,0.48577299216827363
CRBP,2026-09-14T13:40:05.000Z,2026-09-14T19:50:05.000Z,2.5246305418719306,8.35168467873917,8.168295009742772,1.197363212467884,-0.21958404320294883,-2.1958404328081462,370,session_close,2.9732363087529468,-3.731997683444932,-0.28736717099229203
FNB,2026-09-14T14:15:05.000Z,2026-09-14T19:50:05.000Z,0.7099945385035555,18.46377422003182,18.286333899810547,0.5416010763414923,-0.09610186841822022,-0.9610186850571585,335,session_close,0,-1.4827641237878275,-0.07582415068780968
ELMT,2026-09-14T14:15:05.000Z,2026-09-14T19:50:05.000Z,36.41136504014823,22.114434965549506,21.475679981422505,0.45219333048311006,-0.2888407436350746,-2.8884074366904313,335,session_close,10.696927315283599,-3.999355927145798,-0.3029695314236829
JEM,2026-09-14T13:35:05.000Z,2026-09-15T13:40:05.000Z,-2.244389027431415,3.981974660322405,3.8782798228791266,2.5113164658283176,-0.26041055269269536,-2.6041059094756385,1445,time,0.9549367567928124,-2.560906811851693,-0.40181063453253074
CIRC,2026-09-15T13:40:05.000Z,2026-09-15T13:45:05.000Z,9.527606139126954,0.5620421907167293,0.502927185725099,17.79225416306215,-1.0517891936617751,-10.517894558101686,5,stop,0,-10.469354736820103,-0.43591022699502524
BRNX,2026-09-15T13:40:05.000Z,2026-09-15T13:50:05.000Z,9.05797101449275,3.0206073828189965,2.829414317275977,3.3105924505869004,-0.6329623193912872,-6.329623195338541,10,stop,0,-6.310233627288275,-0.6290125656115109
SUGP,2026-09-15T13:45:05.000Z,2026-09-15T13:50:05.000Z,71.49283103739106,1.2302460843813032,1.0897818387835787,8.128455052057186,-1.1417573067622253,-11.417573067778932,5,stop,0,-11.399839931360855,-0.6502764041645737
SMST,2026-09-15T13:40:05.000Z,2026-09-15T13:55:05.000Z,9.1513292433538,21.41430327956424,21.44521802212343,0.4669776021873076,0.01443649235252857,0.1443649235541196,15,rotation_for_stronger_continuation,0.1666956891837046,-0.3936774335529858,0.03268843215311179
MYSZ,2026-09-15T13:50:05.000Z,2026-09-15T14:00:05.000Z,40.963855421686745,2.350475509134319,2.1895606019183296,4.254458281482103,-0.6846057596189905,-6.84605759943674,10,stop,0,-6.827363591353574,-0.21272291407410648
VEEA,2026-09-15T13:45:05.000Z,2026-09-15T14:05:05.000Z,102.18340611353712,4.640928378415106,6.258747658209303,2.1547412897701066,3.485982019498359,34.8598201955523,20,take_profit,34.88680474180927,0,3.1028274572689547
PDSB,2026-09-15T13:50:05.000Z,2026-09-15T14:05:05.000Z,25.231771485843147,0.5013003776027776,0.5828833009792461,19.948119822431302,1.6274259309780263,16.274259310674918,15,take_profit,16.29753857116778,0,0.9874319312103488
ALAR,2026-09-15T13:50:05.000Z,2026-09-15T14:15:05.000Z,9.589041095890405,2.420887078029084,2.2694479990847363,4.130716992266658,-0.6255519766886294,-6.255520148739811,25,stop,0,-6.232718551743677,-0.7848362285306649
CEPL,2026-09-15T13:45:05.000Z,2026-09-15T14:20:05.000Z,9.042553191489366,6.18131903875465,5.8585672690538395,1.6177776795907954,-0.5221406090704006,-5.221406105675394,35,stop,0,-5.198227704153357,-0.3397333127140669
PSNYW,2026-09-15T13:55:05.000Z,2026-09-15T14:25:05.000Z,20.603015075376874,4.831022256380544,4.568994229573338,2.069955269228232,-0.5423862947750528,-5.423862961118306,30,stop,0.599826332432718,-5.403043963123966,-0.3725919484610838
CRDF,2026-09-15T13:50:05.000Z,2026-09-15T14:55:05.000Z,8.77862595419845,1.4403019752633055,1.3595911526914082,6.942988450615695,-0.5603743089563756,-5.603743100966196,65,stop,0,-5.575356879492244,-0.41657930703694035
XHLD,2026-09-15T13:40:05.000Z,2026-09-15T15:35:05.000Z,9.641255605381183,9.841987600808665,9.338128268968587,1.0160549272746058,-0.5119487567694013,-5.1194875697534705,115,stop,0,-5.100469754375824,-0.508027463637303
VRA,2026-09-15T13:40:05.000Z,2026-09-15T16:10:05.000Z,9.046052631578938,3.330668111098596,3.8391291707244264,3.0024006190847645,1.526603800201089,15.266038003952263,150,take_profit,15.292183787516578,-2.4219798673362325,1.5012003095423836
FBDT,2026-09-15T13:50:05.000Z,2026-09-15T17:30:05.000Z,9.171736078614877,0.71243153,0.8693260343044884,5.050000000000001,0.7923172467376663,22.022397619668567,220,take_profit,22.046816204218246,-3.036295993244442,1.0605000000000002
TNON,2026-09-15T13:45:05.000Z,2026-09-15T19:20:05.000Z,9.442446043165464,6.1012298615010625,5.7288248373210555,1.6390138093045026,-0.6103769772854086,-6.103769774843158,335,stop,11.452939069026025,-6.084508696247182,-0.5244844189774387
MSTZ,2026-09-15T13:40:05.000Z,2026-09-15T19:50:05.000Z,8.805031446540879,4.330866489471288,4.389109421151003,2.3090067597522808,0.13448332295625337,1.3448332295929493,370,session_close,5.983410275026668,-3.7144181161522405,0.23090067597522967
RKTO,2026-09-15T13:45:05.000Z,2026-09-15T19:50:05.000Z,8.777943368107287,0.7375648892156405,0.741527996445047,13.558129045233375,0.05373231923639084,0.5373231951999586,365,session_close,2.6892699306027223,-2.2865634552609038,0.09761852912567903
BLCO,2026-09-15T13:45:05.000Z,2026-09-15T19:50:05.000Z,-0.9670079635949791,17.48474566070425,17.206259369377484,0.57192709576679,-0.15927385580938064,-1.5927385890012864,365,session_close,0,-1.8001157512494759,-0.16013958681470086
QCML,2026-09-15T13:50:05.000Z,2026-09-15T19:50:05.000Z,9.212730318257979,19.594037994469026,19.21440437389119,0.5103593241066253,-0.1937495580062565,-1.9374955825083147,360,session_close,1.0001103681961165,-3.1848360947609677,-0.030621559446396773
QCMU,2026-09-15T13:55:05.000Z,2026-09-15T19:50:05.000Z,8.795737567159257,24.42495387391533,23.975147108847437,0.26381551979721646,-0.11866600553469091,-1.8415869581160846,355,session_close,0.8804361604724642,-3.377504326820202,-0.17411824306616275
CCXIW,2026-09-15T13:55:05.000Z,2026-09-16T14:40:05.000Z,8.823529411764719,5.591345218045656,6.0374416988413815,1.7884783557861617,0.7978339004955326,7.978339082980999,1485,time,9.633724281875411,0,0.2861565369257857
MEDS,2026-09-16T14:40:05.000Z,2026-09-16T14:45:05.000Z,239.50617283950618,5.511102581526519,6.648669833812011,1.8145189373373913,2.0641373217668884,20.641373218104718,5,take_profit,20.665509335484344,0,2.086696777938
QCLS,2026-09-16T14:45:05.000Z,2026-09-16T14:50:05.000Z,50.07931112621797,0.6634329791828936,0.5933807588859468,15.073112601896584,-1.0559050045487444,-10.559050046505899,5,stop,0,-10.541076699115159,-0.6406072855806055
DLXY,2026-09-16T14:40:05.000Z,2026-09-16T14:55:05.000Z,79.51807228915663,0.7484503074108563,0.9315135486924794,13.360940464913305,2.445897068077826,24.458970685027978,15,take_profit,24.48388233322618,0,1.7983825865773326
ZTG,2026-09-16T14:40:05.000Z,2026-09-16T15:05:05.000Z,137.74145616641903,1.6103235628111705,2.0095978006809707,6.2099321086703885,2.479465909912571,24.794659103961695,25,take_profit,24.8196354086198,-0.6410862418946617,2.7944694489016744
PDSB,2026-09-16T14:50:05.000Z,2026-09-16T15:25:05.000Z,33.91423201776866,0.7847572889433447,0.9642070202517341,12.742793396060401,2.2866908510413575,22.86690851256874,35,take_profit,22.89149952318883,0,2.045218340067695
CIFG,2026-09-16T14:45:05.000Z,2026-09-16T16:30:05.000Z,29.94100294985249,4.4224263628995155,4.157030136558533,2.261201716936605,-0.6001144026707251,-6.00114517603812,105,stop,0.39737545994915635,-5.933990560047642,-0.474852360556687
FTFT,2026-09-16T14:45:05.000Z,2026-09-16T16:50:05.000Z,29.09407665505226,7.431488587259056,6.938598781451054,1.3456254264383893,-0.6632450551275282,-6.632450551737902,125,stop,12.359723115442689,-6.613595398661987,-0.8881127814493368
TPST,2026-09-16T14:45:05.000Z,2026-09-16T18:20:05.000Z,38.33730473921102,1.0502105204210137,1.2697458756464721,9.521900423352848,2.0903937918622106,20.903937920698983,215,take_profit,20.92813538859579,-4.780995757011186,1.8091610804370397
ACGCW,2026-09-16T14:55:05.000Z,2026-09-16T18:45:05.000Z,33.33333333333335,0.40098574351647814,0.3785195591339219,24.93854240958567,-0.5602738920059506,-5.602738936685672,230,stop,1.4749293657316365,-5.58267815712461,-0.7107484586731925
PUSA,2026-09-16T14:40:05.000Z,2026-09-16T19:50:05.000Z,-0.7062146892655496,3.530937420021995,3.4391388931212576,2.832109051051304,-0.25998343890875536,-2.5998344343402637,310,session_close,0,-3.1418687681330826,-0.22656872408410322
CDE,2026-09-16T14:40:05.000Z,2026-09-16T19:50:05.000Z,-2.737317930688088,19.37387869037248,18.776240323665682,0.5161589044368563,-0.30847636460881217,-3.0847636462376666,310,session_close,1.2703770554206573,-4.149291441429082,-0.30453375361774526
UNG,2026-09-16T14:40:05.000Z,2026-09-16T19:50:05.000Z,-0.5692599620493288,10.492190676233506,10.347926320047938,0.9530898065172727,-0.1374968873242418,-1.3749688757787235,310,session_close,0,-1.6411317859819752,-0.1143707767820743
ABTC,2026-09-16T14:45:05.000Z,2026-09-16T19:50:05.000Z,1.5018773466833446,8.131694894126765,8.067883766684176,1.2297559257369524,-0.07847211210047994,-0.784721122390828,305,session_close,0.7170104957497481,-3.2182084735591587,-0.012297559257369528
SNTI,2026-09-16T14:45:05.000Z,2026-09-16T19:50:05.000Z,4.233333333333333,0.316672166288172,0.3190072373671951,31.578398738152362,0.07373780561531874,0.737378060848635,305,session_close,3.4192565259981267,-3.464834442755327,0.012631359495262728
AAL,2026-09-16T14:50:05.000Z,2026-09-16T19:50:05.000Z,1.566170712607673,12.982596486448722,12.677463281562975,0.7702619433919157,-0.23503249538869916,-2.3503249539046074,300,session_close,2.2137598888733123,-3.178073714910512,-0.23107858301757567
CMCSA,2026-09-16T14:50:05.000Z,2026-09-16T19:50:05.000Z,-1.1261261261261368,24.16483472567645,23.63526934641556,0.4138244731774945,-0.21914711408567827,-2.1914711409062484,300,session_close,0.06275761657676959,-2.2546594332695014,-0.18208276819809832
ALVO,2026-09-16T14:50:05.000Z,2026-09-16T19:50:05.000Z,8.565737051792844,5.46110693393836,5.278932112465516,1.831130595943914,-0.3335858894095454,-3.335858895944858,300,session_close,0.1628436536624589,-4.5980958984311755,-0.36622611918878256
BZAI,2026-09-16T14:50:05.000Z,2026-09-16T19:50:05.000Z,9.725315515961409,0.592526052769037,0.5882635480434528,16.876894992333558,-0.07193784465801017,-0.7193784485364565,300,session_close,4.19794996603442,-3.835452072163237,-0.1282644019417365
CCAP,2026-09-16T14:55:05.000Z,2026-09-16T19:50:05.000Z,0.20325203252031798,9.89223379744409,9.857941150939016,0.7479941438893216,-0.025650698764262063,-0.34666231315655427,295,session_close,0.2806868814916541,-1.4378329541790635,0.007479941438894855
LNAI,2026-09-16T14:55:05.000Z,2026-09-16T19:55:05.000Z,1.3698630136986356,2.2406842227326327,2.178347853661934,4.462922341526925,-0.2782023742152888,-2.782023831750648,300,session_close,0,-4.939751063969533,-0.3570337873221554
SDST,2026-09-17T13:30:05.000Z,2026-09-17T13:35:05.000Z,63.47117794486217,0.26185365979910885,0.21595668543766497,38.189269523663384,-1.7527719242098485,-17.52771925993149,5,stop,0,-17.511177744961536,-0.3284277179035051
KXIN,2026-09-17T13:30:05.000Z,2026-09-17T13:40:05.000Z,50.44247787610621,1.7103478467638684,1.589676947743228,5.846763868511929,-0.705534252374732,-7.055342528653489,10,stop,0,-7.036454426014993,-0.46774110948095426
AEHL,2026-09-17T13:35:05.000Z,2026-09-17T13:40:05.000Z,54.880694143167034,14.332869092942422,13.257339697064875,0.6976970161886148,-0.7503936503269081,-7.503936503593292,5,stop,0,-7.4853756493925445,-0.20233213469469824
TURB,2026-09-17T13:30:05.000Z,2026-09-17T13:45:05.000Z,73.47509792949079,1.560313647842843,1.3697251457070798,6.4089678454724766,-1.2214755819048686,-12.21475582164231,15,stop,3.82527911869992,-12.197140498383408,-0.8972554983661478
DTSS,2026-09-17T13:30:05.000Z,2026-09-17T13:45:05.000Z,63.63328822733425,0.9709945596532028,1.4996968484412803,10.29871887515692,5.444957821024701,54.44957821473844,15,take_profit,54.48078314009659,0,6.495401994561469
AEMD,2026-09-17T13:35:05.000Z,2026-09-17T13:45:05.000Z,481.8181818181818,8.341668608017688,7.82843332841678,1.1988009197875058,-0.6152669252529658,-6.152669252619384,10,stop,0,-6.133887979269426,-0.2517481931553771
DAIC,2026-09-17T13:35:05.000Z,2026-09-17T13:45:05.000Z,121.39303482587067,4.460892162090689,6.3387318289865044,2.241704044071895,4.209560784737267,42.095607847678636,10,take_profit,42.124036395191155,0,3.0935515808192164
BIAF,2026-09-17T13:35:05.000Z,2026-09-17T13:45:05.000Z,32.24299065420559,7.10142444394797,6.638667014164334,1.4081681890267514,-0.6516402918570969,-6.516402919389093,10,stop,0,-6.4976322368846535,-0.9857177323187258
SDST,2026-09-17T13:55:05.000Z,2026-09-17T14:05:05.000Z,103.5714285714286,0.32596521863456973,0.26194751278239614,30.67811971366652,-1.963942843927271,-19.639428439738538,10,stop,0,-19.62332634828726,-1.6382115927097924
MNOV,2026-09-17T13:55:05.000Z,2026-09-17T14:10:05.000Z,38.29365079365081,3.5007072571131683,3.289331544654582,2.856565619844873,-0.603808593079413,-6.038085933323532,15,stop,0,-6.018991067734303,-0.9997979669457067
NUWE,2026-09-17T14:00:05.000Z,2026-09-17T14:10:05.000Z,9.202453987730074,0.8942453241976989,1.0297929562067178,11.182613456567644,1.5157767737099348,15.157768046551423,10,take_profit,15.180920954112654,0,0.8946090765254109
KXIN,2026-09-17T14:00:05.000Z,2026-09-17T14:25:05.000Z,52.212389380530986,1.730347358511499,2.0995798025897674,5.779186444406133,2.1338631356520743,21.338631359884534,25,take_profit,21.362915351660284,-0.5979931405449279,1.4447966111015322
WETO,2026-09-17T13:55:05.000Z,2026-09-17T15:00:05.000Z,8.15217391304348,2.0004047733063453,1.8396299420115059,4.998988269080321,-0.8037114956062698,-8.037114959944063,65,stop,0.4796642570390919,-8.018615804501506,-0.6998583576712427
DCX,2026-09-17T14:00:05.000Z,2026-09-17T16:00:05.000Z,32.913726397109855,0.4270873888984481,0.5162963529904737,23.414411781770138,2.0887754198758337,20.887754218665897,120,take_profit,20.912022556298982,-1.4955695402110947,2.5685609724601832
RXRX,2026-09-17T13:30:05.000Z,2026-09-17T19:50:05.000Z,3.1347962382445083,3.3006812577308966,3.519293486076654,3.029677574374109,0.6623245657030926,6.623245665837044,380,session_close,8.159489548962107,-0.6265754284045744,0.6968258421060458
MVIS,2026-09-17T13:30:05.000Z,2026-09-17T19:50:05.000Z,1.2269938650306678,1.6705804626447438,1.7095141556690236,5.985943036410669,0.2330548686404386,2.3305488059307726,380,session_close,10.14135751875389,-1.8305291680671965,0.419016012548747
SNAP,2026-09-17T13:35:05.000Z,2026-09-17T19:50:05.000Z,3.321678321678334,5.921185175538083,5.6488684900738315,1.6888510835491313,-0.45990232931480923,-4.599023293330882,375,session_close,1.6688352336985846,-4.748798884043193,-0.3546587275453188
SAFE,2026-09-17T13:35:05.000Z,2026-09-17T19:50:05.000Z,-0.14471780028942893,13.835146066618872,13.547162674249947,0.7227968039962925,-0.2081534756082696,-2.081534889347972,375,session_close,0,-2.639264268411934,-0.15178732883921953
XPEV,2026-09-17T13:45:05.000Z,2026-09-17T19:50:05.000Z,1.934235976789167,10.552118026132549,10.617857920797968,0.9476770420599693,0.062300188921858936,0.6230018893137232,365,session_close,2.2543528538851776,-0.4939105685084044,0.11372124504719672
SLXN,2026-09-17T13:45:05.000Z,2026-09-17T19:50:05.000Z,7.000000000000006,0.36530802894902403,0.38561905707772515,27.374158037040537,0.55599729388984,5.559973096440036,365,session_close,6.540226098975199,-4.464185743724702,0.3722885493037502
ATCH,2026-09-17T13:45:05.000Z,2026-09-17T19:50:05.000Z,7.437499999999986,0.17298052292946609,0.17334041379666215,57.80996954678134,0.020805280072769335,0.20805282646926349,365,session_close,8.913996101642784,-1.5496096809460291,-0.005780996954678486
UGP,2026-09-17T13:55:05.000Z,2026-09-17T19:50:05.000Z,-0.595238095238082,7.531525448285437,7.538477248936022,1.327752267908131,0.009230269079860463,0.09230269084689009,355,session_close,0.5108467332248345,-1.4807816696792209,0.05311009071632533
AIXI,2026-09-18T13:30:05.000Z,2026-09-18T13:35:05.000Z,9.785202863961807,2.320795451326793,2.1795469013204434,4.3088672483123895,-0.6086212509939756,-6.086212808009357,5,stop,0,-6.066689386447244,-0.4308867248312378
IMCC,2026-09-18T13:35:05.000Z,2026-09-18T13:50:05.000Z,139.6551724137931,4.190838275699805,5.1989597475970335,2.3861574563381454,2.4055365670621587,24.05536567093819,15,take_profit,24.08018773121665,0,1.7180333685634643
CIFG,2026-09-18T13:30:05.000Z,2026-09-18T14:05:05.000Z,9.897968913893385,4.64107793517289,4.259078672945392,2.154671838014192,-0.8230830524637882,-8.230830586413491,35,stop,0.8386427758976911,-8.210979011682863,-0.5386679595035471
ESLA,2026-09-18T13:35:05.000Z,2026-09-18T14:25:05.000Z,9.980988593155882,0.5876237772260662,0.5511663313977754,17.017690056631018,-0.624748829826119,-6.247488728875606,50,stop,0,-6.18146825125695,-0.41352986837613415
ARRY,2026-09-18T13:35:05.000Z,2026-09-18T15:05:05.000Z,-2.948113207547165,4.120867139004637,3.909216360559578,2.4266737171201846,-0.5136073812606514,-5.136073823922928,90,stop,0,-5.1170574515433165,-0.48533474342403693
QNME,2026-09-18T15:05:05.000Z,2026-09-18T15:15:05.000Z,67.45867768595042,0.4879990104886233,0.5627872836890109,20.49184481755111,1.5325496885949583,15.32549689506616,10,take_profit,15.34859454661186,-1.4137345241162391,2.573775709084421
NCPL,2026-09-18T15:05:05.000Z,2026-09-18T15:20:05.000Z,62.653169952051144,0.919083996457672,0.7853426034193438,10.880398351043382,-1.4551596322804712,-14.551596323490942,15,stop,10.980063185876144,-14.534470948523825,-2.3022922910807804
IMCC,2026-09-18T15:05:05.000Z,2026-09-18T15:25:05.000Z,256.3218390804598,6.211242904760258,5.838827847551997,1.6099837267746395,-0.5995821817111473,-5.995821817286276,20,stop,0,-5.9769503536198805,-0.6117938161743623
GIPR,2026-09-18T15:05:05.000Z,2026-09-18T15:40:05.000Z,193.51535836177476,1.3002601740585389,1.1997598008090684,7.690768508673774,-0.7729251056969877,-7.729251057176952,35,stop,7.670759124317428,-7.7107778934422,-1.6150613868214911
TGL,2026-09-18T13:35:05.000Z,2026-09-18T15:45:05.000Z,9.954751131221705,2.4606103418493332,2.297415619485137,4.064032289303039,-0.6632286211319386,-6.632286290463334,130,stop,0,-6.527256230607515,-0.5283241976093969
QNME,2026-09-18T15:40:05.000Z,2026-09-18T15:50:05.000Z,220.76446280991738,0.9347869843876417,0.7472504449563443,10.697624343168377,-1.9870997259930376,-19.870997260204213,10,stop,0,-20.045955658057736,-0.895458974949431
TRUG,2026-09-18T15:05:05.000Z,2026-09-18T15:55:05.000Z,53.126628452318926,0.5890187337877019,0.5507885330625802,16.977388702783553,-0.6490489778958274,-6.490489781077287,50,stop,4.920262217456695,-6.471565605830277,-0.7283299753494159
SSM,2026-09-18T15:40:05.000Z,2026-09-18T15:55:05.000Z,50.00000000000002,2.2004521665025174,2.089560994055526,4.544520503951859,-0.503947206892614,-5.039472074653005,15,stop,0,-5.019521359470147,-0.45445205039518655
MRNO,2026-09-18T15:40:05.000Z,2026-09-18T16:15:05.000Z,82.62846748522053,0.4028806971988293,0.37492455486000054,24.82124377972509,-0.6939062241327626,-6.939062241801045,35,stop,11.521848309913407,-6.920335819680545,-0.7198160696120279
GSUI,2026-09-18T13:30:05.000Z,2026-09-18T19:50:05.000Z,9.416195856873832,11.672943602325448,11.71699371027481,0.8566819312203343,0.03773693154852348,0.3773693204564638,380,session_close,0.7457964386738514,-1.2245720290893214,0.059967735185423976
CIFR,2026-09-18T13:30:05.000Z,2026-09-18T19:50:05.000Z,5.135773317591474,17.83357733970833,18.106375579629987,0.5607399910985992,0.15296888262538277,1.529688826448981,380,session_close,1.7743083973798202,-4.22560950814066,0.29158479537127135
EUV,2026-09-18T13:30:05.000Z,2026-09-18T19:50:05.000Z,1.2680367293397499,23.224700690723466,23.365289552005223,0.430576054702514,0.06053419722581765,0.6053419725573085,380,session_close,0.6686816391935801,-1.010564974976036,0.09042097148752859
XRPC,2026-09-18T13:35:05.000Z,2026-09-18T19:50:05.000Z,2.8425655976676234,14.14407763960182,14.866721091824889,0.707009675710216,0.5109159128103432,5.109159258287364,375,session_close,5.20304242630627,-0.09953027663255343,0.5585376438110714
MG,2026-09-18T13:35:05.000Z,2026-09-18T19:50:05.000Z,4.73790322580645,20.804170951666233,20.755286132419933,0.48067284306484137,-0.023497605049830034,-0.23497605052310452,375,session_close,1.2777680444530093,-0.4045869064515317,-0.10094129704361521
SGRY,2026-09-18T15:05:05.000Z,2026-09-18T19:50:05.000Z,-1.2359550561797716,13.213034374545954,13.387288020880678,0.7568284202037433,0.13188011187025145,1.3188011276986675,285,session_close,1.3393261565636916,-1.2338904896821323,0.12866083143463491
SGML,2026-09-18T15:40:05.000Z,2026-09-18T19:50:05.000Z,9.79729729729728,9.761982873174327,9.797981086009063,1.0243820465055817,0.03687592293419017,0.3687592295788385,250,session_close,1.0040698503479328,-1.4544470628451212,0.061462922790335384
CAAP,2026-09-18T15:40:05.000Z,2026-09-18T19:50:05.000Z,-0.9615384615384581,23.766963741088187,23.68486957413102,0.4207520925334564,-0.03454129253201852,-0.3454129347420262,250,session_close,0.012775123254660237,-0.828729084766,0.008415041850668104
TNMG,2026-09-18T15:40:05.000Z,2026-09-18T19:50:05.000Z,37.73234200743496,3.720759954866461,3.7192293842042408,2.6876229889973695,-0.004113596898068471,-0.04113596901672016,250,session_close,5.354821260988585,-4.8581461061480535,-0.21500983911978722
TSUI,2026-09-18T13:30:05.000Z,2026-09-18T19:55:05.000Z,9.782208463458208,16.223390339434957,16.205601547886964,0.6163939701825449,-0.010964903847017008,-0.10964903867690833,385,session_close,0,-1.8084403647849134,0.06780333672007899
ENRD,2026-09-21T13:30:05.000Z,2026-09-21T13:35:05.000Z,5.597964376590325,4.171141418921638,3.889202191197411,2.397425259399098,-0.6759282261615372,-6.759282397984889,5,stop,0,-6.740155527844016,-0.7671760830077101
LGHL,2026-09-21T13:30:05.000Z,2026-09-21T13:40:05.000Z,2.9113924050632844,8.172340012459067,7.7381998442133755,1.2236397087367497,-0.5312311490230812,-5.3123116216876305,10,stop,0.9502784688661725,-5.29028420011829,-0.6485290456304753
VEEE,2026-09-21T13:30:05.000Z,2026-09-21T13:40:05.000Z,67.83216783216784,14.422892273745997,19.06618545207901,0.6933422096656999,3.219391161644978,32.19391162015401,10,take_profit,32.220359398462236,0,2.780302260759459
GLNDW,2026-09-21T13:35:05.000Z,2026-09-21T13:40:05.000Z,178.00000000000003,0.8140644291894479,0.7249225100474235,12.284039981778905,-1.09502289879313,-10.95022899241301,5,stop,0,-10.928426055665952,-1.449516717849912
SUIL,2026-09-21T13:40:05.000Z,2026-09-21T13:45:05.000Z,72.16216216216216,12.83371773996389,11.217528801584152,0.7791974190602954,-1.2593302494992904,-12.593302822509212,5,stop,0,-12.574047307732272,-0.9973726963971803
GRML,2026-09-21T13:35:05.000Z,2026-09-21T13:55:05.000Z,152.28070175438594,7.201440336526938,6.758647683434648,1.3886111017520768,-0.6148667938582092,-6.148667938639571,20,stop,0.9520270983196966,-6.129889520682097,-0.9581416602089323
GLND,2026-09-21T13:40:05.000Z,2026-09-21T13:55:05.000Z,137.5,2.8605724714880663,2.7094574581420194,3.495803759332164,-0.5282684317466406,-5.282684317640692,15,stop,0,-5.263718118972827,-0.24470626315325106
SCNI,2026-09-21T13:30:05.000Z,2026-09-21T14:00:05.000Z,9.615384615384603,1.7204094294507344,1.6296657958428964,5.812569809419896,-0.5274537051059798,-5.274537098811949,30,stop,4.0450005305704195,-5.2551112486984515,-0.17437709428259573
SDST,2026-09-21T13:30:05.000Z,2026-09-21T14:15:05.000Z,2.400000000000002,0.12833061844525784,0.12107350028449336,77.92372567777728,-0.5655016847706268,-5.655016899852435,45,stop,1.3787680416244008,-5.634367334045232,-0.5532584523122193
BTTC,2026-09-21T13:40:05.000Z,2026-09-21T14:15:05.000Z,59.890410958904106,0.585417208005871,0.7086581372693137,17.081834737241667,2.105181186542218,21.051811866487995,35,take_profit,21.076044623698785,0,1.6347315843540269
WETH,2026-09-21T13:40:05.000Z,2026-09-21T14:25:05.000Z,7.619047619047614,1.1407641211653998,1.0797256461079705,8.766051336013192,-0.5350664058253861,-5.350665744560117,45,stop,0,-5.326615733962892,-0.5259630801607891
CYAB,2026-09-21T13:40:05.000Z,2026-09-21T14:50:05.000Z,4.219409282700415,0.32196515037645695,0.30233907218707273,31.05926210791692,-0.6095715066345561,-6.0957150692975555,70,stop,3.365224345204565,-6.076791340174692,-0.47210078404033595
CRMU,2026-09-21T13:45:05.000Z,2026-09-21T18:40:05.000Z,70.64585246403428,3.370685100465723,3.1692953947726545,2.9667559250561077,-0.5974741026102159,-5.974741030102234,295,stop,3.8364574464820222,-5.953837112757709,-0.7416889812640282
CRMX,2026-09-21T13:45:05.000Z,2026-09-21T18:40:05.000Z,70.00000000000001,7.8715915773172815,7.448415469298824,1.2703911143332216,-0.5375991674247645,-5.375991676675388,295,stop,4.172071422367196,-5.35586193943467,-0.8003464020299287
MARA,2026-09-21T13:30:05.000Z,2026-09-21T19:45:05.000Z,5.211480362537757,13.95280454972637,13.23734964188932,0.7167017901142799,-0.5127678131928605,-5.1276781330035925,375,stop,0,-5.1086829689759305,-0.35835089505713924
USAR,2026-09-21T13:35:05.000Z,2026-09-21T19:50:05.000Z,8.230318802862712,16.653330887748385,16.856621498522497,0.6004804724831484,0.12207204200902615,1.2207204201032793,375,session_close,2.201776417721746,-1.701346653460345,0.08406726614764004
CLSK,2026-09-21T13:35:05.000Z,2026-09-21T19:50:05.000Z,3.5590877677954325,15.003001285466633,14.817032106231453,0.6665333028742414,-0.12395465126843608,-1.2395465127056111,375,session_close,0.979795387178739,-2.152911136383917,-0.08664932937365144
RIOT,2026-09-21T13:35:05.000Z,2026-09-21T19:50:05.000Z,4.905263157894724,24.934987702320335,23.985198409263496,0.40104290883339233,-0.3809062608663258,-3.809062608715285,375,session_close,0.3409357914852862,-3.7898061695550767,-0.29677175253670995
JBLU,2026-09-21T13:35:05.000Z,2026-09-21T19:50:05.000Z,1.3729977116704761,4.440892990211808,4.539086187946799,2.25179936102514,0.22111137991666652,2.2111137996663826,375,session_close,2.4568709497993835,-0.4704682201948751,0.24769792971276416
BB,2026-09-21T13:40:05.000Z,2026-09-21T19:50:05.000Z,2.3153942428035146,8.18164302165338,8.428306809199713,1.2222483884728752,0.30148441682311994,3.0148441687509013,370,session_close,3.8911130381032555,-0.2645314834208823,0.3055620971182176
IMSR,2026-09-22T13:30:05.000Z,2026-09-22T13:35:05.000Z,9.55555555555554,4.9610257813633805,4.649051866078129,2.0157121584579336,-0.6288496141622062,-6.288496150477878,5,stop,0,-6.269384499709341,-0.24188545901495218
SCNX,2026-09-22T13:30:05.000Z,2026-09-22T13:35:05.000Z,8.697079094190997,0.33380409197016847,0.31532621646159653,29.957690428218147,-0.5535544742569521,-5.535544935807221,5,stop,0,-5.513441091013704,-0.3355261327960424
SCAG,2026-09-22T13:30:05.000Z,2026-09-22T13:40:05.000Z,9.962794543199681,0.268088165,0.24971348390243903,25,-0.47863542250354263,-7.141462921401885,10,stop,0,-14.020822217198582,-0.7910000000000004
MAZE,2026-09-22T13:30:05.000Z,2026-09-22T13:40:05.000Z,9.468512728896815,24.656823415233664,28.734242349393572,0.40556723869139977,1.6536675381152643,16.53667573269299,10,take_profit,16.560026877767385,0,1.2450914227825969
QNME,2026-09-22T13:30:05.000Z,2026-09-22T13:40:05.000Z,106.37898686679179,1.3302699552063724,1.2397513695577658,7.517271178550923,-0.6804527550194637,-6.804527554301107,10,stop,0.731433853372887,-6.78583732971465,-0.37586355892754675
SOFX,2026-09-22T13:35:05.000Z,2026-09-22T13:50:05.000Z,9.776889205068118,8.971803401555256,8.318328953697423,1.1146031126985818,-0.7283646536513284,-7.283646538047794,15,stop,0,-7.265021003940708,-0.5350094940953198
SOFA,2026-09-22T13:35:05.000Z,2026-09-22T13:50:05.000Z,8.957654723127039,13.43393563376333,12.41736513115545,0.7443834777834285,-0.7567182861433018,-7.56718306772996,15,stop,0,-7.547569538855159,-0.5508437735597358
OPENZ,2026-09-22T13:40:05.000Z,2026-09-22T13:50:05.000Z,67.31843575418995,0.12213057048894793,0.11027153862370957,81.87958046762014,-0.9710125538778557,-9.710125661217255,10,stop,0,-9.686821605421493,-0.6386607276474372
CWD,2026-09-22T13:45:05.000Z,2026-09-22T13:50:05.000Z,69.55684007707129,0.884477008058662,1.0197956051506463,11.30611639257183,1.5299278088015058,15.299278088527698,5,take_profit,15.32238720809682,0,0.4318936461962437
GRMLW,2026-09-22T13:45:05.000Z,2026-09-22T13:50:05.000Z,55.413659078289854,0.2837603759135601,0.26322069179716684,31.172223595145848,-0.6402676258498772,-7.238390508282292,5,stop,0,-7.210441502866082,-1.2468889438058337
LHSW,2026-09-22T13:40:05.000Z,2026-09-22T13:55:05.000Z,156.35103926096997,1.1202241117139344,1.019795809786691,8.926785180958593,-0.8965018773929516,-8.96501877410841,15,stop,0,-8.946791152405408,0.6195188915585259
OPEX,2026-09-22T13:40:05.000Z,2026-09-22T14:00:05.000Z,9.445585215605746,5.372194618161993,5.058301493535716,1.861436499996141,-0.5842921192771905,-5.842921690980562,20,stop,0,-5.8113050690037245,-0.5398165849988814
IMCC,2026-09-22T13:40:05.000Z,2026-09-22T14:00:05.000Z,49.756888168557545,4.630928805588265,4.249138719979583,2.1593940262517934,-0.8244352301455496,-8.244352302457472,20,stop,0,-8.225753873145026,-1.101290953388414
DCOY,2026-09-22T13:45:05.000Z,2026-09-22T14:00:05.000Z,169.140625,6.901380359059589,5.858827640400306,1.4489854898040369,-1.5106437616930513,-15.106437617087742,15,stop,0,-15.089450296599672,-0.7534724546980982
TOPS,2026-09-22T13:40:05.000Z,2026-09-22T14:15:05.000Z,39.2757660167131,1.0102021576289195,0.9575078522834669,9.899008752029422,-0.5216213897967461,-5.216213898130373,35,stop,9.878997150958323,-5.197193178853343,-0.3939805483307719
SKIL,2026-09-22T13:35:05.000Z,2026-09-22T17:25:05.000Z,8.585858585858585,6.501426490458479,6.12847935312602,1.538123975096465,-0.5736389333746479,-5.736389358240027,230,stop,0.43949600266119937,-5.712999923994921,-0.4152934732760478
SHPU,2026-09-22T13:30:05.000Z,2026-09-22T19:50:05.000Z,9.67529527964115,16.02335992487661,16.72602502372538,0.6240888319599719,0.43852544079956857,4.385254416945786,380,session_close,6.344737183023863,0,0.19970842622719154
VTGN,2026-09-22T13:35:05.000Z,2026-09-22T19:50:05.000Z,9.871244635193133,0.25876084499482566,0.26002325122483144,38.64572291622842,0.04878660137252413,0.4878660177628612,375,session_close,2.063355066444128,-4.119960651326071,0.2705200604135989
GMEU,2026-09-22T13:35:05.000Z,2026-09-22T19:50:05.000Z,9.240506329113906,8.672396946678278,8.828225717592405,1.1530837264633644,0.1796836198558673,1.7968362365356527,375,session_close,3.0856873245893146,-2.7950398046657887,0.3113326061451076
VFF,2026-09-22T13:35:05.000Z,2026-09-22T19:50:05.000Z,8.680555555555557,3.140645105710947,2.9893876862866073,3.184059214658198,-0.48161258010348795,-4.816125806424072,375,session_close,0,-4.796629375188354,-0.3820871057589841
OMER,2026-09-22T13:40:05.000Z,2026-09-22T19:50:05.000Z,9.464575446187151,20.274063564165154,21.085755463129267,0.4932410302160393,0.40035974846307265,4.003597485009352,370,session_close,4.419126106610594,-1.993007286804327,0.46857897870523857
VRDN,2026-09-22T13:45:05.000Z,2026-09-22T19:50:05.000Z,2.5718257645968468,22.164479240498423,22.115517936629086,0.4511723414381,-0.022089986106591106,-0.2208998611610784,365,session_close,0.250494310735383,-2.8174776123654155,0
IPDN,2026-09-23T13:30:05.000Z,2026-09-23T13:40:05.000Z,76.41025641025642,6.901386054105283,6.148768094436493,1.4489842938563553,-1.0905316028342933,-10.905316030264622,10,stop,0,-10.88746591213111,-0.1883679582013258
ZEO,2026-09-23T13:35:05.000Z,2026-09-23T13:40:05.000Z,8.207431604736627,0.5316065859089273,0.48390296026162544,18.81090314527184,-0.8973482817297008,-8.973482818264829,5,stop,0,-8.955228767064805,-0.554921642785521
LGHL,2026-09-23T13:30:05.000Z,2026-09-23T13:45:05.000Z,1.675257731958757,7.932433197649869,7.188320934751515,1.2606471965276802,-0.9380630381246782,-9.380630688687187,15,stop,0,-9.359463599010564,-0.7689947898818836
MSS,2026-09-23T13:30:05.000Z,2026-09-23T13:45:05.000Z,31.410256410256387,2.0604144096184096,2.409517628347063,4.85339257528264,1.6943349697849175,16.94334970183535,15,take_profit,16.966761091829774,0,1.6986874013489235
FLYE,2026-09-23T13:40:05.000Z,2026-09-23T13:55:05.000Z,8.888888888888879,1.4918393052681658,1.3791515795638394,6.703126266921897,-0.75536005412836,-7.553610184849646,15,stop,0,-7.496739419133491,-0.46921883868453307
WHLR,2026-09-23T13:45:05.000Z,2026-09-23T13:55:05.000Z,315.50802139037427,7.791558177652277,7.288541001251067,1.2834403301558295,-0.6455925309544219,-6.455925309573664,10,stop,0,-6.437199931213311,-0.21818485612648963
VTGN,2026-09-23T13:30:05.000Z,2026-09-23T14:00:05.000Z,54.65393794749404,0.38957928599593306,0.4778043598282292,25.66871584867175,2.264624350929296,22.646243525693297,30,take_profit,22.67079312964009,0,2.936501093088049
GRML,2026-09-23T13:40:05.000Z,2026-09-23T14:15:05.000Z,8.833922261484094,15.433086295767671,14.027192866216406,0.6479585358570852,-0.9109606481831336,-9.109606481866257,35,stop,5.228466223594008,-9.09141741890247,-1.2440803888456031
HQ,2026-09-23T13:40:05.000Z,2026-09-23T14:25:05.000Z,3.430749682338008,16.343392166970013,15.396698183417364,0.6118680798982351,-0.5792518299675706,-5.7925183088117835,45,stop,0,-5.772315547053974,-0.5873933567023073
HAO,2026-09-23T13:35:05.000Z,2026-09-23T15:20:05.000Z,8.771929824561386,3.150702510663282,2.9093192822212814,3.173895318529358,-0.7661250987235688,-7.66125102655868,105,stop,1.2472611807594847,-7.639645756736635,-1.2378191742264484
NXXT,2026-09-23T13:40:05.000Z,2026-09-23T17:15:05.000Z,8.882189239332106,0.9487552991399537,0.8955847011913461,10.540125386333045,-0.5604247692446264,-5.604247796750826,215,stop,2.270838527023411,-5.560474780776071,-0.5248982442393846
XNDU,2026-09-23T13:35:05.000Z,2026-09-23T18:40:05.000Z,-2.768166089965396,5.631127943819544,5.3389308025967805,1.7758431523979035,-0.518896292390687,-5.188962924265727,305,stop,0,-5.169975655393733,-0.4262023565754962
RUN,2026-09-23T13:30:05.000Z,2026-09-23T19:50:05.000Z,-1.7064846416382062,8.671958567417681,8.348325810970353,1.1531420340350165,-0.3731945350500307,-3.731945372332407,380,session_close,0.09272913978777275,-3.943268002945599,-0.4266625525929584
ONDS,2026-09-23T13:30:05.000Z,2026-09-23T19:50:05.000Z,0.38860103626943143,7.761561350206076,7.47849937231998,1.288400560965818,-0.36469721109653963,-3.646972111849379,380,session_close,2.0413244532263786,-3.885318128652937,-0.2319121009738474
JDST,2026-09-23T13:35:05.000Z,2026-09-23T19:50:05.000Z,8.29244357212955,22.1144481508385,22.455060193291622,0.45219306081765376,0.15402240202823067,1.5402240206487314,375,session_close,2.376508993472548,-0.3366493720788455,0.11757019581259165
IONL,2026-09-23T13:35:05.000Z,2026-09-23T19:50:05.000Z,8.08656036446469,14.302865542003794,14.315672260272356,0.699160596165583,0.008953952779572666,0.08953952780267899,375,session_close,6.062662446554201,-1.4882719926203825,0.09788248346318085
INFQ,2026-09-23T13:35:05.000Z,2026-09-23T19:50:05.000Z,-0.2844950213371278,14.04280948232703,13.817224053151966,0.7121082154090206,-0.16064123739213287,-1.6064123739552603,375,session_close,2.1875289133529208,-2.512385308445886,-0.14242164308180527
AIXC,2026-09-23T13:40:05.000Z,2026-09-23T19:50:05.000Z,9.929078014184412,1.5704522345146759,1.6388637297545778,6.367592421250928,0.4356165186160437,4.356165296618748,370,session_close,6.975555389570842,-3.849352001040496,0.4457314694875638
QUBT,2026-09-23T13:45:05.000Z,2026-09-23T19:50:05.000Z,2.643171806167399,9.331867649094571,9.218134836168755,1.0715968523853325,-0.12187572434423447,-1.2187572434854577,365,session_close,2.0160203506924157,-1.3059298918196127,-0.15002355933394718
GLNDW,2026-09-23T13:40:05.000Z,2026-09-23T19:55:05.000Z,7.8947368421052655,0.8270896628311978,0.9016801172599319,12.09057884444196,0.8630830393034331,8.63083662459891,375,session_close,12.055565635711773,-4.822894617574114,0.8261314612264918
ATYR,2026-09-24T13:30:05.000Z,2026-09-24T13:35:05.000Z,8.155650319829434,0.4068855045158766,0.36562640966588045,24.57693839570028,-1.0140222323907095,-10.140222345617182,5,stop,0,-10.122136094496703,-0.24576938395700232
CBRZ,2026-09-24T13:30:05.000Z,2026-09-24T13:35:05.000Z,7.568238213399514,8.711973214962853,8.178280966954041,1.1478455790817035,-0.6125962874670909,-6.125962911504287,5,stop,0,-6.106231066564661,-0.33287521793369557
PMAX,2026-09-24T13:30:05.000Z,2026-09-24T13:40:05.000Z,9.469074986316372,1.0110262443231746,1.2697420941657318,9.890931878096739,2.5589417876208347,25.589439090957516,10,take_profit,25.614938992033174,-4.987629609647981,2.6705516070861197
KYTX,2026-09-24T13:35:05.000Z,2026-09-24T13:40:05.000Z,9.54738330975955,7.761565548871075,7.368521319551354,1.2883998638564291,-0.5063981315450838,-5.06398131723425,5,stop,0,-5.044930000340308,-0.6699679292053435
BTLN,2026-09-24T13:35:05.000Z,2026-09-24T13:45:05.000Z,7.625368731563409,0.7463847829613753,0.7048675457037983,13.397915003566128,-0.5562444159599063,-5.562444225196044,10,stop,0,-5.5179022806399525,-0.19560955905206612
HUHU,2026-09-24T13:35:05.000Z,2026-09-24T14:00:05.000Z,9.32203389830506,6.511456096235207,6.028613551803647,1.5357547988149642,-0.741527754682796,-7.415277586079862,25,stop,0,-7.393985141258574,-1.0596708111823254
ZKIN,2026-09-24T13:35:05.000Z,2026-09-24T14:00:05.000Z,8.235294117647074,1.8706224262470916,1.5996582999228677,5.345814001582161,-1.4485238204305138,-14.485238844689876,25,stop,0,-14.466972193315552,-0.7484139602215034
GRML,2026-09-24T13:35:05.000Z,2026-09-24T14:05:05.000Z,9.606791778373559,12.282458020810175,14.247148771868543,0.814169279693663,1.5995908536099936,15.995908536626724,30,take_profit,16.01912236016778,0,1.489929781839404
APUS,2026-09-24T14:00:05.000Z,2026-09-24T14:05:05.000Z,196.94323144104803,6.81136270039702,6.028792576079729,1.4681350031780513,-1.1489185919516145,-11.489185919752547,5,stop,0,-11.47145930654193,-0.9836504521292948
PFSA,2026-09-24T14:00:05.000Z,2026-09-24T14:05:05.000Z,51.707317073170756,3.1206264095496805,2.8894207234078486,3.204484832868156,-0.7408951145143755,-7.408951146292318,5,stop,0,-7.390388315753594,-0.8972557532030834
FRVO,2026-09-24T14:05:05.000Z,2026-09-24T14:55:05.000Z,7.522935779816486,17.60353645597316,16.58667986887913,0.568067673398005,-0.577643355609941,-5.7764335571844345,50,stop,0,-5.757572965568802,-0.48853819912228325
GLND,2026-09-24T14:00:05.000Z,2026-09-24T19:35:05.000Z,52.920962199312704,4.4608921389704355,5.228953681692319,2.241704055692695,1.7217666753412348,17.21766675351964,335,take_profit,17.24112211345854,-4.727577632466784,1.681278041769522
LU,2026-09-24T13:30:05.000Z,2026-09-24T19:50:05.000Z,9.016393442622949,1.3503909717387725,1.3696158696293543,7.4052625867760735,0.1423654170837156,1.42365420777567,380,session_close,2.9331526269186003,-4.4721101519964,0.3702631293388041
TSSI,2026-09-24T13:30:05.000Z,2026-09-24T19:50:05.000Z,8.081896551724155,10.062992100621535,10.267919975643155,0.9937401928072648,0.20364506603556698,2.0364507193537595,380,session_close,3.6471051125618548,-3.8059465494152622,0.44718308676326757
PATH,2026-09-24T13:30:05.000Z,2026-09-24T19:50:05.000Z,0.07668711656443339,13.08265302952628,12.637471036690362,0.7643709553169349,-0.34028418515388764,-3.402841853492449,380,session_close,0,-4.2243192438031985,-0.2981046725736043
ORCZ,2026-09-24T13:35:05.000Z,2026-09-24T19:50:05.000Z,9.313725490196067,17.894335392206358,17.386080265495746,0.5588360605882199,-0.2840312927847249,-2.84031295698177,375,session_close,4.614111615194427,-3.7684293796128143,-0.25147622726469976
KHC,2026-09-24T14:00:05.000Z,2026-09-24T19:50:05.000Z,0.10508617065994041,23.83479867315912,23.81523198617134,0.41955462407579636,-0.008209294003566708,-0.0820929400583283,350,session_close,0.525287956310172,-0.6494649914263517,0.012586638722273946
DKNG,2026-09-24T14:00:05.000Z,2026-09-24T19:50:05.000Z,-2.1882352941176464,20.804171911450005,21.38571592225974,0.4806728208849262,0.27953240014465,2.7953240017675087,350,session_close,3.1523873737509644,-0.5968606295820189,0.2547565950690096
IOVA,2026-09-24T14:00:05.000Z,2026-09-24T19:50:05.000Z,2.3552502453385804,10.442103449016635,10.637869731064313,0.9576614564147846,0.18747782278268724,1.874778228385722,350,session_close,2.852840449607097,-2.701595999254358,0.19153229128295557
HYPD,2026-09-24T14:05:05.000Z,2026-09-24T19:50:05.000Z,-2.5510204081632626,3.840853803098172,4.1291310848601155,2.603587760164593,0.7505552023289157,7.505552060570714,345,session_close,7.528175028911344,-0.803305844999469,0.7810763280493767
ARCT,2026-09-24T14:05:05.000Z,2026-09-24T19:50:05.000Z,6.315789473684208,14.172895082339332,14.096878162401348,0.7055721455001425,-0.053635421294956305,-0.5363542134218454,345,session_close,1.1084885392006694,-2.207700547570046,-0.17639303637503545
CD,2026-09-24T14:05:05.000Z,2026-09-24T19:50:05.000Z,8.644859813084116,4.6809554785668395,5.038842041329523,2.136315980207951,0.7645587831316161,7.645587837811625,345,session_close,7.670325493954255,-4.933938799980863,0.5554421548540667
DNA,2026-09-24T14:05:05.000Z,2026-09-24T19:50:05.000Z,7.983682983682994,9.291976965639787,10.367915943622595,1.0761972408812883,1.1579225594617315,11.579225626166046,345,session_close,11.601654183459198,-3.465107229929698,1.022387378837223
BALY,2026-09-24T14:05:05.000Z,2026-09-24T19:50:05.000Z,2.1294021294021137,12.512598841563387,13.456799627704887,0.7991944847384118,0.75460006076996,7.546000619832287,345,session_close,7.571577818747044,-2.1785949107381963,0.5594361393168867
KITT,2026-09-25T13:30:05.000Z,2026-09-25T13:35:05.000Z,9.867751780264511,3.2506620830068993,2.3695253641399314,3.076296378114295,-2.710637696873967,-27.10637698926572,5,stop,0,-27.09177578348214,-1.3228074425891467
USDE,2026-09-25T13:30:05.000Z,2026-09-25T13:35:05.000Z,9.353023909985936,15.583362009904784,14.587075441204371,0.6417100468805974,-0.6393271007072513,-6.393271028852265,5,stop,0,-6.3745038411698545,-0.34652342531552094
INLF,2026-09-25T13:30:05.000Z,2026-09-25T13:35:05.000Z,112.20338983050846,6.271255551231603,5.568885720693735,1.5945770217481874,-1.1199827925448524,-11.199827926003278,5,stop,0,-11.182059884226591,-1.1799869960936586
APUS,2026-09-25T13:35:05.000Z,2026-09-25T13:40:05.000Z,77.84552845528457,8.771754163552552,7.898419649684919,1.1400228293576247,-0.9956212834750454,-9.956212834787586,5,stop,0,-9.938196480411765,-0.9576191766604047
GLNDW,2026-09-25T13:40:05.000Z,2026-09-25T13:45:05.000Z,9.532267613972767,1.7003681153966488,1.3697039306485346,5.881079440178924,-1.9446623385256598,-19.446623454885202,5,stop,0,-19.429211381065148,-1.1174050936339945
PL,2026-09-25T13:30:05.000Z,2026-09-25T13:45:05.000Z,1.759364358683313,17.96364221078972,17.666461846548867,0.5566799804287547,-0.1654343593494075,-1.654343594431828,15,rotation_for_stronger_continuation,0,-1.9686553909279425,0.02226719921715059
JAGX,2026-09-25T13:40:05.000Z,2026-09-25T13:50:05.000Z,43.909348441926355,10.182036598615234,9.308133980926113,0.9821217889987148,-0.8582788022954989,-8.582788023055938,10,stop,0,-8.5644614431442,-0.4223123692694468
FRVO,2026-09-25T13:35:05.000Z,2026-09-25T14:00:05.000Z,3.470975463794135,17.31347308425055,16.426707888640316,0.5775848641144177,-0.5121821550079322,-5.12182155073723,25,stop,0,-5.102806813811456,-0.508274680420687
GIPR,2026-09-25T13:30:05.000Z,2026-09-25T14:10:05.000Z,1.138484509145199,0.5466899171414624,0.6793639325679897,18.291904009775948,2.4268603547735697,24.268604791589066,40,take_profit,24.293494116916637,0,2.3011215244298118
STLU,2026-09-25T13:40:05.000Z,2026-09-25T14:10:05.000Z,9.610983981693355,24.044887881489117,22.375501187275145,0.41588881772011466,-0.6942792585743397,-6.942792590433099,30,stop,0,-6.924082531367626,-0.5780854566309603
ONCO,2026-09-25T13:45:05.000Z,2026-09-25T14:15:05.000Z,40.520364474695356,1.2902582797977709,1.209756942976749,7.622168455698189,-0.6135947501587282,-6.239164520892616,30,stop,3.0801368086130987,-6.2203266628407246,-0.4573301073418907
BENF,2026-09-25T13:40:05.000Z,2026-09-25T14:25:05.000Z,9.655172413793123,1.600327727109249,1.9896014733612115,6.248720071965103,2.432462671693688,24.324626740994283,45,take_profit,24.34952955508902,0,2.936898433823597
ACTU,2026-09-25T13:40:05.000Z,2026-09-25T14:40:05.000Z,9.564516129032263,0.6943839848019653,0.6449367340583182,14.401238659780713,-0.712101659029281,-7.121024076865654,60,stop,4.308281275606696,-7.097511734234596,-0.59621128051492
MGN,2026-09-25T13:35:05.000Z,2026-09-25T15:45:05.000Z,8.92388451443571,4.20153419082605,3.969015343647221,2.3800828321716327,-0.5534141163266696,-5.534141497325621,130,stop,4.009626044262382,-5.510705859102583,-0.9520331328686531
BB,2026-09-25T13:45:05.000Z,2026-09-25T15:55:05.000Z,-1.2600229095074411,8.631727518741782,8.17836174227478,1.1585166443142614,-0.5252317979994813,-5.252317980179802,130,stop,0.21168973671312763,-5.23333849175569,-0.5329176563845603
YMAT,2026-09-25T13:35:05.000Z,2026-09-25T16:10:05.000Z,9.090909090909104,1.5807151802894401,1.489562725295818,6.326249650368595,-0.5766531865336417,-5.766532524659603,155,stop,5.01575620321697,-5.73886943205224,-0.31631248251843047
QBTS,2026-09-25T13:30:05.000Z,2026-09-25T19:50:05.000Z,-0.17162471395879564,17.483606157970396,17.41650571040614,0.5719643817555788,-0.03837906600661323,-0.38379066056499994,380,session_close,2.6104102203282853,-1.221751142415306,0
TSUI,2026-09-25T13:35:05.000Z,2026-09-25T19:50:05.000Z,9.249394673123511,22.61692511003839,22.84372340321335,0.4421467385984539,0.10027812564700392,1.0027812891076668,375,session_close,1.0305330579980732,-3.2582904459957374,-0.02652880431590887
MGLD,2026-09-25T13:35:05.000Z,2026-09-25T19:50:05.000Z,93.01930193019301,1.940395238606353,1.919188759442552,5.153589224215012,-0.10928948250210459,-1.0928948258516658,375,session_close,0,-1.0510868198687962,-0.05153589224214983
AMC,2026-09-25T13:40:05.000Z,2026-09-25T19:50:05.000Z,0.687285223367673,2.940591294447475,2.909414588114597,3.400676597468379,-0.10602189561236186,-1.0602189563625097,370,session_close,0,-3.7608522699600244,-0.06801353194936688
WT,2026-09-25T13:45:05.000Z,2026-09-25T19:50:05.000Z,3.4597749062109218,24.854983463499842,24.395087433171533,0.40233380213666,-0.18503171846954536,-1.8503171848964532,365,session_close,0,-3.52035423714836,-0.14081683074783058
BGS,2026-09-25T13:45:05.000Z,2026-09-25T19:50:05.000Z,-0.33112582781458233,3.021181833078307,3.08935772070919,1.4388426320771002,0.09809437360301183,2.2565966366022296,365,session_close,2.277855843306642,-1.0321071289686512,0.1151074105661678
PMAX,2026-09-28T13:30:05.000Z,2026-09-28T13:35:05.000Z,9.259259259259256,1.7803784752139193,1.6896549943587496,5.61678323591083,-0.5095741263707948,-5.0957412773859225,5,stop,0,-5.076363058313205,-1.4603636413368157
SOAR,2026-09-28T13:30:05.000Z,2026-09-28T13:35:05.000Z,118.10584958217274,0.39217854728713525,0.349430052871295,25.498590038960682,-1.0900263338923097,-10.900263339631813,5,stop,0,-10.882427808038154,-0.49212278775194207
CLRO,2026-09-28T13:30:05.000Z,2026-09-28T13:35:05.000Z,68.1159420289855,5.811166025281211,5.428912608128324,1.7208250384011226,-0.6577912512510768,-6.577912513425205,5,stop,0,-6.559200401829268,-0.8432042688165513
GYGY,2026-09-28T13:30:05.000Z,2026-09-28T13:35:05.000Z,63.60194699837749,1.2202451742283509,1.14976945727734,8.19507440739512,-0.5775537443280514,-5.775537444397411,5,stop,0,-5.756644296730951,-0.32780297629580524
LOBO,2026-09-28T13:30:05.000Z,2026-09-28T13:40:05.000Z,8.340775138417577,0.6124390136295488,0.5707159591069789,16.32815629979075,-0.6812605555492119,-6.81260559729907,10,stop,0,-6.749898799646658,-0.6629231457715061
CRMT,2026-09-28T13:35:05.000Z,2026-09-28T13:40:05.000Z,8.962264150943366,1.1705610682429264,1.0886121793154688,8.542910687035459,-0.7000820390090589,-7.0008213283965715,5,stop,0,-6.88226103093047,-0.6834328549628346
NAMI,2026-09-28T13:35:05.000Z,2026-09-28T13:50:05.000Z,54.71698113207546,2.470494208396203,2.219555605083506,4.047773099748745,-1.0157425281776553,-10.15742528194799,15,stop,6.456432525188749,-10.139437184061183,-0.7285991579547737
ARAY,2026-09-28T13:35:05.000Z,2026-09-28T13:50:05.000Z,47.884704788470465,0.3190639209541981,0.29314005298213447,31.34168215990766,-0.8124976303358286,-8.124976303975476,15,stop,0,-8.106187900170292,-0.6832486710859857
CSAI,2026-09-28T13:35:05.000Z,2026-09-28T13:55:05.000Z,9.206798866855536,3.8811870584367925,4.469094925018645,2.576531232681091,1.5147629801870506,15.147630292744543,20,take_profit,15.170949833074033,0,1.3913268656477875
AMPX,2026-09-28T13:40:05.000Z,2026-09-28T14:00:05.000Z,9.282051282051285,10.67213738323381,10.057980267852729,0.9370194217210142,-0.5754771451002269,-5.754771451367719,20,stop,0,-5.735846168879844,-0.45913951664329744
SDEV,2026-09-28T13:40:05.000Z,2026-09-28T14:15:05.000Z,9.731543624161066,1.650331359346317,1.5196909877709743,6.059389189760515,-0.7916008552699277,-7.916008554008705,35,stop,0,-7.8972843004049835,-0.9695022703616818
SOAR,2026-09-28T14:30:05.000Z,2026-09-28T14:35:05.000Z,146.9637883008357,0.4440888426040994,0.4158166974291284,22.51801675801824,-0.6366326388351218,-6.3663263884734285,5,stop,0,-6.347568301604345,-0.3084968295848505
NAMI,2026-09-28T14:30:05.000Z,2026-09-28T14:40:05.000Z,35.849056603773576,2.1704352611310314,2.039584791044341,4.607370778533815,-0.6028766322348292,-6.028766323050931,10,stop,0,-6.009636106955818,-1.2900638179894681
MIMI,2026-09-28T13:40:05.000Z,2026-09-28T14:50:05.000Z,29.668049792531125,1.0102073784790617,0.9470059736702103,9.898957582475644,-0.6256280253556921,-6.256280260396192,70,stop,1.959263210959472,-6.237073676290484,-0.5939374549485397
DLXY,2026-09-28T14:30:05.000Z,2026-09-28T14:50:05.000Z,15.999999999999993,2.920680801597152,2.6294088048814293,3.423859230784318,-0.9972743146241074,-9.972743223307491,20,stop,0,-9.952501534511937,-0.9586805846196071
ARAY,2026-09-28T14:30:05.000Z,2026-09-28T15:25:05.000Z,37.377963737796364,0.29606118003975157,0.34743041907688044,33.77680243263898,1.7350886380721076,17.350886404705815,55,take_profit,17.3743886156712,-0.831307920687574,1.0605915963848638
LINK,2026-09-28T13:30:05.000Z,2026-09-28T16:15:05.000Z,9.369369369369384,6.101297792350582,5.718755279602649,1.6389955568814798,-0.6269854787121389,-6.269854804129382,165,stop,4.895715924961275,-6.249453892065871,-0.6392082671837755
CLRO,2026-09-28T14:30:05.000Z,2026-09-28T17:25:05.000Z,42.46376811594202,4.930991123390936,4.389119982305438,2.0279898599846553,-1.0989091795397052,-10.989091797692495,175,stop,5.049874769148355,-10.971245128076978,-1.4804325977887984
NASA,2026-09-28T13:35:05.000Z,2026-09-28T19:50:05.000Z,-0.4686226568867191,24.455181994188045,24.174996868915635,0.4089112882934339,-0.11457086053579858,-1.1457086082573364,375,session_close,0,-1.4932704008288833,-0.032712903063472965
JDST,2026-09-28T13:40:05.000Z,2026-09-28T19:50:05.000Z,9.960159362549792,24.89500190948631,25.034353786557485,0.40168705487262557,0.055975845091692185,0.5597584510249584,370,session_close,0.7431133814984392,-2.1892021196376565,0.08033741097452385
LFCR,2026-09-28T14:30:05.000Z,2026-09-28T19:50:05.000Z,56.785714285714285,6.591329250881493,6.538662936947576,1.5171446632285372,-0.07990241711676155,-0.7990241714427186,320,session_close,0.2832622739337376,-1.8407402553175078,-0.060685786529141694
ONCY,2026-09-28T13:35:05.000Z,2026-09-28T19:55:05.000Z,-0.4683155275867268,0.6838356565934435,0.6678185915104288,14.623395847758854,-0.2450914481325283,-2.450914603582293,380,session_close,4.279440992056194,-2.359581053995341,-0.28246791695517537
TGHL,2026-09-28T13:40:05.000Z,2026-09-28T19:55:05.000Z,9.289617486338809,0.80616725,0.77846472,5,-0.13652872999999988,-3.3871068317399367,375,session_close,0,-3.43194913958611,-0.13000000000000034
NYXH,2026-09-28T13:40:05.000Z,2026-09-28T19:55:05.000Z,8.965517241379327,1.5904098880753959,1.5696561818752268,6.287687171733028,-0.04030122161685196,-0.4030122221714258,375,session_close,2.4893024258364704,-2.5408473864745096,0.11287687171732941
