symbol,opened_at,closed_at,entry_day_change_pct,entry_price,exit_price,quantity,realized_pnl,return_pct,minutes_held,exit_reason,mfe_pct,mae_pct,nbbo_pnl
TOPS,2026-08-03T13:30:05.000Z,2026-08-03T13:35:05.000Z,9.206349206349195,0.6952595931016664,0.6440849913958058,14.383116797349443,-0.7360502733932315,-7.360502783940369,5,stop,0,-7.300811611274516,-0.3466331148161199
NRXS,2026-08-03T13:30:05.000Z,2026-08-03T13:45:05.000Z,9.599999999999987,6.892373672867567,6.31818228293358,1.4508788955559326,-0.8330821696651493,-8.330822111319094,15,stop,0,-8.304449236708766,-0.5803515582223753
LITZ,2026-08-03T13:30:05.000Z,2026-08-03T13:50:05.000Z,9.009009009009006,18.234889447568122,17.47648036349984,0.548399256592587,-0.4159109778961114,-4.159109855033575,20,stop,1.6183841052638481,-4.139808194278894,-0.5264632863288821
EZRA,2026-08-03T13:45:05.000Z,2026-08-03T13:50:05.000Z,129.39560439560444,4.190838151011406,3.6792635442208312,2.3861575273467777,-1.2206975987927988,-12.206975988015978,5,stop,0,-12.189402993005627,-1.1692171883999212
YYAI,2026-08-03T13:45:05.000Z,2026-08-03T13:50:05.000Z,50,0.18043633572233161,0.14917006065788227,55.42120968657963,-1.732814786465123,-17.32814786959769,5,stop,0,-17.311555124019108,-1.6570941696287314
EDBL,2026-08-03T13:50:05.000Z,2026-08-03T13:55:05.000Z,30.04291845493563,3.040608569360806,2.749447776931715,3.288815305064846,-0.9575740703756028,-9.575740704114983,5,stop,0,-9.557579107326442,-1.5128550403298284
SDST,2026-08-03T13:30:05.000Z,2026-08-03T14:00:05.000Z,9.425925925925904,0.5997364041658854,0.5663707399166339,16.673990713848795,-0.5563387758534157,-5.563388184790368,30,stop,5.579717289407471,-5.541835368841852,-0.09504174706893842
MUZ,2026-08-03T13:30:05.000Z,2026-08-03T14:00:05.000Z,9.010989010989,14.913008942929645,14.447107988639761,0.6705554884747162,-0.3124124419846896,-3.124124420985952,30,stop,1.9914898341904408,-3.1047318800754953,-0.38221662843058724
ZBAO,2026-08-03T13:55:05.000Z,2026-08-03T14:00:05.000Z,67.76611694152923,0.33686741634919143,0.3234352261443245,29.685269379984586,-0.3987381845946646,-3.987381846080155,5,stop,0,-3.968153552534437,0.062339065697967655
KIDZ,2026-08-03T13:55:05.000Z,2026-08-03T14:00:05.000Z,0.4571414324714862,0.5661153270089071,0.5387857131496551,17.664245278748723,-0.4827570025833184,-4.82757002952899,5,stop,0,-4.8073821199472455,0.13601468864636423
HYFM,2026-08-03T13:55:05.000Z,2026-08-03T14:20:05.000Z,372.2222222222222,2.5606649590425814,2.2895418398764287,3.9052355559122227,-0.8688377709651905,-8.68837784446807,25,stop,0,-10.570104381940759,-0.7963088889780554
FCUV,2026-08-03T13:50:05.000Z,2026-08-03T14:35:05.000Z,30.60344827586208,15.213074176812723,14.69702439143099,0.6573293391921253,-0.3392146644152131,-3.3921466456022418,45,stop,0.24272426965195049,-3.3725870974502636,0.03286646695960549
RUBI,2026-08-03T13:30:05.000Z,2026-08-03T14:45:05.000Z,9.4170403587444,2.461267997404479,2.2695167766575564,4.062945760037498,-0.7790748093157231,-7.790749359644421,75,stop,8.074374785886507,-7.771116254149479,-1.0563658976097479
AZTR,2026-08-03T13:55:05.000Z,2026-08-03T15:55:05.000Z,5.727204220045201,0.14143037111098306,0.13642717456459136,70.70617074457714,-0.35375686927785,-3.537568704013083,120,stop,1.6754738536021163,-3.48607662714403,-0.39595455616963093
AMZG,2026-08-03T13:50:05.000Z,2026-08-03T18:25:05.000Z,9.760178471834923,19.723955410630694,19.06611088777105,0.5069976985168949,-0.33352565907178455,-3.3352565911048626,275,stop,0.5376436275664531,-3.315538881609059,-0.24842887227327815
OWL,2026-08-03T13:45:05.000Z,2026-08-03T19:50:05.000Z,3.592233009708723,10.682137359295515,11.21775531789859,0.9361422403956839,0.5014145957628449,5.01414595775614,365,session_close,5.784073167406212,0,0.47743254260179846
INFQ,2026-08-03T13:45:05.000Z,2026-08-03T19:50:05.000Z,2.1363173957273496,10.052017891075415,10.95777120436212,0.9948251293207693,0.9010661570231605,9.010661571651877,365,session_close,9.03283419074221,0,0.9251873702683167
QUBT,2026-08-03T13:45:05.000Z,2026-08-03T19:50:05.000Z,1.4814814814814836,8.231655649078018,8.688237693481764,1.2148224396099363,0.5546661130646505,5.546661131954479,365,session_close,6.053999002956334,-0.14159544051532968,0.5709665466166705
UPC,2026-08-03T13:45:05.000Z,2026-08-03T19:50:05.000Z,90.66455696202532,6.04121437366754,6.178755739284369,1.6552963327152943,0.28518210214912953,2.851821022096223,365,session_close,31.927117745393296,-2.8341052490014174,0.7473662942209547
MGN,2026-08-03T13:50:05.000Z,2026-08-03T19:50:05.000Z,48.91304347826089,0.11012307324475339,0.14206964171180445,90.80749097630907,3.65523766330133,36.55237670627754,360,session_close,168.5177513551531,-0.6566046727976116,3.073833569548059
PRZO,2026-08-03T13:50:05.000Z,2026-08-03T19:50:05.000Z,5.940807949881188,0.49291298920514093,0.5178598027803016,20.287556124268253,0.50610988052773,5.061098839247331,360,session_close,12.068460782659907,0,0.4584987684084627
MOVE,2026-08-04T13:30:05.000Z,2026-08-04T13:35:05.000Z,72.3977695167286,18.583733375723064,16.456705313196657,0.5381050080703808,-1.1445644527516983,-11.44564452966732,5,stop,0,-11.427915654974964,-0.7156796607336062
IQMX,2026-08-04T13:30:05.000Z,2026-08-04T13:40:05.000Z,1.6000000000000014,10.202289196314522,9.867861359099345,0.980172170456862,-0.32779685906439415,-3.2779686086137003,10,stop,0,-3.2570062455645643,-0.40187058988731295
TNMG,2026-08-04T13:30:05.000Z,2026-08-04T13:40:05.000Z,117.95323698742806,0.7809565668810542,0.7171563065401422,12.804809413272217,-0.8169501741825284,-8.16950174267877,10,stop,9.570754160817474,-8.151102069002715,-0.8579222306892369
XGN,2026-08-04T13:35:05.000Z,2026-08-04T13:40:05.000Z,39.74358974358976,6.581318918918373,6.048783666680726,1.5194522742797703,-0.8091619001466438,-8.091619002185782,5,stop,0,-8.073137397901608,-0.7445316143970864
QNME,2026-08-04T13:35:05.000Z,2026-08-04T13:45:05.000Z,224.8407643312102,1.0302064293712845,0.9095178732761259,9.706792458349836,-1.1714987661136167,-11.714987662114721,10,stop,0,-11.697308999015599,-1.1298706421519213
F,2026-08-04T13:30:05.000Z,2026-08-04T13:50:05.000Z,0.485100485100487,14.522914204949755,14.027193328121223,0.6885670367164646,-0.34133705519630975,-3.4133705524444844,20,stop,0,-3.3940447350557124,-0.16525608881195275
ADGM,2026-08-04T13:45:05.000Z,2026-08-04T13:55:05.000Z,95.65217391304346,0.9027806379396525,0.7770443784358763,11.076887983066172,-1.3927664619330684,-13.927664619694824,10,stop,10.768879833557786,-13.910426593358894,-1.364672599513753
AMIX,2026-08-04T13:55:05.000Z,2026-08-04T14:00:05.000Z,65.06849315068494,6.041208466426422,5.698857943558947,1.655297951630009,-0.5666921192419944,-5.666921192507484,5,stop,0,-5.648016755631979,0.016552979516301747
MOVE,2026-08-04T13:55:05.000Z,2026-08-04T14:20:05.000Z,48.884758364312276,16.063219382299458,15.266927478082307,0.6225402119638627,-0.49572373083645305,-4.957237308821226,25,stop,1.8475786866708255,-4.93810962436042,-0.1556350529909647
ENSC,2026-08-04T13:45:05.000Z,2026-08-04T14:25:05.000Z,50.5890753302392,0.4228848038157065,0.40291870613974656,23.647101784252275,-0.4721403439777469,-4.721403440323469,40,stop,6.790311670032878,-4.702179798442763,-0.5888128344278822
STVN,2026-08-04T13:55:05.000Z,2026-08-04T14:25:05.000Z,-1.651287032540072,20.314135255893447,19.616023725160343,0.4922680619524003,-0.3436580102606089,-3.436580105129365,30,stop,0.37345790579268456,-3.4170061740239066,-0.4331958945181107
BLZE,2026-08-04T13:45:05.000Z,2026-08-04T14:55:05.000Z,47.69082745349582,23.05461139222313,22.06558277483925,0.43375270264813165,-0.428993835786603,-4.289938357917857,70,stop,1.5848829614197202,-4.27077852440082,-0.6072537837073853
IRT,2026-08-04T13:55:05.000Z,2026-08-04T16:50:05.000Z,1.6408114558472464,17.063431278806597,16.536623116800524,0.5860485991553135,-0.30873518536724476,-3.087351854374028,175,stop,0,-3.0675616776838943,-0.3106057575523167
SNAP,2026-08-04T13:30:05.000Z,2026-08-04T19:50:05.000Z,5.753968253968256,5.341082810056099,5.748849306902432,1.872279526456609,0.7634528636203236,7.634528640495851,380,session_close,8.592212595540726,0,0.617852243730681
MBGL,2026-08-04T13:30:05.000Z,2026-08-04T19:50:05.000Z,-2.0657276995305174,20.975077178385273,21.085763987119176,0.4767562861868741,0.052770631861852144,0.5277063239984863,380,session_close,1.3107118475732316,-0.8823670912448178,-0.04290806575681927
ELPW,2026-08-04T13:35:05.000Z,2026-08-04T19:50:05.000Z,26.133340960443906,0.13322673660117035,0.15516665846393002,75.06000862635196,1.6828366381337967,16.828366383787223,375,session_close,36.23391567665675,-1.7464486938051471,1.2966616490202316
VTGN,2026-08-04T13:35:05.000Z,2026-08-04T19:50:05.000Z,8.040816326530642,0.26555801003609736,0.2984360222790313,37.65655556103006,1.2380726947622693,12.380726997639742,375,session_close,17.488453825056816,-1.5657633658017422,1.1748845335041391
ALP,2026-08-04T13:35:05.000Z,2026-08-04T19:50:05.000Z,-0.46511627906977715,0.19412844281091174,0.1931415454623341,51.51227093009719,-0.05083732360012521,-0.5083733914967318,375,session_close,3.3851593789835377,-0.8903604159619771,0.056663498023105774
KIM,2026-08-04T13:45:05.000Z,2026-08-04T19:50:05.000Z,-1.6332152695789026,25.015017049061328,25.064972715296957,0.3997598714076599,0.01997027071043906,0.19970270712849117,365,session_close,1.2591754397804467,-0.020056148878433433,-0.011992796142230588
PFE,2026-08-04T13:45:05.000Z,2026-08-04T19:50:05.000Z,-0.3795445465441416,24.944989511477402,25.30493486745101,0.40088210882099967,0.14429565336302524,1.442956533647744,365,session_close,2.70599628118513,-0.5010605894217535,0.13629991699913901
SRAD,2026-08-04T13:45:05.000Z,2026-08-04T19:50:05.000Z,1.296596434359798,12.522521332339226,12.907411600604943,0.7985612267545352,0.3073584447921536,3.0735844487782513,365,session_close,3.333822770839623,-2.495674186093366,0.27949642936408914
BCAL,2026-08-04T13:55:05.000Z,2026-08-04T19:50:05.000Z,-0.39627039627040395,21.49679720941714,21.575454386450847,0.4651855592632913,0.03659018288849732,0.36590184234166223,355,session_close,1.0383071878497407,-0.1711753107156766,-0.018607422370530813
MFA,2026-08-04T13:55:05.000Z,2026-08-04T19:50:05.000Z,-0.3275109170305823,9.15267434778716,9.068172066265952,1.0925768087402363,-0.09232523307571118,-0.923252355653173,355,session_close,0,-1.0125384588774877,-0.06555460852441541
BJDX,2026-08-05T13:30:05.000Z,2026-08-05T13:35:05.000Z,49,1.5003014008439064,1.3797232803103598,6.6653273752187046,-0.8036926476446684,-8.036926477954525,5,stop,0,-8.018482204724863,-0.1999598212565612
CISS,2026-08-05T13:30:05.000Z,2026-08-05T13:40:05.000Z,46.197502837684446,0.12912794437867167,0.12447503156792705,77.4425707193437,-0.3603335293970305,-3.6033353068022285,10,stop,2.2241937135667023,-3.5839991110677705,-0.8054027354811755
INLF,2026-08-05T13:30:05.000Z,2026-08-05T14:00:05.000Z,145.2830188679245,7.831566301688709,6.328733873230514,1.2768837822092696,-1.1591540092826724,-11.591540092916048,30,stop,4.321405007301227,-19.173256585530385,-0.2194917008290318
DBGI,2026-08-05T13:45:05.000Z,2026-08-05T14:00:05.000Z,10.77207582061952,24.0848491850326,21.20571531695365,0.4151987799632882,-1.1954128693773622,-11.954128697090498,15,stop,3.301456483528842,-11.936338745351815,-2.063537936417543
BJDX,2026-08-05T14:10:05.000Z,2026-08-05T14:15:05.000Z,49,1.5003010725251076,1.419714110221439,6.665328834121586,-0.5371386034969114,-5.371386035739833,5,stop,0,-5.352330541892869,-0.333266441706078
CISS,2026-08-05T14:10:05.000Z,2026-08-05T14:15:05.000Z,41.316685584563004,0.12482542845980596,0.11997548028569034,80.11188197582098,-0.3885384757135988,-3.8853847601070406,5,stop,0,-3.8657415555034658,-0.2643692105202078
VNRX,2026-08-05T14:10:05.000Z,2026-08-05T14:15:05.000Z,13.929208046855113,0.89848123672021,0.8471222418423235,11.129892965782078,-0.5716201158210259,-5.71620116023411,5,stop,0,-5.696416867539766,-0.5119750764259763
GTE,2026-08-05T13:30:05.000Z,2026-08-05T14:50:05.000Z,50.51244509516839,10.302072669794331,9.908006302661239,0.970678456466843,-0.3825117329942464,-3.8251173308891,80,stop,8.813054996862068,-3.8057649403298033,-0.4368053054100809
APPS,2026-08-05T13:40:05.000Z,2026-08-05T15:00:05.000Z,43.007360672975814,13.612723129472428,13.05738541697742,0.734606875106667,-0.4079549016048429,-4.079549016116154,80,stop,3.0653445791763767,-4.060342109476589,-0.6464540500938671
CRCD,2026-08-05T13:40:05.000Z,2026-08-05T15:05:05.000Z,7.36842105263158,6.151236567255468,5.948628452480361,1.6256893859497734,-0.3293778616971854,-3.2937786176789183,85,stop,0.9553108891526607,-3.271481515224095,-0.29262408947095864
OESX,2026-08-05T13:40:05.000Z,2026-08-05T15:50:05.000Z,42.93269230769228,14.953117785211424,14.466929671434897,0.668756852304602,-0.32514163259710144,-3.2514163317657037,130,stop,13.28741098230093,-3.2308832990617153,-0.41462924842885407
BLMN,2026-08-05T14:15:05.000Z,2026-08-05T18:35:05.000Z,36.939461883408065,12.232451697253229,11.837603695017911,0.8174976077209289,-0.32278729724075994,-3.227872972708976,260,stop,2.514200017775914,-3.2082832368048764,-0.36787392347441994
CTXR,2026-08-05T13:30:05.000Z,2026-08-05T19:50:05.000Z,2.9397590361445847,0.6441988565028937,0.7708344083662163,15.523142083447787,1.981965697711332,19.81967604465444,380,session_close,26.15669708136923,-0.09296143525381328,1.6494114620767437
GME,2026-08-05T13:40:05.000Z,2026-08-05T19:50:05.000Z,-0.676730869338904,19.093829834746927,19.016181030456323,0.5237293976800049,-0.04066696150169053,-0.406669615067474,370,session_close,1.1845196443590833,-0.7532791272979011,-0.010474587953599013
JLHL,2026-08-05T13:40:05.000Z,2026-08-05T19:50:05.000Z,37.45387453874538,7.47151060683372,9.328049673422973,1.338417426103743,2.599241683223918,25.99241684392225,370,session_close,99.1565130937538,0,2.6795116870596942
SHPU,2026-08-05T13:40:05.000Z,2026-08-05T19:50:05.000Z,32.920000000000016,16.673381965705392,16.85653713078974,0.5997583462510556,0.1098488389183272,1.0984883898243891,370,session_close,4.477903977910946,-1.2797761494595772,0.25189850542544256
VTIX,2026-08-05T13:45:05.000Z,2026-08-05T19:50:05.000Z,-2.9585798816567976,1.660391227746905,1.7195842418655274,6.022676914221942,0.35650039961544017,3.5650040261261347,365,session_close,18.64673620766013,0,0.18068030742665897
CTOR,2026-08-05T13:30:05.000Z,2026-08-05T19:55:05.000Z,-0.3030303030303161,0.6633604799999999,0.7606255763653366,10.15,1.0105794465925406,15.009105983642865,385,session_close,25.73857278926235,0,1.160630125
OMH,2026-08-05T13:45:05.000Z,2026-08-06T13:35:05.000Z,0.27272727272726893,0.1108377378139082,0.11067769040779979,90.22197419827036,0.1221658780181415,1.2216588386694216,1430,session_close,5.83038080129501,-1.6580434156764134,0.05292219741982862
TRAD.RT,2026-08-05T14:10:05.000Z,2026-08-10T13:35:05.000Z,31.118881118881127,0.30223761,0.2976542325,10,-0.045833774999999854,-1.5164815192920515,7165,time,0,-1.5013386322105915,-0.2999999999999998
AUUD,2026-08-10T13:45:05.000Z,2026-08-10T13:50:05.000Z,52.03113597664802,1.260252642468712,1.2097575850154105,7.93491690633458,-0.40067408507253727,-4.006740851134937,5,stop,0,-3.9875054235372964,-0.1586983381266922
GME.WS,2026-08-10T13:45:05.000Z,2026-08-10T13:55:05.000Z,9.15032679738561,1.6805702222703494,1.5996024961118722,5.950361011023597,-0.4817872008846378,-4.817872236787261,10,stop,0,-4.794219319291737,-0.41652527077165225
STKH,2026-08-10T14:00:05.000Z,2026-08-10T14:05:05.000Z,201.59574468085108,5.691138288915781,5.228953203061089,1.7571177315045607,-0.8121136095922372,-8.121136096004847,5,stop,0,-8.10274264137819,0.931272397697418
JWEL,2026-08-10T14:00:05.000Z,2026-08-10T14:05:05.000Z,140.96774193548387,3.750750615534191,3.559285736966637,2.666133002352993,-0.5104708315404644,-5.104708315572328,5,stop,0,-5.085665113115601,-0.613210590541188
TNXP,2026-08-10T13:45:05.000Z,2026-08-10T14:10:05.000Z,12.302576891105588,13.562733189353969,12.647339369347742,0.7373145115543828,-0.6749331472777914,-6.749331474903321,25,stop,1.1595510171170886,-6.729714258999175,-0.693075640861121
QNTM,2026-08-10T14:15:05.000Z,2026-08-10T14:20:05.000Z,5.362318840579694,3.670740158062297,3.3693117927735097,2.7242462190228713,-0.8211650844442235,-8.21165084722054,5,stop,0,-8.192902387867495,-1.1169409497993783
SERV,2026-08-10T14:15:05.000Z,2026-08-10T15:25:05.000Z,0.5899705014749346,5.131059031373146,4.968989245503425,1.948915404318432,-0.3158603022560892,-3.158603026758569,70,stop,0,-3.138904276648813,-0.31182646469095054
XHLD,2026-08-10T13:45:05.000Z,2026-08-10T15:40:05.000Z,54.95049504950495,3.140629020066395,2.9894012325671846,3.1840755260988916,-0.3955677911983209,-3.955677912240584,115,stop,31.50231923644038,-4.796141763448725,-2.130942545841682
AUUD,2026-08-10T14:15:05.000Z,2026-08-10T16:25:05.000Z,51.42301143274144,1.2502511551053392,1.2097541668031353,7.998392928740081,-0.32391082487161776,-3.2391082493174648,130,stop,11.97750102314792,-3.219445544279298,-1.0397910807362116
SMCL,2026-08-10T13:35:05.000Z,2026-08-10T16:30:05.000Z,9.22014622258327,13.492717339960667,13.067042011824084,0.7411405534670359,-0.3154852482924091,-3.154852483834985,175,stop,1.8327120757726911,-3.13292963389018,-0.48915276528824414
CSQR,2026-08-10T13:45:05.000Z,2026-08-10T18:25:05.000Z,1.2081784386617223,21.864649410475085,21.185063769249652,0.4573592645040734,-0.31081478903839316,-3.108147898771484,280,stop,1.5794929204740127,-3.085571590056535,-0.29270992928260675
GCL,2026-08-10T14:00:05.000Z,2026-08-10T19:35:05.000Z,1.1856171039844599,0.5259481697340257,0.5090661407707416,19.013279910443686,-0.3209827421351372,-3.2098274953255137,335,stop,23.852508190952705,-3.165363184445491,-0.4924439496804922
STDN,2026-08-10T13:35:05.000Z,2026-08-10T19:50:05.000Z,9.834123222748815,9.311873344333746,10.937786058378425,1.073897767696078,1.7460640340812523,17.46064034509279,375,session_close,17.484415814750797,-1.2014053477415576,1.3745891426509793
VIVK,2026-08-10T13:35:05.000Z,2026-08-10T19:50:05.000Z,9.523809523809511,1.390279644211306,1.41970173536328,7.192797534839566,0.29073465677657007,2.9073465684574424,375,session_close,33.78603417984751,0,-0.080918972266943
MPG,2026-08-10T13:35:05.000Z,2026-08-10T19:50:05.000Z,9.518599562363228,5.041060966175722,5.258398825716038,1.9837093907372303,0.4311351529328538,4.311351538864526,375,session_close,5.533339820642724,-0.41778836473188585,0.23804512688846557
GENC,2026-08-10T13:35:05.000Z,2026-08-10T19:50:05.000Z,9.122322045611607,15.915681107484053,15.946507050713995,0.6283111210691442,0.019368282948818816,0.19368284034948985,375,session_close,1.3465895117436455,-2.5489396573376233,0.075397334528299
BOIL,2026-08-10T13:35:05.000Z,2026-08-10T19:50:05.000Z,9.100418410041833,20.874180741919655,20.675529756557562,0.4790607173037904,-0.09516588354066906,-0.9516588354682631,375,session_close,0.36322028163759956,-1.026055798633263,-0.07664971476860671
VREX,2026-08-10T13:45:05.000Z,2026-08-10T19:50:05.000Z,48.10636583400485,18.3936794460849,18.456302471345378,0.5436650143411739,0.034045947926325724,0.34045947926861264,365,session_close,0.4149281503943225,-0.02000386108546026,0.03261990086047106
RYN,2026-08-10T14:00:05.000Z,2026-08-10T19:50:05.000Z,-1.8357044515832865,21.414405006187977,21.59562226952678,0.46697538340626843,0.0846240010274716,0.846240011274824,350,session_close,1.100170626939878,-0.20736044814294585,0.10273458434937943
GME,2026-08-10T14:00:05.000Z,2026-08-10T19:50:05.000Z,0.13048016701462384,19.20386186595445,18.816229999441497,0.5207285944624646,-0.2018509970181525,-2.0185099706438074,350,session_close,0.7609830515633575,-1.9988784997197917,-0.19266957995111333
BCIC,2026-08-10T14:00:05.000Z,2026-08-10T19:50:05.000Z,-0.6666666666666599,7.4926443841918555,7.556547635556216,1.3346422100101836,0.08528797662776605,0.8528798123554979,350,session_close,1.2993492125897177,-1.6368638080650588,0.14681064310111935
CTMX,2026-08-10T14:15:05.000Z,2026-08-10T19:50:05.000Z,-1.3005780346820761,3.42152821726537,3.4392858830376456,2.9226702988243964,0.051899802329080355,0.5189980805263746,335,session_close,0.5398693671856858,-1.5060000676117014,0.05845340597648807
PTEN,2026-08-10T14:15:05.000Z,2026-08-10T19:50:05.000Z,9.473150962512666,10.822181048606247,10.997793268669064,0.9240281558690392,0.16227063585271265,1.6227063590424176,335,session_close,1.8279028091036098,-0.9441816593837693,0.16632506805642677
FRTT,2026-08-11T13:30:05.000Z,2026-08-11T13:35:05.000Z,45.34288638689867,1.4302881793688065,1.3497289884927555,6.991598015822496,-0.563237479085264,-5.632374792582164,5,stop,0,-5.613426757413176,-0.8389917618986988
MREO,2026-08-11T13:30:05.000Z,2026-08-11T13:35:05.000Z,35.205580029368576,0.3695745164532313,0.3391319483998651,27.058142678789444,-0.8237193498967401,-8.237193501738268,5,stop,0,-8.218780002672377,-0.35175585482426364
QMLS,2026-08-11T13:30:05.000Z,2026-08-11T13:35:05.000Z,6.218487394957983,6.351353902889357,5.868813470684994,1.5744674481584913,-0.7597442029260977,-7.5974420506601765,5,stop,0,-7.578760532779938,-0.8817017709687551
GLE,2026-08-11T13:30:05.000Z,2026-08-11T13:40:05.000Z,74.35433884297522,0.6765357713888027,0.5990799681621339,14.78118441248703,-1.1448885113106992,-11.448885114776171,10,stop,5.064658819275603,-11.431142987464915,-1.8934697232395887
AKAN,2026-08-11T13:35:05.000Z,2026-08-11T13:45:05.000Z,-0.9980039920159611,4.991175012141238,4.459042507684399,2.003536219860241,-1.0661467464442196,-10.661467553480005,10,stop,0,-10.642283847974344,-0.6010608659580718
WYHG,2026-08-11T13:35:05.000Z,2026-08-11T13:55:05.000Z,44.93006993006992,8.31166462043226,7.8584249461773235,1.2031284292662423,-0.5453055373674859,-5.453055374019239,20,stop,12.011256771761092,-5.434105453701177,-0.6376580675111096
BKD,2026-08-11T13:45:05.000Z,2026-08-11T14:00:05.000Z,-0.9495982468955444,13.582718797644565,13.107364094666028,0.7362296274087463,-0.34997021586088356,-3.499702158753152,15,stop,0,-3.4802958427332054,-0.27240496214123766
PLAG,2026-08-11T13:35:05.000Z,2026-08-11T14:05:05.000Z,92.6816333745802,1.1002205440079362,1.049788764538969,9.089086777620208,-0.45837881994324864,-4.583788199886903,30,stop,6.342315308698732,-4.5645888255267835,-0.8180178099858182
ASPN,2026-08-11T13:35:05.000Z,2026-08-11T14:10:05.000Z,-0.5564387917328939,6.281419468609412,6.078724339368937,1.5919968394325181,-0.3226900051192028,-3.2269000701739223,35,stop,0.4550011591076597,-3.2065915931260514,-0.30247939949217617
DSX,2026-08-11T13:45:05.000Z,2026-08-11T14:10:05.000Z,1.26050420168069,2.4329829317538203,2.339322917147828,4.110175726453009,-0.3849591185727837,-3.8495960404653258,25,stop,0,-3.821766710331731,-0.20550878632264968
FRTT,2026-08-11T14:00:05.000Z,2026-08-11T14:10:05.000Z,56.60184237461618,1.5403085917192745,1.399719598740573,6.49220555737362,-0.9127326415218863,-9.127326415921475,10,stop,0.6291861470374638,-9.109122189772624,-0.9738308336060442
JBIO,2026-08-11T13:45:05.000Z,2026-08-11T14:20:05.000Z,0.9894155545329131,22.06540777182248,21.344245984895938,0.4531980551992386,-0.3268291193191158,-3.2682912293488804,35,stop,0,-3.2422141445129005,-0.2991107164314979
SLMT,2026-08-11T13:45:05.000Z,2026-08-11T14:20:05.000Z,-0.6281407035175879,3.981718111070223,3.839004973704654,2.511478392264893,-0.35842096078595864,-3.584209966265297,35,stop,0,-3.559220093361448,-0.6027548141435748
STIM,2026-08-11T13:35:05.000Z,2026-08-11T14:30:05.000Z,39.17050691244237,3.0306073482383016,2.8694255142637997,3.2996686307519494,-0.5318466414127327,-5.31846641460159,55,stop,9.878965413838126,-5.299510288974352,-0.42895692199775226
WXM,2026-08-11T14:00:05.000Z,2026-08-11T14:30:05.000Z,152.12500000000003,10.112023374219842,8.838230993308537,0.9889217646809021,-1.2596810091678952,-12.596810092021565,30,stop,13.231542059043,-12.579315999830554,-1.6712777823107245
CLSK,2026-08-11T14:00:05.000Z,2026-08-11T18:45:05.000Z,2.329594477998276,11.872380577455106,11.507685475104545,0.8422910581116534,-0.30717942364699186,-3.0717942368112245,285,stop,0.5695523497056598,-3.052299200576869,-0.2948018703390787
PSKY,2026-08-11T13:30:05.000Z,2026-08-11T19:50:05.000Z,0.21574973031284195,9.323107366490358,9.328124098748793,1.0726037105650628,0.005380965635308492,0.05380965874603258,380,session_close,0.07393064606779909,-1.964016494634535,0.10726037105650654
TRIP,2026-08-11T13:30:05.000Z,2026-08-11T19:50:05.000Z,-2.0408163265306145,10.6022984052842,10.837802024046741,0.9431917100662992,0.22212506090744305,2.2212506171790625,380,session_close,3.8454076571981854,0,0.09431917100662801
QMCO,2026-08-11T13:35:05.000Z,2026-08-11T19:50:05.000Z,38.115449915110354,16.31326372884838,19.35612226850014,0.6129981201802022,1.8652665647808042,18.652665648203605,375,session_close,19.534633437674366,-2.4719990772615774,1.9983738717874573
CMRC,2026-08-11T13:45:05.000Z,2026-08-11T19:50:05.000Z,2.220446049250313e-14,2.12064400358395,2.199414458379125,4.715548516355936,0.3714459012420691,3.714459129493234,365,session_close,5.1567352290735835,-1.9165877683977262,0.4715548516355952
GNK,2026-08-11T13:45:05.000Z,2026-08-11T19:50:05.000Z,-0.31923383878690315,25.00510977115174,24.45498329320959,0.39991826000957026,-0.22000562384381803,-2.200056240412223,365,session_close,0,-2.899846382551352,-0.22395422560535927
CHMI,2026-08-11T14:00:05.000Z,2026-08-11T19:50:05.000Z,1.0752688172043001,2.83057612062664,2.8793615790973615,3.53284969792911,0.17235169222162147,1.7235169234707322,350,session_close,2.805926284567728,-0.3736384458828401,0.21197098187574603
ONDS,2026-08-11T14:00:05.000Z,2026-08-11T19:50:05.000Z,0.26852846401719255,9.341871671846159,9.628073691326392,1.0704493007915759,0.3063647516377532,3.0636475166188397,350,session_close,3.0842676743481956,-0.7693498088050199,0.29972580422164263
GAP,2026-08-11T14:00:05.000Z,2026-08-11T19:50:05.000Z,-1.6271501627150187,21.184279042793534,21.035789376069097,0.4720481624932545,-0.07009427432650628,-0.7009427435527965,350,session_close,0,-1.1059099170676379,-0.0377638529994595
BAOS,2026-08-12T13:30:05.000Z,2026-08-12T13:40:05.000Z,50.78821110349554,1.1102238256089556,1.0597864458627984,9.007192753406501,-0.4542992013503995,-4.542992015010347,10,stop,0,-4.523756782233335,-1.6212946956131695
RMCF,2026-08-12T13:35:05.000Z,2026-08-12T13:40:05.000Z,143.86617100371745,1.65033034595485,1.5596877087996999,6.059392911298915,-0.5492393530393561,-5.492393530624075,5,stop,0,-5.473470579769679,0.18178178733896821
CHOW,2026-08-12T13:35:05.000Z,2026-08-12T13:40:05.000Z,68.7853107344633,0.599819993126343,0.5570883554364087,16.671668357870875,-0.7124076919552814,-7.124076919679069,5,stop,0,-7.105463908297194,0.3484378686795022
SCNX,2026-08-12T13:40:05.000Z,2026-08-12T13:45:05.000Z,-2.56660963089711,0.40088858273824246,0.37262433379741206,24.94458656133109,-0.7050400042955546,-7.050400075695186,5,stop,0,-7.0315254542053225,-0.46396931004075803
BMBL,2026-08-12T13:30:05.000Z,2026-08-12T13:50:05.000Z,-0.7194244604316502,2.7805959658485233,2.6893188060235653,3.5963513189286433,-0.3282647341245482,-3.282647351360303,20,stop,0,-3.2581492227288456,-0.28770810551429093
WETH,2026-08-12T13:40:05.000Z,2026-08-12T13:55:05.000Z,6.8807339449541205,1.1810165770830188,1.1097329724180556,8.467276832747364,-0.5736814867524206,-5.736818136233736,15,stop,0,-6.0131736049312545,-0.47803660996484076
WYFL,2026-08-12T13:50:05.000Z,2026-08-12T13:55:05.000Z,39.249146757679185,12.342957119574852,11.435546475851302,0.8101786150723296,-0.7351646986338365,-7.3516470561537925,5,stop,0,-7.315565555541315,-0.3402750183303791
JBI,2026-08-12T13:50:05.000Z,2026-08-12T14:10:05.000Z,-0.8893280632410905,5.03101746820097,4.858783812088241,1.9876695039512349,-0.3423435858092954,-3.4234358596714936,20,stop,0,-3.399262063427566,-0.49691737598780783
DOGZ,2026-08-12T13:55:05.000Z,2026-08-12T14:15:05.000Z,40.87536294225187,1.3202648763097995,1.279739944319026,7.574237698891584,-0.30694546762953384,-3.069454676704154,20,stop,2.2522089486551877,-3.0497574412750916,-0.15148475397783123
BOXL,2026-08-12T13:30:05.000Z,2026-08-12T15:10:05.000Z,54.948805460750805,4.560918053222856,4.339124773672464,2.192541036833965,-0.48629086710822306,-4.862908672381604,100,stop,14.66989625705628,-4.843718975980071,-0.7016131317868677
BIVI,2026-08-12T13:55:05.000Z,2026-08-12T15:10:05.000Z,125.59055118110236,2.880576130949436,2.7894417739159225,3.471527758793539,-0.24175251177244977,-2.4175251177464827,75,stop,26.71076319711647,-3.144375528779453,0.2716470471255956
ZBAO,2026-08-12T13:35:05.000Z,2026-08-12T18:40:05.000Z,0.3076923076922977,0.1964456661690068,0.19025444753575232,50.90466040521669,-0.31516188202026885,-3.1516188440258204,305,stop,9.49592535930237,-3.128430516619052,-0.06617605852678032
BMNR,2026-08-12T13:30:05.000Z,2026-08-12T19:50:05.000Z,1.1608623548922115,18.32368162443728,17.926411754030184,0.5457418548863356,-0.21680679596642338,-2.168067960083307,380,session_close,0,-2.585078883959413,-0.11460578952613076
SMMT,2026-08-12T13:30:05.000Z,2026-08-12T19:50:05.000Z,2.0178630499503747,15.483798074926534,15.00698582527396,0.645836366526808,-0.3079426908310922,-3.079426942570983,380,stop,1.073392485934077,-3.059960305822984,-0.33583491059394
FGL,2026-08-12T13:30:05.000Z,2026-08-12T19:50:05.000Z,2.516469038208169,0.7837726532947261,0.7773176098844151,12.758800204137398,-0.08235860918119177,-0.8235861997960878,380,session_close,4.890110230837763,-2.8162061028717655,-0.114829201837237
KEY,2026-08-12T13:35:05.000Z,2026-08-12T19:50:05.000Z,0.3525782282943979,22.794563930010554,22.91541275485111,0.43870108812712844,0.05301651095643722,0.5301651095919926,375,session_close,0.7696399480512595,-0.45872309876868744,0.07896619586288445
IVDA,2026-08-12T13:35:05.000Z,2026-08-12T19:50:05.000Z,-0.9731543624160954,0.29724435492668494,0.36058963700315627,33.64234995719617,2.260897845225004,22.608981592084653,375,session_close,54.31748068458286,-1.0241926806098034,2.187173276592217
BYND,2026-08-12T13:50:05.000Z,2026-08-12T19:50:05.000Z,-1.8354684896880413,0.4105823613176931,0.40611699012187497,24.355649294406515,-0.10875701481469115,-1.0875701482857907,360,session_close,1.2220784804792162,-2.699181056420974,-0.09011590238930367
PSKY,2026-08-12T13:50:05.000Z,2026-08-12T19:50:05.000Z,0.4264392324093702,9.431903736981255,9.438101992216714,1.060231346191,0.00657158449232602,0.06571584494820883,360,session_close,1.4641398689989593,-0.8683690935067712,0.010602313461909318
CPOP,2026-08-12T13:50:05.000Z,2026-08-12T19:50:05.000Z,-2.888888888888874,0.35230160696487883,0.3754713747131998,28.384769036136504,0.6576685061570152,6.576685229434896,360,session_close,12.460457791638003,0,0.5137643195540704
REFI,2026-08-12T13:55:05.000Z,2026-08-12T19:50:05.000Z,1.3685239491691092,10.412326563735698,10.417516982076682,0.9604001455671922,0.004984878530235545,0.04984878556403711,355,session_close,0.5538957687436508,-2.1352246529610652,0.048020007278358534
CWVX,2026-08-12T13:55:05.000Z,2026-08-12T19:50:05.000Z,35.48209366391186,24.62500570944114,25.304364441395155,0.4060912761299214,0.2758816544092109,2.75881654595333,355,session_close,4.771549312203294,-1.238601578574261,0.19898472530366362
IPWR,2026-08-13T13:30:05.000Z,2026-08-13T13:35:05.000Z,8.447488584474883,4.771198796456964,4.2891216555099,2.0959092877190977,-1.0103899571080202,-10.103899701371672,5,stop,0,-10.085490397388108,-0.775486436456065
FGI,2026-08-13T13:30:05.000Z,2026-08-13T13:35:05.000Z,79.70401691331924,8.521709243116634,8.148369213531003,1.1734735031992707,-0.4381046324023693,-4.381046324564453,5,stop,0,-4.361909477454651,-1.1734735031992702
GXAI,2026-08-13T13:30:05.000Z,2026-08-13T13:40:05.000Z,50.48822515795519,1.3202665003955076,1.2697454616831434,7.574228379786004,-0.3826578851914566,-3.8265788533776948,10,stop,0,-3.8072995399375364,-0.37871141898930105
LIMN,2026-08-13T13:30:05.000Z,2026-08-13T13:40:05.000Z,36.036866359447004,0.1481310502579933,0.14117146191507585,67.50779098872303,-0.46982643522122525,-4.698264361723119,10,stop,0,-4.678998930961342,-0.9923645275342281
XHG,2026-08-13T13:35:05.000Z,2026-08-13T13:45:05.000Z,509.28961748633867,5.591119041384416,4.759044131885671,1.788550722245227,-1.378681185736136,-13.786811857875417,10,stop,28.954507078689097,-14.864985617952842,-6.884578867602441
FRGT,2026-08-13T13:45:05.000Z,2026-08-13T13:55:05.000Z,10.950413223140497,2.700555951785901,2.3095342323398245,3.70294123372047,-1.4479304482171533,-14.47930449978236,10,stop,0,-14.462057397019413,-1.4071176688137772
DFSC,2026-08-13T13:40:05.000Z,2026-08-13T14:05:05.000Z,121.7741935483871,2.760552171480865,2.389521676713569,3.622463687948106,-1.3440444944159502,-13.440444944326533,25,stop,12.658620696586143,-13.42311785696435,-0.470920279433253
HCAT,2026-08-13T13:35:05.000Z,2026-08-13T15:15:05.000Z,0,1.8021694112545703,1.7292995121919283,5.548861180681856,-0.40434495414889915,-4.043454439275716,100,stop,1.5442826058209347,-4.00458529613651,-0.388420282647731
FWDI,2026-08-13T13:35:05.000Z,2026-08-13T15:25:05.000Z,-1.8181818181818188,4.340908688208803,4.198953613618841,2.3036651306528584,-0.32701695545212117,-3.2701695609390313,110,stop,0,-3.246064322697051,-0.4376963748240428
MDWD,2026-08-13T13:45:05.000Z,2026-08-13T15:40:05.000Z,1.581595974119332,14.223394529368166,13.774980386956132,0.7030670412011546,-0.3152652043383818,-3.15265207251446,115,stop,0,-3.1173608272811015,-0.3234108389525314
ELMT,2026-08-13T13:45:05.000Z,2026-08-13T15:45:05.000Z,8.535144713526277,18.42397531242079,17.696369978943558,0.5427710250531015,-0.394923092685541,-3.9492309403318964,120,stop,2.3123385716436573,-3.929528237766977,-0.4559276610446048
SPCB,2026-08-13T13:40:05.000Z,2026-08-13T15:50:05.000Z,3.767441860465137,11.223888166990703,10.87758165975022,0.8909568006652877,-0.3085441377405508,-3.08544153405738,130,stop,3.4400898090275467,-3.0638951660447944,-0.48111667235925637
CSQR,2026-08-13T13:35:05.000Z,2026-08-13T16:15:05.000Z,0.08703220191470518,23.06488250549562,22.36501446376414,0.4335595454598663,-0.3034344700549876,-3.03434470808479,160,stop,0.3690350231964068,-3.0127294397881754,-0.4292239500052659
HYLN,2026-08-13T13:30:05.000Z,2026-08-13T19:50:05.000Z,4.113110539845777,4.071034402534803,4.079165640611929,2.4563781274286813,0.01997339536156895,0.19973395636410504,380,session_close,15.204135761658089,0,-0.491275625485736
ARX,2026-08-13T13:30:05.000Z,2026-08-13T19:50:05.000Z,44.01175606171934,19.613922183817316,19.456103132881356,0.5098419330036839,-0.08046276999399637,-0.8046276999414719,380,session_close,0,-0.8867282238980811,-0.06118103196044089
MLCO,2026-08-13T13:35:05.000Z,2026-08-13T19:50:05.000Z,-2.1739130434782483,5.431094563730968,5.5088869571527885,1.8412494718103176,0.14323520329878667,1.432352033443135,375,session_close,2.9258455069113953,-0.388403543400595,0.05523748415430774
UAA,2026-08-13T13:35:05.000Z,2026-08-13T19:50:05.000Z,2.281368821292773,5.391104703928595,5.338923301456463,1.854907396356205,-0.09679166939779779,-0.9679166949606186,375,session_close,0.3504902447477143,-1.6899078933155454,-0.0927453698178109
EVTL,2026-08-13T13:40:05.000Z,2026-08-13T19:50:05.000Z,0.5083514887436413,0.8318732152013149,0.8480742112715163,12.021062585080584,0.1947531877005359,1.947531880357604,370,session_close,4.306760230285223,-0.9464441284372405,0.21277280775592544
CURI,2026-08-13T13:40:05.000Z,2026-08-13T19:50:05.000Z,37.857142857142875,3.87077612181556,3.859224590201498,2.5834612191960717,-0.02984293394724651,-0.29842933950527234,370,session_close,10.05544794985138,-1.8284736597569795,0.05166922438392163
YSWY,2026-08-13T13:45:05.000Z,2026-08-13T19:50:05.000Z,0.0914076782449813,22.055515918025456,24.48482931340487,0.4534013129290278,1.1014538829811005,11.014538967977588,365,session_close,12.171486225722683,-2.6547368930369464,0.997482888443864
MTW,2026-08-13T13:45:05.000Z,2026-08-13T19:50:05.000Z,1.6865079365079305,20.55421243801805,20.735676209250276,0.48651827550869553,0.08828544104720595,0.8828544113739903,365,session_close,1.0011940987888046,-2.0638710400472937,0.09730365510173833
EIKN,2026-08-14T13:30:05.000Z,2026-08-14T13:35:05.000Z,3.7754114230396763,10.752282037474892,9.867153429022006,0.9300351254811324,-0.8232006964294202,-8.23200698575382,5,stop,0,-8.205532875717713,-0.7905298566589636
CAPR,2026-08-14T13:30:05.000Z,2026-08-14T13:35:05.000Z,81.47268408551069,7.661534367196705,6.998599102305894,1.3052215809664276,-0.8652774145191814,-8.652774145727333,5,stop,0,-8.634489326695471,0.2871487478126138
SURG,2026-08-14T13:30:05.000Z,2026-08-14T13:35:05.000Z,59.28629359286295,0.3936792943565801,0.3813236380554409,25.401386713529277,-0.313850803804692,-3.138508038969386,5,stop,0,-3.1191110461242455,-0.429283435458645
VNRX,2026-08-14T13:30:05.000Z,2026-08-14T13:40:05.000Z,-1.6650808753567947,0.623950697425458,0.5905641592046487,16.026906019457176,-0.5350829103799253,-5.35082953806585,10,stop,0,-5.329058459691893,-0.6058170475354814
AEBI,2026-08-14T13:45:05.000Z,2026-08-14T13:50:05.000Z,-0.8035062089116085,13.654581230455245,13.196032103743008,0.7323549053714733,-0.3358207023015119,-3.358207175841369,5,stop,0,-3.32914809164081,-0.6151781205120379
FIRY,2026-08-14T13:45:05.000Z,2026-08-14T14:10:05.000Z,-2.075098814229237,9.974420108611085,9.517676649671388,1.0025644410899568,-0.45791475063337034,-4.579148000246973,25,stop,0,-4.555854913497948,-0.4511539984904811
PMN,2026-08-14T13:30:05.000Z,2026-08-14T15:10:05.000Z,1.893171061528065,15.13345545518098,14.377089295376546,0.6607876148843473,-0.49979739071640533,-4.997973939557145,100,stop,0,-4.978740363774836,-0.8590238993496513
WETO,2026-08-14T13:45:05.000Z,2026-08-14T15:10:05.000Z,152.63157894736844,9.141830572824908,7.858427787140145,1.0938728211789917,-1.573846722503037,-15.738467225917486,85,stop,23.82640336444146,-15.881180046594089,-2.167745642357982
ONFO,2026-08-14T15:10:05.000Z,2026-08-14T15:15:05.000Z,154.32900432900433,5.891178358660286,5.338931599742808,1.697453275231053,-0.9374130696602074,-9.374130696716248,5,stop,0,-9.355995101557745,-0.7808285066062837
CAPR,2026-08-14T15:10:05.000Z,2026-08-14T15:15:05.000Z,58.194774346793345,6.671335159333419,6.348728745044622,1.4989503241583972,-0.4835709892737711,-4.835709892905926,5,stop,0,-4.81665441263075,-0.16488453565742311
BRUN,2026-08-14T13:45:05.000Z,2026-08-14T15:20:05.000Z,1.6407982261640752,22.964594964689155,22.19554986001627,0.4354529228631225,-0.33488293864338325,-3.348829386520354,95,stop,2.2878915831902047,-3.3294511218892042,-0.5225435074357456
SCNX,2026-08-14T15:30:05.000Z,2026-08-14T15:35:05.000Z,-2.0215053763440904,0.4590557105847972,0.4430740489794323,21.783844048036563,-0.34814202403976274,-3.4814209336391113,5,stop,0,-3.453983954278328,-0.23308713131399017
SURG,2026-08-14T15:30:05.000Z,2026-08-14T15:50:05.000Z,32.60340632603407,0.3276662917465726,0.3141360852238102,30.51885484445332,-0.4129264088836605,-4.129264090804637,20,stop,0,-4.109758033025823,-0.37538191458677694
RMIX,2026-08-14T15:30:05.000Z,2026-08-14T16:10:05.000Z,-2.444208289054206,18.40372832740787,17.786191312252,0.5433681597976285,-0.3355499515321643,-3.3554995171070705,40,stop,0,-3.3348043205673195,-0.4890313438178655
TRIB,2026-08-14T15:30:05.000Z,2026-08-14T16:20:05.000Z,2.3588879528222417,12.2038519835124,11.425395709167525,0.8194133826075151,-0.6378774889729786,-6.378775122777489,50,stop,0.05037767170485985,-6.341046946143624,-0.6555307060860116
LFS,2026-08-14T15:10:05.000Z,2026-08-14T16:30:05.000Z,43.055555555555536,3.1006228635395776,2.8594263261825303,3.2251584401750475,-0.6851921536886723,-6.85192153815817,80,stop,29.328853475017745,-7.7604685938776115,-0.8240279814647238
STRR,2026-08-14T15:10:05.000Z,2026-08-14T17:00:05.000Z,0.0452960986273343,10.282404593492643,9.147595148795444,0.9725351526262597,-1.1036420765003112,-11.036420852524884,110,stop,0,-11.013032829006752,-1.7505632747272681
STKH,2026-08-14T15:10:05.000Z,2026-08-14T17:40:05.000Z,43.05555555555556,4.130851914820282,3.9391972307461813,2.420808151263484,-0.4639592214344097,-4.6395922203480495,150,stop,16.1987914110165,-4.620158716790623,-0.48416163025269654
HHS,2026-08-14T13:30:05.000Z,2026-08-14T19:50:05.000Z,49.466192170818516,4.210856432077669,4.229059516719316,2.374813806723329,0.043228936731935085,0.43228936762075226,380,session_close,4.966770330356218,-2.395152475618978,-0.07124441420170058
ONDS,2026-08-14T13:45:05.000Z,2026-08-14T19:50:05.000Z,4.489337822671158,9.321864573358708,9.168165129418115,1.0727467580312535,-0.1648805801984768,-1.6488058020050569,365,session_close,2.232766041636447,-2.809143721172469,-0.12872961096375057
RCAT,2026-08-14T13:45:05.000Z,2026-08-14T19:50:05.000Z,5.13196480938416,10.772157879523188,11.097774349822284,0.9283191084942629,0.30227599141910527,3.0227599144091704,365,session_close,4.435899713140512,-0.11286391880961366,0.29706211471816246
MDXH,2026-08-14T15:10:05.000Z,2026-08-14T19:50:05.000Z,75.62770562770562,0.8123628857452623,0.8242328903708774,12.30976965389744,0.20937726961334008,2.093772696363803,280,session_close,28.021604414621095,-1.6080111455705426,0.28167830410530925
WETO,2026-08-14T15:30:05.000Z,2026-08-14T19:50:05.000Z,110.803324099723,7.631540079285123,8.178352211390528,1.3103515007960136,0.7165160979577866,7.165160982246036,260,session_close,24.61442777210494,-0.020180452033569107,0.9172460505572104
CAMP,2026-08-17T13:30:05.000Z,2026-08-17T13:35:05.000Z,9.558823529411754,6.0036984592834415,5.558862067664247,1.665639522294585,-0.7409370748358419,-7.409372649809713,5,stop,0,-7.390418794224363,-0.7995069707014011
GEMI,2026-08-17T13:30:05.000Z,2026-08-17T13:35:05.000Z,0.25510204081633514,3.950978064792734,3.7192494506190523,2.531018830816286,-0.5865094861125499,-5.865094930255908,5,stop,0,-5.846098383865639,-0.3037222596979561
RCT,2026-08-17T13:30:05.000Z,2026-08-17T13:35:05.000Z,5.183486238532109,0.23095798452612099,0.20974791798271422,43.297917983476886,-0.9183517216205132,-9.18351733408374,5,stop,0,-9.160966904665758,-0.9482244038381449
TRUG,2026-08-17T13:30:05.000Z,2026-08-17T13:35:05.000Z,64.00206291903044,1.6003232629631114,1.5196949678960592,6.248737506549036,-0.5038250514745921,-5.038250516821413,5,stop,0,-5.0191898613276,-0.7498485007858839
XHG,2026-08-17T13:35:05.000Z,2026-08-17T13:40:05.000Z,9.736842105263154,4.200875065645787,4.058857471510621,2.3804564111861364,-0.3380666924602866,-3.380666930482354,5,stop,0,-3.353469537760023,-0.16663194878302967
SLE,2026-08-17T13:35:05.000Z,2026-08-17T13:40:05.000Z,49.559471365638764,3.4106829828630554,3.159366285934032,2.93196408158358,-0.7368515284981233,-7.3685152854065255,5,stop,0,-7.34993501661132,-0.49843389386920833
IPST,2026-08-17T13:35:05.000Z,2026-08-17T13:45:05.000Z,256.8019635471115,7.861572556915924,7.458506671829246,1.2720101388698812,-0.5127038924628162,-5.127038924700827,10,stop,5.068037472141307,-5.108043638961968,-0.7886462860993273
IVF,2026-08-17T13:35:05.000Z,2026-08-17T13:45:05.000Z,176.8629065459037,2.7005401191291534,2.379523345402782,3.7029629476996866,-1.1887132186988467,-11.88713218709337,10,stop,0.7205921783203229,-11.869481843969732,-1.1479185137869035
MYSZ,2026-08-17T13:40:05.000Z,2026-08-17T13:45:05.000Z,25.92592592592593,3.7607646806943853,3.5792774043701727,2.6590336918650777,-0.48258078239090846,-4.825807827218343,5,stop,0,-4.806593765952116,-0.10636134767460348
NNNN,2026-08-17T13:40:05.000Z,2026-08-17T13:50:05.000Z,50.45766590389016,13.242654590810188,11.207738877676556,0.7551356059639043,-1.5366373101226356,-15.36637310275972,10,stop,0,-15.34929856299929,-1.5933361285838377
ARTL,2026-08-17T13:40:05.000Z,2026-08-17T13:50:05.000Z,-2.710883776963946,0.778385138469891,0.7438336529111557,12.847110531291477,-0.44388675399339406,-4.438867579955963,10,stop,0,-4.41749678539386,-0.395691004363778
UCL,2026-08-17T13:40:05.000Z,2026-08-17T13:50:05.000Z,21.91780821917808,0.8921788429049866,0.8272332467178104,11.208515062343428,-0.7279436930968385,-7.279436931692926,10,stop,0,-7.260746364939886,-0.4707576326184224
ITG,2026-08-17T13:45:05.000Z,2026-08-17T13:55:05.000Z,2.1202775636083304,13.343069836785899,12.827233007559617,0.749452716130242,-0.3865953127436492,-3.8659531542295977,10,stop,0,-3.8452158540863035,-0.6520238630333104
STFS,2026-08-17T13:45:05.000Z,2026-08-17T13:55:05.000Z,61.02564102564101,6.301260934490237,5.538890827572753,1.586983955063299,-1.509809170385514,-15.098091704303288,10,stop,0,-16.842040752214803,-0.7550063096645587
BRNX,2026-08-17T13:45:05.000Z,2026-08-17T13:55:05.000Z,-2.2535211267605604,3.5007399787515903,3.3392456419263974,2.856538913644544,-0.46131485747438256,-4.6131485858822305,10,stop,0,-4.591600053909528,-0.4284808370466813
SNAP,2026-08-17T13:30:05.000Z,2026-08-17T14:00:05.000Z,-2.957486136783738,5.261054649963784,5.098979217857525,1.9007595747097799,-0.3080664294011966,-3.080664294323091,30,stop,0,-3.061261680011118,-0.2470987447122699
WHLR,2026-08-17T13:45:05.000Z,2026-08-17T14:30:05.000Z,-2.0368334927678866,0.3592002340782743,0.3448230325389923,27.83962489569113,-0.40025589790336286,-4.002559067416693,45,stop,2.8674162610599074,-3.9811316145072717,-0.22550096165509892
GCTK,2026-08-17T13:40:05.000Z,2026-08-17T16:30:05.000Z,-0.29940119760478723,0.36879195039451823,0.35501951705579393,27.11555896529434,-0.37344722829176435,-3.7344723289082435,170,stop,8.462237196906464,-3.7126489284462716,-0.5260418439267092
LUNR,2026-08-17T13:30:05.000Z,2026-08-17T19:50:05.000Z,6.680694371383478,20.30406398123604,20.455905247227122,0.49251223837990926,0.07478368179170641,0.7478368179464201,380,session_close,2.294791915522687,-2.778084139989523,0.17237928343296893
DCH,2026-08-17T13:35:05.000Z,2026-08-17T19:50:05.000Z,0.2971768202080227,6.771389253696534,6.798635304989251,1.4768018222932973,0.04023701819938055,0.4023701824236861,375,session_close,1.1609249351682394,-0.6112372534770372,0.07384009111466305
GT,2026-08-17T13:45:05.000Z,2026-08-17T19:50:05.000Z,0.49099836333879043,6.151346960812561,6.058753602301538,1.6256602045147024,-0.15052533813373356,-1.5052533876058969,365,session_close,0,-2.4603873229184448,-0.1463094184063234
AAL,2026-08-17T13:45:05.000Z,2026-08-17T19:50:05.000Z,-1.7194875252865893,14.592920303007137,14.477098284205182,0.6852637986122241,-0.07936863656716425,-0.7936863656967136,365,session_close,0.1170409804084338,-1.2534866168592895,-0.04796846590285675
DRAL,2026-08-17T13:35:05.000Z,2026-08-17T19:55:05.000Z,9.830205540661296,12.332821537414867,12.305042626195748,0.8108444530467416,-0.022524376073700822,-0.2252437622229811,380,session_close,4.842188470606135,-1.1580605215244621,-0.05675911171327108
DFSC,2026-08-18T13:30:05.000Z,2026-08-18T13:35:05.000Z,9.72222222222221,2.400842191723533,2.269476354928235,4.165204820626965,-0.5471656166854708,-5.4716564565617,5,stop,0,-5.449845565634748,-0.5831286748877744
XOS,2026-08-18T13:30:05.000Z,2026-08-18T13:35:05.000Z,117.22488038277513,4.5509114967330415,4.249149751731235,2.197362002429587,-0.6630797922538166,-6.63079792297504,5,stop,0,-6.612114890589648,-0.4174987804616208
AMX,2026-08-18T13:30:05.000Z,2026-08-18T13:45:05.000Z,0.7601351351351315,23.935227599642168,23.735014033709326,0.4177942289483185,-0.08364807240390493,-0.8364807274104837,15,rotation_for_stronger_continuation,0,-0.815649647906791,-0.12116032639501384
BIAF,2026-08-18T13:40:05.000Z,2026-08-18T13:50:05.000Z,26.539650791383053,0.4973998046134203,0.47770382876620565,20.104551521449732,-0.39597876118555675,-3.9597876124061604,10,stop,0,-3.94045281715647,-0.07438684062936396
SGLY,2026-08-18T13:45:05.000Z,2026-08-18T13:50:05.000Z,31.403118040089083,5.9211943442590975,5.698845445641056,1.6747215692184767,-0.3723724964076065,-3.755135969040101,5,stop,0,-3.73563729543106,-0.40193317661243455
ENRD,2026-08-18T13:40:05.000Z,2026-08-18T13:55:05.000Z,10.551948051948056,6.831377553553998,6.578648187890068,1.4638335999137435,-0.3699537371437472,-3.699537372699425,15,stop,0,-3.679749092819784,-0.07319167999568599
RANI,2026-08-18T13:40:05.000Z,2026-08-18T14:05:05.000Z,9.310214851111942,0.8756827066781805,0.8304023468526005,11.419661374615968,-0.5170863761288884,-5.170863770662636,25,stop,1.075423009955645,-5.14829245049242,-0.3528675364756335
DEFT,2026-08-18T13:30:05.000Z,2026-08-18T14:15:05.000Z,-1.0752688172043001,0.4628694405125911,0.446998854694533,21.60435393359178,-0.34287375314676977,-3.428739171132728,45,stop,0,-3.4068873709026226,-0.42992664327847585
EYPT,2026-08-18T13:35:05.000Z,2026-08-18T14:15:05.000Z,9.65092402464065,5.361073554434369,5.198954389951292,1.8652980411260809,-0.3024005599392797,-3.024005599568412,40,stop,0,-3.004501855810915,-0.4849774906927813
SPCQ,2026-08-18T13:35:05.000Z,2026-08-18T14:30:05.000Z,9.79757085020243,13.59272597491747,13.107304036315313,0.7356876035959272,-0.35711890274310987,-3.571189027851376,55,stop,0,-3.551355157223357,-0.3016319174743298
AIXC,2026-08-18T13:45:05.000Z,2026-08-18T16:00:05.000Z,112.61616446071527,1.5203040820465796,1.3997196700500874,4.209281016442189,0.013220800122850707,0.20659478621815963,135,stop,105.22210239677618,-7.91315918093376,-0.9839194375933609
ASTN,2026-08-18T13:30:05.000Z,2026-08-18T19:50:05.000Z,9.725685785536164,4.420909447828439,4.4678228728758835,2.2619780174570323,0.10611713618093722,1.0611713630662198,380,session_close,2.6938021141794444,-2.282549530120004,0.02261978017457089
BBWI,2026-08-18T13:30:05.000Z,2026-08-18T19:50:05.000Z,3.7214247740563478,19.54397424679634,20.015986194165933,0.511666658317717,0.24151277579663852,2.4151277596314222,380,session_close,3.5613317149031376,-0.9413348813969935,0.3325833279065158
KURA,2026-08-18T13:35:05.000Z,2026-08-18T19:50:05.000Z,9.84042553191491,12.41248819147598,12.29748865608816,0.805640242692612,-0.09264825359938123,-0.9264825360864707,375,session_close,1.6717986379759298,-1.3090702602848392,-0.17724085339237305
RAMZ,2026-08-18T13:35:05.000Z,2026-08-18T19:50:05.000Z,9.58199356913183,17.073446490515305,17.994108111552677,0.5857048254266081,0.5392359540266718,5.3923595423385695,375,session_close,6.891130681425661,-0.07875674382894493,0.5447054876467465
SKDD,2026-08-18T13:35:05.000Z,2026-08-18T19:50:05.000Z,9.546413502109697,10.402086534636679,11.13773043273617,0.961345588256916,0.7072080159660662,7.072080160551996,375,session_close,8.632051486723036,-0.11619336751749199,0.6921688235449803
LITZ,2026-08-18T13:35:05.000Z,2026-08-18T19:50:05.000Z,9.222661396574438,8.311671704147148,9.077904460674887,1.2031274036800261,0.9218756269758078,9.21875627192329,375,session_close,10.68772116455965,-1.3435528750663894,0.9023455527600195
SNDQ,2026-08-18T13:40:05.000Z,2026-08-18T19:50:05.000Z,9.57446808510638,13.402680891007908,14.417113891855585,0.7461193832180373,0.7568881249084921,7.568881249185592,370,session_close,9.754161272833084,0,0.8505760968685632
DVLT,2026-08-18T13:40:05.000Z,2026-08-18T19:50:05.000Z,9.33499843896346,0.3509706637357834,0.3856211542410704,28.492409852102643,0.9872759770530287,9.87275977327053,370,session_close,13.34280642312331,-1.5872163435224018,0.8946616693560223
WEAV,2026-08-18T13:40:05.000Z,2026-08-18T19:50:05.000Z,31.916817359855322,7.301460707816956,7.278536207540601,1.3695889630824154,-0.03139714256267583,-0.31397142563284863,370,session_close,0,-0.4308823819769936,-0.027391779261648708
EHGO,2026-08-19T13:30:05.000Z,2026-08-19T13:35:05.000Z,51.381215469613274,2.7505523465718777,2.5494887304567206,3.6356334067773184,-0.7309935996357155,-7.309935997609738,5,stop,0,-7.291348111292417,0.10906900220332005
SKK,2026-08-19T13:30:05.000Z,2026-08-19T13:35:05.000Z,14.999999999999991,4.8611683392869285,4.639057774069402,2.057118619423785,-0.4569077792797154,-4.569077837162652,5,stop,0,-4.549695131919074,-0.6582779582156117
TGL,2026-08-19T13:30:05.000Z,2026-08-19T13:35:05.000Z,11.985018726591768,3.0106290740643167,2.7094468904016233,3.321564940481163,-1.0003961819515608,-10.003961838317753,5,stop,0,-9.985589943781104,-0.8303912351202918
PURR,2026-08-19T13:30:05.000Z,2026-08-19T13:40:05.000Z,1.2499999999999956,7.301535741641401,6.958607073651113,1.3695748856155958,-0.46966649123710685,-4.696664922620738,10,stop,0,-4.677587753129631,-0.38348096797236586
YJ,2026-08-19T13:35:05.000Z,2026-08-19T13:40:05.000Z,174.13793103448273,4.790958327762863,4.239151368533434,2.08726507636576,-1.1517673948951723,-11.517673949109373,5,stop,0,-11.499960760880434,-1.0227598874192196
FEMY,2026-08-19T13:35:05.000Z,2026-08-19T13:40:05.000Z,60.68181818181817,3.5507102701978033,3.0393917754830295,2.8163379264652497,-1.4400456691683388,-14.400456691902635,5,stop,0,-14.38332703415287,-1.661639376614498
ZNB,2026-08-19T13:35:05.000Z,2026-08-19T13:40:05.000Z,15.695067264573993,2.6005256372373773,2.5094886430366414,3.845376431758949,-0.35007151191768576,-3.500715120711035,5,stop,0,-3.4810515205512815,-0.49989893612866254
TNON,2026-08-19T13:30:05.000Z,2026-08-19T14:00:05.000Z,113.76146788990825,11.67234124261409,10.527892220968505,0.8567261520976235,-0.9804794065863116,-9.804794067083654,30,stop,3.3211739558351994,-9.786736172890166,-0.7196499677620043
MSS,2026-08-19T13:40:05.000Z,2026-08-19T14:10:05.000Z,51.592356687898075,2.3904782828432345,2.209556660236414,4.183263270590863,-0.7568427787068134,-7.568427787247339,30,stop,21.31463485000753,-7.549881717752893,-0.6274894905886299
GOVX,2026-08-19T13:40:05.000Z,2026-08-19T14:10:05.000Z,-2.9054573405073114,0.6350534987872652,0.6061748163315392,15.746704676273485,-0.4547440840701977,-4.547440886614183,30,stop,1.896926988944947,-4.52772858383973,-0.41571300345361983
YJ,2026-08-19T14:05:05.000Z,2026-08-19T14:10:05.000Z,155.17241379310343,4.45089095463782,4.309136116806853,2.246741180920327,-0.3184864317495162,-3.1848643176319276,5,stop,0,-3.165455098175618,0.2246741180920342
CISS,2026-08-19T14:05:05.000Z,2026-08-19T14:10:05.000Z,58.02919708029197,4.35087084117452,4.099178405677789,2.298390452085554,-0.5784874906078444,-5.784874906302343,5,stop,0,-5.765991460845054,-0.022983904520856413
VRAX,2026-08-19T13:30:05.000Z,2026-08-19T14:15:05.000Z,17.391304347826097,3.260656825096329,3.1593515520532414,3.066866749070742,-0.24016468570501087,-2.4016468577661585,45,stop,25.128163399393166,-3.0870107004699943,-0.13877572039545072
AEON,2026-08-19T13:55:05.000Z,2026-08-19T14:15:05.000Z,-1.1020408163265216,0.24405357623430268,0.23162104864730615,40.9746093924351,-0.5094179616378567,-5.094179638269564,20,stop,2.272625483009705,-5.0618296297542,-0.5859369143118229
RDAC,2026-08-19T13:35:05.000Z,2026-08-19T14:30:05.000Z,149.91452991452996,14.693053396143366,12.827431477387261,0.6805937278020201,-1.1688526953875442,-11.688526972956561,55,stop,27.679383544091163,-12.679824580453648,-1.1971643672037526
KLAR,2026-08-19T13:35:05.000Z,2026-08-19T19:50:05.000Z,-2.5564409030544466,14.692938788712205,14.537090944111897,0.6805990376530442,-0.1060698930552705,-1.0606989305640957,375,session_close,1.2050769000945039,-1.1089598279507062,-0.1293138171540793
BGS,2026-08-19T13:40:05.000Z,2026-08-19T19:50:05.000Z,3.4782608695652195,3.58076798552006,3.5291716895735905,2.792696988269975,-0.14409282029559178,-1.4409282074436285,370,session_close,0,-2.255605106130032,-0.13963484941349869
JTAI,2026-08-19T13:40:05.000Z,2026-08-19T19:50:05.000Z,3.4482758620689724,1.5104766478690215,1.6795596630719636,6.620426505159819,1.1194016754218985,11.19401716282633,370,session_close,11.223169346586182,-0.6935987976909086,0.9268597107223737
KC,2026-08-19T13:55:05.000Z,2026-08-19T19:50:05.000Z,8.164206642066429,11.742356667076718,12.407442596340271,0.851617803992992,0.5663990185460652,5.66399018629986,355,session_close,6.367063734484657,-0.020069796409150076,0.5705839286753047
IOVA,2026-08-19T13:55:05.000Z,2026-08-19T19:50:05.000Z,8.036984352773825,7.601522733336105,8.038389530209551,1.3155258952821443,0.5747095840759834,5.7470958411738815,355,session_close,5.768281988304436,-1.5986630258062906,0.5393656170656786
BALY,2026-08-19T14:05:05.000Z,2026-08-19T19:50:05.000Z,-2.1885521885521952,8.742079926317977,8.747756456626096,1.1438925283140335,0.006493340606204961,0.06493340664879287,345,session_close,2.0352144476098344,-2.9979127224516344,0.011438925283139056
LCID,2026-08-19T14:05:05.000Z,2026-08-19T19:50:05.000Z,0.9532062391681029,5.841178570479471,5.848808144417475,1.7119832711306915,0.013061702947718143,0.13061702952488352,345,session_close,0.3222197248967884,-2.416953509912678,-0.01711983271130535
WEAV,2026-08-19T14:05:05.000Z,2026-08-19T19:50:05.000Z,0.3434065934065922,7.311484920607636,7.288529133362378,1.3677112244937597,-0.03139688788243117,-0.3139688790242493,345,session_close,0,-0.2938516709113381,-0.013677112244936396
SGLY,2026-08-20T13:30:05.000Z,2026-08-20T13:35:05.000Z,55.03355704697983,4.680936276986049,4.269145485494135,2.13632474533928,-0.879718857767025,-8.79718857777439,5,stop,0,-8.778933372932872,0.10681623726696365
LOOP,2026-08-20T13:30:05.000Z,2026-08-20T13:35:05.000Z,43.80138642592295,0.8942866333112145,0.8402308869561722,11.182097114362742,-0.6044566053314427,-6.044566064338203,5,stop,0,-6.025655679509834,-0.5915329373497897
PWCM,2026-08-20T13:30:05.000Z,2026-08-20T13:35:05.000Z,10.909090909090914,1.8404189152767456,1.7796218861555444,5.43354551184297,-0.33034342471488926,-3.303434267956277,5,stop,0,-3.2828892800017995,-0.38034818582900876
HUIZ,2026-08-20T13:30:05.000Z,2026-08-20T13:40:05.000Z,110.27397260273975,3.080616724929671,2.3295335968093793,3.2461032619230172,-2.438093392166622,-24.380933922815036,10,stop,0,-24.365793993629868,0.09738309785768884
PLRZ,2026-08-20T13:40:05.000Z,2026-08-20T13:45:05.000Z,-1.2511170688114248,11.094069172501282,10.387880413127073,0.9013824623008637,-0.6365461627739165,-6.365462017531216,5,stop,0,-6.346356432015476,-0.3154838618053013
BTCT,2026-08-20T13:45:05.000Z,2026-08-20T13:50:05.000Z,63.14091072068844,1.3702747109392264,1.279742500755528,7.297806723810407,-0.6606865722000103,-6.606865722687449,5,stop,0,-6.588073925508664,-0.9487148740953515
CJMB,2026-08-20T13:45:05.000Z,2026-08-20T13:50:05.000Z,29.518072289156617,3.2406505208243295,2.7594266695839282,3.0858001917141253,-1.4849606524150398,-14.849606526469614,5,stop,0,-14.831914695388559,-0.617160038342826
OMH,2026-08-20T13:45:05.000Z,2026-08-20T13:50:05.000Z,34.14043583535109,0.11142242818857978,0.10687835825722278,89.74853770371621,-0.4078236315627171,-4.078236316719174,5,stop,0,-4.058813169037823,-0.7179883016297293
STKH,2026-08-20T13:45:05.000Z,2026-08-20T14:00:05.000Z,9.714285714285719,3.8608091282836896,3.7292201865208945,2.590130630023362,-0.34083254863217605,-3.408325493192474,15,stop,0,-3.3881273053723904,-0.25901306300233706
SGLY,2026-08-20T13:55:05.000Z,2026-08-20T14:00:05.000Z,23.993288590604035,3.7107462965881752,3.4493067405725832,2.694875693028455,-0.7045471047025701,-7.04547104866671,5,stop,0,-7.026788568863274,-0.3503338400937004
SOC,2026-08-20T13:30:05.000Z,2026-08-20T14:10:05.000Z,7.740585774058584,5.171046097058618,4.9490037682079215,1.9338446820179505,-0.42939537683079954,-4.2939537703405435,40,stop,0.36653904424026607,-4.274688194799737,-0.5994918514255652
LOOP,2026-08-20T13:55:05.000Z,2026-08-20T14:10:05.000Z,41.4315653715944,0.8805785146345242,0.8402302266009822,11.356170776599413,-0.45820204945232496,-4.582020497091976,15,stop,6.327827040908729,-4.562740739955462,-0.5167057703352729
BEEM,2026-08-20T13:55:05.000Z,2026-08-20T14:20:05.000Z,11.570247933884303,1.3602759813519956,1.3097324867075826,7.35144936112261,-0.37156794141257393,-3.715679416332645,25,stop,0,-3.696013312094626,-0.36757246805613164
AUPH,2026-08-20T13:40:05.000Z,2026-08-20T15:35:05.000Z,8.163265306122458,17.523585310621332,16.976472773051427,0.5706594748303768,-0.31221495336275695,-3.122149536592214,115,stop,1.0067271408878753,-3.1020210817922944,-0.308156116408405
TGHL,2026-08-20T13:55:05.000Z,2026-08-20T15:40:05.000Z,6.826137689614931,0.7362055403821789,0.6891539559555758,13.583162894274233,-0.6391093357002461,-6.391093498451214,105,stop,9.425962698106982,-6.37125609756064,-0.5637012601123796
BIVI,2026-08-20T13:45:05.000Z,2026-08-20T16:25:05.000Z,33.955223880596996,1.800360470279787,1.6496659027041731,5.554443215431644,-0.8370244184727743,-8.370244185165602,160,stop,20.531417781171825,-8.351686940583637,-0.7776220501604296
MMA,2026-08-20T13:30:05.000Z,2026-08-20T19:50:05.000Z,36.052631578947384,0.5190048089926365,0.571282475191759,19.267644196601847,1.272532992939882,12.725329934494777,380,session_close,76.79990321881944,-0.9450411456025765,1.1435346830683173
HIVE,2026-08-20T13:40:05.000Z,2026-08-20T19:50:05.000Z,5.141843971631199,2.9705978669155075,3.0993747068202575,3.36632571804914,0.4335047880604566,4.335047881740526,370,session_close,6.712525290120808,-2.376554150993593,0.40395908616589793
MFA,2026-08-20T13:40:05.000Z,2026-08-20T19:50:05.000Z,-0.7692307692307776,9.04185192001329,8.907717279676339,1.1059681222952866,-0.1483486363082113,-1.483486364558311,370,session_close,0,-2.232417891809413,-0.13271617467543528
CHWY,2026-08-20T13:40:05.000Z,2026-08-20T19:50:05.000Z,-2.54272613588995,23.404693593836118,23.94519604947351,0.42726472614316124,0.23093763368761602,2.3093763371452054,370,session_close,2.329901923208655,0,0.27772207199305576
SAN,2026-08-20T13:45:05.000Z,2026-08-20T19:50:05.000Z,0.6704304869442623,14.272854921736286,14.187158592001584,0.7006306765328141,-0.060041477478403514,-0.6004147747917926,365,session_close,0.40037594844943847,-1.0008854046342885,-0.04904414735729645
UXRP,2026-08-20T13:55:05.000Z,2026-08-20T19:50:05.000Z,27.66599597585515,12.732806902805057,13.02714800463164,0.7853727800282038,0.23116748941810733,2.3116749046256113,355,session_close,17.727380258139934,0,0.14136710040507694
COSM,2026-08-20T13:40:05.000Z,2026-08-20T19:55:05.000Z,5.64766839378239,0.20543582373465846,0.21323176820425088,48.67694889516275,0.36985852388061546,3.698589272795474,375,session_close,6.894696362030817,-1.818486993526347,0.25248474447581337
PUSA,2026-08-21T13:30:05.000Z,2026-08-21T13:35:05.000Z,6.156156156156167,3.5617531537911895,3.399290034343675,2.8076057290505116,-0.45613238492025887,-4.5613245060114815,5,stop,0,-4.541391466699951,-0.28076057290504863
INV,2026-08-21T13:30:05.000Z,2026-08-21T13:40:05.000Z,7.333333333333325,1.6303781038190976,1.5696793186695035,6.133546508286142,-0.3722988217115039,-3.722988244715112,10,stop,0,-3.7033191060198978,-0.3066773254143058
PSEC,2026-08-21T13:30:05.000Z,2026-08-21T13:40:05.000Z,0.8771929824561431,2.3215793118284185,2.2495248189690327,4.307411199410648,-0.310368329510373,-3.1036843106013667,10,stop,0,-3.0832163029590576,-0.21537055997053223
ELAB,2026-08-21T13:35:05.000Z,2026-08-21T13:40:05.000Z,3.2786885245901676,6.391346198456305,6.158699606357465,1.5646156016294899,-0.3640024876637772,-3.640024884820524,5,stop,0,-3.619678722961084,-0.5945539286192076
SKYQ,2026-08-21T13:35:05.000Z,2026-08-21T13:40:05.000Z,0.9380863039399667,2.7106304436845785,2.6192934915402675,3.6891786364278074,-0.3369583325672213,-3.3695833512500544,5,stop,0,-3.3435189918911923,-0.29513429091422516
AIRE,2026-08-21T13:40:05.000Z,2026-08-21T13:45:05.000Z,-0.34965034965035446,1.4403319266055141,1.3497215757330114,6.942844038225949,-0.6290935343567167,-6.290935387792701,5,stop,0,-6.271604825035215,-0.555427523058075
HOWL,2026-08-21T13:30:05.000Z,2026-08-21T13:50:05.000Z,127.34230055658627,0.9815972930127462,0.9006196447932653,10.18747715494717,-0.8249579412973105,-8.249579414684618,20,stop,0.8560238549012222,-8.231205769196947,-0.5918924227024309
GOSS,2026-08-21T13:35:05.000Z,2026-08-21T13:55:05.000Z,0.28644195898352987,0.15863206332303464,0.15046947141190603,63.03895811567948,-0.5145612896010208,-5.145612898261621,20,stop,0.10586553149938283,-5.126367994391334,-0.6240856853452268
KNRX,2026-08-21T13:40:05.000Z,2026-08-21T13:55:05.000Z,15.727272727272723,0.38347910364834287,0.3584272444174697,26.07704016156837,-0.6532783392854368,-6.5327834013730675,15,stop,5.4033964705045845,-6.513810898872119,-0.3885478984073689
AEVA,2026-08-21T13:45:05.000Z,2026-08-21T13:55:05.000Z,2.861685214626397,19.443945525723905,18.76621248593756,0.5142989102065512,-0.3485573637730894,-3.485573639823859,10,stop,0,-3.4660944962651263,-0.3445802698383904
JATT,2026-08-21T13:50:05.000Z,2026-08-21T14:10:05.000Z,37.73584905660379,19.214031210861535,14.966989111113222,0.5204529892551576,-2.210385756306511,-22.103857608743212,20,stop,7.9939954936171675,-22.088187347496437,-2.076607427128077
SUGP,2026-08-21T13:35:05.000Z,2026-08-21T14:25:05.000Z,34.17266187050363,3.7407504013551116,3.4792971168825133,2.6732604225851104,-0.6989327177354833,-6.989327178255067,50,stop,7.465069001763069,-6.970537282055844,-1.2296997943891501
ADXN,2026-08-21T13:55:05.000Z,2026-08-21T14:40:05.000Z,6.345733041575463,4.890985051362585,4.71893785103161,2.0445779106010313,-0.3517639053774619,-3.517639054796214,45,stop,4.682389053174751,-3.495922591604539,-0.040891558212022616
SXTC,2026-08-21T13:40:05.000Z,2026-08-21T14:45:05.000Z,9.779614325068863,4.010835946474813,3.889182542203974,2.493245826009198,-0.3033118424180795,-3.033118429532436,65,stop,3.719026544984705,-3.0127371971176653,-0.1994596660807364
JUNS,2026-08-21T13:30:05.000Z,2026-08-21T16:55:05.000Z,59.381044487427474,8.26165675968058,6.378721641295718,1.2104109732139339,-2.1556880311725792,-21.556880314216805,205,stop,26.60898781280785,-22.77577990002735,-2.6132772911688837
STUB,2026-08-21T13:55:05.000Z,2026-08-21T19:15:05.000Z,1.171303074670571,6.92147323484,6.708654274167221,1.4447791146855997,-0.3074763895891272,-3.07476390433082,320,stop,0,-3.05532113850453,-0.2745080317902655
PURR,2026-08-21T13:30:05.000Z,2026-08-21T19:50:05.000Z,4.265873015873023,10.532111589469055,10.617874504995278,0.9494772167942711,0.08142993433800014,0.814299343466662,380,session_close,4.2525984151059015,-0.8745785561288355,-0.4652438362291935
BEKE,2026-08-21T13:35:05.000Z,2026-08-21T19:50:05.000Z,2.0306062389641166,17.363476239170126,17.776437841041137,0.5759215413876743,0.2378334822834757,2.3783348229510297,375,session_close,2.3988500637346144,-2.0357458051672883,0.23036861655507046
ZKH,2026-08-21T13:35:05.000Z,2026-08-21T19:50:05.000Z,-0.34482758620688614,2.9106175442202766,2.8894184394751856,3.4356970031811986,-0.07283370064283352,-0.7283370083158771,375,session_close,0,-1.7390654543668949,-0.034356970031813816
USDE,2026-08-21T13:45:05.000Z,2026-08-21T19:50:05.000Z,33.00000000000001,5.33106648695382,7.848427518720653,1.8757972770156253,4.689239312635766,46.89239312721471,365,session_close,60.7558266431772,-2.4585415934047283,4.625716085120532
LUCY,2026-08-24T13:30:05.000Z,2026-08-24T13:35:05.000Z,44.758005556367905,0.9919998222325273,0.9213153274426091,10.080646964759424,-0.7125454378595414,-7.125454380711521,5,stop,0,-7.10683819215463,0.07258065814626846
PMI,2026-08-24T13:30:05.000Z,2026-08-24T13:35:05.000Z,39.25233644859816,4.4809020843131995,4.109173962131649,2.231693486959695,-0.8295832291923235,-8.295832294191408,5,stop,0,-8.277397660878549,-0.22316934869597027
CYPH,2026-08-24T13:30:05.000Z,2026-08-24T13:35:05.000Z,28.873239436619723,1.8403819964222583,1.7296522301532673,5.433654536749023,-0.6016672968406619,-6.016672977906326,5,stop,0,-5.997776365822061,0.16300963610247088
CAPR,2026-08-24T13:30:05.000Z,2026-08-24T13:35:05.000Z,27.344992050874396,8.051612028551057,6.958606890986013,1.2419873143459255,-1.3574985153707084,-13.574985154391975,5,stop,0,-13.557682917162373,-1.0060097246202009
BTCT,2026-08-24T13:30:05.000Z,2026-08-24T13:40:05.000Z,43.42105263157894,1.6403302892936664,1.5296935273049046,6.096333197319242,-0.6744785649559963,-6.744785651455751,10,stop,3.0280310636537466,-6.726102054798677,-0.18288999591957733
XPON,2026-08-24T13:35:05.000Z,2026-08-24T13:40:05.000Z,143.0858806404658,8.371674252861192,7.548489608026672,1.1945041932946536,-0.9832975101106047,-9.832975101165458,5,stop,0,-9.814933405708759,-0.5375268869825955
ZSTK,2026-08-24T13:40:05.000Z,2026-08-24T13:45:05.000Z,1.0615711252653925,4.811016183220113,4.5989895250798964,2.0785629470722773,-0.4407107554018153,-4.407107564504241,5,stop,0,-4.386104207175546,-0.6651401430631285
INCR,2026-08-24T13:40:05.000Z,2026-08-24T13:45:05.000Z,26.115547205260683,5.421133661776233,4.988972215128251,1.8446326183299466,-0.7971791008715253,-7.971791023990078,5,stop,0,-7.952832168963198,-0.7378530473319795
MVIS,2026-08-24T13:35:05.000Z,2026-08-24T13:50:05.000Z,6.024096385542177,1.7703830196112857,1.7091079472227273,5.648495186495959,-0.34611195143896384,-3.4611195266667387,15,stop,0,-3.4107319683027604,-0.33890971118975877
OLOX,2026-08-24T13:35:05.000Z,2026-08-24T13:50:05.000Z,13.875598086124397,2.390479943153725,2.2895318931610453,4.183260364516923,-0.4222919764096494,-4.222919764785824,15,stop,0,-4.203337636925042,-0.5438238473872019
LGHL,2026-08-24T13:45:05.000Z,2026-08-24T13:50:05.000Z,33.96381578947369,0.817163675752957,0.7636462685638176,12.237450459492932,-0.6549166191976048,-6.549166192418801,5,stop,0,-6.5303533840740275,0.3781372191983312
AAOZ,2026-08-24T13:40:05.000Z,2026-08-24T14:10:05.000Z,35.00939849624061,14.382883111759131,13.917199900840302,0.6952708939720752,-0.32377598236332095,-3.2377598239541894,30,stop,0.32759001011657407,-3.2182915494925246,-0.31287190228743356
BEZ,2026-08-24T13:30:05.000Z,2026-08-24T14:25:05.000Z,9.899328859060397,13.163015936586525,12.607094191051965,0.759704309508422,-0.4223361458320496,-4.223361486552476,55,stop,3.471727646726386,-4.201285930600607,-0.8964510852199385
JMKE,2026-08-24T13:40:05.000Z,2026-08-24T14:30:05.000Z,0.37720033528920727,23.98481289192633,23.245316125125477,0.41693049863034964,-0.30831875571781175,-3.083187557613931,50,stop,0,-3.0636590547415965,-0.2584969091508178
NCTY,2026-08-24T13:40:05.000Z,2026-08-24T16:30:05.000Z,5.536332179930792,6.1513526423088996,5.858768430465248,1.625658702667848,-0.47564207024684557,-4.756420723326158,170,stop,15.584334266540667,-4.736399605917252,-0.9103688734939954
SNAP,2026-08-24T13:35:05.000Z,2026-08-24T19:50:05.000Z,-0.667938931297718,5.211048171902659,5.508897487970859,1.9189997228457758,0.5715727549846803,5.715727551208753,375,session_close,5.73688475399734,-0.020114415911764993,0.5565099196252739
ALKT,2026-08-24T13:35:05.000Z,2026-08-24T19:50:05.000Z,1.422963689892054,20.71591454338358,20.31586761681798,0.48272065105669454,-0.1931109128449765,-1.9311091756427965,375,session_close,0,-2.780058501291316,-0.2027426734438098
SDOT,2026-08-24T13:35:05.000Z,2026-08-24T19:50:05.000Z,63.42943854324734,21.584319729817153,24.455071452655762,0.463299289707974,1.3879184858267362,13.879184858747445,375,session_close,36.48797075269032,0,0.8465636271188952
PSKY,2026-08-24T13:40:05.000Z,2026-08-24T19:50:05.000Z,-0.48309178743960457,10.31209171342007,10.397896039989147,0.9697353623358675,0.0832074897154491,0.8320748976409128,370,session_close,2.113133713661064,-1.571860665369429,0.11636824348030217
VBIO,2026-08-24T13:45:05.000Z,2026-08-24T19:50:05.000Z,-2.446982055464919,0.1203662664724093,0.16666513003272845,83.07973953881925,3.8423506379459336,38.423513803697254,365,session_close,50.12511835400375,-1.1350908460075027,3.6567547358011314
TNMG,2026-08-25T13:30:05.000Z,2026-08-25T13:35:05.000Z,64.27404148334381,0.656031560269871,0.6150765861850092,15.243169085834296,-0.6242835948815104,-6.242835949540937,5,stop,0,-6.224023773044419,-0.4572950725750289
SWVL,2026-08-25T13:30:05.000Z,2026-08-25T13:50:05.000Z,57.14285714285712,2.320465695782267,2.2495496483871356,4.3094797810238274,-0.305611272399446,-3.0561127244427713,20,stop,4.720358694240789,-3.036704912740018,-0.43094797810238106
PSNYW,2026-08-25T13:35:05.000Z,2026-08-25T13:55:05.000Z,82.26582883180834,5.001050019513613,4.739013059944285,1.9995800761793192,-0.5239638835774344,-5.239638846779883,20,stop,7.577408324407076,-5.219904190020519,-0.5398866205684154
BEX,2026-08-25T13:35:05.000Z,2026-08-25T13:55:05.000Z,9.869646182495352,23.634733348658813,23.155342775696507,0.42310610624869366,-0.20283307869841138,-2.0283307871104426,20,rotation_for_stronger_continuation,0,-2.347110671719488,-0.2242462363118083
WVVIP,2026-08-25T13:50:05.000Z,2026-08-25T14:00:05.000Z,291.3207547169811,10.452094911185847,9.118162273717088,0.9567460001110424,-1.276234715315809,-12.762347154360251,10,stop,7.4425758225907135,-12.74476478165385,-2.985047520346452
TNMG,2026-08-25T13:55:05.000Z,2026-08-25T14:10:05.000Z,61.81018227529855,0.645329276581308,0.6159760025465466,15.181655746747001,-0.445631301435675,-4.548573123826507,15,stop,0,-4.529358521614402,-0.23379749849990183
DAIC,2026-08-25T13:55:05.000Z,2026-08-25T14:20:05.000Z,139.59537572254334,4.160832867595174,3.299315166722218,2.2774373296859793,-1.9620525721533086,-20.705414715945683,25,stop,5.26738610703914,-20.688955672778732,-1.958596103529941
SMTG,2026-08-25T13:35:05.000Z,2026-08-25T14:25:05.000Z,9.540034071550242,6.502225608951009,6.067362941360405,1.5379348724453905,-0.6687904612122179,-6.6879049381487015,50,stop,1.3499130348255006,-6.647348691746469,-0.3383456719379865
RIME,2026-08-25T13:30:05.000Z,2026-08-25T14:45:05.000Z,-2.8887523048555686,0.3187906401090069,0.3065259407859085,31.368548827449416,-0.3847258195705971,-3.8472582880427715,75,stop,3.5475821646225425,-3.824026986751694,-0.5960024277215386
AIXI,2026-08-25T13:50:05.000Z,2026-08-25T15:05:05.000Z,177.55255468550234,1.2802609997806382,1.129773775057616,7.810907302300292,-1.1754417624919593,-11.7544176342798,75,stop,16.382518896951392,-11.736747413721439,-0.5467635111610214
EHTH,2026-08-25T13:50:05.000Z,2026-08-25T15:40:05.000Z,-0.40650406504064707,1.241798,1.1991477551020406,5,-0.2132512244897966,-3.4345557729968417,110,stop,0,-3.3659258591171803,-0.15000000000000036
EYPT,2026-08-25T14:10:05.000Z,2026-08-25T16:35:05.000Z,7.186858316221767,5.231111067583298,5.048985562748428,1.5437066416056944,-0.28114835141937883,-3.481583596331659,145,stop,0.7434163013225303,-3.46219121030763,-0.2624301290729685
COHX,2026-08-25T13:30:05.000Z,2026-08-25T16:45:05.000Z,9.31506849315069,24.014982207739,23.193259861757387,0.41640672051825034,-0.34217070726676635,-3.421707077995697,195,stop,1.1868332434955997,-3.3936406893375293,-0.07911727689846693
AXTL,2026-08-25T13:30:05.000Z,2026-08-25T17:05:05.000Z,9.818181818181815,3.050646046590128,2.9279132932911187,3.2779941763970477,-0.40231725056732853,-4.0231725157428375,215,stop,2.9290173964871435,-3.95477039117601,-0.2622395341117638
AVXL,2026-08-25T13:30:05.000Z,2026-08-25T19:50:05.000Z,9.0032154340836,3.4108936295493124,3.5592667862858653,2.9317829646639257,0.4349978933336365,4.349979004069902,380,session_close,7.010079950288017,0,0.2638604668197537
SMCX,2026-08-25T13:35:05.000Z,2026-08-25T19:50:05.000Z,9.79667282809611,11.902382705993928,12.547467540880831,0.8401679097840534,0.5419795773603209,5.419795773849927,375,session_close,7.961576412165439,0,0.5797158577509975
BZ,2026-08-25T13:35:05.000Z,2026-08-25T19:50:05.000Z,4.145077720207246,16.113226326639136,16.126770519474196,0.6206081759634807,0.008405636810263906,0.08405636810715918,375,session_close,1.9038624986834174,-2.2542122804955156,-0.07447298111561906
PFXF,2026-08-25T13:35:05.000Z,2026-08-25T19:50:05.000Z,0.3353828954723248,17.974010573692922,17.956167802763428,0.5563588553191022,-0.009926983610054447,-0.09926983661403521,375,session_close,0.08895858963429149,-0.4674002685626566,0
NCPL,2026-08-25T13:50:05.000Z,2026-08-25T19:50:05.000Z,15.565115369573723,0.297160012168323,0.5810822512559457,33.65190330625766,9.422135044833844,94.22135048626485,360,session_close,140.51015302663475,-2.880607019047454,9.632520802383192
GRML,2026-08-25T13:50:05.000Z,2026-08-25T19:50:05.000Z,2.8070175438596356,8.831768985537803,9.62802807949628,0.37287101777159737,0.3116278202767519,9.463022946324957,360,session_close,29.305918425860966,0,0.27228906072770886
EIKN,2026-08-25T14:10:05.000Z,2026-08-25T19:50:05.000Z,4.659498207885293,11.752440331799214,12.427271196355104,0.8508871095460063,0.5742048837743937,5.742048846910234,340,session_close,8.23284050702906,-0.9567402907375566,0.5445677501094437
METG,2026-08-26T13:30:05.000Z,2026-08-26T13:35:05.000Z,8.379013312451056,13.892940725964683,13.467063852860518,0.7197900122407265,-0.30654191970468964,-3.0654192046485824,5,stop,0,-3.044285110741485,-0.39588450673239883
EXYN,2026-08-26T13:30:05.000Z,2026-08-26T13:40:05.000Z,8.695652173913038,3.540827133268977,3.3785466553651142,2.8241988510043394,-0.4583123392365241,-4.583123428396275,10,stop,0,-4.542078085594015,-0.36714585063056404
NUWE,2026-08-26T13:30:05.000Z,2026-08-26T13:40:05.000Z,8.423686405337772,1.0502185819044496,0.9997897491308695,9.521827317942764,-0.4801746375154426,-4.801746383322725,10,stop,0,-4.781726658595586,-0.2704198958295745
ACTU,2026-08-26T13:35:05.000Z,2026-08-26T13:40:05.000Z,8.860759493670889,1.7304782385736501,1.6695842714158693,5.778749230027528,-0.3518909658263476,-3.5189097326050636,5,stop,0,-3.4948858197430765,-0.4045124461019274
SMU,2026-08-26T13:35:05.000Z,2026-08-26T13:40:05.000Z,7.447577729573385,7.461495908337045,7.1685549364774435,1.3402138286742515,-0.3926035414715126,-3.926035415127496,5,stop,0,-3.9066684739630375,-0.2412384891613648
VNRX,2026-08-26T13:35:05.000Z,2026-08-26T13:45:05.000Z,8.450338013520554,0.4191848656120846,0.35712822491784635,23.855823087379797,-1.4804122417988421,-14.804122425466032,10,stop,0,-14.786999888837983,-0.8373393903670294
AEON,2026-08-26T13:40:05.000Z,2026-08-26T13:45:05.000Z,7.361963190184029,0.22974689650448374,0.21812286928369617,43.52615919364484,-0.5059492592832605,-5.059492597133172,5,stop,0,-4.938868240277749,-0.13057847758093466
CRE,2026-08-26T13:40:05.000Z,2026-08-26T13:45:05.000Z,162.4513618677043,6.761354311910802,6.098777936558564,1.478993636186018,-0.9799462426331581,-9.799462427002874,5,stop,0,-9.78138818647265,-1.1388250998632348
YFOR,2026-08-26T13:40:05.000Z,2026-08-26T13:50:05.000Z,73.04347826086959,2.0004007330447053,1.869625226901051,4.998998367714694,-0.6537465417491912,-6.53746541797192,10,stop,0,-6.5187305168714405,-0.3999198694171753
TRUG,2026-08-26T13:45:05.000Z,2026-08-26T13:50:05.000Z,9.914529914529924,0.6460380142201724,0.6076707551383083,15.47896524765853,-0.5938854699760857,-5.938854717113967,5,stop,0,-5.918848949829858,-0.3869741311914616
MOVE,2026-08-26T13:45:05.000Z,2026-08-26T13:50:05.000Z,9.687836383207781,10.312261159507317,9.317382851246915,0.9697194245728823,-0.9647528206063196,-9.647528246927502,5,stop,0,-9.622149246991373,-0.9988110073100689
NXXT,2026-08-26T13:30:05.000Z,2026-08-26T14:00:05.000Z,7.6449912126537845,0.24687335440373886,0.23355117716403376,40.5065979487535,-0.5396360772507695,-5.396360928412671,30,stop,3.615880546453165,-5.376584457969291,-0.10126649487188288
SOGP,2026-08-26T13:40:05.000Z,2026-08-26T14:00:05.000Z,9.135004042037199,13.602784669811502,13.13626422628377,0.7351435925070878,-0.3429595148329775,-3.429595151668291,20,stop,1.964416379989653,-3.4021318505361164,-0.5881148740056705
DAIC,2026-08-26T13:45:05.000Z,2026-08-26T14:05:05.000Z,50.25773195876289,5.841169205728639,5.198959587039025,1.7119860163919556,-1.0094717598791436,-10.094717599208614,20,stop,3.4039553943474354,-10.976727143939302,-1.1770306309826104
SMMT,2026-08-26T13:35:05.000Z,2026-08-26T14:30:05.000Z,9.019461077844326,14.58291961586014,14.127168610522775,0.685733739396578,-0.3125238411237414,-3.125238411392587,55,stop,2.17432717516326,-3.1058226184525584,-0.24000680878880232
DFSC,2026-08-26T13:35:05.000Z,2026-08-26T14:50:05.000Z,8.176100628930815,1.740447299064658,1.7096491306266781,5.745649327445061,-0.33898538543694307,-3.389853904090308,75,stop,6.869079057986505,-3.473089883108982,-0.3952389596467025
CLGN,2026-08-26T13:45:05.000Z,2026-08-26T15:15:05.000Z,9.275862068965512,0.31966283999999995,0.30483311770380833,12.950000000000001,-0.18093986725472305,-4.37091484315169,90,stop,0,-4.618253407246198,
MTEN,2026-08-26T13:40:05.000Z,2026-08-26T17:50:05.000Z,9.80392156862746,1.1303672768571542,1.0796247597279467,8.846681780746566,-0.44890290179618075,-4.489029200340157,250,stop,5.275517467972635,-4.4558328862096985,-0.26540045342239615
ZCMD,2026-08-26T13:30:05.000Z,2026-08-26T19:50:05.000Z,9.731958762886595,0.7999786139428576,0.7951902742902205,12.500334100979419,-0.059855845446932,-0.598558457586364,380,session_close,7.277867813263961,-2.4223914996109985,0.04500120276352604
QUBT,2026-08-26T13:30:05.000Z,2026-08-26T19:50:05.000Z,-0.23640661938534313,8.461779363659156,8.358294395514624,1.1817845335499575,-0.12229693480811744,-1.2229693507369024,380,session_close,0.6880424771045668,-2.1482404095744423,-0.18908552536799306
FTCI,2026-08-26T13:35:05.000Z,2026-08-26T19:50:05.000Z,7.788944723618085,2.1606416692513224,2.2282891706220624,4.628254584741225,0.313089858365416,3.130898673919419,375,session_close,5.524207574411721,-2.806650918304976,0.18513018338964926
QBTZ,2026-08-26T13:40:05.000Z,2026-08-26T19:50:05.000Z,7.301587301587298,3.390680240135554,3.729231129433611,2.9492607059504086,0.9984748347713265,9.984748349036959,370,session_close,10.0074243465341,-0.609914196294925,1.0912264612016518
SOAR,2026-08-26T13:45:05.000Z,2026-08-26T19:50:05.000Z,49.16879795396418,0.23394682347145906,0.24934984677899086,16.29215871903598,0.2694772356294535,7.070112079185674,365,session_close,39.305161388420814,-1.558825812355591,0.37199071395238903
TITN,2026-08-27T13:30:05.000Z,2026-08-27T13:35:05.000Z,-1.9138755980861233,18.593932915838664,17.46630192663335,0.5378098340361609,-0.6064510351585424,-6.064510366415152,5,stop,0,-6.044621764130809,-0.048402885063254075
MERC,2026-08-27T13:30:05.000Z,2026-08-27T13:35:05.000Z,57.409200968523024,0.6521370048536841,0.6121768555252838,15.334201102361012,-0.6127569658820666,-6.127569671861501,5,stop,0,-6.108686450421885,-0.5949670027716092
VNRX,2026-08-27T13:35:05.000Z,2026-08-27T13:40:05.000Z,100.47169811320754,0.6816363837603382,0.6493698601393604,14.67057838753816,-0.4733685640749067,-4.733685640865475,5,stop,0,-4.714593370596443,-0.5941584246952942
MIMI,2026-08-27T13:35:05.000Z,2026-08-27T13:40:05.000Z,37.22222222222222,2.4904993015782426,2.319532418530901,4.015259105921041,-0.6864763339667753,-6.864763340387158,5,stop,0,-6.845988732869612,0.16061036423684172
NCPL,2026-08-27T13:35:05.000Z,2026-08-27T13:40:05.000Z,31.84904153354633,0.6620326234960552,0.6199755640028753,15.104995802858094,-0.6352717071250346,-6.352717071718511,5,stop,0,-6.333921019574207,-0.27642142319230345
LNAI,2026-08-27T13:35:05.000Z,2026-08-27T13:45:05.000Z,4.166666666666674,2.5205206632238157,2.3089791723720445,3.96743424176116,-0.8392769543585222,-8.392769555049146,10,stop,0,-8.352268890132963,-0.5554407938465626
NMTC,2026-08-27T13:35:05.000Z,2026-08-27T13:45:05.000Z,58.00000000000001,3.2006519598581664,3.0593878583711707,3.1243634477614566,-0.44136039516683434,-4.413603955028454,10,stop,0,-4.394478425714221,-0.7810908619403651
MTLS,2026-08-27T13:30:05.000Z,2026-08-27T13:50:05.000Z,7.6461769115442335,7.232761287046864,6.978581525542327,1.382597725609277,-0.35142836015208057,-3.5142838456420016,20,stop,0,-3.4946720486895178,-0.12443379530483512
WKSP,2026-08-27T13:45:05.000Z,2026-08-27T13:55:05.000Z,27.686274509803923,0.6530315741635984,0.6322702585375808,15.313195245942023,-0.31792207974383413,-3.17922079841371,10,stop,0,-3.1593532349524223,-0.2832941120499264
OBAI,2026-08-27T13:50:05.000Z,2026-08-27T13:55:05.000Z,36.473880597014926,0.44108834348899,0.33483272649332385,22.67119534433568,-2.4089418493416614,-24.089418494986457,5,stop,0,-24.07416678687193,-0.0770820641707406
VNCE,2026-08-27T13:45:05.000Z,2026-08-27T14:00:05.000Z,20.34700315457414,7.67172192773369,7.408279156071501,1.3034883223352796,-0.3433945764653026,-3.4339457835382294,15,stop,0,-3.4115147837612603,-0.5083604457107604
PPCB,2026-08-27T13:35:05.000Z,2026-08-27T14:15:05.000Z,213.55140186915884,3.3706741627785197,3.129372860778566,2.96676555400424,-0.7158843909098377,-7.158843909167537,40,stop,9.176972388410753,-7.140238158770195,-1.127370910521611
GNS,2026-08-27T13:45:05.000Z,2026-08-27T14:30:05.000Z,11.420289855072463,0.1929396626613265,0.18698045489692344,51.82967488657599,-0.30886380101057004,-3.08863801366931,45,stop,1.2751848452187797,-3.0266781753304217,-0.1554890246597278
EPOW,2026-08-27T13:50:05.000Z,2026-08-27T14:40:05.000Z,1.0950605778191846,0.4375982042353111,0.4037156520462644,22.852013212818733,-0.774284530308115,-7.742845345596278,50,stop,4.182328809294522,-7.723570139958047,-0.6444267726014878
WNW,2026-08-27T13:30:05.000Z,2026-08-27T15:25:05.000Z,30.241935483870996,3.2406621086544134,3.1193589899961753,3.0857891553696444,-0.3743158480681082,-3.7431584840113272,115,stop,10.471251860518294,-3.723378266810873,-0.4011525901980555
EOSE,2026-08-27T13:30:05.000Z,2026-08-27T17:40:05.000Z,4.790419161676662,3.510751269958889,3.3993153596783925,2.8483931788419397,-0.31741328672100855,-3.17413287674468,250,stop,0,-3.1546316284658316,-0.256355386095775
PURR,2026-08-27T13:30:05.000Z,2026-08-27T19:50:05.000Z,5.795847750865057,12.2524666167844,12.997399209338468,0.8161621908498334,0.6079858167743748,6.0798581694040355,380,session_close,14.834020283930416,-0.9179100037729038,0.7835157032158389
OWL,2026-08-27T13:45:05.000Z,2026-08-27T19:50:05.000Z,2.2881355932203418,12.082443692160094,12.057582440185076,0.8276471424280054,-0.020576344154306425,-0.20576344163846483,365,session_close,0.9729514230319536,-0.6823428625915229,-0.04965882854567916
CRMG,2026-08-27T13:45:05.000Z,2026-08-27T19:50:05.000Z,36.43815201192253,9.171836564141406,9.73802082862133,1.0902941771265857,0.6173074067431599,6.173074067777238,365,session_close,6.739799946669245,-1.4374063822380045,0.6759823898184845
FNGR,2026-08-27T13:45:05.000Z,2026-08-27T19:50:05.000Z,2.164502164502169,0.16635066990403022,0.1731138575574302,60.11393643136703,0.40656183266989254,4.065620930352576,365,session_close,8.265268846769258,-1.713650991411575,0.42079755501957017
HYLN,2026-08-28T13:30:05.000Z,2026-08-28T13:35:05.000Z,9.237536656891487,3.7618019168724963,3.599237124190862,2.6583001665337935,-0.43214601545812,-4.321460732754055,5,stop,0,-4.301181201136073,-0.2126640133227049
RGNX,2026-08-28T13:30:05.000Z,2026-08-28T13:35:05.000Z,7.790821771611545,10.15216175896961,9.787965124471171,0.9850118831610308,-0.3587380127882174,-3.5873801377983883,5,stop,0,-3.567336371976493,-0.3841546344328002
EMAT,2026-08-28T13:30:05.000Z,2026-08-28T13:35:05.000Z,7.2555205047318605,3.442331622267042,3.2092491639610157,2.905006797563011,-0.677106125771704,-6.771063450084556,5,stop,0,-6.749251605051166,-0.23240054380504205
XTNT,2026-08-28T13:35:05.000Z,2026-08-28T13:40:05.000Z,7.333333333333325,0.3576813363203491,0.3393288695775873,27.957846614115084,-0.5130954501847829,-5.130954533877284,5,stop,0,-5.111067999359031,-0.25162061952703496
XPON,2026-08-28T13:35:05.000Z,2026-08-28T13:45:05.000Z,8.030112923462983,8.641754385437208,8.368200539723976,1.1571724383479236,-0.3165489706634329,-3.165489708596858,10,stop,0,-3.1446668502307817,-0.4512972509556903
DFDVW,2026-08-28T13:35:05.000Z,2026-08-28T13:45:05.000Z,6.874999999999987,0.8623708806798065,0.7918185918379009,11.595920573695647,-0.8181187377031706,-8.181200272705084,10,stop,0,-8.136972415452014,-1.2755512631065198
ABVC,2026-08-28T13:35:05.000Z,2026-08-28T13:45:05.000Z,6.811612416739976,0.861347145,0.8320718423076924,5.050000000000001,-0.14784027859615342,-3.39878095170416,10,stop,0,-3.3606827593304356,-0.10049500000000045
PSQL,2026-08-28T13:45:05.000Z,2026-08-28T13:50:05.000Z,60.061287027579205,15.713195487943288,14.057176957035212,0.6364077886480211,-1.0539030912153533,-10.539030919450704,5,stop,0,-10.521064854133467,-1.648296172598375
QNRX,2026-08-28T13:45:05.000Z,2026-08-28T13:50:05.000Z,55.965082444228884,8.05161046427005,7.458507202609836,1.2419875556897337,-0.7366268702209784,-7.366268702294761,5,stop,0,-7.347728344477044,-0.5837341511741752
WHLR,2026-08-28T13:50:05.000Z,2026-08-28T13:55:05.000Z,24.10714285714284,1.4002833591738828,1.259746380900335,7.1414117218705115,-1.0036324239989751,-10.036324244862806,5,stop,0,-10.018212260741633,-0.7141411721870519
PSQLW,2026-08-28T13:50:05.000Z,2026-08-28T14:05:05.000Z,26.506024096385516,2.131675017205241,1.9790418103094611,4.691144432831256,-0.7754822291037812,-7.7548258663476695,15,stop,0,-9.929985363470673,-1.1904318855210647
UMC,2026-08-28T13:30:05.000Z,2026-08-28T14:10:05.000Z,8.96696381751443,20.814170165095774,20.12596968415267,0.4804419258560373,-0.3306403644393569,-3.3064036446534897,40,stop,0,-3.2870403175769725,-0.3074828325478638
XLABW,2026-08-28T13:50:05.000Z,2026-08-28T14:15:05.000Z,24.895920066611144,0.6060394186519312,0.5818496131099282,16.50057673309948,-0.39914574250457563,-3.991457452686922,25,stop,7.501258160598012,-3.966642748322269,-0.4950173019929842
AEMD,2026-08-28T13:45:05.000Z,2026-08-28T14:20:05.000Z,36.866359447004605,2.980598273283729,2.849427685972642,3.3550311318713137,-0.4400814040145408,-4.400814040819264,35,stop,6.018983783367227,-4.381612727026396,-0.6374559150555505
ETHA,2026-08-28T13:30:05.000Z,2026-08-28T16:25:05.000Z,-0.05299417064124068,18.873783063379864,18.246349844862788,0.5298354847809986,-0.3324363835006974,-3.3243638353270195,175,stop,0.4568079241485945,-3.305024018158653,-0.33379635541203
KLAR,2026-08-28T13:45:05.000Z,2026-08-28T17:40:05.000Z,5.710206995003575,14.822971611836696,14.36710776645273,0.6746285603748277,-0.30753876973831823,-3.075387697699846,235,stop,0.9244326424661109,-3.055875864155211,-0.29683656656492374
FNGR,2026-08-28T13:45:05.000Z,2026-08-28T19:20:05.000Z,136.67820069204151,0.41118226483456816,0.38902206125242467,24.320115080364967,-0.23961781753344918,-2.3961781753867757,335,stop,56.06217847410724,-5.370432220235122,-0.164282377367865
LCID,2026-08-28T13:30:05.000Z,2026-08-28T19:50:05.000Z,-0.5893909626718985,5.081066555728664,4.978989701855886,1.96809072847814,-0.20089650969923248,-2.008965101189065,380,session_close,0.7662455085820641,-2.5795087368200686,-0.13776635099347168
PD,2026-08-28T13:35:05.000Z,2026-08-28T19:50:05.000Z,8.551068883610458,13.742759757916838,13.707234752045657,0.7276558838570107,-0.025849979546219475,-0.258499795506617,375,session_close,2.7450108182662802,-2.9307050767937604,0.07276558838570146
AAOZ,2026-08-28T13:35:05.000Z,2026-08-28T19:50:05.000Z,7.749381698268754,13.10264770137221,13.617226669867073,0.7632045235162389,0.39272899646159976,3.92728996629416,375,session_close,4.864301575940577,-2.691423210098809,0.3129138546416588
KLC,2026-08-28T13:45:05.000Z,2026-08-28T19:50:05.000Z,-0.19762845849802257,2.54053096258616,2.5692922069815043,3.93618504492703,0.11320958006244529,1.1320958027634669,365,session_close,3.915285382414102,-0.020899669950080746,0.19680925224635182
PASW,2026-08-31T13:30:05.000Z,2026-08-31T13:35:05.000Z,8.339709257842376,0.14253411701142912,0.13137230606665787,70.15864071929025,-0.7830974838508481,-7.8309749123967585,5,stop,0,-7.8115452250188895,-0.4419994365315283
PURR,2026-08-31T13:30:05.000Z,2026-08-31T13:35:05.000Z,5.4263565891472965,12.26246592167351,11.737649486867046,0.8154966596108387,-0.427986049493541,-4.27986049591272,5,stop,0,-4.260692139825384,-0.2528039644793587
SHMD,2026-08-31T13:30:05.000Z,2026-08-31T14:05:05.000Z,7.820299500831962,3.2731515910085505,3.149344917261336,3.0551571970032576,-0.3782488503358368,-3.7824912872142966,35,stop,2.0423254815048697,-3.7624774650478088,-0.33606729167035887
WETO,2026-08-31T15:00:05.000Z,2026-08-31T15:05:05.000Z,131.64335664335667,13.27265565104452,12.527492555470596,0.7534287231330442,-0.5614272796241279,-5.614272796381043,5,stop,0,-5.595380989079423,-0.399317223260514
AEHL,2026-08-31T15:00:05.000Z,2026-08-31T15:10:05.000Z,81.07344632768361,6.421291682250765,6.108769291851664,1.557319071057644,-0.4866970787010424,-4.866970788181934,10,stop,0,-4.8478047354742255,-0.373756577053836
CLGN,2026-08-31T15:00:05.000Z,2026-08-31T15:15:05.000Z,93.8268156424581,0.6953392977568571,0.5715854557853662,14.381468200512943,-1.7797619430043,-17.797619431364932,15,stop,5.54559513140398,-17.781146291560624,-1.8580856915062736
VVOS,2026-08-31T15:00:05.000Z,2026-08-31T15:15:05.000Z,43.30813694975546,0.32306477526603666,0.29983982805751613,30.953544813659295,-0.7188944442138115,-7.188944442920247,15,stop,0,-7.170319093736232,-0.8512224823756309
COOT,2026-08-31T15:05:05.000Z,2026-08-31T15:15:05.000Z,33.54347826086956,0.6160273267685143,0.5681859722863761,7.489633536858611,-0.35831421297816346,-7.766109132381987,10,stop,0.8396824307486339,-7.747598961052082,-0.2778654042174544
CVKD,2026-08-31T15:05:05.000Z,2026-08-31T15:20:05.000Z,3.2467532467532534,1.6103690967963622,1.549672855143315,6.20975647933427,-0.3769088798762485,-3.7690888240338922,15,stop,1.2190312918132218,-3.748773924962878,-0.683073212726768
PASW,2026-08-31T15:05:05.000Z,2026-08-31T15:40:05.000Z,38.10252486610557,0.18113631193673893,0.16536669954404967,55.20704210028726,-0.7836596515471946,-7.836596516269467,35,stop,26.09288416988842,-8.687552356832118,-0.4282686290929796
RDHL,2026-08-31T15:00:05.000Z,2026-08-31T15:55:05.000Z,64.14523449319212,1.090225288611047,1.0197948688078036,9.172416096605215,-0.6460171162939333,-6.460171171865975,55,stop,3.648302034859796,-6.441355685347794,-0.4586208048302609
GMEU,2026-08-31T13:30:05.000Z,2026-08-31T17:05:05.000Z,8.200000000000006,5.431194624515371,5.298847115783869,1.8412155423154755,-0.2936500802656479,-2.9365008155776806,215,stop,0.5303690527790561,-3.3361836030970538,-0.3314187976167844
RDHL,2026-08-31T18:55:05.000Z,2026-08-31T19:10:05.000Z,47.36006051437216,0.9780960170861465,0.9291111324813877,10.223945118287398,-0.5008187718246954,-5.00818771869556,15,stop,0,-4.988878007244635,-0.4784806315358523
WETO,2026-08-31T18:55:05.000Z,2026-08-31T19:10:05.000Z,41.43356643356644,8.101642560638489,7.738434931433186,1.2343175991172,-0.44831356886173873,-4.483135691149003,15,stop,0.22658910491435424,-4.463817774379663,-0.37029527973515997
NCRA,2026-08-31T18:55:05.000Z,2026-08-31T19:45:05.000Z,49.20634920634923,2.8305713462854594,2.7294392292698686,3.5328556580316244,-0.35728517180724617,-3.572851719434869,50,stop,7.045526479177044,-3.553040498959281,-0.3532855658031604
GME,2026-08-31T13:30:05.000Z,2026-08-31T19:50:05.000Z,4.644655847789592,18.73376660931192,18.346325764224076,0.533795483115339,-0.20681417308228134,-2.068141731280356,380,session_close,0.03327355794524589,-2.689083406545245,-0.19750432875267698
ATTO,2026-08-31T15:00:05.000Z,2026-08-31T19:50:05.000Z,-2.0772946859903163,20.376548451952914,21.41462553484113,0.49076023022959847,0.5094469481942903,5.094469680848839,290,session_close,5.120845419465936,-1.4062658974290154,0.338624558858422
BMNR,2026-08-31T15:05:05.000Z,2026-08-31T19:50:05.000Z,1.5126050420168013,24.17483894363052,25.15496666946282,0.41365322114070796,0.40543299091984775,4.054329909364464,285,session_close,4.075150443263031,-0.930053532744457,0.430199349986335
KEY,2026-08-31T18:55:05.000Z,2026-08-31T19:50:05.000Z,-1.2779552715654896,21.644391697572445,21.61566508574006,0.4620134459657323,-0.013272080923600792,-0.13272080931527502,55,session_close,0.02591111132119739,-0.15889426717546895,-0.013860403378972208
BETR,2026-08-31T18:55:05.000Z,2026-08-31T19:50:05.000Z,-1.6967509025270666,13.673875228964027,13.667104963180977,0.731321559977438,-0.004951241333922126,-0.049512414510770056,55,session_close,0.3373204030578947,-0.4671333319520632,0.021939646799323143
F,2026-08-31T18:55:05.000Z,2026-08-31T19:50:05.000Z,0.396253602305463,13.94279305112601,13.907216671828532,0.7172164115615662,-0.025515963096090152,-0.2551596309794226,55,session_close,0.19513270242359493,-0.2351971445445855,-0.007172164115615942
TCAN,2026-08-31T13:30:05.000Z,2026-09-01T13:30:05.000Z,7.837866896032697,20.186535190549584,19.665267301757783,0.4953796926822908,-0.2582255265548289,-2.582255369092933,1440,time,0.31439179062351386,-2.5588105421449514,-0.158521501658333
BLSM,2026-09-01T13:30:05.000Z,2026-09-01T13:35:05.000Z,9.781420765027327,20.21654119100903,18.775520524727906,0.4946444352352642,-0.71279285363497,-7.127928821582956,5,stop,0,-7.105771345535139,-0.4946444352352657
FTCI,2026-09-01T13:30:05.000Z,2026-09-01T13:35:05.000Z,8.936170212765958,2.5808819071170888,2.4794629353931485,3.8746443561520723,-0.3929624463969115,-3.9296246544355764,5,stop,0,-3.908815309948699,-0.2712251049306449
CAPR,2026-09-01T13:30:05.000Z,2026-09-01T13:40:05.000Z,8.779011099899092,10.83222677038839,10.437900597970469,0.9231712186640536,-0.36403057314218407,-3.640305735620993,10,stop,0,-3.620924660297964,0.03692684874656216
SST,2026-09-01T13:30:05.000Z,2026-09-01T13:50:05.000Z,8.92857142857142,2.4607257944388694,2.3495202467138814,4.063841547179246,-0.4519217251216308,-4.519217377909706,20,stop,3.6279623582150533,-4.499720963997889,-0.44702257018971636
MSTZ,2026-09-01T13:35:05.000Z,2026-09-01T13:50:05.000Z,9.7938144329897,5.331068940655923,5.138969024530124,1.8757964134793885,-0.36034033369846513,-3.6034033373832797,15,stop,1.293006339092595,-3.5840643364933644,-0.3751592826958756
AMBR,2026-09-01T13:35:05.000Z,2026-09-01T13:55:05.000Z,8.62068965517242,1.2702582705183671,1.2097507365171924,7.872414787807104,-0.4763404054445889,-4.763404057702594,20,stop,0,-4.743781002408031,-0.7872414787807109
NVNI,2026-09-01T13:35:05.000Z,2026-09-01T13:55:05.000Z,7.207529187514883,0.9068878321615662,0.8799115732215381,11.026721972148279,-0.581253762408982,-5.812537632709892,20,stop,0,-7.3755352965911065,-0.27545454752426757
SMZ,2026-09-01T13:35:05.000Z,2026-09-01T14:10:05.000Z,8.45619386544656,19.264660865737223,18.443915719620357,0.5190851771584322,-0.426036639573997,-4.2603664390302685,35,stop,1.3254276109106344,-4.228783841121864,-0.4360315488130819
GDXD,2026-09-01T13:35:05.000Z,2026-09-01T14:10:05.000Z,8.343023255813954,18.66374527049813,17.86641405132437,0.535798139850308,-0.42720858407787876,-4.272085841388465,35,stop,0.033512724328477184,-4.252872395085705,-0.546514102647313
GSUN,2026-09-01T14:05:05.000Z,2026-09-01T14:10:05.000Z,9.137931034482772,0.32098105508378527,0.2970918483348402,31.154486250252845,-0.7442559631894566,-7.442559730732177,5,stop,0,-7.408865634633077,-0.4610863965037417
FLYE,2026-09-01T14:15:05.000Z,2026-09-01T14:20:05.000Z,51.470588235294066,2.0704163981053116,1.9196147773126215,4.829946288496014,-0.728363728646837,-7.28363728816543,5,stop,0,-7.265031239269614,-0.43469516596464075
ANNAW,2026-09-01T14:05:05.000Z,2026-09-01T14:25:05.000Z,9.090909090909083,0.18156288499999998,0.16166524499999999,15,-0.2984645999999999,-10.959090014459727,20,stop,5.362943533310793,-10.82979321462092,-0.31499999999999995
IREZ,2026-09-01T14:05:05.000Z,2026-09-01T14:35:05.000Z,9.375000000000021,14.383775044543174,13.90697028949107,0.6952277691312673,-0.33148790616605456,-3.3148791160564706,30,stop,0,-3.293815726928462,-0.2502819968872547
CRCD,2026-09-01T13:35:05.000Z,2026-09-01T14:50:05.000Z,9.302325581395344,2.3604891821124783,2.27953335716117,4.236410003778333,-0.3429620666878509,-3.4296206720531757,75,stop,1.6738402440871214,-3.4098517681172336,-0.33891280030226767
GPRO,2026-09-01T14:05:05.000Z,2026-09-01T14:50:05.000Z,57.498288062086274,1.3902780635640197,1.2897419555889906,7.192805714184425,-0.7231366919246517,-7.231366919312656,45,stop,12.927049713728334,-7.212806286172269,-1.222776971411351
VACI,2026-09-01T14:15:05.000Z,2026-09-01T15:15:05.000Z,9.942911512844898,11.61255130740667,11.237532018587144,0.8611372033489186,-0.32294306157594743,-3.2294306297732627,60,stop,3.164237408871262,-3.2081779235631935,-0.46501408980841497
YFOR,2026-09-01T14:05:05.000Z,2026-09-01T15:25:05.000Z,9.469696969696951,1.460367011154919,1.4096168782253333,6.847593649055331,-0.3475162879373444,-3.475162924246715,80,stop,0,-3.4489283015977423,-0.3423796824527674
RGTZ,2026-09-01T13:30:05.000Z,2026-09-01T19:50:05.000Z,8.479532163742686,3.721060365510287,3.7191173817231693,2.6874059475953933,-0.005221586185581416,-0.05221586312135002,380,session_close,1.5839472811570499,-2.715902339209375,0.18811841633167603
BMNZ,2026-09-01T13:30:05.000Z,2026-09-01T19:50:05.000Z,8.347826086956523,6.253723773058038,6.668113948092419,1.599046904716199,0.6626293267335306,6.626294829644294,380,session_close,8.095596244961678,-0.8590685327274583,0.8794757975939103
ASTN,2026-09-01T14:05:05.000Z,2026-09-01T19:50:05.000Z,9.426987060998137,5.94132230647958,5.937167629220404,1.6831269932571602,-0.006992849443190162,-0.06992849478380508,345,session_close,0.48268200311476495,-1.873695799303332,0.08415634966285879
USBC,2026-09-01T14:15:05.000Z,2026-09-01T19:50:05.000Z,9.763593380614655,0.46857853729304383,0.46524956168568926,21.341138173708828,-0.07104412841346008,-0.7104413331830993,335,session_close,5.788029230624936,-2.94049688503486,0.05762107306901498
CRK,2026-09-02T13:30:05.000Z,2026-09-02T13:35:05.000Z,0.12484394506866447,16.143865602387375,15.576863249323875,0.6194303242914195,-0.35121845143212216,-3.5121845475451154,5,stop,0,-3.492754562475975,-0.12388606485828468
PPBT,2026-09-02T13:30:05.000Z,2026-09-02T13:35:05.000Z,43.37349397590362,2.3904788241610793,2.299539815059718,4.183262323111646,-0.38042173047483097,-3.8042173050110777,5,stop,0,-3.784966561786307,-0.5438241020045158
VIVK,2026-09-02T13:30:05.000Z,2026-09-02T13:35:05.000Z,33.94565633371602,1.0602129287636082,0.9872023009179084,9.432067584670959,-0.6886411762398998,-6.886411763610807,5,stop,0,-6.867764652570363,-0.9432067584670971
LHAI,2026-09-02T13:30:05.000Z,2026-09-02T13:40:05.000Z,48.63547758284601,1.2302472508933464,1.1797634958132603,8.128447343161772,-0.4103545448535552,-4.103545449374278,10,stop,0,-4.084321331086849,-0.2438534202948528
SST,2026-09-02T13:35:05.000Z,2026-09-02T13:40:05.000Z,8.450704225352123,3.110644562574169,2.9693831319688315,3.21476780255846,-0.4541226988533858,-4.541226995360692,5,stop,0,-4.521396120480592,-0.707248916562861
UPC,2026-09-02T13:35:05.000Z,2026-09-02T13:45:05.000Z,7.962529274004693,4.65119035001613,4.339124436249977,2.1499872299716816,-0.670937729506673,-6.709377391210635,10,stop,1.4793987088408844,-6.690552882125123,-0.5589966797926387
MAIA,2026-09-02T13:35:05.000Z,2026-09-02T14:05:05.000Z,8.846153846153836,1.4303450455207696,1.37891999820187,6.991319983737764,-0.3595289609852823,-3.595289645665626,30,stop,0.6750087686510087,-3.5197832633761306,-0.2796527993495097
PZG,2026-09-02T13:30:05.000Z,2026-09-02T15:45:05.000Z,8.270676691729317,1.451375925299723,1.3996681174036276,6.89000879824167,-0.35626725134188675,-3.5626750447453617,135,stop,1.2832012971712325,-3.5398082884083526,-0.3445004399120837
SGLD,2026-09-02T13:35:05.000Z,2026-09-02T19:05:05.000Z,129.5275590551181,11.702342631412233,7.968403935605635,0.854529756521321,-3.1907617245931506,-31.90761724736808,330,stop,0,-31.893978402184374,-3.477936109041776
SBSW,2026-09-02T13:35:05.000Z,2026-09-02T19:10:05.000Z,7.375643224699813,12.532512827366123,12.45749481063912,0.7979245771902491,-0.05985871927854414,-0.5985871928508378,335,rotation_for_stronger_continuation,2.2141383492379374,-0.897767502144009,-0.039896228859511496
GPRO,2026-09-02T19:05:05.000Z,2026-09-02T19:25:05.000Z,42.27642276422765,1.7603522950916066,1.689661868514927,5.68068109295365,-0.40156976970697245,-4.01569769720447,20,stop,0,-3.996489525861957,-0.1704204327886103
PPBT,2026-09-02T19:10:05.000Z,2026-09-02T19:35:05.000Z,42.469879518072304,2.3704805956927393,2.2695438638633547,4.19330210617031,-0.42325821017010606,-4.258070368211018,25,stop,0,-4.23882801974067,-0.2515981263702187
BIAF,2026-09-02T19:05:05.000Z,2026-09-02T19:40:05.000Z,55.61456752655538,10.272063850625454,9.927994125419442,0.973514197681313,-0.3349567624803605,-3.3495676254491147,35,stop,1.6348822575155575,-3.330040151615943,-0.3407299691884589
ASTX,2026-09-02T13:30:05.000Z,2026-09-02T19:50:05.000Z,9.623893805309747,9.932047472814228,11.207469189970908,1.006841742813841,1.2841478245246538,12.841478261634728,380,session_close,15.082011350488745,0,1.1477995868077802
EOSE,2026-09-02T13:35:05.000Z,2026-09-02T19:50:05.000Z,9.868421052631572,3.3506708495457302,3.6492672282421514,2.9844769744685675,0.8911540168791657,8.911540169244127,375,session_close,9.530304968557646,-2.1091552324607354,1.1341012502980554
NAKA,2026-09-02T19:05:05.000Z,2026-09-02T19:50:05.000Z,7.092198581560294,7.582386805906724,7.657016511568967,1.3188458851161933,0.09842508022008203,0.9842508377982796,45,session_close,1.0235984536269616,-0.6909012590325059,0.13188458851161755
BULL,2026-09-02T19:05:05.000Z,2026-09-02T19:50:05.000Z,-1.5881708652793147,8.991817634679032,9.038186851602514,1.1121221984104463,0.05156823546351386,0.515682354862809,45,session_close,0.5358467806902523,-0.13142653865059195,0.04448488793641836
SNAP,2026-09-02T19:05:05.000Z,2026-09-02T19:50:05.000Z,5.420560747663572,5.6511375220342845,5.638868771218898,1.7695552370348906,-0.021710232257243223,-0.21710232263061255,45,session_close,0,-0.7279511757391388,0
VIOT,2026-09-02T19:05:05.000Z,2026-09-02T19:50:05.000Z,70.22593624264933,1.6603356621558132,1.789638784416071,6.022878519970947,0.7787769976264842,7.787769979738199,45,session_close,9.014101260094588,-1.8270800806883147,0.9034317779956424
KLAR,2026-09-02T19:10:05.000Z,2026-09-02T19:50:05.000Z,2.0000000000000018,14.552919788829117,14.507095059193006,0.2717459695150039,-0.012452685582727963,-0.3148834069111439,40,session_close,0,-0.4323516499927016,-0.0027174596951500263
GPUS,2026-09-03T13:30:05.000Z,2026-09-03T13:35:05.000Z,8.366935483870975,0.2157356543454872,0.19945996616825198,46.35301165405358,-0.7544271637571257,-7.544273674471401,5,stop,0,-7.525716782765446,-0.4820713212021577
MIMI,2026-09-03T13:35:05.000Z,2026-09-03T13:40:05.000Z,66.9527227336558,1.0802160926745443,1.019795840973226,4.675499415134561,-0.282494851491797,-5.593348600438064,5,stop,0,-5.574448768436069,-0.46754994151345564
GPRK,2026-09-03T13:30:05.000Z,2026-09-03T13:45:05.000Z,9.92301112061591,12.932643499171494,12.507479739038832,0.7732371182698091,-0.328752400677736,-3.287524009765671,15,stop,0,-3.268036416518949,-0.363421445586809
DRTS,2026-09-03T13:30:05.000Z,2026-09-03T13:45:05.000Z,4.605722260990919,15.06307465955629,14.596915384234682,0.6638750864295214,-0.30947152919405585,-3.094715294568818,15,stop,0,-3.0742372989734035,-0.31866004148617044
LE,2026-09-03T13:40:05.000Z,2026-09-03T13:45:05.000Z,-2.395740905057675,11.082313446024372,10.737796435090155,0.43024002818385526,-0.14822500849415501,-3.108710222032274,5,stop,0,-3.0888266036832923,-0.0731408047912554
RCAX,2026-09-03T13:30:05.000Z,2026-09-03T13:45:05.000Z,8.787275267280537,3.2408082164423657,3.168841240852815,3.085650001113207,-0.22206489830801118,-2.220649010466693,15,rotation_for_stronger_continuation,0,-2.80202376622124,0.37027800013358636
SPWH,2026-09-03T13:35:05.000Z,2026-09-03T13:50:05.000Z,2.34375,1.3203446241107526,1.279724626621644,7.573780101011749,-0.307646928686158,-3.07646933591039,15,stop,0,-3.0556131614444593,-0.22721340303035298
CHPT,2026-09-03T13:45:05.000Z,2026-09-03T13:55:05.000Z,49.71098265895952,7.781556551933549,7.058587237358318,1.2565526316284237,-0.9084489948161039,-9.290805891471527,10,stop,0,-9.272650620964228,-0.7413660526607693
COSM,2026-09-03T13:35:05.000Z,2026-09-03T14:00:05.000Z,4.27998216674097,0.23639640782874843,0.2286453088387588,42.301771182707874,-0.32788521588905944,-3.278856502593188,25,stop,0,-3.2557211420589427,-0.24112009574143656
APPS,2026-09-03T14:00:05.000Z,2026-09-03T14:15:05.000Z,7.719836400818014,10.552145159541006,10.347896583428186,0.9476746047397959,-0.19356118863638228,-1.935611887675205,15,rotation_for_stronger_continuation,0,-2.8633529483605757,-0.10424420652137734
MIMI,2026-09-03T14:15:05.000Z,2026-09-03T14:25:05.000Z,60.711499453892955,1.04020853924892,0.9808030518026791,9.42737776516103,-0.5600379714792437,-5.710920955247536,10,stop,0,-5.691987425105294,-0.9229402832092646
WCT,2026-09-03T13:45:05.000Z,2026-09-03T14:40:05.000Z,3.3333333333333437,1.2505334691609395,1.2297293515824768,3.1839256156746742,-0.1163514691370934,-2.9222249115602055,55,stop,1.5566581238422916,-4.0409529538498195,
MIST,2026-09-03T13:45:05.000Z,2026-09-03T17:15:05.000Z,3.8135593220339103,1.230262177781391,1.189366871938252,8.12834869881473,-0.3324113060377088,-3.3241130696944623,210,stop,0,-3.2726502129812873,-0.24385046096444185
MSTP,2026-09-03T13:30:05.000Z,2026-09-03T19:50:05.000Z,8.294650639531342,21.42553367713757,25.964517403536856,0.4667328244887618,2.1184926949308647,21.184927268545366,380,session_close,21.81726902723731,0,2.2356502293011697
MSTX,2026-09-03T13:30:05.000Z,2026-09-03T19:50:05.000Z,8.255451713395633,13.92282488815243,16.91660047771654,0.7182450454109808,2.150264484276759,21.50264485558279,380,session_close,22.317131306388905,0,2.305566595769248
SUPX,2026-09-03T13:35:05.000Z,2026-09-03T19:50:05.000Z,-2.392344497607646,8.232813824964754,8.728194931888149,1.214651482173022,0.6017153957650136,6.017154249513416,375,session_close,12.233802396710436,-1.127364555278898,0.012146514821729681
HLN,2026-09-03T13:35:05.000Z,2026-09-03T19:50:05.000Z,-0.4540867810292837,9.87197643276864,9.78803169002322,1.0129683825331,-0.0850333702809867,-0.8503337028518283,375,session_close,0,-1.9446605659572125,-0.08103747060264865
ALMS,2026-09-03T13:45:05.000Z,2026-09-03T19:50:05.000Z,5.21739130434784,10.912186336697735,11.247746255040218,0.9164066384729461,0.30750933677449105,3.0750933679898163,365,session_close,8.685827331547324,-1.9444896755854701,0.26575792515715335
BULL,2026-09-03T14:00:05.000Z,2026-09-03T19:50:05.000Z,7.1111111111111125,9.651932908085337,9.938006980868225,1.036061905384733,0.2963904489286101,2.963904489464972,350,session_close,5.263889593441529,-0.6416632676078393,0.31081857161541926
GEMI,2026-09-03T14:00:05.000Z,2026-09-03T19:50:05.000Z,5.24475524475525,4.531028355410394,4.749040959127333,1.8172344395656848,0.3961800117338081,4.811547989025841,350,session_close,5.053414514967591,-0.4640967515748273,0.49065329868273366
MODD,2026-09-04T13:30:05.000Z,2026-09-04T13:35:05.000Z,9.941520467836252,3.8013178422258704,3.6290975528569263,2.630666496738138,-0.45305414530142873,-4.5305416836204415,5,stop,0,-4.506801307768438,-0.21045331973905057
GME.WS,2026-09-04T13:30:05.000Z,2026-09-04T13:35:05.000Z,9.642857142857153,3.0918672447931153,2.9291705140845665,3.2342907265122576,-0.5262085273645212,-5.262086558940702,5,stop,0,-5.235258566347212,-0.12937162906048982
WETH,2026-09-04T13:30:05.000Z,2026-09-04T13:45:05.000Z,9.166666666666679,1.321914,1.2397048445390935,5,-0.41104577730453284,-6.218948846967849,15,stop,0,-6.19662096021375,-0.25
ATER,2026-09-04T13:45:05.000Z,2026-09-04T13:50:05.000Z,32.11974110032363,0.8200644533038419,0.7648457416250217,12.194163469169734,-0.6733459967684854,-6.733459968464346,5,stop,0,-6.714649450052434,-0.5731256830509786
SOAR,2026-09-04T13:30:05.000Z,2026-09-04T13:55:05.000Z,9.218255761409843,0.243476626026158,0.23569851698263705,41.0717028645785,-0.319460183483783,-3.1946019502854863,25,stop,0.46138883726822844,-3.1529211454298878,-0.11910793830727862
IMRN,2026-09-04T13:45:05.000Z,2026-09-04T13:55:05.000Z,67.56756756756756,1.8703744427740758,1.7496498028747642,5.346523012095011,-0.645457065348553,-6.45457065379149,10,stop,0,-6.435847283902174,-0.5881175313304521
NIKI,2026-09-04T13:45:05.000Z,2026-09-04T13:55:05.000Z,20.583717357910913,7.891605206830096,7.628254660120207,1.2671693186490212,-0.33370973284021826,-3.3370973307428358,10,stop,0,-3.314980919264432,-0.12671693186490174
CURV,2026-09-04T13:50:05.000Z,2026-09-04T14:00:05.000Z,23.76681614349776,2.77055625450422,2.6594569818190403,1.709060700765283,-0.1898754008298463,-4.009998804556321,10,stop,0,-3.990399195991179,-0.32472153314540364
CRCD,2026-09-04T13:30:05.000Z,2026-09-04T14:05:05.000Z,9.969788519637458,1.8303980237842459,1.7695361133194762,5.4632925910137455,-0.33250642451711787,-3.3250642578241547,35,stop,0,-3.2997207710799614,0.10926585182027537
RDIB,2026-09-04T14:05:05.000Z,2026-09-04T14:10:05.000Z,33.10294652600947,18.463718911533398,16.896469100620696,0.5235940593143196,-0.8206026904553818,-8.488267279316721,5,stop,0,-8.469143832971914,-1.0733678215943563
ATER,2026-09-04T14:10:05.000Z,2026-09-04T14:15:05.000Z,48.75404530744336,0.9211843845557046,0.7862426050719595,9.603821987520705,-1.2959568288411614,-14.64872632950988,5,stop,0,-14.631640181429296,-0.9776690783296083
LABX,2026-09-04T13:55:05.000Z,2026-09-04T14:30:05.000Z,24.48680351906156,12.762572145468274,12.317503653911904,0.681788324418248,-0.30344250110957455,-3.4872946180712043,35,stop,1.155157854164024,-3.4677347201161335,-0.3954372281625833
OFAL,2026-09-04T13:45:05.000Z,2026-09-04T14:35:05.000Z,23.82495948136143,0.8425688895397464,0.788141999445223,11.868465739920707,-0.6459636804172806,-6.459636804802289,50,stop,0.988774990826502,-6.4408845630878675,-0.5530705034803045
BMNZ,2026-09-04T13:30:05.000Z,2026-09-04T19:50:05.000Z,8.92116182572613,5.271257866509662,5.378395723991912,1.8970803859205687,0.2032491280191304,2.032491298954251,380,session_close,4.149714148497496,-0.7826949004295258,0.4173576849025249
ETHA,2026-09-04T13:45:05.000Z,2026-09-04T19:50:05.000Z,-2.8128286014721393,18.493698874192514,18.526286932176777,0.54072471212669,0.01762116827230862,0.17621168272475246,365,session_close,0.4125790428758602,-0.7770153238141009,0.010814494242534778
CDTG,2026-09-04T13:45:05.000Z,2026-09-04T19:50:05.000Z,21.151494942758696,1.1002201900920663,1.2997294234317531,9.089089701959885,1.831534263827344,18.31534263890688,365,session_close,41.78979935547807,0,1.2702002858488939
AOUT,2026-09-04T13:50:05.000Z,2026-09-04T19:50:05.000Z,37.71228771228772,13.802773430938567,14.497011423818519,0.7244920774856494,0.5029699257310637,5.029699258294242,360,session_close,5.630944918064795,0,0.34051127641825474
UGP,2026-09-04T13:55:05.000Z,2026-09-04T19:50:05.000Z,0.7681564245810124,7.231526784491655,7.268523489471471,1.382833843311579,0.05116029573710374,0.5116029585779487,355,session_close,1.3617209538589359,-0.5742464313443607,0.09679836903181105
FMS,2026-09-04T13:55:05.000Z,2026-09-04T19:50:05.000Z,0.8010680907877266,22.674615020783374,22.665118848449033,0.44102182037313375,-0.004188019209468045,-0.04188019212514457,355,session_close,0.28836202580151404,-0.6818859797251497,0.008820436407463106
SNAP,2026-09-04T14:00:05.000Z,2026-09-04T19:50:05.000Z,-2.1052631578947434,5.591119938401249,5.468903933326792,0.869000190935479,-0.10620573174507475,-2.185894890843715,350,session_close,0,-2.345146229124573,-0.08690001909354805
BNC,2026-09-08T13:30:05.000Z,2026-09-08T13:35:05.000Z,54.44126074498568,5.401082782662554,5.06898513338762,1.8514806014577077,-0.6148723554222463,-6.148723554857666,5,stop,0,-6.129933496396822,-0.14811844811661778
WYHG,2026-09-08T13:30:05.000Z,2026-09-08T13:35:05.000Z,35.46798029556653,5.5111093740168595,5.308936617873009,1.814516700476473,-0.3668458424043745,-3.668458425032016,5,stop,0,-3.649163178742687,-0.7076615131858244
MOBX,2026-09-08T13:30:05.000Z,2026-09-08T13:35:05.000Z,27.405655305881083,1.1902407858830233,1.1297733432551478,8.401661339344143,-0.5080269750156317,-5.080269752562339,5,stop,0,-5.061226820448061,0.3360664535737641
TRUG,2026-09-08T13:30:05.000Z,2026-09-08T13:35:05.000Z,7.560590094836672,0.41012879301317695,0.38731619394455885,24.382583744216237,-0.5562301072138102,-5.5623012715142774,5,stop,0,-5.541867189131167,-0.40231263177956755
ARBE,2026-09-08T13:30:05.000Z,2026-09-08T13:40:05.000Z,29.897718332022038,0.8273682026935684,0.791641162094079,12.086517176577885,-0.43181548987402396,-4.318154901672186,10,stop,0,-4.298956930877096,-0.10757000287154206
PDSB,2026-09-08T13:35:05.000Z,2026-09-08T13:40:05.000Z,182.7727272727273,0.6237247641777135,0.5854828381170659,16.03271278324467,-0.6131218168084419,-6.131218168171302,5,stop,0,-6.112433939988771,-0.812858538110504
ISPC,2026-09-08T13:35:05.000Z,2026-09-08T13:40:05.000Z,24.675324675324674,1.9303870805278789,1.8396257103973226,5.18030818779765,-0.4701718688230538,-4.701718688758366,5,stop,0,-4.68232933382261,-0.20721232751190577
TWG,2026-09-08T13:35:05.000Z,2026-09-08T13:40:05.000Z,20.216851140727353,0.5337106750636479,0.5115912859496242,18.736743430206005,-0.4144453186623532,-4.144453192993716,5,stop,0,-4.1240837202708995,-0.5658496515922202
GMEX,2026-09-08T13:30:05.000Z,2026-09-08T13:55:05.000Z,10.616271357693474,0.8227814230144015,0.7962370936839205,12.153896132041316,-0.322617021577364,-3.2261702303913578,25,stop,2.724730573457057,-3.2063707658528062,-0.26252415645209126
IDAI,2026-09-08T13:35:05.000Z,2026-09-08T13:55:05.000Z,3.7151702786377694,3.361171825656051,3.1992164829998484,2.97515271458884,-0.4617088580451878,-4.617088819940216,20,stop,0,-4.7951081948805925,-0.43602443433421456
MESHW,2026-09-08T13:40:05.000Z,2026-09-08T14:20:05.000Z,39.47368421052633,0.5352750249999999,0.47240074788124226,15,-0.9431141567813648,-11.746163034368672,40,stop,0.3035775861203627,-11.727620768407776,-0.9495000000000005
VVOS,2026-09-08T13:40:05.000Z,2026-09-08T14:20:05.000Z,-0.5364806866952843,0.18693565970117387,0.17654449046326884,53.494269689964256,-0.5558680096065522,-5.5586875476385,40,stop,1.0508109057235204,-5.528993086549638,-0.5028461350856634
SLDP,2026-09-08T13:35:05.000Z,2026-09-08T19:35:05.000Z,4.970178926441338,2.650541449266185,2.5594246911120853,3.772814039162711,-0.3437665843667816,-3.4376658467018504,360,stop,0,-3.4159605121908965,-0.2640969827413908
FTFT,2026-09-09T15:15:05.000Z,2026-09-09T15:20:05.000Z,149.61832061068696,3.280656246190175,2.939411711398048,3.048170624844604,-1.0401715668421243,-10.401715668577417,5,stop,0,-10.383783628223132,-1.1887865436893943
GRMLW,2026-09-08T13:40:05.000Z,2026-09-09T16:15:05.000Z,22.56128064032017,0.24668792899043201,0.16438461572083155,40.53702892632357,-2.887624648064932,-28.87625885915072,1595,stop,0,-33.31655883074025,
MGN,2026-09-09T16:15:05.000Z,2026-09-09T16:35:05.000Z,276.39442231075697,0.3789765018217082,0.3603274949305198,26.386860262008923,-0.4920887388630304,-4.920887390522688,20,stop,0.42839019582685545,-4.901755579148714,-0.38260947379912835
FTFT,2026-09-09T16:15:05.000Z,2026-09-09T17:05:05.000Z,102.29007633587787,2.660532553583082,2.5194945948486698,3.758645984660435,-0.5301117572818024,-5.301117573038855,50,stop,17.269754726290753,-5.282121182611322,-0.33827813861943845
RBBN,2026-09-09T15:15:05.000Z,2026-09-09T17:40:05.000Z,2.570694087403602,2.001134876966898,1.9395427338028914,4.997163374907773,-0.3077860020012506,-3.077860661614243,145,stop,0,-3.05501031792319,-0.29982980249446634
AMC,2026-09-09T16:50:05.000Z,2026-09-09T18:55:05.000Z,-2.220446049250313e-14,2.5705201609418484,2.4894913467849555,3.8902632031817856,-0.31522341411201577,-3.152234142649308,125,stop,0,-3.132446193783023,-0.31122105625454033
BLCO,2026-09-09T15:15:05.000Z,2026-09-09T19:50:05.000Z,1.2408347433728206,17.984082270914545,17.666025005594808,0.5560472749160289,-0.17685487564828434,-1.7685487673403708,275,session_close,0.31092901068345835,-1.74644591913653,-0.16681418247480906
AMRX,2026-09-09T15:15:05.000Z,2026-09-09T19:50:05.000Z,0.9384164222873803,17.23354085716658,17.17655228507548,0.5802638048425184,-0.03306840567412402,-0.33068405711529425,275,session_close,0.5597174929568016,-1.0069947818901914,-0.023210552193699385
SUNE,2026-09-09T15:15:05.000Z,2026-09-09T19:50:05.000Z,47.257383966244724,3.500701698282955,4.619075051810817,2.856570156758073,3.185430016169136,31.85430016478954,275,session_close,36.25839649061267,-1.1626725665576876,3.0293926512419347
YMAT,2026-09-09T15:15:05.000Z,2026-09-09T19:50:05.000Z,38.49056603773584,1.840443487694222,2.079577863682711,5.433472947145501,1.2993301626659766,12.993301755115876,275,session_close,17.906364118718955,-0.5674440842139528,1.1410293189005554
IRD,2026-09-09T16:15:05.000Z,2026-09-09T19:50:05.000Z,28.341013824884808,5.581129347007644,5.83882770809666,1.7917520583036555,0.46173156890272304,4.617315691262065,215,session_close,6.609247520667627,-2.3495127751867906,0.4479380145759144
GTN,2026-09-09T17:10:05.000Z,2026-09-09T19:50:05.000Z,-1.3626834381551212,4.721303096255563,4.698871317692011,2.1180592701053818,-0.04751183653148331,-0.4751183752922554,160,session_close,0.6078174427563532,-0.8748240774527072,0.02118059270105377
DKNG,2026-09-09T17:40:05.000Z,2026-09-09T19:50:05.000Z,-1.3196480938416522,23.57476346556213,23.705251037765855,0.4241824105835637,0.05535053292857359,0.5535053295204514,130,session_close,0.9554137616985869,-0.8261523635078594,0.076352833905041
PDM,2026-09-09T18:55:05.000Z,2026-09-09T19:50:05.000Z,0,9.53219034875106,9.538067123799822,1.0490768192377629,0.006165188475530908,0.06165188517801498,55,session_close,0.081929241477674,-0.44260917173761793,0.031472304577134125
RXT,2026-09-10T13:30:05.000Z,2026-09-10T13:35:05.000Z,8.641975308641946,3.530713890565751,3.2793422044049634,2.8322883998618176,-0.7119571107669039,-7.119571110886827,5,stop,0,-7.100940442545389,-0.0849686519958528
IMNN,2026-09-10T13:30:05.000Z,2026-09-10T13:45:05.000Z,8.609271523178808,1.6608884949159939,1.6096536049802297,6.020872705572131,-0.30847875038723493,-3.0847880572714548,15,stop,0.5485922210850758,-3.063932050331153,-0.842922178780098
DBI,2026-09-10T13:30:05.000Z,2026-09-10T13:45:05.000Z,9.578544061302697,5.781710159747104,5.608801598337044,1.7295920134506453,-0.2990612668720807,-2.9906127535390565,15,rotation_for_stronger_continuation,0,-2.969885293499641,-0.3805102429591436
GTBP,2026-09-10T13:45:05.000Z,2026-09-10T13:50:05.000Z,9.53177257525084,6.611515183235698,6.3287081860490035,0.8346918625596131,-0.23605669922665362,-4.2774914576886465,5,stop,0,-4.257952608949822,-0.242060640142288
DLXY,2026-09-10T13:35:05.000Z,2026-09-10T13:55:05.000Z,9.317776100999309,0.48129687,0.4697424607649254,20.75,-0.40484794653171535,-4.053785849712051,20,stop,0,-5.276757773222163,-0.27644999999999875
AEON,2026-09-10T13:45:05.000Z,2026-09-10T14:10:05.000Z,33.246753246753215,0.3084619624301365,0.29034122793530864,31.449383283000248,-0.5698859244973257,-5.874544255657465,25,stop,0,-5.855490994040268,-0.29247926453190054
SMZ,2026-09-10T13:35:05.000Z,2026-09-10T14:35:05.000Z,9.01156668323464,12.993017365672282,12.487015519456094,0.7696441591346801,-0.38944136545165386,-3.8944136837148506,60,stop,0.3615991036219679,-3.871443803355945,-0.4233042875240738
LSAK,2026-09-10T13:50:05.000Z,2026-09-10T15:35:05.000Z,-0.8714596949891074,4.591158091850965,4.37886360640409,1.671750665979532,-0.3549034474295963,-4.623985521728946,105,stop,0,-4.599233736380337,-0.40122015983508597
SKHN,2026-09-10T13:30:05.000Z,2026-09-10T15:40:05.000Z,9.619450317124745,10.424582900675558,10.087261833087231,0.9592708927281893,-0.32358228164148045,-3.235823157648517,130,stop,0.3397459606959252,-3.2095567166900874,-0.1055197982001026
SKDD,2026-09-10T13:30:05.000Z,2026-09-10T15:45:05.000Z,9.396914446002791,7.0314107476559204,6.778639291682347,1.4221897080864965,-0.3594889631836554,-3.5948896323236523,135,stop,1.54434517113482,-3.57553777867029,-0.18488466205124432
SKHQ,2026-09-10T13:35:05.000Z,2026-09-10T15:55:05.000Z,8.110992529348993,10.182894862275989,9.846031428920114,0.9820389874769566,-0.3308130250108146,-3.308130329459006,140,stop,1.346425938579987,-3.26915741327396,-0.3437136456169352
GDXD,2026-09-10T13:30:05.000Z,2026-09-10T15:55:05.000Z,8.91210817455439,17.754388718789997,17.52559639864055,0.5632410127761396,-0.12886521811637822,-1.2886521962162005,145,rotation_for_stronger_continuation,0.5385219549058018,-2.1087108360637097,-0.2140315848549328
DBGI,2026-09-10T15:55:05.000Z,2026-09-10T16:05:05.000Z,44.53333333333334,5.431089055211027,5.2489365165296915,1.8412513396879289,-0.3353886058745661,-3.353886059124063,10,stop,0,-3.334304655477438,-0.38666278133446497
AEON,2026-09-10T15:55:05.000Z,2026-09-10T16:10:05.000Z,39.090909090909065,0.32186468059143747,0.30793778089769935,19.916279802853108,-0.27737203108675756,-4.326942511414099,15,stop,0.9741110465433023,-4.307611685122037,-0.36048466443164173
IPDN,2026-09-10T15:55:05.000Z,2026-09-10T16:15:05.000Z,32.693844924060755,0.16643399001262765,0.15436851991589687,59.3096077129963,-0.7155982983099904,-7.249402658564728,20,stop,0,-7.230488202388585,-0.8303345079819504
TNON,2026-09-10T15:55:05.000Z,2026-09-10T16:25:05.000Z,77.04918032786887,4.330867536007678,4.169162047390861,2.3090062016784074,-0.37337897606166703,-3.733789760881989,30,stop,4.367080323280215,-3.7144413831684764,-0.36944099226854554
SAIL,2026-09-10T15:55:05.000Z,2026-09-10T17:10:05.000Z,5.4607508532423354,18.553728878380333,17.9763091040506,0.5389752142819717,-0.3112149466000159,-3.112149466636704,75,stop,0,-3.0922564522804286,-0.29104661571226664
YSS,2026-09-10T14:15:05.000Z,2026-09-10T18:20:05.000Z,-1.3630731102849958,7.981608787108482,7.7284377700021505,1.2528802480173808,-0.3171929667029932,-3.1719296680544073,245,stop,0.6062839482896765,-3.152356796976419,-0.2756336545638245
MUZ,2026-09-10T13:35:05.000Z,2026-09-10T19:50:05.000Z,8.031088082901562,8.351670826419925,8.388258033769333,0.5053255981708328,0.018488452439239782,0.43808248804139566,375,session_close,2.0155149439987197,-1.5765806526209403,0.04042604785366688
TSSI,2026-09-10T13:45:05.000Z,2026-09-10T19:50:05.000Z,9.603841536614643,9.14186326866735,8.938098814953253,1.093868908147976,-0.2228916005036081,-2.2289160067890696,365,session_close,1.2922609741664814,-2.2081195346600024,-0.2297124707110747
ODD,2026-09-10T15:55:05.000Z,2026-09-10T19:50:05.000Z,-1.5473300970873738,16.253862599478616,16.5166915455025,0.6152383686773701,0.16170245199292693,1.6170245344162983,235,session_close,1.6373794160775113,-1.0081455929366157,0.09228575530160477
HOFT,2026-09-11T13:30:05.000Z,2026-09-11T13:35:05.000Z,9.192200557103059,13.843206494896128,13.31673909875189,0.7223759849495168,-0.38030740383350115,-3.803074066245719,5,stop,0,-3.7795180985635723,-0.433425590969712
GNLN,2026-09-11T13:35:05.000Z,2026-09-11T13:55:05.000Z,9.689922480620151,2.8608021380267585,2.628251496597849,3.49552303580709,-0.8128861241064673,-8.128861424485352,20,stop,0,-8.067742083902196,-0.7690150678775609
OPEN,2026-09-11T13:30:05.000Z,2026-09-11T13:55:05.000Z,1.4285714285714235,2.850585429881892,2.7694452568119883,3.5080513230910086,-0.2846438914937092,-2.8464389181020127,25,rotation_for_stronger_continuation,0,-2.8269782423335665,-0.24556359261637084
SWRD,2026-09-11T13:55:05.000Z,2026-09-11T14:00:05.000Z,129.14798206278024,5.121024377744309,4.829032738062787,1.7939992049905145,-0.5238327694525278,-5.701820927674197,5,stop,0,-5.682932871967661,-0.4664397932975337
BENF,2026-09-11T13:30:05.000Z,2026-09-11T14:35:05.000Z,8.937855904926973,1.3315083707878148,1.2197556589171528,7.510271529346034,0.08428466856273054,0.842847578353453,65,stop,100.52446222476532,-8.374590294301987,-0.016898110941029998
VIOT,2026-09-11T13:35:05.000Z,2026-09-11T14:50:05.000Z,8.823529411764696,1.5003114635144774,1.4091050184765392,5.164695389158422,-0.47105350614897035,-6.079167376638396,75,stop,3.9784096793943347,-6.01951432823975,-0.41317563113267486
KORU,2026-09-11T13:35:05.000Z,2026-09-11T14:50:05.000Z,9.68351440717996,23.234652254064525,23.23534677850197,0.4303916361697042,0.0002989175089920831,0.002989175090081967,75,rotation_for_stronger_continuation,0.3673295601854587,-1.440315311824747,0.07316657814885019
TRUG,2026-09-11T14:50:05.000Z,2026-09-11T14:55:05.000Z,44.72903747640873,0.5380080706036069,0.5190952594422518,18.587081764309985,-0.35153396744906223,-3.5153396751346677,5,stop,0,-3.4958714620220377,-0.05390253711649784
GPRO,2026-09-11T14:50:05.000Z,2026-09-11T15:20:05.000Z,0,1.4102833992291186,1.3597149974613985,5.220136821011082,-0.26397397604735784,-3.585690776432706,30,stop,0,-3.565481892263933,-0.1566041046303317
TNON,2026-09-11T15:25:05.000Z,2026-09-11T15:30:05.000Z,71.13207547169813,9.08181670164905,8.798238550793473,0.7815504934412182,-0.2216306437303246,-3.1224826504600776,5,stop,0,-3.1030873106905776,-0.11723257401618259
SWRD,2026-09-11T15:30:05.000Z,2026-09-11T15:35:05.000Z,63.22869955156949,3.650732266217624,3.479301426102195,1.8835310777702634,-0.32289531504567603,-4.695793271442547,5,stop,0,-4.6766580994588525,-0.3202002832209443
CDTG,2026-09-11T13:30:05.000Z,2026-09-11T15:55:05.000Z,9.23076923076922,1.4303649687857904,1.3796877787687625,6.99122257417659,-0.3542955148428825,-3.5429551983538072,145,stop,17.45254090123025,-3.5211271168465785,-0.27964890296706457
REF,2026-09-11T14:00:05.000Z,2026-09-11T18:05:05.000Z,4.220532319391634,13.752990861981566,13.247177267446784,0.6299197714233477,-0.31862198385217183,-3.6778443293599574,245,stop,2.5231539924722712,-3.657319829768968,-0.45354223542481087
NOK,2026-09-11T13:30:05.000Z,2026-09-11T19:50:05.000Z,1.9774011299435124,10.842168795221326,11.03779139962308,0.9223246924785699,0.1804275584467044,1.804275584493521,380,session_close,2.3780408666235875,-0.3889332108527155,0.17524169157093006
FCEL,2026-09-11T13:30:05.000Z,2026-09-11T19:50:05.000Z,2.565747273893515,16.023277709483917,15.84681516428887,0.6240920348443543,-0.11012886890459085,-1.1012886900824412,380,session_close,2.6007306249796303,-1.2686399946972182,-0.11857748662042944
ACVA,2026-09-11T13:55:05.000Z,2026-09-11T19:50:05.000Z,44.39058171745154,10.432087138196252,10.407911741584396,0.9312955277893419,-0.02251443874715497,-0.23174074652175386,355,session_close,0,-0.2117230991618313,-0.027938865833680993
BDRX,2026-09-11T14:35:05.000Z,2026-09-11T19:50:05.000Z,69.67126193001062,1.1302261690820743,1.3197313438414269,8.84778664063511,1.6988174206790754,16.98817420729942,315,session_close,32.71679961350051,-0.9047896219196105,1.8713068744943264
NU,2026-09-11T14:55:05.000Z,2026-09-11T19:50:05.000Z,-2.4300932090545846,14.662934254944766,14.567084827501908,0.6580377967280395,-0.06307254605214198,-0.6536851749883159,295,session_close,0.45738283954057657,-1.4521940236686182,-0.052643023738243144
JMKE,2026-09-11T15:35:05.000Z,2026-09-11T19:50:05.000Z,0.4572473708276181,21.994411817076834,21.75560861040158,0.29795624541030535,-0.07115290685289975,-1.085744909485794,255,session_close,0.9347291695408932,-1.33857554148481,-0.09534599853129766
STLA,2026-09-11T15:55:05.000Z,2026-09-11T19:50:05.000Z,2.9356060606060552,5.441100137225727,5.398907462222185,1.772748910597428,-0.07479701864772033,-0.7754438245838806,235,session_close,0.34735370233249796,-0.9391508323127851,-0.07090995642389686
NCT,2026-09-14T13:30:05.000Z,2026-09-14T13:35:05.000Z,68.99105832109969,0.5073028707016722,0.4641068038764554,19.712090295189107,-0.8514847696556965,-8.51484770142745,5,stop,0,-8.496476797392216,0.05716506185604864
BMM,2026-09-14T13:30:05.000Z,2026-09-14T13:35:05.000Z,21.631530705774505,6.661372379401383,6.358721399437162,1.5011921595062663,-0.45433727818917763,-4.5433727875669225,5,stop,0,-4.524178536142209,-0.43534572625681633
SOAR,2026-09-14T13:30:05.000Z,2026-09-14T13:35:05.000Z,21.278825995807125,0.23194761457662283,0.22055514719162095,43.11318315268907,-0.49116553293062276,-4.911655334674042,5,stop,0,-4.892317861227324,-0.28023569049247676
ELMT,2026-09-14T13:30:05.000Z,2026-09-14T13:40:05.000Z,38.04817788758492,22.394496245843225,21.60567471524434,0.4465382872910136,-0.3522390152519017,-3.5223901530953268,10,stop,0,-3.503076100623792,-0.09377304033111145
UZX,2026-09-14T13:30:05.000Z,2026-09-14T13:45:05.000Z,22.372446462054675,0.1124230055144081,0.10627822497973305,88.94976561670852,-0.5465767883254592,-5.465767888483949,15,stop,4.071225871118811,-5.446399058974971,-1.823470195142523
HAIN,2026-09-14T13:35:05.000Z,2026-09-14T13:45:05.000Z,7.152082660639336,0.666539889745626,0.6415701130134006,15.002852992038546,-0.37461788955760134,-3.7461789033743567,10,stop,0.36908672567412815,-3.72669214967849,-0.23104393607739304
BMGL,2026-09-14T13:35:05.000Z,2026-09-14T14:05:05.000Z,68.99563318777294,7.761553453662294,7.298539197713443,1.2884018720384594,-0.5965484341449938,-5.965484341673603,30,stop,14.667766615722133,-5.946663337666114,-0.21902831824653823
ONDS,2026-09-14T13:35:05.000Z,2026-09-14T14:15:05.000Z,-0.7607192254495243,7.181437663970176,7.368525309332774,1.3924788416262137,0.2605155876970864,2.6051558770917294,40,rotation_for_stronger_continuation,2.6256906326132423,-0.9947543557828786,0.2784957683252429
OPENL,2026-09-14T14:15:05.000Z,2026-09-14T14:20:05.000Z,113.32436069986538,0.1598368739337037,0.15346380283851963,62.56378570820237,-0.39872345430223427,-3.9872345713089037,5,stop,0,-3.9645882566072155,-0.043794649995742674
SCNI,2026-09-14T13:30:05.000Z,2026-09-14T14:45:05.000Z,40.963855421686745,2.3504741352255007,2.259538326490666,4.254460768823146,-0.38688283074355917,-3.8688283088088693,75,stop,7.637857489432687,-3.849186590467246,-0.2552676461293899
FTFT,2026-09-14T14:15:05.000Z,2026-09-14T14:50:05.000Z,62.5,4.69093914079232,4.339130810589739,1.8082215021491064,-0.6361473873074798,-7.499741941720417,35,stop,1.898572045695679,-7.4812128288035185,-0.3978087304728035
JEM,2026-09-14T13:40:05.000Z,2026-09-14T14:55:05.000Z,-0.7481296758104716,4.011152559802184,3.908975319786458,0.8217611323011557,-0.08396528445073007,-2.5473286915012068,75,rotation_for_stronger_continuation,0.22057102206682888,-2.521782911372794,
CRBP,2026-09-14T14:55:05.000Z,2026-09-14T16:35:05.000Z,3.2019704433497553,8.401729523084157,8.068378220939437,0.8713704569245103,-0.2904724764662254,-3.9676509607792245,100,stop,0.5745302414606135,-3.948348041587313,-0.2788385462158436
ELMT,2026-09-14T14:15:05.000Z,2026-09-14T16:40:05.000Z,36.41136504014823,22.114434965549506,21.425686684341322,0.45219333048311006,-0.31144737914404647,-3.1144737918067356,145,stop,10.696927315283599,-3.094969266073222,-0.35271079777682424
DRCT,2026-09-14T13:35:05.000Z,2026-09-14T19:50:05.000Z,-1.7543859649122862,1.690377145531777,1.8794785031615944,5.91583953601851,1.1186932877812485,11.186932935627672,375,session_close,11.217783851932595,-0.6138952812517195,1.0648511164833323
ALLO,2026-09-14T13:40:05.000Z,2026-09-14T19:50:05.000Z,-0.2808988764045006,1.7803865631839417,1.7896094121732526,5.616757714029906,0.05180250820604501,0.5180250839917202,370,session_close,2.7866665499503895,-0.5833880910315892,0
FNB,2026-09-14T14:15:05.000Z,2026-09-14T19:50:05.000Z,0.7099945385035555,18.46377422003182,18.286333899810547,0.5416010763414923,-0.09610186841822022,-0.9610186850571585,335,session_close,0,-1.4827641237878275,-0.07582415068780968
CODA,2026-09-14T14:55:05.000Z,2026-09-14T19:50:05.000Z,0.698602794411185,10.132213084875616,10.757258022499173,0.9869512095622509,0.6168888572183308,6.168888597068324,295,session_close,6.8868164267683385,-1.0087932815802114,0.4539975563986367
ONDS,2026-09-14T14:55:05.000Z,2026-09-14T19:50:05.000Z,1.7289073305670755,7.361473476006897,7.238550779766109,1.3584236949560966,-0.16698110322137788,-1.6698110322808066,295,session_close,0.5233534307862664,-2.057651589733922,-0.1494266064451697
NCT,2026-09-14T14:55:05.000Z,2026-09-14T19:50:05.000Z,47.30415054050447,0.44278876526478494,0.48680180486988783,7.254574292465319,0.31929586565243734,9.939963038308653,295,session_close,19.71848465554529,-2.843063386501443,0.34459227889210275
NAMI,2026-09-15T13:30:05.000Z,2026-09-15T13:40:05.000Z,7.777777777777772,1.9504630820591746,1.8896049725057233,5.1269875359335115,-0.3120187691410209,-3.1201877191749343,10,stop,0,-3.09993470859965,-0.3588891275153472
CRDF,2026-09-15T13:35:05.000Z,2026-09-15T13:45:05.000Z,9.923664122137389,1.4503171975322855,1.379685945449395,6.895043357405638,-0.4870055454993769,-4.870055474972614,10,stop,0,-4.848401277453673,-0.06895043357405761
XHLD,2026-09-15T13:40:05.000Z,2026-09-15T14:15:05.000Z,9.641255605381183,9.841987600808665,9.527932076865268,1.0160549272746058,-0.3190976625404963,-3.190976626688623,35,stop,0,-3.169965391777474,-0.3861008723643504
TLX,2026-09-15T13:30:05.000Z,2026-09-15T14:40:05.000Z,7.300509337860794,12.672590421872895,12.907401619531463,0.7891046469581418,0.18529060723018226,1.8529060739884973,70,rotation_for_stronger_continuation,2.3468728036359243,-0.2571725336963704,0.13414778998288313
BNGO,2026-09-15T14:40:05.000Z,2026-09-15T14:45:05.000Z,60.9022556390977,2.1504301379881032,1.859627784796094,4.650232445694521,-1.352298538097799,-13.522985381151592,5,stop,0,-13.50567650897152,-1.3950697337083557
ENRD,2026-09-15T14:15:05.000Z,2026-09-15T14:50:05.000Z,1.302083333333326,3.9232819073653604,3.679258861881753,2.5488850666941265,-0.35385064759862206,-3.538508363385954,35,stop,0,-6.200979514335581,-0.451732416006589
RETO,2026-09-15T14:45:05.000Z,2026-09-15T15:00:05.000Z,94.06709176601052,0.7051411335390403,0.6257745042807713,14.181558164720554,-1.0228884119563002,-10.228884119950797,15,stop,29.832165002938815,-11.237627443648924,-0.1843957100367799
SMST,2026-09-15T13:30:05.000Z,2026-09-15T15:40:05.000Z,8.358895705521485,21.24456680900292,20.58577493095723,0.4707085843471315,-0.31009899229427496,-3.100989932948459,130,stop,2.5674008601857645,-3.0811021702053742,-0.28242515060827955
TNON,2026-09-15T13:45:05.000Z,2026-09-15T17:15:05.000Z,9.442446043165464,6.1012298615010625,5.868781226121274,1.6390138093045026,-0.3809865233414606,-3.80986523465615,210,stop,11.452939069026025,-3.78988936247312,-0.27863234758176425
BMNZ,2026-09-15T13:30:05.000Z,2026-09-15T19:50:05.000Z,9.456740442655942,5.461715245583089,5.818689061324831,1.8309265847513827,0.6535928493016981,6.535928727343096,380,session_close,10.404877018743974,-0.3975902185792246,0.6957521022055246
MSTZ,2026-09-15T13:30:05.000Z,2026-09-15T19:50:05.000Z,7.672955974842743,4.2908657667502785,4.389109303887248,2.330532004481853,0.22895970753120923,2.289597076148462,380,session_close,6.971419044792748,-2.816815377606585,0.3262744806274611
VEEA,2026-09-15T13:30:05.000Z,2026-09-15T19:50:05.000Z,89.08296943231441,4.340868865933455,5.688859104886935,2.3036862684517527,3.2135985361412427,32.135985362695834,380,session_close,64.48319957402407,0,2.4229020328441333
LUNR,2026-09-15T14:40:05.000Z,2026-09-15T19:50:05.000Z,-0.9005763688760937,13.772767157541855,14.047182019948611,0.34891851739202245,0.09574842694130112,1.9924453762110443,310,session_close,3.029404604648911,-1.1818043221091257,0.08374044417408566
PDSB,2026-09-15T14:45:05.000Z,2026-09-15T19:50:05.000Z,41.36807817589576,0.565113047284855,0.5781839095390519,4.727109640891412,0.07994773576346727,2.9927825196749422,305,session_close,31.389640279483764,-1.948821981330695,0.005672531569069772
DOC,2026-09-15T15:00:05.000Z,2026-09-15T19:50:05.000Z,-0.1718213058419238,20.354153371909934,20.165961656917098,0.49130021813831276,-0.09245863062780364,-0.9245863070509883,290,session_close,0.0778545184391577,-1.3469161153530695,-0.07369503272074596
ADNT,2026-09-15T15:40:05.000Z,2026-09-15T19:50:05.000Z,-1.1993603411513898,18.5639970013362,18.24628725518908,0.5386770944973496,-0.17114296294802103,-1.7114296351386595,250,session_close,0.40941074628664254,-1.6914299291989732,-0.10773541889947147
CCL,2026-09-15T17:15:05.000Z,2026-09-15T19:50:05.000Z,-1.883865248226957,22.144433065868522,22.085579214566,0.4515807638785328,-0.026577267128386803,-0.2657726712960418,155,session_close,0.1154553564565397,-0.742548094951978,-0.022579038193926593
CIEG,2026-09-16T13:30:05.000Z,2026-09-16T13:35:05.000Z,8.559052381079724,4.081032770798031,3.91904923938213,2.450360099309656,-0.39691798212679663,-3.9691798746381046,5,stop,0,-3.945882815504609,-0.14702160595857983
CRML,2026-09-16T13:30:05.000Z,2026-09-16T13:35:05.000Z,8.50393700787404,6.911389066716267,6.618671040288673,1.4468871454657934,-0.4235299496842024,-4.23529949771255,5,stop,0,-4.21607095047698,-0.5208793723676859
RYDE,2026-09-16T13:35:05.000Z,2026-09-16T13:40:05.000Z,9.67548076923077,0.736366185,0.6613495130434783,10.8,-0.8101800571304335,-10.187414018274293,5,stop,0,-10.099076589183674,-0.6479999999999997
CETX,2026-09-16T13:35:05.000Z,2026-09-16T13:45:05.000Z,9.543568464730278,2.670734909326386,2.5783961326361906,3.744287670785238,-0.3457429430964904,-3.4574295025591004,10,stop,0,-3.3973760933566854,-0.14977150683140827
INT,2026-09-16T13:35:05.000Z,2026-09-16T14:00:05.000Z,9.529481834425258,18.544307381125524,17.965252392235495,0.5392490384991789,-0.31225484599710074,-3.1225484834197332,25,stop,0,-3.096947054005683,-0.25344704809461227
ZTG,2026-09-16T13:45:05.000Z,2026-09-16T14:00:05.000Z,189.74739970282317,1.960392621621826,1.709657849654938,3.4670767047268733,-0.869316686951402,-12.79002834439644,15,stop,0,-12.772575190304325,-0.6587445738981055
NOK,2026-09-16T13:45:05.000Z,2026-09-16T14:10:05.000Z,4.7256097560975485,10.312062889907105,10.257946745686889,0.9697380734183453,-0.05247848543694227,-0.5247848543784841,25,rotation_for_stronger_continuation,0.17394298584476608,-0.5048736655598018,-0.03878952293673166
ACGCW,2026-09-16T14:10:05.000Z,2026-09-16T14:55:05.000Z,33.33333333333335,0.400382546367662,0.3990146622282215,24.845042838417584,-0.033985140042391206,-0.3416442978971426,45,rotation_for_stronger_continuation,2.5519228360557866,-0.3203302389920504,-0.24845042838417442
ENRD,2026-09-16T14:00:05.000Z,2026-09-16T16:20:05.000Z,7.199999999999984,4.051046905582105,3.888916189301351,2.4684976703290014,-0.4002192954278128,-4.002193014782107,140,stop,0.22100693046920306,-3.975439172530726,-0.6664943709888309
ALVO,2026-09-16T14:00:05.000Z,2026-09-16T16:50:05.000Z,8.466135458167345,5.461158929762606,5.288932518631497,1.0282176716921843,-0.1770862394571297,-3.1536604839038356,170,stop,0,-3.1341136920555734,-0.1645148274707493
ZTG,2026-09-16T14:55:05.000Z,2026-09-16T17:00:05.000Z,143.68499257057948,1.650330887543094,1.5696837742403456,6.006999240403787,-0.48444714835036795,-4.886723863164837,125,stop,21.793757553211513,-4.867562508188006,-0.4204899468282637
MEDS,2026-09-16T16:25:05.000Z,2026-09-16T17:00:05.000Z,389.1975308641976,7.951591972870797,7.288541056304498,1.2072778113791318,-0.8004866593850882,-8.338593313496121,35,stop,3.8785695767769246,-8.320245494587919,-0.9416766928757223
GSUN,2026-09-16T16:55:05.000Z,2026-09-16T17:00:05.000Z,84.76190476190474,0.42938589269670907,0.33553277769373385,12.665003608489856,-1.1886500401806945,-21.85752177686636,5,stop,0,-21.84186632394871,-0.4014806143891283
INTW,2026-09-16T13:30:05.000Z,2026-09-16T19:15:05.000Z,8.774834437086088,23.024650675910962,22.115571341969517,0.43431712110041865,-0.39482871916933465,-3.9482871933103847,345,stop,2.194818636782836,-3.9290527732411262,-0.49077834684347366
DKNG,2026-09-16T17:10:05.000Z,2026-09-16T19:15:05.000Z,0.020292207792205197,24.664974865644922,23.89520755477295,0.405433212519614,-0.31208923373940856,-3.1208923384882845,125,stop,0,-3.101462173839198,-0.30407490938971016
FPSX,2026-09-16T13:30:05.000Z,2026-09-16T19:50:05.000Z,9.677419354838701,3.441520964956196,3.8489178651485916,2.9056917076595195,1.1837697946152368,11.83769921324832,380,session_close,16.518249949148277,0,0.9298213464510461
CIFG,2026-09-16T13:30:05.000Z,2026-09-16T19:50:05.000Z,9.43952802359882,3.720776861925056,4.059177787260171,2.6876107739451527,0.9094899728436637,9.09489974521162,380,session_close,19.329918583261474,0,0.26876107739451527
CIFU,2026-09-16T13:30:05.000Z,2026-09-16T19:50:05.000Z,8.64345738295318,9.11432081450315,9.896950902980146,1.0971743153248261,0.8586816314773558,8.586817431658062,380,session_close,19.262863588289836,0,0.23040660621821374
CRDU,2026-09-16T13:35:05.000Z,2026-09-16T19:50:05.000Z,9.156193895870723,6.101221192624479,6.3487219620912425,0.4311357043926166,0.10670641858176778,4.0565775547681735,375,session_close,7.027753851865826,-0.347818771922781,0.11209528314208095
PENN,2026-09-16T17:10:05.000Z,2026-09-16T19:50:05.000Z,0.16910935738445598,17.793967074079372,17.676454699461026,0.5619882237109793,-0.06604057067582379,-0.6604057101439056,160,session_close,0,-1.258668587768863,-0.050578940133988226
SDST,2026-09-17T13:30:05.000Z,2026-09-17T13:35:05.000Z,63.47117794486217,0.26185365979910885,0.21595668543766497,38.189269523663384,-1.7527719242098485,-17.52771925993149,5,stop,0,-17.511177744961536,-0.3284277179035051
TURB,2026-09-17T13:30:05.000Z,2026-09-17T13:40:05.000Z,73.47509792949079,1.560313647842843,1.4897013355597333,6.4089678454724766,-0.45255203891691137,-4.525520390130041,10,stop,3.82527911869992,-4.50637908218342,-1.2817935690944982
KXIN,2026-09-17T13:30:05.000Z,2026-09-17T13:40:05.000Z,50.44247787610621,1.7103478467638684,1.589676947743228,5.846763868511929,-0.705534252374732,-7.055342528653489,10,stop,0,-7.036454426014993,-0.46774110948095426
AEMD,2026-09-17T13:45:05.000Z,2026-09-17T14:00:05.000Z,448.9510489510489,7.871574687726264,7.59847968166202,1.2213773783810133,-0.3335520625556931,-3.469382136335016,15,stop,4.299334322539372,-3.4500681058101,-0.37862698729811584
SAFE,2026-09-17T13:35:05.000Z,2026-09-17T14:05:05.000Z,-0.14471780028942893,13.834108762178268,13.537097859885016,0.4077802710580539,-0.12111518624433942,-2.146946416275577,30,rotation_for_stronger_continuation,0,-2.1259682660754176,-0.09378946234335217
DAIC,2026-09-17T14:05:05.000Z,2026-09-17T14:10:05.000Z,188.05970149253736,5.801160331817837,5.008997580434587,1.599785329571038,-1.2672903482955515,-13.655246641580392,5,stop,0,-13.637967002541384,-1.8717488355981153
NUWE,2026-09-17T14:05:05.000Z,2026-09-17T15:50:05.000Z,12.87116564417179,0.9243070557970309,0.8955152175144412,5.972216018879119,-0.012433552231961909,-0.22523892545448804,105,stop,54.71049269086339,-3.094973214541019,-0.12780542280401175
TSHA,2026-09-17T14:15:05.000Z,2026-09-17T15:50:05.000Z,3.2544378698224685,5.251183436290835,5.188929615494229,1.5260028384288102,-0.09499950723865912,-1.1855198271378384,95,rotation_for_stronger_continuation,0,-1.355569409342805,-0.06104011353715233
DTSS,2026-09-17T13:30:05.000Z,2026-09-17T16:35:05.000Z,63.63328822733425,0.9709945596532028,0.9134169878893635,10.29871887515692,0.28368258426396664,2.83682584287367,185,stop,124.51207149694037,-5.910904348805179,1.4368772574618944
LFMD,2026-09-17T15:50:05.000Z,2026-09-17T17:15:05.000Z,4.205607476635498,3.360707314034229,3.248980712277339,1.9498391756512636,-0.21784890506797158,-3.3244966406423617,85,stop,0,-3.2941670811950208,-0.17548552580861365
SNAP,2026-09-17T13:35:05.000Z,2026-09-17T18:05:05.000Z,3.321678321678334,5.921185175538083,5.70885728105171,1.6888510835491313,-0.3585901946710169,-3.5859019468526925,270,stop,1.6688352336985846,-3.5666031255118136,-0.2533276625323708
RXRX,2026-09-17T13:30:05.000Z,2026-09-17T19:50:05.000Z,3.1347962382445083,3.3006812577308966,3.519293486076654,3.029677574374109,0.6623245657030926,6.623245665837044,380,session_close,8.159489548962107,-0.6265754284045744,0.6968258421060458
MVIS,2026-09-17T13:30:05.000Z,2026-09-17T19:50:05.000Z,1.2269938650306678,1.6705804626447438,1.7095141556690236,5.985943036410669,0.2330548686404386,2.3305488059307726,380,session_close,10.14135751875389,-1.8305291680671965,0.419016012548747
XPEV,2026-09-17T13:45:05.000Z,2026-09-17T19:50:05.000Z,1.934235976789167,10.552118026132549,10.617857920797968,0.9476770420599693,0.062300188921858936,0.6230018893137232,365,session_close,2.2543528538851776,-0.4939105685084044,0.11372124504719672
PAAI,2026-09-17T15:50:05.000Z,2026-09-18T13:30:05.000Z,267.26302922546944,3.320664174546643,2.959406829027203,2.384559509738584,-0.8614396387212989,-10.879068961219522,1300,stop,0,-10.861205939196882,-0.6676766627268043
AIXI,2026-09-18T13:30:05.000Z,2026-09-18T13:35:05.000Z,9.785202863961807,2.320795451326793,2.1795469013204434,4.3088672483123895,-0.6086212509939756,-6.086212808009357,5,stop,0,-6.066689386447244,-0.4308867248312378
TGL,2026-09-18T13:35:05.000Z,2026-09-18T13:40:05.000Z,9.954751131221705,2.4606103418493332,2.369504240203042,4.064032289303039,-0.3702581388430526,-3.702581432613919,5,stop,0,-3.682433594147727,-0.48768387471636565
CIFG,2026-09-18T13:30:05.000Z,2026-09-18T13:45:05.000Z,9.897968913893385,4.64107793517289,4.458887590908313,2.154671838014192,-0.3925604039449948,-3.9256040689131453,15,stop,0.8386427758976911,-3.9016353033111684,0.1292803102808513
CIFR,2026-09-18T13:30:05.000Z,2026-09-18T14:05:05.000Z,5.135773317591474,17.83357733970833,17.16656458754634,0.5607399910985992,-0.374020724709967,-3.740207247576835,35,stop,0.8210504123905782,-3.720943516087516,-0.26915519572732727
GSUI,2026-09-18T13:30:05.000Z,2026-09-18T19:50:05.000Z,9.416195856873832,11.672943602325448,11.71699371027481,0.8566819312203343,0.03773693154852348,0.3773693204564638,380,session_close,0.7457964386738514,-1.2245720290893214,0.059967735185423976
EUV,2026-09-18T13:30:05.000Z,2026-09-18T19:50:05.000Z,1.2680367293397499,23.224700690723466,23.365289552005223,0.430576054702514,0.06053419722581765,0.6053419725573085,380,session_close,0.6686816391935801,-1.010564974976036,0.09042097148752859
NVST,2026-09-18T13:50:05.000Z,2026-09-18T19:50:05.000Z,-2.1105951878429674,23.21465748731912,23.33532055211237,0.4307623321224413,0.0519771031913825,0.5197710319834079,360,session_close,2.133748959903725,-0.23544386708688192,0.0732295964608145
UNG,2026-09-18T13:50:05.000Z,2026-09-18T19:50:05.000Z,1.0164569215876051,10.44209069511058,10.397860289620422,0.9576626263326316,-0.04235780628546164,-0.4235780628765098,360,session_close,0.5545757701236553,-0.5946193815348888,-0.03830650505330446
TSUI,2026-09-18T13:30:05.000Z,2026-09-18T19:55:05.000Z,9.782208463458208,16.223390339434957,16.205601547886964,0.6163939701825449,-0.010964903847017008,-0.10964903867690833,385,session_close,0,-1.8084403647849134,0.06780333672007899
FLIA,2026-09-18T14:05:05.000Z,2026-09-21T14:05:05.000Z,-0.248508946322068,20.124220654261975,20.06590093468956,0.49691365202670873,-0.028979864837903144,-0.28979864897310015,4320,time,0,-0.8160348521481509,0.019876546081070146
GRML,2026-09-21T14:05:05.000Z,2026-09-21T14:25:05.000Z,150.1754385964912,7.141428351052381,6.808637306198908,1.4002800992084496,-0.46600067730310507,-4.660006773076876,20,stop,0,-4.640925242966853,-0.3360672238100282
PSKY,2026-09-21T14:05:05.000Z,2026-09-21T14:35:05.000Z,8.521057786483821,11.092218464283857,10.687859790603664,0.9015329108523734,-0.36454265211130915,-3.6454265211436154,30,stop,0.3406129787093315,-3.6261318290743305,-0.4417511263176639
IAG,2026-09-21T14:05:05.000Z,2026-09-21T14:40:05.000Z,0.19656019656020263,20.414088401586163,20.13595926607509,0.489857778738474,-0.136243720523906,-1.3624372053246423,35,rotation_for_stronger_continuation,0,-1.3426433558741069,-0.10776871132246413
GLNDW,2026-09-21T14:40:05.000Z,2026-09-21T14:50:05.000Z,199.96551724137933,0.8716821838056081,0.820799321877241,11.315771381545106,-0.5757788328201275,-5.837318104429031,10,stop,0,-5.8142961674791716,-0.5601306833864825
CHCT,2026-09-21T14:25:05.000Z,2026-09-21T15:15:05.000Z,1.3055751587861764,14.38316100006407,14.296798578926824,0.6952574581065848,-0.06004411739581283,-0.6004411765735114,50,rotation_for_stronger_continuation,0,-0.7867602960404008,-0.013905149162130925
GRML,2026-09-21T15:15:05.000Z,2026-09-21T16:10:05.000Z,222.1052631578947,9.19183838151053,8.858227341493649,1.0813893181003664,-0.36076341507460974,-3.629426738920295,55,stop,19.23621309580621,-3.6101416032077616,-0.3784862613351301
LCID,2026-09-21T14:05:05.000Z,2026-09-21T19:50:05.000Z,-0.24449877750610804,4.090825698097865,4.279139922349562,2.444494274310134,0.4603330429544286,4.603330431293099,345,session_close,4.6243549802206685,-0.7535324253047038,0.46445391211892506
NOK,2026-09-21T14:05:05.000Z,2026-09-21T19:50:05.000Z,0,10.692139769582356,10.977803484718725,0.9352664868932338,0.2671716992884615,2.6717169929731237,345,session_close,3.1598935077411516,0,0.2805799460679701
GLND,2026-09-21T14:05:05.000Z,2026-09-21T19:50:05.000Z,129.16666666666669,2.7605528363053797,3.039391117438317,3.6224628153746217,1.0100813049070403,10.100813049683339,345,session_close,19.90351919617592,-0.3822725711529307,0.7607171912286717
ORBS,2026-09-21T14:35:05.000Z,2026-09-21T19:50:05.000Z,1.4423076923077094,1.0602355510327024,1.039783939496961,9.383975634030705,-0.19191742432805836,-1.9289686632202505,315,session_close,5.636902941906197,-2.851776758782709,-0.18767951268061367
MARA,2026-09-21T14:50:05.000Z,2026-09-21T19:50:05.000Z,1.3217522658610203,13.42268765474321,13.187360365186661,0.6919610836173323,-0.16283732628627956,-1.7532054355253588,300,session_close,1.0229869664609703,-1.7335399640398097,-0.16607066006815963
CCU,2026-09-21T16:10:05.000Z,2026-09-21T19:50:05.000Z,-0.9786476868327565,11.19463180704046,11.107401344985979,0.8556950993603781,-0.07464267889496141,-0.779216892150229,220,session_close,0,-1.4706317266899416,-0.034227803974415494
IMSR,2026-09-22T13:30:05.000Z,2026-09-22T13:35:05.000Z,9.55555555555554,4.9610257813633805,4.649051866078129,2.0157121584579336,-0.6288496141622062,-6.288496150477878,5,stop,0,-6.269384499709341,-0.24188545901495218
SCNX,2026-09-22T13:30:05.000Z,2026-09-22T13:35:05.000Z,8.697079094190997,0.33380409197016847,0.31532621646159653,29.957690428218147,-0.5535544742569521,-5.535544935807221,5,stop,0,-5.513441091013704,-0.3355261327960424
SCAG,2026-09-22T13:30:05.000Z,2026-09-22T13:40:05.000Z,9.962794543199681,0.268088165,0.24971348390243903,25,-0.47863542250354263,-7.141462921401885,10,stop,0,-14.020822217198582,-0.7910000000000004
QNME,2026-09-22T13:30:05.000Z,2026-09-22T13:40:05.000Z,106.37898686679179,1.3302699552063724,1.2397513695577658,7.517271178550923,-0.6804527550194637,-6.804527554301107,10,stop,0.731433853372887,-6.78583732971465,-0.37586355892754675
SOFX,2026-09-22T13:35:05.000Z,2026-09-22T13:45:05.000Z,9.776889205068118,8.971803401555256,8.658260442954594,1.1146031126985818,-0.3494759576210204,-3.494759576946475,10,stop,0,-3.4753704199671276,-0.27865077817464545
VTGN,2026-09-22T13:35:05.000Z,2026-09-22T13:50:05.000Z,9.871244635193133,0.25876084499482566,0.24962650469976844,38.64572291622842,-0.37658130531242706,-3.765813084290455,15,stop,0,-4.119960651326071,-0.10477085541675635
OPEX,2026-09-22T13:40:05.000Z,2026-09-22T13:50:05.000Z,9.445585215605746,5.371946227682899,5.188213047835951,1.4488400244803303,-0.2661999847873,-3.4202349029505754,10,stop,0,-3.38697038226643,-0.20283760342724655
DCOY,2026-09-22T13:45:05.000Z,2026-09-22T13:50:05.000Z,169.140625,6.901380098643644,6.618675856389666,0.3980765659742838,-0.11253793394282544,-4.096343603934213,5,stop,0,-4.077156954432127,0.05174995357665724
LHSW,2026-09-22T13:50:05.000Z,2026-09-22T13:55:05.000Z,149.42263279445731,1.090218419477585,1.019795804551518,9.172473901166361,-0.6459495974612376,-6.459495975110411,5,stop,0,-6.440766200889591,-0.6420731730816467
CWD,2026-09-22T13:50:05.000Z,2026-09-22T13:55:05.000Z,98.45857418111754,1.0402082286106822,0.9108177673840756,6.420152923877245,-0.8307065479658235,-12.438899988267007,5,stop,0,-12.42138112897402,-1.2198290555366773
MASK,2026-09-22T13:55:05.000Z,2026-09-22T14:45:05.000Z,-2.5045330915684505,0.8654890124655148,0.8360124889002466,6.010058659263787,-0.1771556356984332,-3.4057651964059668,50,stop,3.5946138063450928,-3.3840998607341355,-0.16467560726382846
VRDN,2026-09-22T13:45:05.000Z,2026-09-22T14:45:05.000Z,2.5718257645968468,22.164479240498423,21.68553491002486,0.4511723414381,-0.21608643499826075,-2.1608643509135437,60,rotation_for_stronger_continuation,0.250494310735383,-2.8174776123654155,-0.18046893657524166
LHSW,2026-09-22T14:45:05.000Z,2026-09-22T14:55:05.000Z,83.46420323325636,0.7973596390232865,0.7530486556822452,12.270389773365162,-0.5437130368356676,-5.5572142321273486,10,stop,0,-5.538233547584525,-0.37301984911030317
QNME,2026-09-22T14:55:05.000Z,2026-09-22T15:10:05.000Z,67.29205753596,1.0802169049322856,1.0297918534916704,8.554023252435037,-0.4313370625282559,-4.668048723397474,15,stop,0,-4.648779768488575,-0.2566206975730516
DCOY,2026-09-22T14:45:05.000Z,2026-09-22T15:20:05.000Z,112.890625,5.461092821986119,4.989001558610461,0.9781333730035802,-0.4617682198111539,-8.644629907681468,35,stop,4.191600206689605,-8.626347094660613,-0.6064426912622194
ZEO,2026-09-22T13:55:05.000Z,2026-09-22T16:55:05.000Z,50.176338570054504,0.46949396376903585,0.43771224712142054,21.299528367445124,-0.5928191626052248,-5.928191626263985,180,stop,46.81764904204309,-6.7506648039946775,-1.0733364832564778
SHPU,2026-09-22T13:30:05.000Z,2026-09-22T19:50:05.000Z,9.67529527964115,16.02335992487661,16.72602502372538,0.6240888319599719,0.43852544079956857,4.385254416945786,380,session_close,6.344737183023863,0,0.19970842622719154
MAZE,2026-09-22T13:30:05.000Z,2026-09-22T19:50:05.000Z,9.468512728896815,24.656823415233664,28.66422597654987,0.40556723869139977,1.6252711911178561,16.25271225668235,380,session_close,16.560026877767385,0,1.3748729391638452
OMER,2026-09-22T13:40:05.000Z,2026-09-22T19:50:05.000Z,9.464575446187151,20.274063564165154,21.085755463129267,0.4932410302160393,0.40035974846307265,4.003597485009352,370,session_close,4.419126106610594,-1.993007286804327,0.46857897870523857
FWDI,2026-09-22T15:10:05.000Z,2026-09-22T19:50:05.000Z,2.2031823745410017,8.361682705366318,8.608243027526594,1.0534797563613894,0.25974630811779315,2.9486926357781993,280,session_close,3.687263742210778,-0.13971715715571653,0.28443953421757584
LGHL,2026-09-23T13:30:05.000Z,2026-09-23T13:40:05.000Z,1.675257731958757,7.932433197649869,7.848134323628216,1.2606471965276802,-0.2661947700235959,-2.6619477874785265,10,stop,0,-3.0562274097901576,-0.27734238323608906
IPDN,2026-09-23T13:30:05.000Z,2026-09-23T13:40:05.000Z,76.41025641025642,6.901386054105283,6.148768094436493,1.4489842938563553,-1.0905316028342933,-10.905316030264622,10,stop,0,-10.88746591213111,-0.1883679582013258
MSS,2026-09-23T13:30:05.000Z,2026-09-23T14:15:05.000Z,31.410256410256387,2.0604133259325166,1.919615680746756,2.6706598039957528,-0.3760226114948671,-6.833466053323911,45,stop,16.966822611150857,-6.814813521406792,-0.053413196079914904
ONDS,2026-09-23T13:30:05.000Z,2026-09-23T14:15:05.000Z,0.38860103626943143,7.761561350206076,7.678463059100198,1.288400560965818,-0.10706388487611372,-1.070638849020647,45,rotation_for_stronger_continuation,2.0413244532263786,-2.4680775112470132,0.012884005609658189
WHLR,2026-09-23T14:15:05.000Z,2026-09-23T14:20:05.000Z,349.7326203208556,8.431686190813696,8.108377509798354,1.1733045904274169,-0.37933955956033505,-3.8344486938755717,5,stop,0,-3.8152059212565703,-0.7626479837778195
AIXC,2026-09-23T13:40:05.000Z,2026-09-23T15:00:05.000Z,9.929078014184412,1.5704522345146759,1.5190803040406933,6.367592421250928,-0.3271155151511611,-3.271155234457564,80,stop,1.881481323400802,-3.212592742769238,-0.25470369685003824
CRDL,2026-09-23T15:00:05.000Z,2026-09-23T15:45:05.000Z,-0.7936507936507908,1.8927404999999997,1.8295640030599756,5,-0.3158824847001207,-3.337831939456262,45,stop,0,-3.3147967193600802,-0.1999999999999975
VTGN,2026-09-23T13:30:05.000Z,2026-09-23T16:10:05.000Z,54.65393794749404,0.38957928599593306,0.36872597255122275,25.66871584867175,-0.42479588526725476,-4.247958855748906,160,stop,38.867752841881774,-5.3337758815416025,0.426870744563411
PATH,2026-09-23T16:25:05.000Z,2026-09-23T16:50:05.000Z,0.33962264150944055,13.302660958817269,12.997398847939227,0.6949478717411702,-0.21214125427791228,-2.2947447268112775,25,rotation_for_stronger_continuation,0,-2.2751911046538287,-0.18763592537011675
VTGN,2026-09-23T16:50:05.000Z,2026-09-23T18:20:05.000Z,40.81145584725536,0.3546719054048289,0.33703218269019375,25.467240356354367,-0.4492350581930572,-4.9735325651184175,90,stop,10.975804398924094,-4.954411425616589,-0.18336413056575118
TLSI,2026-09-23T18:20:05.000Z,2026-09-23T18:40:05.000Z,5.679513184584173,5.221110358291101,5.048982775105685,1.6439567443065894,-0.2829703012588583,-3.2967620175290535,20,stop,0,-3.2772790948457753,-0.31235178141825415
RUN,2026-09-23T13:30:05.000Z,2026-09-23T19:10:05.000Z,-1.7064846416382062,8.671958567417681,8.408309841708304,1.1531420340350165,-0.304024427835251,-3.040244296138118,340,stop,0.09272913978777275,-3.0207543703208217,-0.38053687123155555
JDST,2026-09-23T13:35:05.000Z,2026-09-23T19:50:05.000Z,8.29244357212955,22.114442105321114,22.455163716673468,0.34765564763068285,0.11845379245647242,1.5407199048009013,375,session_close,2.376536980566324,-0.33662212669250957,0.09039046838397802
SOFI,2026-09-23T14:15:05.000Z,2026-09-23T19:50:05.000Z,-1.3694638694638717,16.933386920958597,16.6166752851547,0.3796525334751378,-0.12024037491400509,-1.8703383870116466,335,session_close,0.03905349279664794,-1.850704306358908,-0.11769228537729415
BENF,2026-09-23T14:20:05.000Z,2026-09-23T19:50:05.000Z,186.08582574772436,1.550310159921994,2.4795034874736532,6.136576279350404,5.600832626865759,58.87187453930668,330,session_close,95.44476185026475,0,4.927670752318374
OMAH,2026-09-23T15:50:05.000Z,2026-09-23T19:50:05.000Z,-0.4150525733259469,18.01366182507892,17.92630797575147,0.5551342137069156,-0.04849311046066605,-0.48493110493411173,240,session_close,0,-0.5754622579546842,-0.03330805282241478
ZTG,2026-09-23T18:45:05.000Z,2026-09-23T19:50:05.000Z,-1.7341040462427793,1.710408706799433,1.6991040837177824,4.852822134181785,-0.05485932510921574,-0.6609311000763098,65,session_close,0.5607603119908378,-1.1932064376369067,-0.09705644268363578
WHLR,2026-09-23T19:10:05.000Z,2026-09-23T19:50:05.000Z,184.49197860962565,5.341076134479589,5.258934988617727,1.8153599282118025,-0.1491157446550253,-1.537913779801711,40,session_close,4.2861000247231384,-1.5179737648036595,-0.054460797846354936
PMAX,2026-09-24T13:30:05.000Z,2026-09-24T13:35:05.000Z,9.469074986316372,1.0110262443231746,0.9601578476536289,9.890931878096739,-0.5031358462064793,-5.031362633281515,5,stop,0,-4.987629609647981,-0.5440012532953222
ATYR,2026-09-24T13:30:05.000Z,2026-09-24T13:35:05.000Z,8.155650319829434,0.4068855045158766,0.36562640966588045,24.57693839570028,-1.0140222323907095,-10.140222345617182,5,stop,0,-10.122136094496703,-0.24576938395700232
TSSI,2026-09-24T13:30:05.000Z,2026-09-24T13:35:05.000Z,8.081896551724155,10.062992100621535,9.67806003513162,0.9937401928072648,-0.3825224649776467,-3.8252247605971963,5,stop,0,-3.8059465494152622,-0.07949921542458149
CBRZ,2026-09-24T13:30:05.000Z,2026-09-24T13:35:05.000Z,7.568238213399514,8.711973214962853,8.178280966954041,1.1478455790817035,-0.6125962874670909,-6.125962911504287,5,stop,0,-6.106231066564661,-0.33287521793369557
KYTX,2026-09-24T13:35:05.000Z,2026-09-24T13:40:05.000Z,9.54738330975955,7.761565548871075,7.368521319551354,1.2883998638564291,-0.5063981315450838,-5.06398131723425,5,stop,0,-5.044930000340308,-0.6699679292053435
PATH,2026-09-24T13:30:05.000Z,2026-09-24T13:45:05.000Z,0.07668711656443339,13.08265302952628,12.527492064261793,0.7643709553169349,-0.42434891737388825,-4.243489176175071,15,stop,0,-4.2243192438031985,-0.382185477658469
PFSA,2026-09-24T13:30:05.000Z,2026-09-24T13:55:05.000Z,72.19512195121953,3.540709988040811,3.1993594423893335,1.78323891224429,-0.6087095757215357,-9.640737219496415,25,stop,10.147400187327849,-9.622646000141255,-0.23182105859175728
HUHU,2026-09-24T13:35:05.000Z,2026-09-24T14:00:05.000Z,9.32203389830506,6.511456096235207,6.028613551803647,1.5357547988149642,-0.741527754682796,-7.415277586079862,25,stop,0,-7.393985141258574,-1.0596708111823254
APUS,2026-09-24T14:00:05.000Z,2026-09-24T14:05:05.000Z,196.94323144104803,6.8113622824664555,6.028793425740402,0.5920911677757007,-0.46335210824382383,-11.48916801475252,5,stop,0,-11.471453874620764,-0.3967010824097197
IOVA,2026-09-24T14:00:05.000Z,2026-09-24T14:15:05.000Z,2.3552502453385804,10.442103449016635,10.367915928043303,0.9576614564147846,-0.07104652938312375,-0.710465294043019,15,rotation_for_stronger_continuation,0,-0.6905069401838326,-0.08618953107733063
PFSA,2026-09-24T14:15:05.000Z,2026-09-24T14:30:05.000Z,48.78048780487805,3.06061460988527,2.8894172613762525,3.2441044487557686,-0.5553820799132954,-5.593561108807324,15,stop,0,-5.574521187156767,-0.3568514893631338
APUS,2026-09-24T14:30:05.000Z,2026-09-24T14:35:05.000Z,159.38864628820957,5.951193078723571,5.328933146638752,1.6280083267142964,-1.0130443508147575,-10.456053498070725,5,stop,0,-10.43812678409698,-1.269846494837152
KHC,2026-09-24T14:00:05.000Z,2026-09-24T14:45:05.000Z,0.10508617065994041,23.83479867315912,23.855216259320077,0.41955462407579636,0.008566292686295222,0.08566292688659892,45,rotation_for_stronger_continuation,0.525287956310172,0,0.020977731203791095
GLND,2026-09-24T14:45:05.000Z,2026-09-24T16:00:05.000Z,50.687285223367674,4.390878587646092,4.249148607820435,2.277448533390913,-0.3227827346914658,-3.2278273470011136,75,stop,5.673611952168778,-3.2084373282936784,-0.15942139733736482
ORCZ,2026-09-24T13:35:05.000Z,2026-09-24T18:40:05.000Z,9.313725490196067,17.89414511969738,17.21610564863159,0.4184449416109379,-0.2837221868800361,-3.7891693988746282,305,stop,4.615224000802032,-3.7674061274673654,-0.19248467314103035
GRML,2026-09-24T13:35:05.000Z,2026-09-24T19:50:05.000Z,9.606791778373559,12.282458020810175,14.197153006295181,0.814169279693663,1.5849341846530103,15.849341847052061,375,session_close,28.638746195835175,0,1.4225572739447525
DKNG,2026-09-24T14:00:05.000Z,2026-09-24T19:50:05.000Z,-2.1882352941176464,20.804171911450005,21.38571592225974,0.4806728208849262,0.27953240014465,2.7953240017675087,350,session_close,3.1523873737509644,-0.5968606295820189,0.2547565950690096
HYPD,2026-09-24T14:05:05.000Z,2026-09-24T19:50:05.000Z,-2.5510204081632626,3.8407986286740243,4.129158680811553,0.9293888274144217,0.2679986107292595,7.507814910803609,345,session_close,7.529719708992344,-0.801880849573644,0.2788166482243266
UNG,2026-09-24T14:35:05.000Z,2026-09-24T19:50:05.000Z,0.22999080036798514,10.90218278470867,11.617668940758303,0.7957624364876034,0.5693570068112063,6.562778942334099,315,session_close,6.767610026922211,-0.5703700436566428,0.5729489542710731
RIVN,2026-09-24T16:00:05.000Z,2026-09-24T19:50:05.000Z,0.565912117177092,15.123038636112405,15.326932019778315,0.6404654373272275,0.13058666513771552,1.3482302635862615,230,session_close,2.6248783292776023,-0.7474598116973596,0.19854428557143855
KITT,2026-09-25T13:30:05.000Z,2026-09-25T13:35:05.000Z,9.867751780264511,3.2506620830068993,2.3695253641399314,3.076296378114295,-2.710637696873967,-27.10637698926572,5,stop,0,-27.09177578348214,-1.3228074425891467
USDE,2026-09-25T13:30:05.000Z,2026-09-25T13:35:05.000Z,9.353023909985936,15.583362009904784,14.587075441204371,0.6417100468805974,-0.6393271007072513,-6.393271028852265,5,stop,0,-6.3745038411698545,-0.34652342531552094
PL,2026-09-25T13:30:05.000Z,2026-09-25T13:45:05.000Z,1.759364358683313,17.96364221078972,17.666461846548867,0.5566799804287547,-0.1654343593494075,-1.654343594431828,15,rotation_for_stronger_continuation,0,-1.9686553909279425,0.02226719921715059
INLF,2026-09-25T13:45:05.000Z,2026-09-25T13:50:05.000Z,95.08474576271185,5.771155111048102,5.548888141760023,1.7040897634603112,-0.378762867119162,-3.851342842312075,5,stop,0,-3.8320770589709174,-0.7668403935571408
GIPR,2026-09-25T13:30:05.000Z,2026-09-25T14:30:05.000Z,1.138484509145199,0.5466899171414624,0.44621027246759903,18.291904009775948,-1.8379640153107042,-18.37964109512982,60,stop,24.293494116916637,-18.363228220191484,-1.7194389769189407
TSUI,2026-09-25T13:35:05.000Z,2026-09-25T15:45:05.000Z,9.249394673123511,22.61692511003839,21.894932285967663,0.4421467385984539,-0.3192267724543598,-3.1922678284426733,130,stop,0,-3.16986109539793,-0.4288823364405019
GEN,2026-09-25T13:55:05.000Z,2026-09-25T15:55:05.000Z,-2.015604681404426,22.624529013209568,21.895618195103648,0.41794476585117896,-0.30464446119967,-3.2217723413395154,120,stop,0.1567811058949431,-3.2024048446999465,-0.31345857438838465
YMAT,2026-09-25T13:35:05.000Z,2026-09-25T16:05:05.000Z,9.090909090909104,1.5806474273904711,1.5296037853938587,5.2524948464516426,-0.26810646653132975,-3.229287006836285,150,stop,5.0202576004273025,-3.2042204044254285,-0.15757484539354927
QBTS,2026-09-25T13:30:05.000Z,2026-09-25T19:50:05.000Z,-0.17162471395879564,17.483606157970396,17.41650571040614,0.5719643817555788,-0.03837906600661323,-0.38379066056499994,380,session_close,2.6104102203282853,-1.221751142415306,0
PMAX,2026-09-28T13:30:05.000Z,2026-09-28T13:35:05.000Z,9.259259259259256,1.7803784752139193,1.6896549943587496,5.61678323591083,-0.5095741263707948,-5.0957412773859225,5,stop,0,-5.076363058313205,-1.4603636413368157
LOBO,2026-09-28T13:30:05.000Z,2026-09-28T13:35:05.000Z,8.340775138417577,0.6124390136295488,0.5863152791068021,16.32815629979075,-0.4265524204216465,-4.265524230392729,5,stop,0,-4.235362714047919,-0.7249701397107096
SOAR,2026-09-28T13:30:05.000Z,2026-09-28T13:35:05.000Z,118.10584958217274,0.39217854728713525,0.349430052871295,25.498590038960682,-1.0900263338923097,-10.900263339631813,5,stop,0,-10.882427808038154,-0.49212278775194207
CLRO,2026-09-28T13:30:05.000Z,2026-09-28T13:35:05.000Z,68.1159420289855,5.81116400854535,5.428913305480229,0.8586617799047916,-0.3282240690637546,-6.577868091539302,5,stop,0,-6.559167973659774,-0.42074427215334875
CRMT,2026-09-28T13:35:05.000Z,2026-09-28T13:40:05.000Z,8.962264150943366,1.1705610682429264,1.0886121793154688,8.542910687035459,-0.7000820390090589,-7.0008213283965715,5,stop,0,-6.88226103093047,-0.6834328549628346
LINK,2026-09-28T13:30:05.000Z,2026-09-28T13:45:05.000Z,9.369369369369384,6.101297792350582,6.258727948186002,1.6389955568814798,0.2580273259334121,2.5802732663335286,15,rotation_for_stronger_continuation,4.895715924961275,0,0.03277991113763079
ARAY,2026-09-28T13:45:05.000Z,2026-09-28T13:50:05.000Z,41.84100418410041,0.3059615967251636,0.29313999701115,32.6838404044548,-0.41905911878262336,-4.190591188975542,5,stop,0,-4.17097990785652,-0.10458828929425579
AMPU,2026-09-28T13:50:05.000Z,2026-09-28T14:00:05.000Z,9.952606635071115,2.3304816818877927,2.2294812655397007,4.221860332339474,-0.4264096513297808,-4.333885871451141,10,stop,0,-4.311627191439593,-0.25331161994036755
CSAI,2026-09-28T13:35:05.000Z,2026-09-28T14:15:05.000Z,9.206798866855536,3.8811870584367925,3.2693353351175563,2.576531232681091,-1.5764550749017614,-15.76455125988359,40,stop,15.170949833074033,-15.747425961039795,-1.6747453012427105
NASA,2026-09-28T13:35:05.000Z,2026-09-28T19:50:05.000Z,-0.4686226568867191,24.455181994188045,24.174996868915635,0.4089112882934339,-0.11457086053579858,-1.1457086082573364,375,session_close,0,-1.4932704008288833,-0.032712903063472965
ONCY,2026-09-28T13:35:05.000Z,2026-09-28T19:50:05.000Z,-0.4683155275867268,0.6837627970148906,0.6672447677874487,3.8543323354951715,-0.0636659741699838,-2.415754308300313,375,session_close,4.29055267604308,-2.349176802981412,-0.0732323143744078
JDST,2026-09-28T13:40:05.000Z,2026-09-28T19:50:05.000Z,9.960159362549792,24.89500023562447,25.0343984667784,0.3735656378774078,0.05207438914000009,0.5599446870237517,370,session_close,0.7431201551498567,-2.189195543145961,0.07471312757547999
FLG,2026-09-28T14:00:05.000Z,2026-09-28T19:50:05.000Z,-1.0105092966855134,12.262477237762882,12.017592175031774,0.7675902954961135,-0.18797139766435503,-1.9970276640104354,350,session_close,0,-1.9773919499410986,-0.145842156144262
