symbol,opened_at,closed_at,entry_day_change_pct,entry_price,exit_price,quantity,realized_pnl,return_pct,minutes_held,exit_reason,mfe_pct,mae_pct,nbbo_pnl
NNVC,2026-08-03T13:30:05.000Z,2026-08-03T13:35:05.000Z,9.210526315789469,1.6904276794928073,1.569534736313655,5.91566263795381,-0.7151618671571843,-7.151618767590509,5,stop,0,-7.124095337159886,-0.4140963846567658
TOPS,2026-08-03T13:30:05.000Z,2026-08-03T13:35:05.000Z,9.206349206349195,0.6952595931016664,0.6440849913958058,14.383116797349443,-0.7360502733932315,-7.360502783940369,5,stop,0,-7.300811611274516,-0.3466331148161199
NRXS,2026-08-03T13:30:05.000Z,2026-08-03T13:45:05.000Z,9.599999999999987,6.892373672867567,6.31818228293358,1.4508788955559326,-0.8330821696651493,-8.330822111319094,15,stop,0,-8.304449236708766,-0.5803515582223753
SDST,2026-08-03T13:30:05.000Z,2026-08-03T14:00:05.000Z,9.425925925925904,0.5997364041658854,0.5663707399166339,16.673990713848795,-0.5563387758534157,-5.563388184790368,30,stop,5.579717289407471,-5.541835368841852,-0.09504174706893842
MUZ,2026-08-03T13:30:05.000Z,2026-08-03T14:25:05.000Z,9.010989010989,14.913008942929645,14.057185250282856,0.6705554884747162,-0.5738772742710029,-5.738772744802386,55,stop,1.9914898341904408,-5.7198982860803715,-0.7174943726679466
RUBI,2026-08-03T13:30:05.000Z,2026-08-03T14:45:05.000Z,9.4170403587444,2.461267997404479,2.2695167766575564,4.062945760037498,-0.7790748093157231,-7.790749359644421,75,stop,8.074374785886507,-7.771116254149479,-1.0563658976097479
NNVC,2026-08-03T14:00:05.000Z,2026-08-03T18:35:05.000Z,6.25,1.6303895010854967,1.5388969161974069,6.133503620005057,-0.5611701006147192,-5.611701058377464,275,stop,0.5894603043079316,-5.544043372784002,-0.5520153258004541
KIDZ,2026-08-03T13:55:05.000Z,2026-08-03T19:20:05.000Z,0.4571414324714862,0.5661153270089071,0.5372005358390233,17.664245278748723,-0.5107579634086256,-5.107579637996426,325,stop,8.423137603964337,-5.072345799331323,-0.17310960373173678
OWL,2026-08-03T13:45:05.000Z,2026-08-03T19:50:05.000Z,3.592233009708723,10.682137359295515,11.21775531789859,0.9361422403956839,0.5014145957628449,5.01414595775614,365,session_close,5.784073167406212,0,0.47743254260179846
INFQ,2026-08-03T13:45:05.000Z,2026-08-03T19:50:05.000Z,2.1363173957273496,10.052017891075415,10.95777120436212,0.9948251293207693,0.9010661570231605,9.010661571651877,365,session_close,9.03283419074221,0,0.9251873702683167
QUBT,2026-08-03T13:45:05.000Z,2026-08-03T19:50:05.000Z,1.4814814814814836,8.231655649078018,8.688237693481764,1.2148224396099363,0.5546661130646505,5.546661131954479,365,session_close,6.053999002956334,-0.14159544051532968,0.5709665466166705
RGTI,2026-08-03T13:45:05.000Z,2026-08-03T19:50:05.000Z,0.936454849498336,15.10302296163279,16.086775376833145,0.6621191019182774,0.6513612656623954,6.513612656879662,365,session_close,7.726777886332803,0,0.6422555288607281
BXMT,2026-08-03T13:45:05.000Z,2026-08-03T19:50:05.000Z,-0.4126547455295615,14.492927063896355,14.597056837396675,0.6899917423071985,0.07184868384353985,0.7184868387264577,365,session_close,1.63578368302304,-0.22719402196109684,0.07589909165379005
PRZO,2026-08-03T13:50:05.000Z,2026-08-03T19:50:05.000Z,5.940807949881188,0.49291298920514093,0.5178598027803016,20.287556124268253,0.50610988052773,5.061098839247331,360,session_close,12.068460782659907,0,0.4584987684084627
MYGN,2026-08-03T14:00:05.000Z,2026-08-03T19:50:05.000Z,5.4195804195804165,3.030610487023424,3.0793746768596297,3.299665212614848,0.1609055008238744,1.6090550087187354,350,session_close,1.9596551002140306,-2.98984272018471,0.19797991275689064
QYLD,2026-08-03T14:00:05.000Z,2026-08-03T19:50:05.000Z,0.4510854243022111,17.833636170978746,17.89637539016568,0.5607381408985413,0.03518027312830749,0.35180273156537534,350,session_close,0.42820111551633566,-0.18861083996701833,0.05046643268086903
PTRN,2026-08-03T14:00:05.000Z,2026-08-03T19:50:05.000Z,4.257167680278018,24.055001677927837,24.555073530137705,0.41571395908917613,0.2078868495112213,2.0788684985572816,350,session_close,3.6790615686558503,0,0.14549988568121286
HAO,2026-08-03T14:00:05.000Z,2026-08-03T19:50:05.000Z,-0.6101694915254141,0.14863401285315564,0.1588035533602264,67.27935108480169,0.6842000861463252,6.842000906695457,350,session_close,12.692913812051355,-0.9647945484539844,0.6055141597632154
AZTR,2026-08-03T13:45:05.000Z,2026-08-03T19:55:05.000Z,3.69253956292388,0.13863355902534638,0.1352333314707869,72.13260604661156,-0.2452672746618729,-2.452672771632317,370,session_close,3.726688552884272,-3.991500372817147,-0.32459672720974986
AMZG,2026-08-03T13:50:05.000Z,2026-08-03T19:55:05.000Z,9.760178471834923,19.723955410630694,19.664517452681707,0.5069976985168949,-0.03013490788468027,-0.3013490788817707,365,session_close,0.5376436275664531,-3.315538881609059,-0.005069976985168978
RAIN,2026-08-04T13:30:05.000Z,2026-08-04T13:45:05.000Z,-2.5316455696202556,1.550319622284352,1.4596936608001683,6.450282795535162,-0.5845630801902628,-5.845630809384261,15,stop,0,-5.825871064656251,-0.2580113118214058
BANL,2026-08-04T14:05:05.000Z,2026-08-04T14:30:05.000Z,1.103752759381904,4.671183686959171,4.238914135002492,2.140784977569195,-0.9253961630894255,-9.25396175627759,25,stop,0,-9.230715721219296,-0.9419453901304458
IQMX,2026-08-04T13:30:05.000Z,2026-08-04T14:50:05.000Z,1.6000000000000014,10.202289196314522,9.687944335625225,0.980172170456862,-0.5041465184651607,-5.041465212288818,80,stop,0,-5.021316162058831,-0.49988780693299795
F,2026-08-04T13:30:05.000Z,2026-08-04T19:50:05.000Z,0.485100485100487,14.522914204949755,14.24714724791035,0.6885670367164646,-0.1898840364329397,-1.8988403645971899,380,session_close,0,-3.5317581424184286,-0.02065701110149476
SNAP,2026-08-04T13:30:05.000Z,2026-08-04T19:50:05.000Z,5.753968253968256,5.341082810056099,5.748849306902432,1.872279526456609,0.7634528636203236,7.634528640495851,380,session_close,8.592212595540726,0,0.617852243730681
MBGL,2026-08-04T13:30:05.000Z,2026-08-04T19:50:05.000Z,-2.0657276995305174,20.975077178385273,21.085763987119176,0.4767562861868741,0.052770631861852144,0.5277063239984863,380,session_close,1.3107118475732316,-0.8823670912448178,-0.04290806575681927
VTGN,2026-08-04T13:30:05.000Z,2026-08-04T19:50:05.000Z,7.755102040816331,0.26546507264505026,0.2984360207814624,37.669738582145605,1.2420069971041268,12.420070108619209,380,session_close,17.529585678177305,-1.5313022555270783,1.1225582097479396
ALP,2026-08-04T13:35:05.000Z,2026-08-04T19:50:05.000Z,-0.46511627906977715,0.19412844281091174,0.1931415454623341,51.51227093009719,-0.05083732360012521,-0.5083733914967318,375,session_close,3.3851593789835377,-0.8903604159619771,0.056663498023105774
MTUS,2026-08-04T13:40:05.000Z,2026-08-04T19:50:05.000Z,-2.5672371638141955,19.97428633491351,21.31563273255618,0.5006436676091266,0.6715365800501147,6.715365821596825,370,session_close,10.091542853088953,-4.226866085511971,0.5957659644548592
ARAI,2026-08-04T13:40:05.000Z,2026-08-04T19:50:05.000Z,-0.23932987634622815,0.2536163039182963,0.2523279076287911,39.42963704785252,-0.05080099806899085,-0.5080100409949533,370,session_close,3.5028095372628743,-4.659126300532712,-0.019714818523926425
KIM,2026-08-04T13:45:05.000Z,2026-08-04T19:50:05.000Z,-1.6332152695789026,25.015017049061328,25.064972715296957,0.3997598714076599,0.01997027071043906,0.19970270712849117,365,session_close,1.2591754397804467,-0.020056148878433433,-0.011992796142230588
PFE,2026-08-04T13:45:05.000Z,2026-08-04T19:50:05.000Z,-0.3795445465441416,24.944989511477402,25.30493486745101,0.40088210882099967,0.14429565336302524,1.442956533647744,365,session_close,2.70599628118513,-0.5010605894217535,0.13629991699913901
SRAD,2026-08-04T13:45:05.000Z,2026-08-04T19:50:05.000Z,1.296596434359798,12.522521332339226,12.907411600604943,0.7985612267545352,0.3073584447921536,3.0735844487782513,365,session_close,3.333822770839623,-2.495674186093366,0.27949642936408914
GPUS,2026-08-04T13:45:05.000Z,2026-08-04T19:50:05.000Z,0.5714285714285783,0.1234330836511273,0.12757260613566404,81.01555532487139,0.33536571286453504,3.3536571898638865,365,session_close,4.91514606085699,-3.1864096195180713,0.37267155449440637
BCAL,2026-08-04T13:55:05.000Z,2026-08-04T19:50:05.000Z,-0.39627039627040395,21.49679720941714,21.575454386450847,0.4651855592632913,0.03659018288849732,0.36590184234166223,355,session_close,1.0383071878497407,-0.1711753107156766,-0.018607422370530813
IRT,2026-08-04T13:55:05.000Z,2026-08-04T19:50:05.000Z,1.6408114558472464,17.063431278806597,17.036581065491273,0.5860485991553135,-0.015735529900467043,-0.1573552990404284,355,session_close,0.15570561840281272,-3.0675616776838943,0
MFA,2026-08-04T13:55:05.000Z,2026-08-04T19:50:05.000Z,-0.3275109170305823,9.15267434778716,9.068172066265952,1.0925768087402363,-0.09232523307571118,-0.923252355653173,355,session_close,0,-1.0125384588774877,-0.06555460852441541
STVN,2026-08-04T13:55:05.000Z,2026-08-04T19:50:05.000Z,-1.651287032540072,20.314135255893447,19.72602726750836,0.4922680619524003,-0.2895067796610513,-2.8950677987361892,355,session_close,0.37345790579268456,-4.352315492420211,-0.2805927953128684
CMTG,2026-08-04T14:05:05.000Z,2026-08-04T19:50:05.000Z,-1.96629213483146,1.7611847724736902,1.7395598041265257,5.677994138795917,-0.12278644352684749,-1.2278648262891216,345,session_close,1.6361274510588109,-1.2028705224344516,-0.05677994138795839
FLGT,2026-08-04T14:40:05.000Z,2026-08-04T19:50:05.000Z,0.9085746734809774,17.813799141064422,18.615802604576388,0.5613625646283752,0.4502147211179166,4.502147223964061,310,session_close,5.648434963073545,-0.6388257786184015,0.3929537952398654
TNON,2026-08-04T14:40:05.000Z,2026-08-04T19:50:05.000Z,7.113155706209939,0.20477557526044352,0.19746038059258417,48.833921431605575,-0.35722964166714344,-3.572298433812494,310,session_close,2.404791066167622,-3.7971204576298434,-0.20998586215590542
VNRX,2026-08-05T13:30:05.000Z,2026-08-05T13:35:05.000Z,8.658008658008654,0.8562955619266694,0.7963340361310981,11.678210631573606,-0.7002433280312164,-7.002433325785036,5,stop,0,-6.983051715476507,-0.29662655004196914
FGL,2026-08-05T13:30:05.000Z,2026-08-05T13:55:05.000Z,-2.8687572590011534,0.8414111003090261,0.7979776173926407,11.884792306885538,-0.5161979236259014,-5.161981212326949,25,stop,0,-5.11178189748499,-0.4742032130447331
DBGI,2026-08-05T13:45:05.000Z,2026-08-05T14:00:05.000Z,10.77207582061952,24.0848491850326,21.20571531695365,0.4151987799632882,-1.1954128693773622,-11.954128697090498,15,stop,3.301456483528842,-11.936338745351815,-2.063537936417543
ARVN,2026-08-05T13:55:05.000Z,2026-08-05T14:15:05.000Z,-2.833333333333321,8.7726187936432,8.30817809696632,1.139910435051961,-0.5294207966047796,-5.294208121905667,20,stop,0,-5.273440058496803,-0.44456506967026677
VNRX,2026-08-05T14:10:05.000Z,2026-08-05T14:15:05.000Z,13.929208046855113,0.89848123672021,0.8471222418423235,11.129892965782078,-0.5716201158210259,-5.71620116023411,5,stop,0,-5.696416867539766,-0.5119750764259763
CRCD,2026-08-05T13:30:05.000Z,2026-08-05T17:40:05.000Z,5.789473684210522,6.05124733360233,5.658806040252506,1.6525518518720053,-0.6485295860762954,-6.485295869012209,250,stop,2.6234701317879194,-6.465565065069301,-1.1237352592729621
CTXR,2026-08-05T13:30:05.000Z,2026-08-05T19:50:05.000Z,2.9397590361445847,0.6441988565028937,0.7708344083662163,15.523142083447787,1.981965697711332,19.81967604465444,380,session_close,26.15669708136923,-0.09296143525381328,1.6494114620767437
GME,2026-08-05T13:40:05.000Z,2026-08-05T19:50:05.000Z,-0.676730869338904,19.093829834746927,19.016181030456323,0.5237293976800049,-0.04066696150169053,-0.406669615067474,370,session_close,1.1845196443590833,-0.7532791272979011,-0.010474587953599013
VTIX,2026-08-05T13:45:05.000Z,2026-08-05T19:50:05.000Z,-2.9585798816567976,1.660391227746905,1.7195842418655274,6.022676914221942,0.35650039961544017,3.5650040261261347,365,session_close,18.64673620766013,0,0.18068030742665897
CLSK,2026-08-05T13:55:05.000Z,2026-08-05T19:50:05.000Z,0.635144671841914,14.272862884578764,13.567283952194156,0.700630285571912,-0.49434996889015254,-4.943499689518888,355,session_close,0.19013084929553337,-4.924470236018152,-0.46241598847746346
MNTN,2026-08-05T14:20:05.000Z,2026-08-05T19:50:05.000Z,0,10.072205822907685,10.377903372322633,0.9928311766165819,0.30350605767444816,3.035060589406201,330,session_close,3.5522921531107476,-0.9154481603024567,0.208494547089483
CWVX,2026-08-05T14:20:05.000Z,2026-08-05T19:50:05.000Z,0.05265929436546468,19.043854719513398,18.71619932367009,0.5251037745413336,-0.17205308510615602,-1.7205308519161004,330,session_close,1.4500492917731034,-2.2781875093220827,-0.13652698138074726
CWK,2026-08-05T14:25:05.000Z,2026-08-05T19:50:05.000Z,-1.6335227272727293,13.873318532019686,14.137156095521412,0.72080806643386,0.19017624400029973,1.9017624578631813,325,session_close,1.9222615509390417,-2.1863444663194675,0.18020201660846347
PRCT,2026-08-05T14:25:05.000Z,2026-08-05T19:50:05.000Z,5.032822757111588,19.223859277172014,19.346119365209248,0.5201869122231406,0.06359809768421773,0.6359809769436617,325,session_close,1.4364478996987673,-3.245234311056544,0.20287289576702427
OLN,2026-08-05T14:25:05.000Z,2026-08-05T19:50:05.000Z,-1.942257217847776,18.70376963243793,18.68625295000902,0.5346515805810234,-0.009365321947151813,-0.09365321950142831,325,session_close,0.5144971813338506,-0.5548059801696925,0.016039547417429745
CALY,2026-08-05T14:45:05.000Z,2026-08-05T19:50:05.000Z,0.4598875830352567,19.68394446427032,19.19614308334628,0.5080282571051661,-0.24781688536433327,-2.478168853856918,305,session_close,0.1323694840583256,-3.423828315984334,-0.22861271569732544
CMTG,2026-08-05T14:50:05.000Z,2026-08-05T19:50:05.000Z,-2.8901734104046284,1.6906826883183417,1.679373449896716,5.914769959707364,-0.06689154368339922,-0.6689154919350621,300,session_close,1.1425746424879035,-1.8148105809766557,0
ETH,2026-08-05T14:50:05.000Z,2026-08-05T19:50:05.000Z,0.05595970900951208,17.903742303729636,18.27609001602303,0.5585424438869402,0.20797200120006334,2.079720015942296,300,session_close,2.157413180538792,-0.41188206621068923,0.22900240199364497
UNG,2026-08-05T14:50:05.000Z,2026-08-05T19:50:05.000Z,-0.3582395087001089,9.751965880907482,9.7079263637395,1.025434268211974,-0.04515963005955913,-0.4515963007438728,300,session_close,0.5951017446250262,-0.5328759507785219,-0.020508685364237778
CTOR,2026-08-05T13:30:05.000Z,2026-08-05T19:55:05.000Z,-0.3030303030303161,0.6633604799999999,0.7606255763653366,10.15,1.0105794465925406,15.009105983642865,385,session_close,25.73857278926235,0,1.160630125
OMH,2026-08-05T13:30:05.000Z,2026-08-06T13:35:05.000Z,0.6363636363636349,0.11144088959530443,0.11067776421835074,89.73366439616193,0.06812105797470741,0.6812106215083655,1445,session_close,5.257594789464459,-2.190299812006602,-0.11762059591309004
GVH,2026-08-06T13:30:05.000Z,2026-08-06T13:35:05.000Z,7.954545454545459,0.9599130449585077,0.8936876355360723,10.417608410209633,-0.689910382168739,-6.899105056468731,5,stop,0,-6.876981754254741,-0.36461629435733656
CODX,2026-08-06T13:40:05.000Z,2026-08-06T13:50:05.000Z,1.324503311258285,1.5503961254726293,1.448684512234643,6.449964427623822,-0.6560362872612437,-6.5603629657536775,10,stop,0,-6.47551447163377,-0.644996442762384
AISP,2026-08-06T13:30:05.000Z,2026-08-06T19:50:05.000Z,-1.0471204188481575,1.9105271399630774,1.8978313490858534,5.23415741192356,-0.0664517679202538,-0.6645176931362207,380,session_close,7.300229194316388,-3.1680858490315433,0.20936629647694183
SNOA,2026-08-06T13:30:05.000Z,2026-08-06T19:50:05.000Z,10.619469026548689,1.2603499735690649,1.2195403170492634,7.934303958249261,-0.32379621925985386,-3.2379622625163815,380,session_close,2.3525232715300604,-4.78835044508833,-0.15868607916498512
GCDT,2026-08-06T13:30:05.000Z,2026-08-06T19:50:05.000Z,-2.8858218318695172,0.390064775,0.4093465073464912,14.350000000000001,0.27669285917214903,4.9432129180316835,380,session_close,16.442198606628878,-1.529175506811653,0.23103500000000032
OPTU,2026-08-06T13:40:05.000Z,2026-08-06T19:50:05.000Z,0.36985078433871,0.7912181681463201,0.8055131140697703,12.63873690508926,0.18067006059896612,1.8067009200434205,370,session_close,4.762508416858213,-0.8490917444501478,0.06572143190646429
JOBY,2026-08-06T13:40:05.000Z,2026-08-06T19:50:05.000Z,3.589743589743599,8.091619854008076,8.168364396834301,1.2358464905624371,0.09484447392160829,0.9484447392595956,370,session_close,5.912044246059889,-0.2671882070357845,0
OKLL,2026-08-06T13:40:05.000Z,2026-08-06T19:50:05.000Z,-2.6666666666666727,2.930587588486089,2.8493632623374867,3.4122849759555844,-0.27716054779899124,-2.7716054782911894,370,session_close,4.757148773223663,-3.7735636675925943,-0.44359704687422585
DVLT,2026-08-06T13:40:05.000Z,2026-08-06T19:50:05.000Z,10.23008849557523,0.31206291898539534,0.3136339029582951,32.04481977275286,0.050341898277455145,0.5034189829433895,370,session_close,3.53681272048898,-3.865540649499566,0.18585995468196614
TPVG,2026-08-06T13:45:05.000Z,2026-08-06T19:50:05.000Z,6.70995670995671,4.961217169966644,5.168248312001478,2.0156343788284796,0.417299087373534,4.172990920214571,365,session_close,5.619242627011034,-1.838604657720655,0.483752250918835
HTZ,2026-08-06T13:45:05.000Z,2026-08-06T19:50:05.000Z,7.371794871794868,1.6803364799401272,2.029592948102937,5.951189014109993,2.0918789082797034,20.918789083993712,365,session_close,28.545682712129427,-1.2102623601227713,2.0963063302202425
TRIN,2026-08-06T13:50:05.000Z,2026-08-06T19:50:05.000Z,1.1020881670533722,17.453632990824843,17.646364043296348,0.5729466173718781,0.11042460457607056,1.104246047644184,360,session_close,1.698024756971539,-0.7083510400948456,0.1317777219955314
CMPS,2026-08-06T13:55:05.000Z,2026-08-06T19:50:05.000Z,-0.2945508100147376,13.55275561116216,13.437181926515745,0.737857324374661,-0.08527688972132497,-0.8527688977969029,355,session_close,0.9388820435383582,-1.5698328610525003,-0.09592145216870485
TCPC,2026-08-06T14:05:05.000Z,2026-08-06T19:50:05.000Z,2.571428571428558,3.600759392793528,3.8691050214675577,2.777191943715016,0.7452473180846567,7.4524731980451175,345,session_close,8.032766859828278,-0.021089795531681332,0.916473341425954
GVH,2026-08-06T14:10:05.000Z,2026-08-06T19:50:05.000Z,3.7045454545454604,0.918007325668703,0.9585650900351296,10.893159195907277,0.4418021838735799,4.418021864573151,340,session_close,10.020908522084703,-0.20776802269127925,0.4575126862281049
AESI,2026-08-06T14:15:05.000Z,2026-08-06T19:50:05.000Z,0.09372071227740086,10.702178818000188,11.047766037411023,0.9343891709036838,0.3229129554201991,3.2291295565869738,335,session_close,4.37127046702841,-0.5809921424187792,0.308348426398215
ABCL,2026-08-06T14:15:05.000Z,2026-08-06T19:50:05.000Z,3.378378378378377,6.131265158454224,6.4486992873201086,1.630984752474757,0.517730224095365,5.177302247778077,335,session_close,6.177107526063352,0,0.5708446633661648
IMRX,2026-08-06T14:15:05.000Z,2026-08-06T19:50:05.000Z,2.05011389521641,4.50109285439661,4.428561075610401,2.2216826489533648,-0.1611425944270452,-1.611425961038802,335,session_close,0,-3.801140299282846,-0.08886730595813574
RNA,2026-08-06T14:15:05.000Z,2026-08-06T19:50:05.000Z,3.066439522998299,12.15298541907535,12.00590581758119,0.8228430745915475,-0.12102343150315344,-1.2102343286226829,335,session_close,0,-2.3285259491151566,-0.14811175342647864
NXDR,2026-08-06T14:15:05.000Z,2026-08-06T19:50:05.000Z,1.224489795918382,2.4905097473718465,2.50947552195094,4.015242261507462,0.07615217961219983,0.7615217968573459,335,session_close,3.1917262203866814,-1.6265644980749339,0.12045726784522337
ARDT,2026-08-06T14:15:05.000Z,2026-08-06T19:50:05.000Z,1.344086021505353,11.352527940484649,11.387578425191357,0.880861073570405,0.030874607587914375,0.308746077441605,335,session_close,0.330076787406286,-2.4005925544809847,0.07046888588563327
AQB,2026-08-06T14:05:05.000Z,2026-08-07T13:30:05.000Z,8.091726437013836,1.080417048656688,1.2697432595559996,9.25568445418694,0.6625885447658797,6.625885923867685,1405,session_close,17.547201016406188,-3.7408747582185597,0.7561368908373876
SBFM,2026-08-07T13:30:05.000Z,2026-08-07T13:45:05.000Z,6.428571428571428,1.5003082583966785,1.3597265947086437,6.665296903300769,-0.9370185276407287,-9.370185287006885,15,stop,0,-9.351962012568027,-0.1999589070990222
SAGT,2026-08-07T13:30:05.000Z,2026-08-07T13:45:05.000Z,17.975034674063807,0.8572376788963284,0.7591350076346863,11.665373049889315,-1.1444042574577105,-11.4440456453042,15,stop,0,-11.424798665222081,-0.9915567092405908
AZIO,2026-08-07T13:35:05.000Z,2026-08-07T14:15:05.000Z,0,1.4807674535632,1.3989321203966338,6.753253743137421,-0.5526547700280112,-5.526548612994177,40,stop,0,-5.454431981797536,-0.33766268715687175
ATOS,2026-08-07T13:35:05.000Z,2026-08-07T15:20:05.000Z,-2.4793388429752095,2.380714933954983,2.259091608345005,4.200418771631977,-0.5108688999604585,-5.108689153637134,105,stop,0.8100535587005186,-5.070532898890356,-0.5460544403121581
VTAK,2026-08-07T13:45:05.000Z,2026-08-07T16:05:05.000Z,1.662356852604363,0.27716303603815506,0.2625756338723105,36.07984701146127,-0.5263112384383315,-5.263112417283683,140,stop,1.4926102776834371,-5.21824130839873,-0.5411977051719195
AQB,2026-08-07T14:15:05.000Z,2026-08-07T16:20:05.000Z,9.813084112149518,1.180255372648151,1.1197544780193636,8.472742591325522,-0.5126085067346253,-5.126085085555766,125,stop,7.603831292077756,-5.105282640057407,-0.5930919813927851
CPOP,2026-08-07T16:10:05.000Z,2026-08-07T18:00:05.000Z,7.521776650738543,0.38699803933736093,0.3673130439779401,25.839923845203195,-0.508658780980612,-5.0865878786172996,110,stop,4.832572458160667,-5.0641185084342455,-0.509046499750502
XBIO,2026-08-07T13:30:05.000Z,2026-08-07T19:50:05.000Z,-1.1102230246251565e-14,2.8607829127234243,2.909391885704413,3.4955465350723873,0.16991492707712294,1.6991493050660678,380,session_close,9.760163416620982,-0.7264764002536395,0.3495546535072389
UAVS,2026-08-07T13:30:05.000Z,2026-08-07T19:50:05.000Z,19.710467706013368,0.8628322250394046,0.9141776941985271,11.589736915913535,0.5950804793783823,5.9508056918919126,380,session_close,10.102517318081672,-0.9888625843819221,0.6919072938800372
ZYME,2026-08-07T13:35:05.000Z,2026-08-07T19:50:05.000Z,1.2970168612191912,23.545463111758753,23.875127408750696,0.42471026703124526,0.14001181160611595,1.4001181264823235,375,session_close,2.525059224442816,0,0.09343625874687334
RKT,2026-08-07T13:40:05.000Z,2026-08-07T19:50:05.000Z,-0.03782148260211837,13.232648242467995,13.577282632498639,0.7557066292722449,0.2604424932213537,2.6044249323018835,370,session_close,3.229525562090352,0,0.21915492248895063
CDE,2026-08-07T13:40:05.000Z,2026-08-07T19:50:05.000Z,9.361022364217252,17.133426791599756,17.466504892423004,0.5836544038470117,0.19440250037048715,1.9440250037228393,370,session_close,2.0227897934006034,-2.179521914336713,0.2626444817311544
EQX,2026-08-07T13:40:05.000Z,2026-08-07T19:50:05.000Z,8.65921787709496,11.682338372567244,11.567684374522536,0.855993011046115,-0.09814302101476564,-0.9814302101875607,370,session_close,0.23678159757563044,-2.245598134559035,-0.09415923121507319
AGBK,2026-08-07T13:50:05.000Z,2026-08-07T19:50:05.000Z,-1.2578616352201255,6.33133268820083,6.1385978297365,1.5794462983220188,-0.304414358759105,-3.0441435943417434,360,session_close,0,-4.28555410942929,-0.30009479668118466
AQN,2026-08-07T13:50:05.000Z,2026-08-07T19:50:05.000Z,-0.9565217391304337,5.70114784180417,5.708807982386274,1.7540327447578596,0.013436137410458486,0.1343613741418014,360,session_close,0.6814795769887416,-1.0725531682549638,0.05262098234273438
GLUE,2026-08-07T13:50:05.000Z,2026-08-07T19:50:05.000Z,1.8459579885423238,16.054132271761134,15.936751339517919,0.6228925788580454,-0.07311571159373761,-0.731157126752253,360,session_close,0,-2.5173099668052035,-0.024915703154320568
VEL,2026-08-07T13:50:05.000Z,2026-08-07T19:50:05.000Z,0.10982976386599841,18.356169159683095,18.424978864254175,0.5447759527178054,0.0374858723639411,0.37485874079986103,360,session_close,1.382809441930899,-1.3955480441187884,-0.04358207621742416
HRZN,2026-08-07T14:15:05.000Z,2026-08-07T19:50:05.000Z,1.091703056768556,4.641699322407372,4.648445443751103,2.1543832757641344,0.014533730999209975,0.14533731883848938,335,session_close,1.25602012416417,-0.25204826066381747,0.043087665515283646
CRBP,2026-08-07T14:15:05.000Z,2026-08-07T19:50:05.000Z,1.0266940451745254,9.882029833437024,10.017945564180152,1.0119378465112205,0.13753827187520076,1.3753827202913502,335,session_close,1.902141257729828,-0.42531579185088875,0.13155192004645677
CORZ,2026-08-07T16:10:05.000Z,2026-08-07T19:50:05.000Z,0.9026128266033329,21.254258304535593,21.025775363505193,0.47049395259692767,-0.10749984202636359,-1.0749984203478054,220,session_close,0,-1.2433193421724997,-0.0752790324155086
GT,2026-08-07T16:10:05.000Z,2026-08-07T19:50:05.000Z,-2.8846153846153855,6.571327712392381,6.498662825254965,1.5217624859774952,-0.11057869929350767,-1.105786993401383,220,session_close,0.13197161954447978,-1.6941433643985815,-0.12174099887819878
LITU,2026-08-10T13:30:05.000Z,2026-08-10T13:35:05.000Z,9.945571499257788,22.434735947224695,19.275898462391332,0.4457373601365312,-1.4080118815899432,-14.080118849021398,5,stop,0,-14.0618367635165,-0.6017454361843164
SLI,2026-08-10T13:30:05.000Z,2026-08-10T13:35:05.000Z,9.282700421940927,2.6206255604717805,2.4694966119462656,3.8158827641385944,-0.5766903498409013,-5.7669035517728755,5,stop,0,-5.747694853615936,-0.11447648292415913
AWX,2026-08-10T13:30:05.000Z,2026-08-10T13:35:05.000Z,9.23076923076922,2.880739356753307,2.6991742501914335,3.4713310077744928,-0.6302725843381116,-6.302725935139917,5,stop,0,-6.274061425571187,-0.17356655038872404
QNTM,2026-08-10T13:30:05.000Z,2026-08-10T13:40:05.000Z,0,3.4711467489089185,3.2092870170099874,2.880892192772137,-0.7543896572290355,-7.543896897509192,10,stop,0,-7.523356625328637,-0.5473695166267056
VEEA,2026-08-10T13:45:05.000Z,2026-08-10T13:50:05.000Z,3.341740226986123,0.1668501515108773,0.1572151438697257,59.93401628244858,-0.5774647048462951,-5.774647223214209,5,stop,0,-5.72378953473992,-0.7551686051588522
GME.WS,2026-08-10T13:35:05.000Z,2026-08-10T13:55:05.000Z,9.15032679738561,1.7110497806062106,1.5996038767328418,5.84436383607923,-0.651330410276679,-6.513305757468054,20,stop,0,-6.490154866614484,-0.467549106886338
TNXP,2026-08-10T13:45:05.000Z,2026-08-10T14:10:05.000Z,12.302576891105588,13.562733189353969,12.647339369347742,0.7373145115543828,-0.6749331472777914,-6.749331474903321,25,stop,1.1595510171170886,-6.729714258999175,-0.693075640861121
SMCL,2026-08-10T13:35:05.000Z,2026-08-10T17:15:05.000Z,9.22014622258327,13.492717339960667,12.807261136913379,0.7411405534670359,-0.5080193897038797,-5.080193898505591,220,stop,1.8327120757726911,-5.05989507346084,-0.6225580649123099
GENC,2026-08-10T13:30:05.000Z,2026-08-10T19:50:05.000Z,6.219765031098823,15.613656062945491,15.946501190555233,0.6404649801155274,0.2131756480361237,2.1317564974397896,380,session_close,3.307002120277902,-0.6638807882510589,-0.3842789880693136
TTD,2026-08-10T13:30:05.000Z,2026-08-10T19:50:05.000Z,-2.3188405797101463,13.502972568117174,13.137370276237561,0.7405776694802506,-0.2707568932768421,-2.7075689448030316,380,session_close,0,-4.983884583355946,-0.3332599512661112
STDN,2026-08-10T13:35:05.000Z,2026-08-10T19:50:05.000Z,9.834123222748815,9.311873344333746,10.937786058378425,1.073897767696078,1.7460640340812523,17.46064034509279,375,session_close,17.484415814750797,-1.2014053477415576,1.3745891426509793
VIVK,2026-08-10T13:35:05.000Z,2026-08-10T19:50:05.000Z,9.523809523809511,1.390279644211306,1.41970173536328,7.192797534839566,0.29073465677657007,2.9073465684574424,375,session_close,33.78603417984751,0,-0.080918972266943
MPG,2026-08-10T13:35:05.000Z,2026-08-10T19:50:05.000Z,9.518599562363228,5.041060966175722,5.258398825716038,1.9837093907372303,0.4311351529328538,4.311351538864526,375,session_close,5.533339820642724,-0.41778836473188585,0.23804512688846557
BOIL,2026-08-10T13:35:05.000Z,2026-08-10T19:50:05.000Z,9.100418410041833,20.874180741919655,20.675529756557562,0.4790607173037904,-0.09516588354066906,-0.9516588354682631,375,session_close,0.36322028163759956,-1.026055798633263,-0.07664971476860671
CSQR,2026-08-10T13:45:05.000Z,2026-08-10T19:50:05.000Z,1.2081784386617223,21.864649410475085,21.705459573348676,0.4573592645040734,-0.0728069468246575,-0.7280694702113211,365,session_close,1.5794929204740127,-3.131307516630377,-0.07317748232065213
RYN,2026-08-10T14:00:05.000Z,2026-08-10T19:50:05.000Z,-1.8357044515832865,21.414405006187977,21.59562226952678,0.46697538340626843,0.0846240010274716,0.846240011274824,350,session_close,1.100170626939878,-0.20736044814294585,0.10273458434937943
GME,2026-08-10T14:00:05.000Z,2026-08-10T19:50:05.000Z,0.13048016701462384,19.20386186595445,18.816229999441497,0.5207285944624646,-0.2018509970181525,-2.0185099706438074,350,session_close,0.7609830515633575,-1.9988784997197917,-0.19266957995111333
GCL,2026-08-10T14:00:05.000Z,2026-08-10T19:50:05.000Z,1.1856171039844599,0.5259481697340257,0.5424311351552611,19.013279910443686,0.3133952353081129,3.133952425306643,350,session_close,23.852508190952705,-3.165363184445491,-0.019013279910444325
BCIC,2026-08-10T14:00:05.000Z,2026-08-10T19:50:05.000Z,-0.6666666666666599,7.4926443841918555,7.556547635556216,1.3346422100101836,0.08528797662776605,0.8528798123554979,350,session_close,1.2993492125897177,-1.6368638080650588,0.14681064310111935
WYHG,2026-08-10T14:00:05.000Z,2026-08-10T19:50:05.000Z,11.28668171557563,4.9611720727201485,5.918638430594931,2.015652706184769,2.6302545290171486,26.302545515777187,350,session_close,141.07206572745383,0,2.233343198452724
QMLS,2026-08-11T13:30:05.000Z,2026-08-11T13:35:05.000Z,6.218487394957983,6.351353902889357,5.868813470684994,1.5744674481584913,-0.7597442029260977,-7.5974420506601765,5,stop,0,-7.578760532779938,-0.8817017709687551
AKAN,2026-08-11T13:30:05.000Z,2026-08-11T13:45:05.000Z,0.39920159680637557,5.051206031613649,4.4590432860273825,1.9797252071539817,-1.172319514174642,-11.723195250404295,15,stop,0,-11.704254942552472,-0.811687334933131
TDIC,2026-08-11T13:35:05.000Z,2026-08-11T13:45:05.000Z,11.007462686567159,3.000610113257835,2.809421235298714,3.33265556526713,-0.6371666781476437,-6.371666785843859,10,stop,4.978650377871596,-6.352378551803417,-0.6998576687060982
MTEK,2026-08-11T13:30:05.000Z,2026-08-11T13:50:05.000Z,4.201680672268915,1.2615005116947893,1.2084199886866915,7.927058379614143,-0.5181861604076377,-5.181867717582914,20,stop,0,-10.424134629808613,-0.4463529189807076
BKD,2026-08-11T13:45:05.000Z,2026-08-11T14:40:05.000Z,-0.9495982468955444,13.582718797644565,12.8074302961105,0.7362296274087463,-0.5707903646187104,-5.707903646422479,55,stop,0,-5.688984725050517,-0.48591155408977293
PSKY,2026-08-11T13:30:05.000Z,2026-08-11T19:50:05.000Z,0.21574973031284195,9.323107366490358,9.328124098748793,1.0726037105650628,0.005380965635308492,0.05380965874603258,380,session_close,0.07393064606779909,-1.964016494634535,0.10726037105650654
TRIP,2026-08-11T13:30:05.000Z,2026-08-11T19:50:05.000Z,-2.0408163265306145,10.6022984052842,10.837802024046741,0.9431917100662992,0.22212506090744305,2.2212506171790625,380,session_close,3.8454076571981854,0,0.09431917100662801
RNW,2026-08-11T13:30:05.000Z,2026-08-11T19:50:05.000Z,10.2773246329527,6.771358231991022,6.818621520651841,1.476808589375985,0.06979883065645388,0.6979883066520578,380,session_close,1.0137075259832207,-0.3154202046218191,0.07384042946879887
ASPN,2026-08-11T13:35:05.000Z,2026-08-11T19:50:05.000Z,-0.5564387917328939,6.281419468609412,6.118648673540808,1.5919968394325181,-0.2591305913011356,-2.5913059282544353,375,session_close,0.4550011591076597,-4.320989387284135,-0.2865594310978512
CMRC,2026-08-11T13:45:05.000Z,2026-08-11T19:50:05.000Z,2.220446049250313e-14,2.12064400358395,2.199414458379125,4.715548516355936,0.3714459012420691,3.714459129493234,365,session_close,5.1567352290735835,-1.9165877683977262,0.4715548516355952
DSX,2026-08-11T13:45:05.000Z,2026-08-11T19:50:05.000Z,1.26050420168069,2.4329829317538203,2.3492666708572205,4.110175726453009,-0.3440885434466116,-3.440889773782866,365,session_close,0,-3.821766710331731,-0.2877123008517106
GNK,2026-08-11T13:45:05.000Z,2026-08-11T19:50:05.000Z,-0.31923383878690315,25.00510977115174,24.45498329320959,0.39991826000957026,-0.22000562384381803,-2.200056240412223,365,session_close,0,-2.899846382551352,-0.22395422560535927
JBIO,2026-08-11T13:45:05.000Z,2026-08-11T19:50:05.000Z,0.9894155545329131,22.06540777182248,22.395398800902143,0.4531980551992386,0.1495512926120994,1.495512942666136,365,session_close,1.7882843238520074,-3.2422141445129005,0.18127922207969682
CLSK,2026-08-11T14:00:05.000Z,2026-08-11T19:50:05.000Z,2.329594477998276,11.872380577455106,11.527691786939899,0.8422910581116534,-0.2903282860822795,-2.903282861145378,350,session_close,0.5695523497056598,-3.052299200576869,-0.27795604917684713
CHMI,2026-08-11T14:00:05.000Z,2026-08-11T19:50:05.000Z,1.0752688172043001,2.83057612062664,2.8793615790973615,3.53284969792911,0.17235169222162147,1.7235169234707322,350,session_close,2.805926284567728,-0.3736384458828401,0.21197098187574603
ONDS,2026-08-11T14:00:05.000Z,2026-08-11T19:50:05.000Z,0.26852846401719255,9.341871671846159,9.628073691326392,1.0704493007915759,0.3063647516377532,3.0636475166188397,350,session_close,3.0842676743481956,-0.7693498088050199,0.29972580422164263
GAP,2026-08-11T14:00:05.000Z,2026-08-11T19:50:05.000Z,-1.6271501627150187,21.184279042793534,21.035789376069097,0.4720481624932545,-0.07009427432650628,-0.7009427435527965,350,session_close,0,-1.1059099170676379,-0.0377638529994595
OGI,2026-08-11T14:00:05.000Z,2026-08-11T19:50:05.000Z,9.999999999999986,1.1602351228053114,1.2297217379809169,8.61894265911004,0.5989011517741893,5.989011521009214,350,session_close,6.012994764889146,-1.7440536325417644,0.5171365595466035
SLMT,2026-08-11T13:45:05.000Z,2026-08-11T19:55:05.000Z,-0.6281407035175879,3.981718111070223,3.838932866097199,2.511478392264893,-0.35860205748399926,-3.5860209334267914,370,session_close,0.20799787174163864,-3.559220093361448,-0.8287878694474156
PLUL,2026-08-11T14:00:05.000Z,2026-08-11T19:55:05.000Z,6.985769728331159,8.311726039990724,8.538079421465067,1.2031195368907668,0.12224501965300405,1.2224501984863805,355,session_close,4.430775969243661,-2.7879412636533707,0.08609358610672224
SCNX,2026-08-12T13:30:05.000Z,2026-08-12T13:45:05.000Z,-0.5133219261794109,0.408494755700098,0.372624354767309,24.48011825412976,-0.8781116566577221,-8.781116631794356,15,stop,0,-8.762598589240456,-0.9375885291331691
WETH,2026-08-12T13:35:05.000Z,2026-08-12T13:55:05.000Z,8.715596330275233,1.2105520322165801,1.1097402481021754,8.260693109540238,-0.7629460503486722,-7.629461395163668,20,stop,0,-8.306295767598215,-0.6008554487632178
BMBL,2026-08-12T13:30:05.000Z,2026-08-12T14:55:05.000Z,-0.7194244604316502,2.7805959658485233,2.629363349509022,3.5963513189286433,-0.5438856192375956,-5.438856209134703,85,stop,0,-5.4159600207349,-0.5034891846500091
BMNR,2026-08-12T13:30:05.000Z,2026-08-12T19:50:05.000Z,1.1608623548922115,18.32368162443728,17.926411754030184,0.5457418548863356,-0.21680679596642338,-2.168067960083307,380,session_close,0,-2.585078883959413,-0.11460578952613076
SMMT,2026-08-12T13:30:05.000Z,2026-08-12T19:50:05.000Z,2.0178630499503747,15.483798074926534,15.00698582527396,0.645836366526808,-0.3079426908310922,-3.079426942570983,380,session_close,1.073392485934077,-3.059960305822984,-0.33583491059394
FGL,2026-08-12T13:30:05.000Z,2026-08-12T19:50:05.000Z,2.516469038208169,0.7837726532947261,0.7773176098844151,12.758800204137398,-0.08235860918119177,-0.8235861997960878,380,session_close,4.890110230837763,-2.8162061028717655,-0.114829201837237
ZBAO,2026-08-12T13:30:05.000Z,2026-08-12T19:50:05.000Z,0.10256410256408444,0.19616143131348654,0.20724654745997814,50.97841904135211,0.5651016960379073,5.651017160848721,380,session_close,9.65458324794115,-2.9880651228117117,0.5352733999341961
KEY,2026-08-12T13:35:05.000Z,2026-08-12T19:50:05.000Z,0.3525782282943979,22.794563930010554,22.91541275485111,0.43870108812712844,0.05301651095643722,0.5301651095919926,375,session_close,0.7696399480512595,-0.45872309876868744,0.07896619586288445
IVDA,2026-08-12T13:35:05.000Z,2026-08-12T19:50:05.000Z,-0.9731543624160954,0.29724435492668494,0.36058963700315627,33.64234995719617,2.260897845225004,22.608981592084653,375,session_close,54.31748068458286,-1.0241926806098034,2.187173276592217
JBI,2026-08-12T13:50:05.000Z,2026-08-12T19:50:05.000Z,-0.8893280632410905,5.03101746820097,4.839029985104427,1.9876695039512349,-0.38160766529135065,-3.8160766546730915,360,session_close,0,-4.591863766348226,-0.4372872908692713
BYND,2026-08-12T13:50:05.000Z,2026-08-12T19:50:05.000Z,-1.8354684896880413,0.4105823613176931,0.40611699012187497,24.355649294406515,-0.10875701481469115,-1.0875701482857907,360,session_close,1.2220784804792162,-2.699181056420974,-0.09011590238930367
PSKY,2026-08-12T13:50:05.000Z,2026-08-12T19:50:05.000Z,0.4264392324093702,9.431903736981255,9.438101992216714,1.060231346191,0.00657158449232602,0.06571584494820883,360,session_close,1.4641398689989593,-0.8683690935067712,0.010602313461909318
CPOP,2026-08-12T13:50:05.000Z,2026-08-12T19:50:05.000Z,-2.888888888888874,0.35230160696487883,0.3754713747131998,28.384769036136504,0.6576685061570152,6.576685229434896,360,session_close,12.460457791638003,0,0.5137643195540704
REFI,2026-08-12T13:55:05.000Z,2026-08-12T19:50:05.000Z,1.3685239491691092,10.412326563735698,10.417516982076682,0.9604001455671922,0.004984878530235545,0.04984878556403711,355,session_close,0.5538957687436508,-2.1352246529610652,0.048020007278358534
CIFR,2026-08-12T14:00:05.000Z,2026-08-12T19:50:05.000Z,6.362579895409648,18.323666250321676,17.876420417656963,0.545742312872495,-0.24408097514102525,-2.4408097514702405,350,session_close,0.744030958738584,-4.495095244966141,-0.2182969251489979
CORZ,2026-08-12T14:00:05.000Z,2026-08-12T19:50:05.000Z,7.818825910931171,21.32427331918649,21.135765532199965,0.46894915711507784,-0.08840056781695883,-0.8840056782470231,350,session_close,0.5895942099953588,-3.7247380358412574,-0.0844108482807151
GLXY,2026-08-12T14:00:05.000Z,2026-08-12T19:50:05.000Z,6.458022851465484,21.454295263655574,21.29573200225408,0.46610713037258833,-0.07390746675436867,-0.7390746675799965,350,session_close,1.238468721899899,-1.884449051749859,-0.12118785389687403
AMTM,2026-08-12T14:05:05.000Z,2026-08-12T19:50:05.000Z,-1.827909050378962,22.044446471536663,22.415507065777117,0.4536289903849917,0.16832384273695228,1.6832384279621624,345,session_close,1.8850712763411437,-0.5645252726002581,0.14516127692319714
NOK,2026-08-12T14:05:05.000Z,2026-08-12T19:50:05.000Z,8.421610169491522,10.242048502429226,10.287941176095911,0.9763671786488854,0.0448081003085956,0.44808100309035326,345,session_close,2.225643605541494,0,0.00976367178648907
BQ,2026-08-12T14:05:05.000Z,2026-08-12T19:50:05.000Z,11.325898389095412,0.9023843560988479,1.1497679357684312,11.08175238582786,3.2871129960825964,32.8711299899756,345,session_close,116.09417171527245,-0.24206493431371268,3.4298023634137227
IPWR,2026-08-13T13:30:05.000Z,2026-08-13T13:35:05.000Z,8.447488584474883,4.771198796456964,4.2891216555099,2.0959092877190977,-1.0103899571080202,-10.103899701371672,5,stop,0,-10.085490397388108,-0.775486436456065
FNGR,2026-08-13T13:30:05.000Z,2026-08-13T13:35:05.000Z,5.544005544005537,0.30837306604950027,0.26724474245032914,32.42825335054281,-1.33371969755703,-13.337197092488347,5,stop,0,-13.3192780341287,-1.4073861954135563
SMTK,2026-08-13T13:30:05.000Z,2026-08-13T13:35:05.000Z,0.07639419404126269,0.13161037613645107,0.1215736170655865,75.98181031060855,-0.7626111238557115,-7.626115330343447,5,stop,0,-7.606069088407219,-0.8737908185719991
FRGT,2026-08-13T13:45:05.000Z,2026-08-13T13:55:05.000Z,10.950413223140497,2.700555951785901,2.3095342323398245,3.70294123372047,-1.4479304482171533,-14.47930449978236,10,stop,0,-14.462057397019413,-1.4071176688137772
FWDI,2026-08-13T13:35:05.000Z,2026-08-13T15:50:05.000Z,-1.8181818181818188,4.340908688208803,4.109051421608463,2.3036651306528584,-0.5341215003556864,-5.3412150140391805,135,stop,0,-5.319362944353534,-0.645026236582801
ONDS,2026-08-13T14:25:05.000Z,2026-08-13T15:55:05.000Z,-2.40532241555782,9.5419084775634,9.028192211799322,1.0480083752022589,-0.5383789489983831,-5.383789490037735,90,stop,0,-5.364843718288526,-0.4716037688410175
GSUN,2026-08-13T13:35:05.000Z,2026-08-13T16:00:05.000Z,9.096061207140838,0.387682651743537,0.3428826268877973,25.794293159107934,-1.155584974664272,-11.555849779261255,145,stop,10.73490084462021,-11.525574214524259,-1.4728541393850634
SPCB,2026-08-13T13:40:05.000Z,2026-08-13T16:05:05.000Z,3.767441860465137,11.223888166990703,10.63749819162622,0.8909568006652877,-0.5224481363929366,-5.224481629183082,145,stop,3.4400898090275467,-5.202191596205575,-0.5702123524257843
LGHL,2026-08-13T13:30:05.000Z,2026-08-13T16:30:05.000Z,3.3079847908745075,0.8190488260457497,0.7416427184045544,12.209283947851834,-0.9450731474893365,-9.450731773208302,180,stop,2.606825536559376,-9.431528816016488,-0.7386616788450358
ELMT,2026-08-13T13:45:05.000Z,2026-08-13T16:50:05.000Z,8.535144713526277,18.42397531242079,17.296414466059716,0.5427710250531015,-0.612007356389143,-6.120073584775772,185,stop,2.3123385716436573,-6.100612345388045,-0.6947469120679699
AVIR,2026-08-13T14:25:05.000Z,2026-08-13T17:40:05.000Z,7.707509881422925,5.472467006982723,5.168361862702234,1.8273292201504678,-0.5363126956664743,-5.363127563680199,195,stop,0,-5.527068625480669,-0.5016521816421324
MDWD,2026-08-13T13:45:05.000Z,2026-08-13T18:10:05.000Z,1.581595974119332,14.223394529368166,13.477243480563759,0.7030670412011546,-0.5245942101720527,-5.24594215019326,265,stop,0,-5.226561970373666,-0.4921469288408087
HYLN,2026-08-13T13:30:05.000Z,2026-08-13T19:50:05.000Z,4.113110539845777,4.071034402534803,4.079165640611929,2.4563781274286813,0.01997339536156895,0.19973395636410504,380,session_close,15.204135761658089,0,-0.491275625485736
SLGB,2026-08-13T13:30:05.000Z,2026-08-13T19:50:05.000Z,0.6239168110918625,0.5849091260237733,0.5869780724419441,17.096669921679734,0.0353720939971076,0.3537210014546261,380,session_close,4.99066823844363,-4.754435310801252,0.19832137109148285
MLCO,2026-08-13T13:35:05.000Z,2026-08-13T19:50:05.000Z,-2.1739130434782483,5.431094563730968,5.5088869571527885,1.8412494718103176,0.14323520329878667,1.432352033443135,375,session_close,2.9258455069113953,-0.388403543400595,0.05523748415430774
HCAT,2026-08-13T13:35:05.000Z,2026-08-13T19:50:05.000Z,0,1.8021694112545703,1.7796383542088317,5.548861180681856,-0.12502170780082764,-1.2502185923827096,375,session_close,2.0991693960166646,-4.00458529613651,-0.1664658354204569
UAA,2026-08-13T13:35:05.000Z,2026-08-13T19:50:05.000Z,2.281368821292773,5.391104703928595,5.338923301456463,1.854907396356205,-0.09679166939779779,-0.9679166949606186,375,session_close,0.3504902447477143,-1.6899078933155454,-0.0927453698178109
CSQR,2026-08-13T13:35:05.000Z,2026-08-13T19:50:05.000Z,0.08703220191470518,23.06488250549562,22.83537466732273,0.4335595454598663,-0.09950531399771595,-0.995053142448085,375,session_close,0.3690350231964068,-3.8364925782075066,-0.2644713227305182
EVTL,2026-08-13T13:40:05.000Z,2026-08-13T19:50:05.000Z,0.5083514887436413,0.8318732152013149,0.8480742112715163,12.021062585080584,0.1947531877005359,1.947531880357604,370,session_close,4.306760230285223,-0.9464441284372405,0.21277280775592544
YSWY,2026-08-13T13:45:05.000Z,2026-08-13T19:50:05.000Z,0.0914076782449813,22.055515918025456,24.48482931340487,0.4534013129290278,1.1014538829811005,11.014538967977588,365,session_close,12.171486225722683,-2.6547368930369464,0.997482888443864
MTW,2026-08-13T13:45:05.000Z,2026-08-13T19:50:05.000Z,1.6865079365079305,20.55421243801805,20.735676209250276,0.48651827550869553,0.08828544104720595,0.8828544113739903,365,session_close,1.0011940987888046,-2.0638710400472937,0.09730365510173833
ERAS,2026-08-13T14:25:05.000Z,2026-08-13T19:50:05.000Z,-2.1797631862217504,18.20383345770367,17.926361249498083,0.5493348420732569,-0.1524251516743342,-1.5242515201553006,325,session_close,0.4733428401030748,-1.8338635017691507,-0.181280497884174
YXT,2026-08-13T14:25:05.000Z,2026-08-13T19:50:05.000Z,12.803532008829999,5.131047248743917,5.538827915146375,1.9489198806333383,0.7947318476896623,7.947318483615276,325,session_close,8.94462141950525,-2.9437898624085523,0.6821219582216678
EIKN,2026-08-14T13:30:05.000Z,2026-08-14T13:35:05.000Z,3.7754114230396763,10.752282037474892,9.867153429022006,0.9300351254811324,-0.8232006964294202,-8.23200698575382,5,stop,0,-8.205532875717713,-0.7905298566589636
VNRX,2026-08-14T13:30:05.000Z,2026-08-14T13:40:05.000Z,-1.6650808753567947,0.623950697425458,0.5905641592046487,16.026906019457176,-0.5350829103799253,-5.35082953806585,10,stop,0,-5.329058459691893,-0.6058170475354814
FIRY,2026-08-14T13:45:05.000Z,2026-08-14T14:15:05.000Z,-2.075098814229237,9.974420108611085,9.347994459549968,1.0025644410899568,-0.6280320807353723,-6.28032148475793,30,stop,0,-6.26021464718548,-0.601538664653976
AEBI,2026-08-14T13:45:05.000Z,2026-08-14T15:05:05.000Z,-0.8035062089116085,13.654581230455245,12.957330557771105,0.7323549053714733,-0.5106349504137894,-5.106349736519115,80,stop,0,-5.08679994452006,-0.8788258864457674
CYCU,2026-08-14T13:45:05.000Z,2026-08-14T15:15:05.000Z,4.042857142857148,0.7300465239900402,0.689461623683367,13.697757156420051,-0.5559221086183267,-5.55922108701484,90,stop,2.308548216605133,-5.5402666351976215,-0.48353082762162813
PMN,2026-08-14T13:30:05.000Z,2026-08-14T15:55:05.000Z,1.893171061528065,15.13345545518098,14.217019820291542,0.6607876148843473,-0.6055693173736147,-6.055693212984576,145,stop,0,-6.036000554442156,
STRR,2026-08-14T15:10:05.000Z,2026-08-14T17:00:05.000Z,0.0452960986273343,10.282404593492643,9.147595148795444,0.9725351526262597,-1.1036420765003112,-11.036420852524884,110,stop,0,-11.013032829006752,-1.7505632747272681
LFS,2026-08-14T13:30:05.000Z,2026-08-14T19:05:05.000Z,13.888888888888884,2.470605232200236,2.3194969623187927,4.047591156750643,-0.38499683502826426,-3.8499683927572095,335,stop,62.30840717635946,-6.095884127393036,-0.13862999711870927
ONDS,2026-08-14T13:45:05.000Z,2026-08-14T19:50:05.000Z,4.489337822671158,9.321864573358708,9.168165129418115,1.0727467580312535,-0.1648805801984768,-1.6488058020050569,365,session_close,2.232766041636447,-2.809143721172469,-0.12872961096375057
RCAT,2026-08-14T13:45:05.000Z,2026-08-14T19:50:05.000Z,5.13196480938416,10.772157879523188,11.097774349822284,0.9283191084942629,0.30227599141910527,3.0227599144091704,365,session_close,4.435899713140512,-0.11286391880961366,0.29706211471816246
BRUN,2026-08-14T13:45:05.000Z,2026-08-14T19:50:05.000Z,1.6407982261640752,22.964594964689155,22.78541816263424,0.4354529228631225,-0.07802306216407984,-0.7802306216609566,365,session_close,4.290975028412314,-4.200356967637953,-0.2090174029742986
ETHA,2026-08-14T17:00:05.000Z,2026-08-14T19:50:05.000Z,-0.10541110330288816,14.232876668646787,14.167160597330671,0.702598654400816,-0.046172023279211015,-0.4617202329932354,170,session_close,0,-0.8633298208609475,-0.03512993272004117
TSLL,2026-08-14T17:00:05.000Z,2026-08-14T19:50:05.000Z,-0.8680555555555469,8.571714892531885,8.718254977909087,1.1666276964606175,0.1709577222427475,1.7095772224630954,170,session_close,2.079923442430953,-0.020006411241912936,0.23332553929212274
USAS,2026-08-14T17:05:05.000Z,2026-08-14T19:50:05.000Z,4.950495049504955,5.311085936878304,5.198955596851333,1.882854111123752,-0.21112507170148756,-2.111250718960845,165,session_close,0,-2.0915861313213213,-0.13179978777866275
SATL,2026-08-14T17:05:05.000Z,2026-08-14T19:50:05.000Z,-1.3582342954159499,5.821169947785898,5.78882895649634,1.7178677289347288,-0.05555754525809014,-0.5555754526950135,165,session_close,0.49526216332280715,-1.9097526576797863,-0.03435735457869349
UNG,2026-08-14T17:10:05.000Z,2026-08-14T19:50:05.000Z,0.5516549648946656,10.043901203620454,9.908011541901201,0.995628995617555,-0.13529568741234863,-1.3529569732353526,160,session_close,0,-1.33315930638771,-0.11947547947410442
OKUR,2026-08-14T17:20:05.000Z,2026-08-14T19:50:05.000Z,0,3.9213847492898237,4.03917714978881,2.5501194343533005,0.300384689731593,3.003847059901968,150,session_close,3.024830724188887,-1.5653845060967564,0.3315155264659282
MDWD,2026-08-14T17:20:05.000Z,2026-08-14T19:50:05.000Z,-0.44345898004435336,13.534673824069946,13.416683648371086,0.7388430358699183,-0.08717621961617122,-0.871762239951641,150,session_close,0,-1.0689125275605726,-0.04433058215219532
BITO,2026-08-14T17:20:05.000Z,2026-08-14T19:50:05.000Z,-0.4672897196261738,8.531937214833333,8.4882993125576,1.1720667518587813,-0.051146534378247926,-0.5114653469304072,150,session_close,0,-0.8431521824640686,-0.046882670074349875
MGRX,2026-08-14T17:20:05.000Z,2026-08-14T19:50:05.000Z,-1.800450112528118,0.52542625571952,0.5423302316031071,19.03216634910044,0.321719280977613,3.2171928409703883,150,session_close,4.067886605934978,-2.441114348569373,0.3121275281252487
ABEV,2026-08-14T17:20:05.000Z,2026-08-14T19:50:05.000Z,-2.464788732394374,2.780606946887354,2.779440622130828,3.5963371130864736,-0.004194497007806416,-0.041944970245856375,150,session_close,0.33780585649334505,-0.7410952817485383,0
CAMP,2026-08-17T13:30:05.000Z,2026-08-17T13:35:05.000Z,9.558823529411754,6.0036984592834415,5.558862067664247,1.665639522294585,-0.7409370748358419,-7.409372649809713,5,stop,0,-7.390418794224363,-0.7995069707014011
GEMI,2026-08-17T13:30:05.000Z,2026-08-17T13:35:05.000Z,0.25510204081633514,3.950978064792734,3.7192494506190523,2.531018830816286,-0.5865094861125499,-5.865094930255908,5,stop,0,-5.846098383865639,-0.3037222596979561
RCT,2026-08-17T13:30:05.000Z,2026-08-17T13:35:05.000Z,5.183486238532109,0.23095798452612099,0.20974791798271422,43.297917983476886,-0.9183517216205132,-9.18351733408374,5,stop,0,-9.160966904665758,-0.9482244038381449
DAIC,2026-08-17T13:35:05.000Z,2026-08-17T13:40:05.000Z,9.975520195838428,0.55179895,0.4748369416666666,10.75,-0.8273415895833339,-13.947472776694008,5,stop,0,-13.827309747508586,-0.4192499999999999
XHG,2026-08-17T13:35:05.000Z,2026-08-17T13:45:05.000Z,9.736842105263154,4.200875065645787,3.9886352922982917,2.3804564111861364,-0.5052275291737385,-5.052275300524052,10,stop,0,-5.019789028488287,-0.07141369233558414
BRNX,2026-08-17T13:35:05.000Z,2026-08-17T13:45:05.000Z,1.9718309859154903,3.640790533328993,3.4392742181006257,2.7466562196187487,-0.5534960405766471,-5.534960426413456,10,stop,0.8022836360294328,-5.51502569265907,-0.35706530855043717
ARTL,2026-08-17T13:30:05.000Z,2026-08-17T13:50:05.000Z,-0.14198541675630727,0.7952138240787303,0.7438340242556322,12.575230473193841,-0.6461128244420233,-6.4611301095805995,20,stop,0,-6.440258271171584,-0.5621128021517663
CRGO,2026-08-17T13:50:05.000Z,2026-08-17T14:00:05.000Z,10.370370370370363,1.5003791189699716,1.4196686691614164,6.664982030394048,-0.5379336976390406,-5.379337048089806,10,stop,0,-5.357253906942727,-0.6664982030394064
AGPU,2026-08-17T13:50:05.000Z,2026-08-17T14:40:05.000Z,10.157194679564686,9.141855042006977,8.666399100005941,1.0938698927128256,-0.5200869402663483,-5.200869405785889,50,stop,3.1519309447479937,-5.161480244860539,-0.4156705592308736
ITG,2026-08-17T13:45:05.000Z,2026-08-17T16:15:05.000Z,2.1202775636083304,13.343069836785899,12.616809937093128,0.749452716130242,-0.5442974544412241,-5.442974582134942,150,stop,0,-5.419066568867437,-0.7719362976141486
GCTK,2026-08-17T13:40:05.000Z,2026-08-17T16:35:05.000Z,-0.29940119760478723,0.36879195039451823,0.34901642041857844,27.11555896529434,-0.536224549132541,-5.362245557362288,175,stop,8.462237196906464,-5.339582486399874,-0.5423111793058872
FAMI,2026-08-17T13:35:05.000Z,2026-08-17T18:20:05.000Z,5.624999999999991,0.13562868259927527,0.1286556815223556,73.7307167184944,-0.5141243670801208,-5.1412436833305435,285,stop,5.803578748885374,-5.1085673520449575,-0.7225610238412461
LUNR,2026-08-17T13:30:05.000Z,2026-08-17T19:50:05.000Z,6.680694371383478,20.30406398123604,20.455905247227122,0.49251223837990926,0.07478368179170641,0.7478368179464201,380,session_close,2.294791915522687,-2.778084139989523,0.17237928343296893
SNAP,2026-08-17T13:30:05.000Z,2026-08-17T19:50:05.000Z,-2.957486136783738,5.261054649963784,5.198957522397354,1.9007595747097799,-0.1180317097838663,-1.1803170979578665,380,session_close,0.1700295973218413,-3.4414135949914493,-0.019007595747096317
DCH,2026-08-17T13:35:05.000Z,2026-08-17T19:50:05.000Z,0.2971768202080227,6.771389253696534,6.798635304989251,1.4768018222932973,0.04023701819938055,0.4023701824236861,375,session_close,1.1609249351682394,-0.6112372534770372,0.07384009111466305
GT,2026-08-17T13:45:05.000Z,2026-08-17T19:50:05.000Z,0.49099836333879043,6.151346960812561,6.058753602301538,1.6256602045147024,-0.15052533813373356,-1.5052533876058969,365,session_close,0,-2.4603873229184448,-0.1463094184063234
AAL,2026-08-17T13:45:05.000Z,2026-08-17T19:50:05.000Z,-1.7194875252865893,14.592920303007137,14.477098284205182,0.6852637986122241,-0.07936863656716425,-0.7936863656967136,365,session_close,0.1170409804084338,-1.2534866168592895,-0.04796846590285675
WHLR,2026-08-17T13:45:05.000Z,2026-08-17T19:50:05.000Z,-2.0368334927678866,0.3592002340782743,0.39248833018148394,27.83962489569113,0.9267281090050743,9.267281294687505,365,session_close,9.326209379480987,-3.9811316145072717,0.5929840102782205
NMRK,2026-08-17T13:50:05.000Z,2026-08-17T19:50:05.000Z,-1.7704918032786843,15.003013831541116,15.07694138079291,0.6665327453824295,0.04927513236219281,0.4927513237132022,360,session_close,2.3127764351547064,0,0.0666532745382451
DRAL,2026-08-17T13:35:05.000Z,2026-08-17T19:55:05.000Z,9.830205540661296,12.332821537414867,12.305042626195748,0.8108444530467416,-0.022524376073700822,-0.2252437622229811,380,session_close,4.842188470606135,-1.1580605215244621,-0.05675911171327108
DFSC,2026-08-18T13:30:05.000Z,2026-08-18T13:35:05.000Z,9.72222222222221,2.400842191723533,2.269476354928235,4.165204820626965,-0.5471656166854708,-5.4716564565617,5,stop,0,-5.449845565634748,-0.5831286748877744
DVLT,2026-08-18T13:30:05.000Z,2026-08-18T13:35:05.000Z,12.176084920387154,0.36047579746433167,0.34223134850658504,27.741113408037336,-0.5061213276039978,-5.061213287017384,5,stop,0,-5.04216859833152,-0.16922079178902827
RANI,2026-08-18T13:40:05.000Z,2026-08-18T14:05:05.000Z,9.310214851111942,0.8756827066781805,0.8304023468526005,11.419661374615968,-0.5170863761288884,-5.170863770662636,25,stop,1.075423009955645,-5.14829245049242,-0.3528675364756335
ENRD,2026-08-18T13:40:05.000Z,2026-08-18T14:20:05.000Z,10.551948051948056,6.831377553553998,6.338708599331761,1.4638335999137435,-0.7211853688248769,-7.211853690708812,40,stop,0,-7.192949733811171,-0.49770342397067147
DEFT,2026-08-18T13:30:05.000Z,2026-08-18T15:10:05.000Z,-1.0752688172043001,0.4628694405125911,0.4327110919837121,21.60435393359178,-0.6515516356705189,-6.515519472506334,100,stop,0,-6.4963114608066475,-0.7194249859886064
FBLG,2026-08-18T13:55:05.000Z,2026-08-18T15:45:05.000Z,4.411764705882337,1.080340960544865,1.0097452885654983,9.256336656666736,-0.6534573063446335,-6.534573302095495,110,stop,0,-6.510996353353937,-0.2776900997000009
SPCQ,2026-08-18T13:35:05.000Z,2026-08-18T15:55:05.000Z,9.79757085020243,13.59272597491747,12.8973016662084,0.7356876035959272,-0.51161504315653,-5.116150432167395,140,stop,0,-5.096299124956605,-0.4193419340496778
ASTN,2026-08-18T13:30:05.000Z,2026-08-18T19:50:05.000Z,9.725685785536164,4.420909447828439,4.4678228728758835,2.2619780174570323,0.10611713618093722,1.0611713630662198,380,session_close,2.6938021141794444,-2.282549530120004,0.02261978017457089
AMX,2026-08-18T13:30:05.000Z,2026-08-18T19:50:05.000Z,0.7601351351351315,23.935227599642168,23.665252571629193,0.4177942289483185,-0.11279400866398183,-1.1279400911859794,380,session_close,0.019938813357689433,-1.609458686108034,-0.17965151844777694
BBWI,2026-08-18T13:30:05.000Z,2026-08-18T19:50:05.000Z,3.7214247740563478,19.54397424679634,20.015986194165933,0.511666658317717,0.24151277579663852,2.4151277596314222,380,session_close,3.5613317149031376,-0.9413348813969935,0.3325833279065158
KURA,2026-08-18T13:35:05.000Z,2026-08-18T19:50:05.000Z,9.84042553191491,12.41248819147598,12.29748865608816,0.805640242692612,-0.09264825359938123,-0.9264825360864707,375,session_close,1.6717986379759298,-1.3090702602848392,-0.17724085339237305
EYPT,2026-08-18T13:35:05.000Z,2026-08-18T19:50:05.000Z,9.65092402464065,5.361073554434369,5.4788942974473525,1.8652980411260809,0.21977080114613773,2.197708011589006,375,session_close,2.404862463768853,-4.683270092921877,0
RAMZ,2026-08-18T13:35:05.000Z,2026-08-18T19:50:05.000Z,9.58199356913183,17.073446490515305,17.994108111552677,0.5857048254266081,0.5392359540266718,5.3923595423385695,375,session_close,6.891130681425661,-0.07875674382894493,0.5447054876467465
SKDD,2026-08-18T13:35:05.000Z,2026-08-18T19:50:05.000Z,9.546413502109697,10.402086534636679,11.13773043273617,0.961345588256916,0.7072080159660662,7.072080160551996,375,session_close,8.632051486723036,-0.11619336751749199,0.6921688235449803
LITZ,2026-08-18T13:35:05.000Z,2026-08-18T19:50:05.000Z,9.222661396574438,8.311671704147148,9.077904460674887,1.2031274036800261,0.9218756269758078,9.21875627192329,375,session_close,10.68772116455965,-1.3435528750663894,0.9023455527600195
SNDQ,2026-08-18T13:40:05.000Z,2026-08-18T19:50:05.000Z,9.57446808510638,13.402680891007908,14.417113891855585,0.7461193832180373,0.7568881249084921,7.568881249185592,370,session_close,9.754161272833084,0,0.8505760968685632
SXTC,2026-08-18T13:40:05.000Z,2026-08-18T19:50:05.000Z,14.933333333333355,4.340871039384158,5.138886862370651,2.3036851147767443,1.8383771727702964,18.383771730286362,370,session_close,23.70789068089536,0,1.658653282639257
NCLH,2026-08-18T13:55:05.000Z,2026-08-18T19:50:05.000Z,-1.3476347634763353,17.953599174156075,17.706453489401827,0.5569913810580246,-0.1376580162737996,-1.37658016287904,355,session_close,0,-1.4125255426283956,-0.14481775907508698
SMMT,2026-08-18T13:55:05.000Z,2026-08-18T19:50:05.000Z,-0.5086071987480345,12.732575264656996,12.847399917062523,0.7853870711534903,0.09018179744899475,0.9018179749092627,355,session_close,1.7861644688195177,-1.3553838172551624,0.06283096569227986
ADNT,2026-08-18T13:55:05.000Z,2026-08-18T19:50:05.000Z,-1.194029850746281,19.9042055840944,19.46572977491084,0.5024063851128565,-0.22029304625134596,-2.2029304677899186,355,session_close,1.1846462040867811,-2.1814765842319117,-0.2562272564075556
PBK,2026-08-18T13:55:05.000Z,2026-08-18T19:50:05.000Z,-2.448622649759491,0.4504962217222688,0.46428962560033443,16.019204379365597,0.22095935580986778,3.061824542131077,355,session_close,3.197313891482789,-3.4176139509912606,0.2226669408731814
DLHC,2026-08-18T13:45:05.000Z,2026-08-19T13:50:05.000Z,1.7777777777777892,4.663203165370238,4.477630514265183,2.1444479890653425,-0.3979508984877592,-3.9795103177822013,1445,time,0,-4.786477394503907,-0.25733375868784236
GOVX,2026-08-19T14:00:05.000Z,2026-08-19T14:10:05.000Z,-0.09223674096848766,0.6528389449630552,0.6061749232249415,15.317713579662005,-0.714786119459547,-7.147861214185751,10,stop,0,-7.12870231197511,-0.7046148246644535
AEON,2026-08-19T13:55:05.000Z,2026-08-19T14:15:05.000Z,-1.1020408163265216,0.24405357623430268,0.23162104864730615,40.9746093924351,-0.5094179616378567,-5.094179638269564,20,stop,2.272625483009705,-5.0618296297542,-0.5859369143118229
ZNB,2026-08-19T14:00:05.000Z,2026-08-19T18:55:05.000Z,7.623318385650224,2.420487591798115,2.269544263704395,4.131398992044165,-0.5368649118674128,-5.3686491202792785,295,stop,28.486508690989186,-6.217242852557725,-1.2528467443373952
KC,2026-08-19T13:50:05.000Z,2026-08-19T19:50:05.000Z,9.501845018450194,11.892412700719218,12.407443547768278,0.8408722641684205,0.4330751544747223,4.330751547311439,360,session_close,5.024945856820473,-1.533857807576633,0.46247974529263125
JTAI,2026-08-19T13:50:05.000Z,2026-08-19T19:50:05.000Z,7.586206896551739,1.5703360294820043,1.679563640270853,6.368063766118113,0.6955683905241185,6.955683926126226,360,session_close,6.983471592011403,-3.8422368428945086,0.6368063766118102
QTEX,2026-08-19T13:50:05.000Z,2026-08-19T19:50:05.000Z,11.420612813370479,1.0102042796454511,1.1196506556720094,9.898987954144776,1.1255016597316858,11.25501660245385,360,session_close,27.696944666750788,-1.0101204133714958,1.1086866508642164
IOVA,2026-08-19T13:55:05.000Z,2026-08-19T19:50:05.000Z,8.036984352773825,7.601522733336105,8.038389530209551,1.3155258952821443,0.5747095840759834,5.7470958411738815,355,session_close,5.768281988304436,-1.5986630258062906,0.5393656170656786
LCID,2026-08-19T14:00:05.000Z,2026-08-19T19:50:05.000Z,0.5199306759098743,5.811183806759018,5.8488080316086215,1.7208197718204983,0.06474451002061855,0.6474451007012203,350,session_close,0.8400387057832193,-1.9132729312347552,0.017208197718204588
WEAV,2026-08-19T14:00:05.000Z,2026-08-19T19:50:05.000Z,0.3434065934065922,7.31148761741663,7.288529133367124,1.367710719915443,-0.03140056474751746,-0.31400564769906864,350,session_close,0,-0.2938884470712222,-0.013677107199155714
BALY,2026-08-19T14:05:05.000Z,2026-08-19T19:50:05.000Z,-2.1885521885521952,8.742079926317977,8.747756456626096,1.1438925283140335,0.006493340606204961,0.06493340664879287,345,session_close,2.0352144476098344,-2.9979127224516344,0.011438925283139056
COTY,2026-08-19T14:10:05.000Z,2026-08-19T19:50:05.000Z,8.941605839416056,2.9906295192150245,2.9893892391190517,3.3437775938341217,-0.004147220794992175,-0.041472208041948115,340,session_close,2.9883501186209527,-1.0241830028837606,0
DNA,2026-08-19T14:10:05.000Z,2026-08-19T19:50:05.000Z,9.954058192955584,7.20151151574458,7.7084347541997715,1.3885973739386805,0.70391227770737,7.039122791748799,340,session_close,7.060857753871774,-1.6873057201800101,0.8470443981025966
EDIT,2026-08-19T14:15:05.000Z,2026-08-19T19:50:05.000Z,10.59027777777779,3.1907454093657153,3.1793543160605524,3.134063874850235,-0.03570041402275928,-0.3570041430358833,335,session_close,2.797295903718844,-3.4708318952883843,-0.0940219162455076
PRME,2026-08-19T14:15:05.000Z,2026-08-19T19:50:05.000Z,11.311475409836081,3.400696135099337,3.5792760852457413,2.9405743980102446,0.5251276293984622,5.251276299085975,335,session_close,5.272563551033804,-1.1967001308733072,0.47049190368163885
PRMB,2026-08-19T14:25:05.000Z,2026-08-19T19:50:05.000Z,1.6638225255972472,23.854830315969565,23.66525830239659,0.41920231091246307,-0.07946902617411948,-0.7946902621481459,325,session_close,0.48279397717339023,-0.7748129562079931,-0.0670723697459934
PSKY,2026-08-19T14:25:05.000Z,2026-08-19T19:50:05.000Z,-0.04793863854265501,10.44210158939187,10.557881876458218,0.9576616269984626,0.11087833808630833,1.1087833811535568,325,session_close,1.512132488430673,-1.0735539051425547,0.08618954642986054
LUXE,2026-08-19T14:25:05.000Z,2026-08-19T19:50:05.000Z,2.251655629139071,7.774052696304399,7.7682369040749455,1.286330143834864,-0.0074810288550268885,-0.07481030109582883,325,session_close,0.4624010808762513,-1.9816266022692708,-0.03858990431504772
IVR,2026-08-19T15:30:05.000Z,2026-08-19T19:50:05.000Z,1.3386880856760541,7.581575384189073,7.548430397698947,1.318987080782082,-0.04371780897317296,-0.4371780904434189,260,session_close,0,-0.9440700720108941,-0.03956961242346324
BITO,2026-08-19T15:30:05.000Z,2026-08-19T19:50:05.000Z,5.727376861397482,9.241848139035604,9.228144654658173,1.0820346590344883,-0.014827645045917107,-0.14827645045961724,260,session_close,0.629223290510228,-0.7774217662388616,0.07574242613241466
RXRX,2026-08-19T15:30:05.000Z,2026-08-19T19:50:05.000Z,6.796116504854366,3.3106653878629695,3.479300488024848,3.020540835870422,0.5093692064000527,5.093692065048355,260,session_close,5.1148211099139695,-0.9262605630695919,0.5134919420979713
CORD,2026-08-19T15:30:05.000Z,2026-08-19T19:50:05.000Z,0.8547008547008739,2.960604017934185,3.039383780725749,3.3776891239559514,0.26609354796889567,2.6609354818931195,260,session_close,4.370594016693374,-3.060322062165044,0.3377689123955925
PWCM,2026-08-20T13:30:05.000Z,2026-08-20T13:40:05.000Z,10.909090909090914,1.8404189152767456,1.6996568539163737,5.43354551184297,-0.7648370667424138,-7.648370715599031,10,stop,0,-7.629725716855651,-0.8150318267764476
CALC,2026-08-20T13:30:05.000Z,2026-08-20T13:45:05.000Z,0.9298531810766786,0.6227086185863423,0.5672123140224241,16.05887285774717,-0.8912080990667761,-8.912082297801582,15,stop,0,-8.865883165657085,-0.6246901541663661
PLRZ,2026-08-20T13:40:05.000Z,2026-08-20T13:45:05.000Z,-1.2511170688114248,11.094069172501282,10.387880413127073,0.9013824623008637,-0.6365461627739165,-6.365462017531216,5,stop,0,-6.346356432015476,-0.3154838618053013
SOC,2026-08-20T13:30:05.000Z,2026-08-20T14:20:05.000Z,7.740585774058584,5.171046097058618,4.879016339468432,1.9338446820179505,-0.5647401937067715,-5.64740193974092,50,stop,0.36653904424026607,-5.6283794728530845,-0.754199425987002
BEEM,2026-08-20T13:55:05.000Z,2026-08-20T14:30:05.000Z,11.570247933884303,1.3602759813519956,1.2797421590742442,7.35144936112261,-0.5920403163325374,-5.920403166841762,35,stop,0,-5.901448121741315,-0.5881159488898096
BIVIW,2026-08-20T14:25:05.000Z,2026-08-20T14:45:05.000Z,19.999999999999996,0.30615730442654226,0.26878687496487125,32.662942354228306,-1.2206281832593155,-12.206283802919186,20,stop,0,-12.169333831942463,-1.368577284642166
TGHL,2026-08-20T13:55:05.000Z,2026-08-20T15:40:05.000Z,6.826137689614931,0.7362055403821789,0.6891539559555758,13.583162894274233,-0.6391093357002461,-6.391093498451214,105,stop,9.425962698106982,-6.37125609756064,-0.5637012601123796
HIVE,2026-08-20T13:40:05.000Z,2026-08-20T19:50:05.000Z,5.141843971631199,2.9705978669155075,3.0993747068202575,3.36632571804914,0.4335047880604566,4.335047881740526,370,session_close,6.712525290120808,-2.376554150993593,0.40395908616589793
MFA,2026-08-20T13:40:05.000Z,2026-08-20T19:50:05.000Z,-0.7692307692307776,9.04185192001329,8.907717279676339,1.1059681222952866,-0.1483486363082113,-1.483486364558311,370,session_close,0,-2.232417891809413,-0.13271617467543528
CHWY,2026-08-20T13:40:05.000Z,2026-08-20T19:50:05.000Z,-2.54272613588995,23.404693593836118,23.94519604947351,0.42726472614316124,0.23093763368761602,2.3093763371452054,370,session_close,2.329901923208655,0,0.27772207199305576
AUPH,2026-08-20T13:40:05.000Z,2026-08-20T19:50:05.000Z,8.163265306122458,17.523585310621332,17.296482360994194,0.5706594748303768,-0.12959844996665218,-1.2959845008971271,370,session_close,1.0067271408878753,-3.1020210817922944,-0.15978465295250643
SAN,2026-08-20T13:45:05.000Z,2026-08-20T19:50:05.000Z,0.6704304869442623,14.272854921736286,14.187158592001584,0.7006306765328141,-0.060041477478403514,-0.6004147747917926,365,session_close,0.40037594844943847,-1.0008854046342885,-0.04904414735729645
STKH,2026-08-20T13:45:05.000Z,2026-08-20T19:50:05.000Z,9.714285714285719,3.8608091282836896,3.9291678650590285,2.590130630023362,0.17705805795150967,1.7705805830843426,365,session_close,7.490421362655386,-4.683192622994747,0.02590130630023424
STDN,2026-08-20T14:00:05.000Z,2026-08-20T19:50:05.000Z,3.550543024227215,12.443483737064566,12.85606816760821,0.803633450823989,0.33156664967403915,3.3156665710479998,350,session_close,3.4276274389703154,-1.7959901084524277,0.2651990387719163
SGLY,2026-08-20T14:00:05.000Z,2026-08-20T19:50:05.000Z,16.10738255033557,3.4706975050659437,3.4292638643481523,2.881265216393438,-0.11938130778871496,-1.1938130781294949,350,session_close,4.878053898011481,-4.341994796319204,-0.5762530432786885
OPRA,2026-08-20T14:10:05.000Z,2026-08-20T19:50:05.000Z,-1.6004415011037665,17.854149911576826,18.18617649185178,0.560093870277194,0.1859660523810996,1.8596605378543554,340,session_close,2.553188422191943,-1.0314123746514525,0.19043191589424602
BTDR,2026-08-20T14:15:05.000Z,2026-08-20T19:50:05.000Z,8.82658359293873,10.492099018711299,10.46790162165997,0.9530981343172624,-0.023062493984956283,-0.23062493985404345,335,session_close,2.4580494410962883,-1.7355823499811462,0.057185888059034795
HUIZ,2026-08-20T14:15:05.000Z,2026-08-20T19:50:05.000Z,12.328767123287676,1.6503306734235577,2.0095819293930313,6.059391708715896,2.1859337705597293,21.859337707384892,335,session_close,27.247225893439776,0,1.9435498905706243
HELP,2026-08-20T14:25:05.000Z,2026-08-20T19:50:05.000Z,4.286926994906626,12.322568976010178,12.47749105618544,0.8115190916524108,0.12572222578073128,1.2572222600406477,325,session_close,2.73831718569999,-1.7250378263169996,0.11361267283133714
BTTC,2026-08-20T14:25:05.000Z,2026-08-20T19:50:05.000Z,-1.6483516483516536,0.5948327376379191,0.6315506535181292,16.811448522378704,0.6172813526691839,6.172813558651289,325,session_close,6.197920865700968,-3.1828674583549432,0.5766326843175893
COSM,2026-08-20T13:40:05.000Z,2026-08-20T19:55:05.000Z,5.64766839378239,0.20543582373465846,0.21323176820425088,48.67694889516275,0.36985852388061546,3.698589272795474,375,session_close,6.894696362030817,-1.818486993526347,0.25248474447581337
GOSS,2026-08-21T13:30:05.000Z,2026-08-21T13:35:05.000Z,6.955268055052732,0.16913609903787025,0.157168240841097,59.12398375107009,-0.7075874535611317,-7.07587455596548,5,stop,0,-7.057097275962187,-0.14189756100256723
AIRE,2026-08-21T13:40:05.000Z,2026-08-21T13:45:05.000Z,-0.34965034965035446,1.4403319266055141,1.3497215757330114,6.942844038225949,-0.6290935343567167,-6.290935387792701,5,stop,0,-6.271604825035215,-0.555427523058075
INV,2026-08-21T13:30:05.000Z,2026-08-21T14:15:05.000Z,7.333333333333325,1.6303781038190976,1.539676214082454,6.133546508286142,-0.5563242590891451,-5.5632426321341,45,stop,0,-5.543383072146913,-0.49068372066289
PUSA,2026-08-21T13:30:05.000Z,2026-08-21T14:15:05.000Z,6.156156156156167,3.5617531537911895,3.368967604874739,2.8076057290505116,-0.5412658116159748,-5.412658895556718,45,stop,0,-5.383673306699654,-0.30883663019555563
AEVA,2026-08-21T13:45:05.000Z,2026-08-21T14:15:05.000Z,2.861685214626397,19.443945525723905,18.266217846138986,0.5142989102065512,-0.6057040621306141,-6.057040624943181,30,stop,0,-6.037589048841974,-0.6120157031457971
ELAB,2026-08-21T13:35:05.000Z,2026-08-21T15:10:05.000Z,3.2786885245901676,6.391346198456305,5.938435427201229,1.5646156016294899,-0.708631258851737,-7.086312604447354,95,stop,1.543552774023138,-7.061833054283895,-0.9700616730102833
IOVA,2026-08-21T14:10:05.000Z,2026-08-21T15:25:05.000Z,-1.0567296996663034,8.901784330086072,8.44830711877651,1.1233702849019802,-0.5094228240653774,-5.094228241150577,75,stop,0.204629423028857,-5.075210916525363,-0.49428292535687035
SDEV,2026-08-21T14:00:05.000Z,2026-08-21T16:15:05.000Z,8.482142857142838,1.2202953012109108,1.1497165520171055,8.194737690389156,-0.578374336158999,-5.783743420446613,135,stop,1.614748394879184,-5.760515601523353,-0.9014211459428072
ADXN,2026-08-21T13:55:05.000Z,2026-08-21T17:45:05.000Z,6.345733041575463,4.890985051362585,4.559058144500857,2.0445779106010313,-0.6786504217036151,-6.786504219007093,230,stop,4.682389053174751,-6.767247249516251,-0.36802402390818756
PURR,2026-08-21T13:30:05.000Z,2026-08-21T19:50:05.000Z,4.265873015873023,10.532111589469055,10.617874504995278,0.9494772167942711,0.08142993433800014,0.814299343466662,380,session_close,4.2525984151059015,-0.8745785561288355,-0.4652438362291935
PSEC,2026-08-21T13:30:05.000Z,2026-08-21T19:50:05.000Z,0.8771929824561431,2.3215793118284185,2.349451482963709,4.307411199410648,0.12005690210004147,1.2005694138159462,380,session_close,1.2241963057983307,-4.375440085586257,0.1292223359823197
ZKH,2026-08-21T13:30:05.000Z,2026-08-21T19:50:05.000Z,0,2.9206170880563525,2.8894184516656307,3.423933940862006,-0.10682207004680466,-1.0682207030256123,380,session_close,0,-2.0754890568928652,0.03423933940861801
BEKE,2026-08-21T13:35:05.000Z,2026-08-21T19:50:05.000Z,2.0306062389641166,17.363476239170126,17.776437841041137,0.5759215413876743,0.2378334822834757,2.3783348229510297,375,session_close,2.3988500637346144,-2.0357458051672883,0.23036861655507046
SKYQ,2026-08-21T13:35:05.000Z,2026-08-21T19:50:05.000Z,0.9380863039399667,2.7106304436845785,2.7493655126478167,3.6891786364278074,0.14290058889973617,1.4290058998446633,375,session_close,1.4524132718699345,-3.712436858334367,0.2582425045499459
KNRX,2026-08-21T13:35:05.000Z,2026-08-21T19:50:05.000Z,11.757575757575767,0.3701785596201189,0.46060693097836936,27.013990178769195,2.4764574518434435,24.764574582899545,375,session_close,48.73903031148843,-3.15484495701307,2.7382731144709407
USDE,2026-08-21T13:35:05.000Z,2026-08-21T19:50:05.000Z,12.375000000000004,4.510903621840314,7.848427067579741,2.216850732714154,7.231452864246221,72.31452864767152,375,session_close,89.98410780728885,0,6.568528721032038
SXTC,2026-08-21T13:40:05.000Z,2026-08-21T19:50:05.000Z,9.779614325068863,4.010835946474813,4.078912009546253,2.493245826009198,0.1697303601040069,1.697303604034795,370,session_close,3.719026544984705,-3.5113863631993314,0.12466229130046003
STUB,2026-08-21T13:55:05.000Z,2026-08-21T19:50:05.000Z,1.171303074670571,6.92147323484,6.688650259678024,1.4447791146855997,-0.3363777719329866,-3.363777728562693,355,session_close,0,-3.34427696223476,-0.317851405230833
ABUS,2026-08-21T14:00:05.000Z,2026-08-21T19:50:05.000Z,9.85324947589099,5.251114853897856,5.2089382498156835,1.9043575035023452,-0.08031933245613242,-0.803193326667859,350,session_close,0.3596406977867783,-3.068202817507637,-0.019043575035023963
PMI,2026-08-21T14:05:05.000Z,2026-08-21T19:50:05.000Z,-0.9900990099009799,3.020685282368348,3.2692465022236155,3.3105070552395945,0.8228636719898226,8.22863677014325,345,session_close,13.219341980524746,-1.3468891514725745,0.5958912699431256
BCTX,2026-08-24T13:30:05.000Z,2026-08-24T13:35:05.000Z,-0.49140049140048436,4.0708484898429536,3.7592065737187363,2.4564903378958416,-0.7655453558424858,-7.655453571946615,5,stop,0,-7.635963131974622,-0.3930384540633334
TMCR,2026-08-24T13:30:05.000Z,2026-08-24T13:40:05.000Z,-2.287581699346397,6.011373428587415,5.308868730427581,1.6635133474279906,-1.168625942019756,-11.68625949635793,10,stop,0,-11.667440675902707,-1.0979188093024757
CAPR,2026-08-24T13:35:05.000Z,2026-08-24T13:40:05.000Z,11.049284578696339,7.0114032826958645,6.638671236515941,1.4262480129068835,-0.5316083402108333,-5.316083402303019,5,stop,0,-5.297131939514699,-0.3993494436139269
OLOX,2026-08-24T13:30:05.000Z,2026-08-24T14:10:05.000Z,11.00478468899524,2.3304914710361357,2.039589835302196,4.290940387994652,-1.2482415777044698,-12.482415805821628,40,stop,2.553475509498737,-12.464815883105695,-1.1156445008786111
ZSTK,2026-08-24T13:40:05.000Z,2026-08-24T14:25:05.000Z,1.0615711252653925,4.811016183220113,4.55892077616375,2.0785629470722773,-0.5239961722344602,-5.239961734812348,45,stop,2.8888661248871905,-5.217529387982712,-0.5404263662387923
BEZ,2026-08-24T13:30:05.000Z,2026-08-24T14:35:05.000Z,9.899328859060397,13.163015936586525,12.31746216316588,0.759704309508422,-0.6423708455887722,-6.423708498828401,65,stop,3.471727646726386,-6.40442844290241,-1.1167653349773818
CYAB,2026-08-24T13:30:05.000Z,2026-08-24T14:50:05.000Z,7.200267916945746,0.32627984178894726,0.30026305888155413,30.64853726674978,-0.7973763404981767,-7.97376349232815,80,stop,3.806596859602096,-7.901144504545532,-0.8581590434689943
INCR,2026-08-24T13:45:05.000Z,2026-08-24T15:15:05.000Z,18.365429779239072,5.091050351594789,4.958410176650458,1.9642312089398777,-0.46993766881437915,-4.699376694306167,90,stop,3.3185617257210254,-6.699017453008571,-0.37856924835759465
VMAR,2026-08-24T13:40:05.000Z,2026-08-24T15:40:05.000Z,0.6706408345752424,0.6798490103970896,0.5940699391095916,14.709148362237775,-1.261737085942778,-12.617370912608328,120,stop,3.2288036412804644,-12.598240063196286,-1.054645937572447
NCTY,2026-08-24T13:40:05.000Z,2026-08-24T16:35:05.000Z,5.536332179930792,6.1513526423088996,5.827678196312616,1.625658702667848,-0.5261841799650533,-5.261841822724591,175,stop,15.584334266540667,-5.224097218856249,-0.9916518086273864
MVIS,2026-08-24T13:35:05.000Z,2026-08-24T19:00:05.000Z,6.024096385542177,1.7703830196112857,1.6795089432693904,5.648495186495959,-0.5133017827944623,-5.1330178461521925,325,stop,0,-5.105280530262357,-0.28242475932479927
OSPR,2026-08-24T13:30:05.000Z,2026-08-24T19:50:05.000Z,-0.10050251256279452,9.962206360746599,9.847402628939426,1.0037936969199401,-0.1152392623709278,-1.152392629202368,380,session_close,0,-1.6282172329387667,-0.15056905453799097
SNAP,2026-08-24T13:35:05.000Z,2026-08-24T19:50:05.000Z,-0.667938931297718,5.211048171902659,5.508897487970859,1.9189997228457758,0.5715727549846803,5.715727551208753,375,session_close,5.73688475399734,-0.020114415911764993,0.5565099196252739
ALKT,2026-08-24T13:35:05.000Z,2026-08-24T19:50:05.000Z,1.422963689892054,20.71591454338358,20.31586761681798,0.48272065105669454,-0.1931109128449765,-1.9311091756427965,375,session_close,0,-2.780058501291316,-0.2027426734438098
PSKY,2026-08-24T13:40:05.000Z,2026-08-24T19:50:05.000Z,-0.48309178743960457,10.31209171342007,10.397896039989147,0.9697353623358675,0.0832074897154491,0.8320748976409128,370,session_close,2.113133713661064,-1.571860665369429,0.11636824348030217
JMKE,2026-08-24T13:40:05.000Z,2026-08-24T19:50:05.000Z,0.37720033528920727,23.98481289192633,23.48524203369206,0.41693049863034964,-0.20828632702480654,-2.0828632705424814,370,session_close,0,-3.8975200521201625,-0.175110809424746
VBIO,2026-08-24T13:45:05.000Z,2026-08-24T19:50:05.000Z,-2.446982055464919,0.1203662664724093,0.16666513003272845,83.07973953881925,3.8423506379459336,38.423513803697254,365,session_close,50.12511835400375,-1.1350908460075027,3.6567547358011314
XHLD,2026-08-24T13:50:05.000Z,2026-08-24T19:50:05.000Z,-0.13054830287205776,7.671589176205721,7.537913854584602,1.3035108835225488,-0.17424723659150607,-1.7424723685117032,360,session_close,3.36841321737833,-2.4973857672143773,-0.31284261204541153
STLA,2026-08-24T13:50:05.000Z,2026-08-24T19:50:05.000Z,-2.957486136783738,5.261058248430405,5.218951819587521,1.9007582743631393,-0.08003414302699506,-0.8003414304611891,360,session_close,0.16996108287266054,-2.1109488469081006,-0.03801516548726269
F,2026-08-24T13:50:05.000Z,2026-08-24T19:50:05.000Z,-2.498265093684937,14.062813452361631,13.947209128982108,0.7110952608216526,-0.08220568648567288,-0.8220568648737174,360,session_close,0,-2.0110730567512225,-0.07110952608216614
RCON,2026-08-25T13:30:05.000Z,2026-08-25T13:35:05.000Z,7.665505226480818,3.1006470301536266,2.6494687752494555,3.2251332978423815,-1.4551100131538601,-14.551100158014982,5,stop,0,-14.533967451667618,-1.257801986158528
FNGR,2026-08-25T13:30:05.000Z,2026-08-25T13:45:05.000Z,0.20470829068577334,0.19674062072259232,0.1748647356291177,50.82834419159851,-1.1119150170269876,-11.119150185217725,15,stop,0,-11.101225889384569,-0.782756500550617
SMTG,2026-08-25T13:35:05.000Z,2026-08-25T14:25:05.000Z,9.540034071550242,6.502225608951009,6.067362941360405,1.5379348724453905,-0.6687904612122179,-6.6879049381487015,50,stop,1.3499130348255006,-6.647348691746469,-0.3383456719379865
RIME,2026-08-25T13:30:05.000Z,2026-08-25T14:50:05.000Z,-2.8887523048555686,0.3187906401090069,0.2967237627153724,31.368548827449416,-0.6922059209915635,-6.9220593760497415,80,stop,3.5475821646225425,-6.8981448456226335,-0.7214766230313376
EYPT,2026-08-25T14:10:05.000Z,2026-08-25T17:20:05.000Z,7.186858316221767,5.231126575808882,4.95895552211004,1.9116341044135083,-0.5202914684848666,-5.202914702111878,190,stop,0.7431176368563941,-5.1829481064880945,-0.4779085261033771
AXTL,2026-08-25T13:30:05.000Z,2026-08-25T18:05:05.000Z,9.818181818181815,3.050646046590128,2.87912448784175,3.2779941763970477,-0.5622466707037274,-5.622466721109681,275,stop,2.9290173964871435,-5.593767483476775,-0.4589191846955867
SLGB,2026-08-25T14:10:05.000Z,2026-08-25T19:15:05.000Z,7.085668534827838,0.5386059901376541,0.4995357260052183,18.56644650196746,-0.7253959688326075,-7.253960194993455,305,stop,1.9854977586886369,-7.149194558310235,-0.5458535271578437
COHX,2026-08-25T13:30:05.000Z,2026-08-25T19:50:05.000Z,9.31506849315069,24.014982207739,23.565027989842203,0.41640672051825034,-0.18736396025775892,-1.8736396054950846,380,session_close,1.1868332434955997,-4.851064213420797,0.03331253764146069
AVXL,2026-08-25T13:30:05.000Z,2026-08-25T19:50:05.000Z,9.0032154340836,3.4108936295493124,3.5592667862858653,2.9317829646639257,0.4349978933336365,4.349979004069902,380,session_close,7.010079950288017,0,0.2638604668197537
BEX,2026-08-25T13:35:05.000Z,2026-08-25T19:50:05.000Z,9.869646182495352,23.634733348658813,23.965170974950382,0.42310610624869366,0.13981017741828697,1.3981017742699464,375,session_close,2.6032307716985503,-4.716504866859728,0.14808713718704247
SMCX,2026-08-25T13:35:05.000Z,2026-08-25T19:50:05.000Z,9.79667282809611,11.902382705993928,12.547467540880831,0.8401679097840534,0.5419795773603209,5.419795773849927,375,session_close,7.961576412165439,0,0.5797158577509975
BZ,2026-08-25T13:35:05.000Z,2026-08-25T19:50:05.000Z,4.145077720207246,16.113226326639136,16.126770519474196,0.6206081759634807,0.008405636810263906,0.08405636810715918,375,session_close,1.9038624986834174,-2.2542122804955156,-0.07447298111561906
PFXF,2026-08-25T13:35:05.000Z,2026-08-25T19:50:05.000Z,0.3353828954723248,17.974010573692922,17.956167802763428,0.5563588553191022,-0.009926983610054447,-0.09926983661403521,375,session_close,0.08895858963429149,-0.4674002685626566,0
NCPL,2026-08-25T13:35:05.000Z,2026-08-25T19:50:05.000Z,1.681658193195168,0.2610810760666044,0.5810820427618414,38.30227685227265,11.885984548476358,118.8598495688791,375,session_close,173.7463820693281,0,11.876195472199921
EHTH,2026-08-25T13:50:05.000Z,2026-08-25T19:50:05.000Z,-0.40650406504064707,1.241798,1.1894307082405344,5,-0.26183645879732764,-4.217053962034528,360,session_close,0,-4.171209810291209,-0.20000000000000018
ILLR,2026-08-25T13:50:05.000Z,2026-08-25T19:50:05.000Z,-0.2618127415534244,0.8123178375063128,0.8386959105502031,12.310452085711749,0.324726004320216,3.247260102630122,360,session_close,16.161428006641177,-3.621468857143517,0.1231045208571171
GRML,2026-08-25T13:50:05.000Z,2026-08-25T19:50:05.000Z,2.8070175438596356,8.831775066004838,9.627934555941136,1.1322752134424592,0.9461914735293813,9.461914737246357,360,session_close,29.30582940181217,0,0.8268439746163558
EIKN,2026-08-25T14:10:05.000Z,2026-08-25T19:50:05.000Z,4.659498207885293,11.752440331799214,12.427271196355104,0.8508871095460063,0.5742048837743937,5.742048846910234,340,session_close,8.23284050702906,-0.9567402907375566,0.5445677501094437
RR,2026-08-25T14:10:05.000Z,2026-08-25T19:50:05.000Z,6.481481481481488,1.7303901908814194,1.939608580405996,5.779043359755261,1.2090821447206934,12.090821516851392,340,session_close,14.42505918225503,-1.7562623182658887,1.271389539146158
UZX,2026-08-25T14:10:05.000Z,2026-08-26T13:35:05.000Z,-0.9243697478991564,0.1191478950948593,0.11680666784249787,83.92929794776545,-0.09735545135474855,-0.9735545926716213,1405,session_close,1.6383880752459223,-2.222359944127572,0.08656222774254019
VNRX,2026-08-26T13:35:05.000Z,2026-08-26T13:45:05.000Z,8.450338013520554,0.4191848656120846,0.35712822491784635,23.855823087379797,-1.4804122417988421,-14.804122425466032,10,stop,0,-14.786999888837983,-0.8373393903670294
NUWE,2026-08-26T13:35:05.000Z,2026-08-26T13:45:05.000Z,8.423686405337772,1.0502125523532602,0.9956950311430904,9.521881996813697,-0.519109403722024,-5.191094039774118,10,stop,0,-5.171577147079365,-0.09521881996813697
TRUG,2026-08-26T13:45:05.000Z,2026-08-26T13:50:05.000Z,9.914529914529924,0.6460380142201724,0.6076707551383083,15.47896524765853,-0.5938854699760857,-5.938854717113967,5,stop,0,-5.918848949829858,-0.3869741311914616
MOVE,2026-08-26T13:45:05.000Z,2026-08-26T13:50:05.000Z,9.687836383207781,10.312261159507317,9.317382851246915,0.9697194245728823,-0.9647528206063196,-9.647528246927502,5,stop,0,-9.622149246991373,-0.9988110073100689
NXXT,2026-08-26T13:40:05.000Z,2026-08-26T14:00:05.000Z,8.74340949033392,0.24867156703993062,0.23355119237086658,40.21367112398594,-0.6080457742131893,-6.080459800470908,20,stop,2.8666055572508453,-6.0608324543635845,-0.10455554492236452
CISS,2026-08-26T13:50:05.000Z,2026-08-26T14:05:05.000Z,10.861423220973787,2.9906626352745778,2.839161298084726,3.3437405590832063,-0.506581165917048,-5.065811683434568,15,stop,0,-5.03776766718943,-0.4681236782716489
CRMX,2026-08-26T13:50:05.000Z,2026-08-26T14:10:05.000Z,9.826589595375722,7.641540145267864,7.237897681642268,1.3086367154648304,-0.5282213478211325,-5.2822134799037554,20,stop,0,-5.2547017699897,-0.40567738179409574
FGL,2026-08-26T13:45:05.000Z,2026-08-26T14:40:05.000Z,-2.9551954242135303,0.20504993916705128,0.19315313741572604,48.7686069765104,-0.5801904488878411,-5.801904550497371,55,stop,2.6579187758298373,-5.779050320711043,-0.5023166518580577
AEON,2026-08-26T13:40:05.000Z,2026-08-26T14:50:05.000Z,7.361963190184029,0.22974689650448374,0.21887690042651037,43.52615919364484,-0.4833600711172206,-4.833600715280766,70,stop,3.722837446620031,-5.025920558739028,-0.19357510045203874
ACTU,2026-08-26T13:35:05.000Z,2026-08-26T15:30:05.000Z,8.860759493670889,1.7304782385736501,1.6296441730169569,5.778749230027528,-0.5826947786962865,-5.826947910064788,115,stop,3.4396134027903758,-5.806385560587557,-0.5778749230027529
CLGN,2026-08-26T13:45:05.000Z,2026-08-26T15:55:05.000Z,9.275862068965512,0.31966283999999995,0.29931089285714285,12.950000000000001,-0.2347688549798474,-5.6712469645871035,130,stop,0,-6.338816235255862,
MTEN,2026-08-26T13:40:05.000Z,2026-08-26T18:05:05.000Z,9.80392156862746,1.1303672768571542,1.0795666960260522,8.846681780746566,-0.5205730274565867,-5.20573048606205,265,stop,5.275517467972635,-5.34050110022628,-0.26540045342239615
SMMT,2026-08-26T13:35:05.000Z,2026-08-26T19:50:05.000Z,9.019461077844326,14.58291961586014,14.337124565981869,0.685733739396578,-0.16854995867819553,-1.6854995868656433,375,session_close,2.17432717516326,-3.1058226184525584,-0.21257745921293925
EXYN,2026-08-26T13:35:05.000Z,2026-08-26T19:50:05.000Z,8.385093167701863,3.510761270995793,4.079096038971721,2.848385062806277,1.6188362637761042,16.188362697037654,375,session_close,20.20185009056563,-4.57910004658888,1.424192531403138
DFSC,2026-08-26T13:35:05.000Z,2026-08-26T19:50:05.000Z,8.176100628930815,1.740447299064658,1.6884482315795772,5.745649327445061,-0.2987684071234246,-2.987684115056275,375,session_close,6.869079057986505,-4.622219765452917,-0.45965194619560457
FTCI,2026-08-26T13:40:05.000Z,2026-08-26T19:50:05.000Z,9.045226130653262,2.1909824180266853,2.2283066860963956,4.564162086732202,0.17035400923880126,1.7035402823235135,370,session_close,4.0629071799438865,-4.152585492156923,0.18256648346928905
QBTZ,2026-08-26T13:40:05.000Z,2026-08-26T19:50:05.000Z,7.301587301587298,3.390680240135554,3.729231129433611,2.9492607059504086,0.9984748347713265,9.984748349036959,370,session_close,10.0074243465341,-0.609914196294925,1.0912264612016518
VMAR,2026-08-26T13:50:05.000Z,2026-08-26T19:50:05.000Z,9.92759676970203,7.942510217633673,9.047503155898111,1.259047751763774,1.5196792509645674,15.19679306756177,360,session_close,55.99602217057489,0,1.5615339741250196
BTDR,2026-08-26T13:50:05.000Z,2026-08-26T19:50:05.000Z,-1.7714791851195733,11.10224661017894,10.69784278246214,0.900718597439595,-0.36425404850028,-3.642540486769843,360,session_close,0.24997994365947296,-3.8933256065726396,-0.35128025300144117
SOGP,2026-08-26T13:40:05.000Z,2026-08-27T13:35:05.000Z,9.135004042037199,13.602784669811502,12.987350246719776,0.7351435925070878,-0.45243267274417825,-4.5243267318459575,1435,time,4.8314763935582095,-4.5048472403701805,-0.9556866702592153
LNAI,2026-08-27T13:35:05.000Z,2026-08-27T13:45:05.000Z,4.166666666666674,2.5205206632238157,2.3089791723720445,3.96743424176116,-0.8392769543585222,-8.392769555049146,10,stop,0,-8.352268890132963,-0.5554407938465626
EPOW,2026-08-27T13:50:05.000Z,2026-08-27T14:40:05.000Z,1.0950605778191846,0.4375982042353111,0.4037156520462644,22.852013212818733,-0.774284530308115,-7.742845345596278,50,stop,4.182328809294522,-7.723570139958047,-0.6444267726014878
LGPS,2026-08-27T14:50:05.000Z,2026-08-27T15:25:05.000Z,0.6556999884965053,0.8824858805993216,0.8577239221220678,11.331626032043163,-0.5237083879303129,-5.237083891081432,35,stop,0,-5.369590793581935,-0.41813700058239434
BRNX,2026-08-27T14:15:05.000Z,2026-08-27T17:15:05.000Z,17.62820512820513,7.381491372047317,6.848624039546571,1.3547397797767806,-0.6284380749162928,-6.284380751807654,180,stop,30.190492891338128,-7.20032504623661,-0.8812582267447944
MTLS,2026-08-27T13:35:05.000Z,2026-08-27T19:50:05.000Z,6.221889055472274,7.101501788982552,7.3780649819776984,1.4081528489020405,0.3894432481175603,3.8944324906629406,375,session_close,4.203311072603633,-2.2741920481257893,0.3097936267584487
FNGR,2026-08-27T13:35:05.000Z,2026-08-27T19:50:05.000Z,3.0303030303030276,0.16784045831459674,0.17311431467212743,59.5803896230714,0.3142184165977908,3.14218419711741,375,session_close,7.3042827745526395,-2.5860620008919755,0.3396082208515061
EOSE,2026-08-27T13:35:05.000Z,2026-08-27T19:50:05.000Z,3.4431137724550975,3.4606972636488593,3.4192953824552568,2.8895910954057813,-0.11963450723008201,-1.196345072667512,375,session_close,1.4246474798306208,-2.0428618357191453,-0.23116728763246286
PURR,2026-08-27T13:35:05.000Z,2026-08-27T19:50:05.000Z,5.103806228373697,12.162434304620886,12.997399203485603,0.8222038244285816,0.6865113331101943,6.865113331362357,375,session_close,15.684078101489686,0,0.66598509778715
OWL,2026-08-27T13:45:05.000Z,2026-08-27T19:50:05.000Z,2.2881355932203418,12.082443692160094,12.057582440185076,0.8276471424280054,-0.020576344154306425,-0.20576344163846483,365,session_close,0.9729514230319536,-0.6823428625915229,-0.04965882854567916
GNS,2026-08-27T13:45:05.000Z,2026-08-27T19:50:05.000Z,11.420289855072463,0.1929396626613265,0.19024498828280814,51.82967488657599,-0.13966409696379298,-1.3966409712493468,365,session_close,2.726415743717303,-4.218760699097068,0.031097804931945916
VNCE,2026-08-27T13:55:05.000Z,2026-08-27T19:50:05.000Z,19.32176656151419,7.60163153339664,7.61806785000749,1.3155070624731287,0.021622090582617704,0.21622090650723572,355,session_close,1.1624934228280592,-3.3102306036688955,0.026310141249460628
STXS,2026-08-27T14:10:05.000Z,2026-08-27T19:50:05.000Z,2.0689655172413834,1.4905769098464303,1.4696654291892821,6.708811339635455,-0.14029117856124337,-1.4029118872707251,340,session_close,0.6321773865758162,-2.051347343732879,-0.13417622679270913
SNAP,2026-08-27T14:15:05.000Z,2026-08-27T19:50:05.000Z,1.6605166051660403,5.521105811349494,5.3489256328923656,1.8112313621641174,-0.3118581391645651,-3.1185813918506144,335,session_close,0.7044637429435285,-3.099122117851094,-0.2897970179462579
TE,2026-08-27T14:25:05.000Z,2026-08-27T19:50:05.000Z,6.873614190687372,4.830970447425844,4.889016181178089,2.0699774728447684,0.12015336126189348,1.2015336128411815,325,session_close,2.670882672091457,-1.2620745270410794,0.08279909891379056
AMPG,2026-08-27T14:50:05.000Z,2026-08-27T19:50:05.000Z,3.3802816901408406,3.6807632008012283,3.719238215457849,2.7168278531193955,0.10452999146828448,1.0452999162849055,300,session_close,4.054506933950153,-0.5641004234314351,0.19017794971835933
SMCX,2026-08-27T14:50:05.000Z,2026-08-27T19:50:05.000Z,4.537953795379535,12.692547769389002,12.717445497790264,0.7878638851824521,0.019616021030435873,0.19616021033467168,300,session_close,2.501091478076667,-3.8018196043569374,0.1575727770364903
SOFI,2026-08-27T15:00:05.000Z,2026-08-27T19:50:05.000Z,2.866242038216571,19.393880721669646,19.06618228258888,0.5156265599048306,-0.16897001882939822,-1.6897001883414402,290,session_close,0,-1.9793909593386227,-0.1340629055752558
PBR,2026-08-27T15:00:05.000Z,2026-08-27T19:50:05.000Z,-0.5067567567567544,17.68356218919109,18.286337954289927,0.5654969225108096,0.340867840127491,3.4086784022920336,290,session_close,3.8252350039652994,-0.13324345479154287,0.3279882150562692
DAMD,2026-08-27T15:00:05.000Z,2026-08-27T19:50:05.000Z,1.8987341772152,1.6203770774730661,1.6095724779227176,6.171402979451868,-0.06667953785680514,-0.6667953836521802,290,session_close,1.2110096347163424,-2.491832181187914,0.06171402979451912
ABEV,2026-08-27T15:00:05.000Z,2026-08-27T19:50:05.000Z,-1.3793103448275668,2.870578337596006,2.8694249667745617,3.4836185677237603,-0.004017904009053742,-0.040179040102771735,290,session_close,0.3282147809937186,-0.7168707896416215,0
OPXS,2026-08-27T14:25:05.000Z,2026-08-27T19:55:05.000Z,2.4878048780487605,10.532269899094777,10.217873262011688,0.949462942201431,-0.29850795606314506,-2.98507957064517,330,session_close,0,-2.9648869815006806,-0.41776369456862916
EMAT,2026-08-28T13:30:05.000Z,2026-08-28T13:35:05.000Z,7.2555205047318605,3.442331622267042,3.2092491639610157,2.905006797563011,-0.677106125771704,-6.771063450084556,5,stop,0,-6.749251605051166,-0.23240054380504205
SLGB,2026-08-28T13:30:05.000Z,2026-08-28T13:35:05.000Z,7.071713147410352,0.547492715,0.5192802187019349,5,-0.14106248149032552,-5.153035926343807,5,stop,0,-5.131157772574191,-0.07749999999999968
EXYN,2026-08-28T13:35:05.000Z,2026-08-28T13:40:05.000Z,9.955423476968805,3.780874737367491,3.579267119324985,2.6448905668549316,-0.5332300871667155,-5.332300910420508,5,stop,0,-5.312917018439867,-0.4496313963653389
XTNT,2026-08-28T13:35:05.000Z,2026-08-28T13:40:05.000Z,7.333333333333325,0.3576813363203491,0.3393288695775873,27.957846614115084,-0.5130954501847829,-5.130954533877284,5,stop,0,-5.111067999359031,-0.25162061952703496
RGNX,2026-08-28T13:30:05.000Z,2026-08-28T13:45:05.000Z,7.790821771611545,10.15216175896961,9.637798196235478,0.9850118831610308,-0.5066542215581649,-5.066542229586554,15,stop,0,-5.044854200802174,-0.5614567734017868
DFDVW,2026-08-28T13:35:05.000Z,2026-08-28T13:45:05.000Z,6.874999999999987,0.8623708806798065,0.7918185918379009,11.595920573695647,-0.8181187377031706,-8.181200272705084,10,stop,0,-8.136972415452014,-1.2755512631065198
EPOW,2026-08-28T13:50:05.000Z,2026-08-28T14:05:05.000Z,7.901785714285703,0.485299016834613,0.4593063283020401,20.605852566758998,-0.5356015077158848,-5.356015081611234,15,stop,0,-5.336713229616796,-0.27405783913789605
HYLN,2026-08-28T13:30:05.000Z,2026-08-28T14:10:05.000Z,9.237536656891487,3.7618019168724963,3.5492156931843213,2.6583001665337935,-0.5651179938330659,-5.651180694408171,40,stop,0,-5.630331462231409,-0.3721620233147327
MSS,2026-08-28T13:55:05.000Z,2026-08-28T14:35:05.000Z,9.904153354632594,1.730372368414421,1.6293985632244994,5.779102897004144,-0.583538010094608,-5.835380120086301,40,stop,0,-5.800622469855698,-0.6357013186704563
WHLR,2026-08-28T13:55:05.000Z,2026-08-28T14:35:05.000Z,13.392857142857139,1.2802577990014157,1.1797569736433,7.810926834399869,-0.7850045936690404,-7.850045938912069,40,stop,2.323141559597053,-7.8310633279965565,-0.7029834150959893
DFDVW,2026-08-28T14:15:05.000Z,2026-08-28T14:40:05.000Z,0,0.8038851158776369,0.7549430306386827,12.439587763695405,-0.8631464928616457,-8.631465402580309,25,stop,0,-12.288461861840648,-1.542750531643449
DWTX,2026-08-28T13:55:05.000Z,2026-08-28T14:45:05.000Z,9.913793103448265,2.5807101967336816,2.459137336500114,3.8749022674077023,-0.4910132882744048,-4.910132984459653,50,stop,0,-5.452382716655824,-0.46623924941484773
UMC,2026-08-28T13:30:05.000Z,2026-08-28T16:00:05.000Z,8.96696381751443,20.814170165095774,19.656065433430722,0.4804419258560373,-0.5564020676241468,-5.5640206766788625,150,stop,0,-5.545117369277852,-0.5861391495443655
XPON,2026-08-28T13:35:05.000Z,2026-08-28T16:15:05.000Z,8.030112923462983,8.641754385437208,8.148332306333444,1.1571724383479236,-0.5709744304112049,-5.709744307651956,160,stop,22.775995784832915,-5.690446216174527,-0.624873116707878
CAST,2026-08-28T14:15:05.000Z,2026-08-28T18:40:05.000Z,-0.6993006993006978,1.430293138537792,1.349723932486122,6.991573769270832,-0.5633055476418316,-5.633055482181564,265,stop,0,-5.61375401827604,-0.48941016384895697
LCID,2026-08-28T13:30:05.000Z,2026-08-28T19:50:05.000Z,-0.5893909626718985,5.081066555728664,4.978989701855886,1.96809072847814,-0.20089650969923248,-2.008965101189065,380,session_close,0.7662455085820641,-2.5795087368200686,-0.13776635099347168
PD,2026-08-28T13:35:05.000Z,2026-08-28T19:50:05.000Z,8.551068883610458,13.742759757916838,13.707234752045657,0.7276558838570107,-0.025849979546219475,-0.258499795506617,375,session_close,2.7450108182662802,-2.9307050767937604,0.07276558838570146
AAOZ,2026-08-28T13:35:05.000Z,2026-08-28T19:50:05.000Z,7.749381698268754,13.10264770137221,13.617226669867073,0.7632045235162389,0.39272899646159976,3.92728996629416,375,session_close,4.864301575940577,-2.691423210098809,0.3129138546416588
KLC,2026-08-28T13:45:05.000Z,2026-08-28T19:50:05.000Z,-0.19762845849802257,2.54053096258616,2.5692922069815043,3.93618504492703,0.11320958006244529,1.1320958027634669,365,session_close,3.915285382414102,-0.020899669950080746,0.19680925224635182
KLAR,2026-08-28T13:45:05.000Z,2026-08-28T19:50:05.000Z,5.710206995003575,14.822971611836696,14.267140078055684,0.6746285603748277,-0.37497982744561636,-3.749798274842269,365,session_close,0.9244326424661109,-4.000355848777215,-0.3777919938099039
CHGA,2026-08-28T13:45:05.000Z,2026-08-28T19:50:05.000Z,5.279265493496554,0.13843492643886665,0.15270839090249702,72.236104898794,1.179514913165032,11.795149287470373,365,session_close,54.58526652557087,-3.637034792003957,0.8410088512842098
AGEN,2026-08-28T14:15:05.000Z,2026-08-28T19:50:05.000Z,1.2804097311139628,7.931688353310347,7.688426059580345,1.2607656185018652,-0.30669673621268806,-3.066967370553263,335,session_close,0.23086694627898474,-4.0557361684046445,-0.3277990608104844
NABL,2026-08-28T14:15:05.000Z,2026-08-28T19:50:05.000Z,8.860759493670866,4.31087005794973,4.229114788026211,2.319717333577589,-0.18964911675290028,-1.8964911682446222,335,session_close,0.21178884836563494,-4.195674087094902,-0.06959152000732871
PASW,2026-08-31T13:30:05.000Z,2026-08-31T13:35:05.000Z,8.339709257842376,0.14253411701142912,0.13137230606665787,70.15864071929025,-0.7830974838508481,-7.8309749123967585,5,stop,0,-7.8115452250188895,-0.4419994365315283
PURR,2026-08-31T13:30:05.000Z,2026-08-31T13:40:05.000Z,5.4263565891472965,12.26246592167351,11.567682350941977,0.8154966596108387,-0.5665936810840556,-5.665936812134378,10,stop,0,-5.647036461480381,-0.16309933192216697
AIM,2026-08-31T15:00:05.000Z,2026-08-31T15:15:05.000Z,3.482972136222884,0.2683549435067155,0.24764866958363463,37.26407965335344,-0.7716002407938414,-7.716002415495922,15,stop,2.848859943991755,-7.696874608236392,-0.4508953638055768
CVKD,2026-08-31T15:05:05.000Z,2026-08-31T15:35:05.000Z,3.2467532467532534,1.6103690967963622,1.5196548972746535,6.20975647933427,-0.5633130882475521,-5.633130920245165,30,stop,1.2190312918132218,-5.6117008812539115,-0.869365907106797
MEDS,2026-08-31T15:05:05.000Z,2026-08-31T15:40:05.000Z,5.663127212159069,1.0302170322798727,0.9719974138873688,9.706692535751754,-0.5651199352848331,-5.651199365600055,35,stop,0,-5.602414876809481,-0.1931631814614594
TELA,2026-08-31T15:00:05.000Z,2026-08-31T15:50:05.000Z,12.857142857142879,0.7955734728070447,0.7554716443757852,12.569549265211398,-0.6898908157853174,-6.898908185073872,50,stop,0,-7.940620818357336,-0.7453742714270373
SHMD,2026-08-31T13:30:05.000Z,2026-08-31T16:10:05.000Z,7.820299500831962,3.2731515910085505,3.099142035494706,3.0551571970032576,-0.5316265458754601,-5.316269371447819,160,stop,2.0423254815048697,-5.290057187824826,-0.48882515152052264
GMEU,2026-08-31T13:30:05.000Z,2026-08-31T19:50:05.000Z,8.200000000000006,5.431194624515371,5.228353653535766,1.8412155423154755,-0.37347394838600995,-3.7347395002937143,380,session_close,0.5303690527790561,-4.993277598472535,-0.38665526388624905
GME,2026-08-31T13:30:05.000Z,2026-08-31T19:50:05.000Z,4.644655847789592,18.73376660931192,18.346325764224076,0.533795483115339,-0.20681417308228134,-2.068141731280356,380,session_close,0.03327355794524589,-2.689083406545245,-0.19750432875267698
ATTO,2026-08-31T15:00:05.000Z,2026-08-31T19:50:05.000Z,-2.0772946859903163,20.376548451952914,21.41462553484113,0.49076023022959847,0.5094469481942903,5.094469680848839,290,session_close,5.120845419465936,-1.4062658974290154,0.338624558858422
ZDGE,2026-08-31T15:00:05.000Z,2026-08-31T19:50:05.000Z,5.226480836236935,3.0406991201305376,3.0283935167119322,3.288717342955256,-0.040469651378296785,-0.40469651657205186,290,session_close,0,-2.9828377141978946,0.03288717342955216
GPRO,2026-08-31T15:00:05.000Z,2026-08-31T19:50:05.000Z,18.63643940656776,0.7129433701047706,0.8440307629439666,14.026359479638572,1.8386788952111626,18.38678895631389,290,session_close,18.410526754171297,-1.7734045416415878,2.133409276853026
BMNR,2026-08-31T15:05:05.000Z,2026-08-31T19:50:05.000Z,1.5126050420168013,24.17483894363052,25.15496666946282,0.41365322114070796,0.40543299091984775,4.054329909364464,285,session_close,4.075150443263031,-0.930053532744457,0.430199349986335
TCAN,2026-08-31T13:30:05.000Z,2026-09-01T13:30:05.000Z,7.837866896032697,20.186535190549584,19.665267301757783,0.4953796926822908,-0.2582255265548289,-2.582255369092933,1440,time,0.31439179062351386,-2.5588105421449514,-0.158521501658333
BLSM,2026-09-01T13:30:05.000Z,2026-09-01T13:35:05.000Z,9.781420765027327,20.21654119100903,18.775520524727906,0.4946444352352642,-0.71279285363497,-7.127928821582956,5,stop,0,-7.105771345535139,-0.4946444352352657
FTCI,2026-09-01T13:30:05.000Z,2026-09-01T13:40:05.000Z,8.936170212765958,2.5808819071170888,2.4094838902217335,3.8746443561520723,-0.6641063588192458,-6.6410639100806925,10,stop,0,-6.621066490716276,-0.42621087917672895
ATER,2026-09-01T13:35:05.000Z,2026-09-01T13:40:05.000Z,9.999999999999986,0.44704728,0.42020606422740975,18.400000000000002,-0.49387837021566056,-6.004111192129442,5,stop,0,-5.983098700432754,-0.3404000000000007
SST,2026-09-01T13:30:05.000Z,2026-09-01T13:55:05.000Z,8.92857142857142,2.4607257944388694,2.2795187807329134,4.063841547179246,-0.7363965909385433,-7.363966115829558,25,stop,3.6279623582150533,-7.344410126772427,-0.6095762320768863
ZEO,2026-09-01T13:45:05.000Z,2026-09-01T13:55:05.000Z,9.29743374000842,0.265284105,0.2525080086653772,27.25,-0.3659328776087998,-5.062018115836204,10,stop,0,-5.5729328374197085,-0.26432500000000125
AMBR,2026-09-01T13:35:05.000Z,2026-09-01T14:00:05.000Z,8.62068965517242,1.2702582705183671,1.0497884471329517,7.872414787807104,-1.735629897884565,-17.35629899071203,25,stop,0,-17.339644671511103,-1.7319312533175637
CAPR,2026-09-01T13:30:05.000Z,2026-09-01T14:10:05.000Z,8.779011099899092,10.83222677038839,10.237948519567148,0.9231712186640536,-0.5486205770361882,-5.48620577669031,40,stop,0,-5.467267099755846,-0.06462198530648422
GDXD,2026-09-01T13:35:05.000Z,2026-09-01T14:20:05.000Z,8.343023255813954,18.66374527049813,17.556471261074336,0.535798139850308,-0.593275354553861,-5.932753546385285,45,stop,0.033512724328477184,-5.91384662885871,-0.766191339985939
SMZ,2026-09-01T13:35:05.000Z,2026-09-01T14:25:05.000Z,8.45619386544656,19.264660865737223,18.13613776604195,0.5190851771584322,-0.5857996131327032,-5.857996190851115,50,stop,1.3254276109106344,-5.837947906663987,-0.6748107303059623
BGIN,2026-09-01T13:45:05.000Z,2026-09-01T14:30:05.000Z,9.162303664921478,2.131713623251177,1.967815033540289,4.6910593563996175,-0.7688580127639622,-7.688583866200485,45,stop,0,-7.586085742818483,-0.5629271227679542
NBIZ,2026-09-01T14:30:05.000Z,2026-09-01T15:45:05.000Z,9.612817089452609,8.231764570402726,7.798402963220676,1.2148063618183758,-0.5264504373725903,-5.26450438998462,75,stop,0,-5.245103485528901,-0.48592254472734986
GAME,2026-09-01T13:45:05.000Z,2026-09-01T17:25:05.000Z,9.122807017543867,3.1414016483780385,2.977123660981759,3.1832920523100157,-0.5229448116480618,-5.229448691513206,220,stop,0.27371067390891124,-5.137886410079817,-0.3183292052310023
RGTZ,2026-09-01T13:30:05.000Z,2026-09-01T19:50:05.000Z,8.479532163742686,3.721060365510287,3.7191173817231693,2.6874059475953933,-0.005221586185581416,-0.05221586312135002,380,session_close,1.5839472811570499,-2.715902339209375,0.18811841633167603
BMNZ,2026-09-01T13:30:05.000Z,2026-09-01T19:50:05.000Z,8.347826086956523,6.253723773058038,6.668113948092419,1.599046904716199,0.6626293267335306,6.626294829644294,380,session_close,8.095596244961678,-0.8590685327274583,0.8794757975939103
MSTZ,2026-09-01T13:35:05.000Z,2026-09-01T19:50:05.000Z,9.7938144329897,5.331068940655923,5.328926204414057,1.8757964134793885,-0.004019336957524141,-0.040193369579687825,375,session_close,2.7936434700421175,-4.89712182607418,0.018757964134795913
CRCD,2026-09-01T13:35:05.000Z,2026-09-01T19:50:05.000Z,9.302325581395344,2.3604891821124783,2.3892688745022745,4.236410003778333,0.12192257674579611,1.2192257692975483,375,session_close,3.7920452491722934,-3.4098517681172336,0.1270923001133486
LITZ,2026-09-01T13:45:05.000Z,2026-09-01T19:50:05.000Z,9.884467265725272,8.5817409201679,8.537926141148082,1.1652647274176013,-0.051055816531389374,-0.5105581656147186,365,session_close,2.543296073168233,-1.4186040023859925,-0.034957941822526095
CRK,2026-09-01T13:45:05.000Z,2026-09-01T19:50:05.000Z,9.632709632709634,15.833173812154605,15.976793110128117,0.6315853105417238,0.09070783891038482,0.9070783891935804,365,session_close,1.1799667587933271,-3.6832401328590336,0.10736950279209267
CAST,2026-09-01T13:45:05.000Z,2026-09-01T19:50:05.000Z,9.375,1.410301200077309,1.4095338094278484,7.090683869778487,-0.005441324499948545,-0.05441324515773323,365,session_close,3.523984799840396,-4.984835868639637,0.14181367739556983
KUST,2026-09-01T14:30:05.000Z,2026-09-01T19:50:05.000Z,-1.6397150288363749,0.8734937703708506,0.9244565596511428,11.448278500268637,0.58343620483129,5.834362076635694,320,session_close,7.029956218586264,-3.456666938566888,0.4316000994601268
ASTN,2026-09-01T14:30:05.000Z,2026-09-01T19:50:05.000Z,10.258780036968563,5.98138826305681,5.937178643939578,1.6718526679064782,-0.07391196966827297,-0.7391197021983349,320,session_close,0,-2.3638034656615514,0.016718526679065704
DDC,2026-09-02T13:30:05.000Z,2026-09-02T13:35:05.000Z,13.31386861313868,0.38938891452951957,0.3554084884239454,25.681265084909754,-0.8726603305154378,-8.726603361739542,5,stop,0,-8.703102031157195,-0.4545583920029017
UPC,2026-09-02T13:35:05.000Z,2026-09-02T13:45:05.000Z,7.962529274004693,4.65119035001613,4.339124436249977,2.1499872299716816,-0.670937729506673,-6.709377391210635,10,stop,1.4793987088408844,-6.690552882125123,-0.5589966797926387
SST,2026-09-02T13:35:05.000Z,2026-09-02T13:50:05.000Z,8.450704225352123,3.110644562574169,2.9094062904742586,3.21476780255846,-0.6469343177892911,-6.469343187618286,15,stop,1.5866627135627365,-6.450256804915333,-0.9001349847163684
AXTL,2026-09-02T13:40:05.000Z,2026-09-02T13:50:05.000Z,9.183673469387754,2.1605642405859444,2.04957946451028,4.628420508058144,-0.5136842136708458,-5.136842218843969,10,stop,1.3624107472070657,-5.117378067682898,-0.2777052304834875
BRNX,2026-09-02T13:40:05.000Z,2026-09-02T13:55:05.000Z,9.659090909090896,3.8810584088329847,3.6692263614051535,2.576616672073583,-0.5458099850820319,-5.458099959168821,15,stop,0,-5.438166257756705,-0.4122586675317734
CBRG,2026-09-02T13:40:05.000Z,2026-09-02T13:55:05.000Z,9.328358208955233,2.9505906255426595,2.7894371420367614,3.389151959274724,-0.5461736443679615,-5.461736443911445,15,stop,0,-5.442660332221594,-0.23724063714922927
MOVE,2026-09-02T13:40:05.000Z,2026-09-02T13:55:05.000Z,9.289617486338786,14.07292309998772,12.496774321460322,0.710584426053072,-1.1199867751641424,-11.199867769680163,15,stop,3.8874432562823857,-11.176946600305747,-0.7461136473557257
AXTX,2026-09-02T13:40:05.000Z,2026-09-02T13:55:05.000Z,9.072978303747515,5.541109432673477,5.218953843352257,1.8046927462786853,-0.5813918552211405,-5.813918552512434,15,stop,2.867486543211273,-5.795038639374939,-0.5053139689580313
DGNX,2026-09-02T13:55:05.000Z,2026-09-02T14:05:05.000Z,17.0940170940171,1.3802821811927304,1.3095524876281985,7.244895375090439,-0.5124292297872408,-5.124292302564744,10,stop,0,-5.091870499407447,-0.36224476875452183
LGPS,2026-09-02T13:35:05.000Z,2026-09-02T14:25:05.000Z,7.76699029126211,1.1303899853919281,1.098969711406828,8.846503975170757,-0.4580347260104273,-4.580347489459262,50,stop,0,-5.342402725815876,-0.17693007950341233
XTLB,2026-09-02T13:40:05.000Z,2026-09-02T15:00:05.000Z,7.758620689655182,2.530755177859026,2.5689331522384555,3.951389606377766,-0.018576562646432815,-0.18576563192437262,80,stop,5.502105591216178,-5.166646659580976,-0.47611116851022217
MAIA,2026-09-02T13:35:05.000Z,2026-09-02T19:40:05.000Z,8.846153846153836,1.4303450455207696,1.3497183592970177,6.991319983737764,-0.563686962618671,-5.636869682335761,365,stop,0.6750087686510087,-5.617179279389672,-0.4893923988616411
CXM,2026-09-02T13:55:05.000Z,2026-09-02T19:45:05.000Z,-1.1842105263157876,7.521506247811858,7.138564262414449,1.3295209323678463,-0.5091293854683571,-5.091293854988335,350,stop,0.11292621329157537,-5.0722054232534175,-0.5716940009181748
ASTX,2026-09-02T13:30:05.000Z,2026-09-02T19:50:05.000Z,9.623893805309747,9.932047472814228,11.207469189970908,1.006841742813841,1.2841478245246538,12.841478261634728,380,session_close,15.082011350488745,0,1.1477995868077802
PZG,2026-09-02T13:30:05.000Z,2026-09-02T19:50:05.000Z,8.270676691729317,1.451375925299723,1.3896675969539334,6.89000879824167,-0.4251709252272758,-4.251712273169074,380,session_close,1.2832012971712325,-4.228809657776866,-0.3445004399120837
CRK,2026-09-02T13:30:05.000Z,2026-09-02T19:50:05.000Z,0.12484394506866447,16.143865602387375,15.496879531913477,0.6194303242914195,-0.40076279144567833,-4.007627952367378,380,session_close,0,-4.793558255793062,-0.17963479404451377
GELS,2026-09-02T13:30:05.000Z,2026-09-02T19:50:05.000Z,6.823308270676698,0.5713151512746346,0.6760525849997442,17.50347301663573,1.882755339448999,18.827554647782453,380,session_close,38.15492171685444,-1.9105306852587933,1.9710223377208074
XTNT,2026-09-02T13:30:05.000Z,2026-09-02T19:50:05.000Z,3.5597826086956497,0.3850988973010176,0.4132411427033756,25.967355201517123,0.7307796825312921,7.307796932059309,380,session_close,10.958510396874853,0,0.6465871445177758
EOSE,2026-09-02T13:35:05.000Z,2026-09-02T19:50:05.000Z,9.868421052631572,3.3506708495457302,3.6492672282421514,2.9844769744685675,0.8911540168791657,8.911540169244127,375,session_close,9.530304968557646,-2.1091552324607354,1.1341012502980554
GME,2026-09-02T13:55:05.000Z,2026-09-02T19:50:05.000Z,1.1430090377458901,19.043835086005032,18.986186581069145,0.5251043160147919,-0.030271478753634427,-0.30271478762306697,355,session_close,0,-1.595451150636762,-0.02100417264059118
AAL,2026-09-02T13:55:05.000Z,2026-09-02T19:50:05.000Z,1.3513513513513598,13.132627643088961,13.10737556828592,0.7614622352452145,-0.019228501324102396,-0.19228501324583852,355,session_close,1.5029159607286013,-0.6291782980113902,-0.030458489409809886
CCL,2026-09-02T13:55:05.000Z,2026-09-02T19:50:05.000Z,1.764959104606123,23.65473450912762,23.675259459679186,0.42274835068470984,0.008676888993559142,0.0867688899389026,355,session_close,0.783206807080794,-1.2882601113533232,-0.01690993402738883
TGHL,2026-09-02T13:35:05.000Z,2026-09-02T19:55:05.000Z,7.732696897374702,0.918054824001446,0.8853455596887735,10.892594883283039,-0.35628876508816915,-3.562887907947096,380,session_close,7.684200785643158,-4.341224833146051,-0.2962785808252981
GPUS,2026-09-03T13:30:05.000Z,2026-09-03T13:35:05.000Z,8.366935483870975,0.2157356543454872,0.19945996616825198,46.35301165405358,-0.7544271637571257,-7.544273674471401,5,stop,0,-7.525716782765446,-0.4820713212021577
SPWH,2026-09-03T13:35:05.000Z,2026-09-03T14:00:05.000Z,2.34375,1.3203446241107526,1.2496983793613616,7.573780101011749,-0.535059122694143,-5.3505913122470545,25,stop,0,-5.327747227973112,-0.45442680606070596
COSM,2026-09-03T13:35:05.000Z,2026-09-03T14:35:05.000Z,4.27998216674097,0.23639640782874843,0.22804750009685382,42.301771182707874,-0.34250696791242347,-3.4250742165304144,60,stop,0,-5.286208848740692,-0.4178477525154989
RCAX,2026-09-03T13:30:05.000Z,2026-09-03T14:40:05.000Z,8.787275267280537,3.2408082164423657,3.0488883351544027,3.085650001113207,-0.5921975819098496,-5.921975892132403,70,stop,0,-5.887673805388827,-0.15428250005565936
WCT,2026-09-03T13:35:05.000Z,2026-09-03T14:40:05.000Z,5.000000000000004,1.2906129449374633,1.2296343257597118,7.748255379045798,-0.5224005686727862,-5.224006369569311,65,stop,0,-7.020923297949255,-0.7448255379045801
GPRK,2026-09-03T13:30:05.000Z,2026-09-03T14:55:05.000Z,9.92301112061591,12.932643499171494,12.246747275025525,0.7732371182698091,-0.5303604197907721,-5.30360420272862,85,stop,0,-5.278452925847887,-0.5335336116061686
PBK,2026-09-03T13:35:05.000Z,2026-09-03T17:20:05.000Z,1.334651507661877,0.4124259235253621,0.3910805910262147,24.246757566824712,-0.5175551022900926,-5.1755554831981385,225,stop,0,-5.14660265385981,-0.17215197872445387
DRTS,2026-09-03T13:30:05.000Z,2026-09-03T18:45:05.000Z,4.605722260990919,15.06307465955629,14.296894818860126,0.6638750864295214,-0.5086477079627231,-5.08647708394704,315,stop,0,-5.065862559953393,-0.4979063148221403
MSTP,2026-09-03T13:30:05.000Z,2026-09-03T19:50:05.000Z,8.294650639531342,21.42553367713757,25.964517403536856,0.4667328244887618,2.1184926949308647,21.184927268545366,380,session_close,21.81726902723731,0,2.2356502293011697
MSTX,2026-09-03T13:30:05.000Z,2026-09-03T19:50:05.000Z,8.255451713395633,13.92282488815243,16.91660047771654,0.7182450454109808,2.150264484276759,21.50264485558279,380,session_close,22.317131306388905,0,2.305566595769248
SUPX,2026-09-03T13:35:05.000Z,2026-09-03T19:50:05.000Z,-2.392344497607646,8.232813824964754,8.728194931888149,1.214651482173022,0.6017153957650136,6.017154249513416,375,session_close,12.233802396710436,-1.127364555278898,0.012146514821729681
HLN,2026-09-03T13:35:05.000Z,2026-09-03T19:50:05.000Z,-0.4540867810292837,9.87197643276864,9.78803169002322,1.0129683825331,-0.0850333702809867,-0.8503337028518283,375,session_close,0,-1.9446605659572125,-0.08103747060264865
MIST,2026-09-03T13:45:05.000Z,2026-09-03T19:50:05.000Z,3.8135593220339103,1.230262177781391,1.2097425947905431,8.12834869881473,-0.16679032570387836,-1.667903261713859,365,session_close,0,-3.2726502129812873,-0.16256697397629516
ALMS,2026-09-03T13:45:05.000Z,2026-09-03T19:50:05.000Z,5.21739130434784,10.912186336697735,11.247746255040218,0.9164066384729461,0.30750933677449105,3.0750933679898163,365,session_close,8.685827331547324,-1.9444896755854701,0.26575792515715335
DLTH,2026-09-03T13:45:05.000Z,2026-09-03T19:50:05.000Z,10.91160220994476,4.030836444351007,4.4589883557420675,2.4808746577495167,1.0621912266370976,10.62191228302233,365,session_close,11.887447239902604,-3.990150594584674,1.0171586096773026
YQ,2026-09-03T13:45:05.000Z,2026-09-03T19:50:05.000Z,5.4824561403509,2.4205319925217137,2.6291898634938917,4.131323191475165,0.8620331014311916,8.620331051885744,365,session_close,13.198255939821912,-2.500772256211803,0.867577870209784
AIM,2026-09-03T13:45:05.000Z,2026-09-03T19:50:05.000Z,5.029838022165389,0.2473520761541324,0.23927092443097553,40.42820312329337,-0.32670644333393845,-3.2670644406159224,365,session_close,4.426048900048696,-3.861732758685321,-0.4406674140438991
BULL,2026-09-03T14:00:05.000Z,2026-09-03T19:50:05.000Z,7.1111111111111125,9.651932908085337,9.938006980868225,1.036061905384733,0.2963904489286101,2.963904489464972,350,session_close,5.263889593441529,-0.6416632676078393,0.31081857161541926
APPS,2026-09-03T14:00:05.000Z,2026-09-03T19:50:05.000Z,7.719836400818014,10.552145159541006,10.717846592406783,0.9476746047397959,0.15703103989589334,1.570310400022823,350,session_close,3.0122296050068664,-2.958120408898768,0.18953492094795799
GEMI,2026-09-03T14:00:05.000Z,2026-09-03T19:50:05.000Z,5.24475524475525,4.531054597985057,4.749039020056757,2.206991707426265,0.48108981186034827,4.81089815533533,350,session_close,5.052806075582361,-0.46467323510999137,0.5958877610050912
GME.WS,2026-09-04T13:30:05.000Z,2026-09-04T13:35:05.000Z,9.642857142857153,3.0918672447931153,2.9291705140845665,3.2342907265122576,-0.5262085273645212,-5.262086558940702,5,stop,0,-5.235258566347212,-0.12937162906048982
WETH,2026-09-04T13:30:05.000Z,2026-09-04T13:45:05.000Z,9.166666666666679,1.321914,1.2397048445390935,5,-0.41104577730453284,-6.218948846967849,15,stop,0,-6.19662096021375,-0.25
MODD,2026-09-04T13:30:05.000Z,2026-09-04T13:50:05.000Z,9.941520467836252,3.8013178422258704,3.4687223418961843,2.630666496738138,-0.8749478396831635,-8.749478842183162,20,stop,0,-8.715867916792408,-0.8418132789562041
ZTG,2026-09-04T13:55:05.000Z,2026-09-04T14:00:05.000Z,-0.4119464469618861,0.6856985676825831,0.6481094526257479,14.58366724333024,-0.5481871459601383,-5.481871601959585,5,stop,0,-5.454082806236116,0.07291833621665056
CRMU,2026-09-04T13:50:05.000Z,2026-09-04T14:05:05.000Z,5.5320574563423985,2.540735206955982,2.4086525398581693,3.9358685288238675,-0.5198600126334002,-5.198600260908688,15,stop,0,-5.145565999875035,-0.31486948230590883
SGRX,2026-09-04T13:50:05.000Z,2026-09-04T14:25:05.000Z,5.882352941176472,2.3604760768158246,2.1895489964267694,4.236433529123275,-0.724121214395343,-7.241212146476323,35,stop,0.40347467520291946,-7.222105679875779,-1.4403873999019137
ANPA,2026-09-04T13:45:05.000Z,2026-09-04T14:35:05.000Z,-2.646950481502919,3.730766150649765,3.509262630619625,2.6804145811079825,-0.5937212648555314,-5.937212655142219,50,stop,0,-5.917448098732104,-0.4824746245994369
ASTY,2026-09-04T14:10:05.000Z,2026-09-04T14:35:05.000Z,4.849498327759183,6.34175710122804,5.927721626098761,1.576850015952476,-0.6528718455624934,-6.5287185951840225,25,stop,0,-6.492792055190922,-0.441518004466694
SOAR,2026-09-04T13:30:05.000Z,2026-09-04T14:50:05.000Z,9.218255761409843,0.243476626026158,0.2310406358265496,41.0717028645785,-0.5107672943051261,-5.10767312763416,80,stop,0.46138883726822844,-5.083291249825484,-0.4928604343749434
CRCD,2026-09-04T13:30:05.000Z,2026-09-04T15:30:05.000Z,9.969788519637458,1.8303980237842459,1.729620364782269,5.4632925910137455,-0.55057783776521,-5.505778398603418,120,stop,0,-5.485037815801319,-0.10926585182027537
NCPL,2026-09-04T14:00:05.000Z,2026-09-04T15:30:05.000Z,8.176901049952257,0.6834399312816021,0.6389612724927043,14.631863800298564,-0.6508056774191051,-6.508056780570371,90,stop,0,-6.487758360629414,-0.8369426093770773
BMNZ,2026-09-04T13:30:05.000Z,2026-09-04T19:50:05.000Z,8.92116182572613,5.271257866509662,5.378395723991912,1.8970803859205687,0.2032491280191304,2.032491298954251,380,session_close,4.149714148497496,-0.7826949004295258,0.4173576849025249
ETHA,2026-09-04T13:45:05.000Z,2026-09-04T19:50:05.000Z,-2.8128286014721393,18.493698874192514,18.526286932176777,0.54072471212669,0.01762116827230862,0.17621168272475246,365,session_close,0.4125790428758602,-0.7770153238141009,0.010814494242534778
BAOS,2026-09-04T13:50:05.000Z,2026-09-04T19:50:05.000Z,16.74385464909156,0.3284688734836637,0.3369769733222006,30.44428494411677,0.2590230158174112,2.5902301634556695,360,session_close,12.735187377934842,0,0.0974217118211751
UGP,2026-09-04T13:55:05.000Z,2026-09-04T19:50:05.000Z,0.7681564245810124,7.231526784491655,7.268523489471471,1.382833843311579,0.05116029573710374,0.5116029585779487,355,session_close,1.3617209538589359,-0.5742464313443607,0.09679836903181105
FMS,2026-09-04T13:55:05.000Z,2026-09-04T19:50:05.000Z,0.8010680907877266,22.674615020783374,22.665118848449033,0.44102182037313375,-0.004188019209468045,-0.04188019212514457,355,session_close,0.28836202580151404,-0.6818859797251497,0.008820436407463106
TSDD,2026-09-04T13:55:05.000Z,2026-09-04T19:50:05.000Z,9.878213802435742,8.13162839507413,8.268342558366488,1.2297659845680748,0.16812642762562593,1.681264276355445,355,session_close,2.8084363159561976,-1.0038382364297105,0.19676255753089222
SNAP,2026-09-04T14:00:05.000Z,2026-09-04T19:50:05.000Z,-2.1052631578947434,5.591121989558532,5.468901746436022,1.7885497789608038,-0.21859698882130119,-2.185969888526086,350,session_close,0,-2.3451820547540136,-0.17885497789607996
AMC,2026-09-04T14:05:05.000Z,2026-09-04T19:50:05.000Z,5.5118110236220375,2.6905392102997667,2.629472657458319,3.7167271009531775,-0.22696771190759746,-2.269677119280631,345,session_close,3.3250134158151035,-2.993422656375022,-0.1486690840381275
BBCP,2026-09-04T14:10:05.000Z,2026-09-04T19:50:05.000Z,16.68508287292816,10.592302734404887,10.497837623592797,0.9440817745507861,-0.08918278944861434,-0.8918278978683016,340,session_close,2.7160974606649235,-4.364515875318398,-0.037763270982029695
CURR,2026-09-04T13:50:05.000Z,2026-09-04T19:55:05.000Z,7.666666666666688,3.240695836616199,3.279282299908151,3.085757032582015,0.1190684504656084,1.1906845084308286,365,session_close,3.990012327686232,-2.181501757042925,0
TRUG,2026-09-08T13:30:05.000Z,2026-09-08T13:35:05.000Z,7.560590094836672,0.41012879301317695,0.38731619394455885,24.382583744216237,-0.5562301072138102,-5.5623012715142774,5,stop,0,-5.541867189131167,-0.40231263177956755
TWG,2026-09-08T13:30:05.000Z,2026-09-08T13:45:05.000Z,19.177772758075463,0.5290187036764461,0.4995986145578893,18.902923234423795,-0.5561256861579863,-5.5612568920720955,15,stop,0.3367170784652318,-5.542092079673955,-0.30811764872110814
VVOS,2026-09-08T13:40:05.000Z,2026-09-08T14:20:05.000Z,-0.5364806866952843,0.18693565970117387,0.17654449046326884,53.494269689964256,-0.5558680096065522,-5.5586875476385,40,stop,1.0508109057235204,-5.528993086549638,-0.5028461350856634
GMEX,2026-09-08T13:30:05.000Z,2026-09-08T14:35:05.000Z,10.616271357693474,0.8227814230144015,0.7290505530270648,12.153896132041316,-1.139195258191959,-11.391952633536318,65,stop,2.724730573457057,-11.373789003590995,-1.0306503919971028
BRFH,2026-09-08T13:55:05.000Z,2026-09-08T16:55:05.000Z,3.2258064516129004,1.2918705,1.1696707206038135,6.15,-0.7515286432865466,-9.459135369697384,180,stop,0,-9.433646793544714,-0.492
RGTI,2026-09-08T14:10:05.000Z,2026-09-08T17:55:05.000Z,7.86184210526315,16.403283670876107,15.526891317621303,0.6096340342700309,-0.5342786059181324,-5.342786059420722,225,stop,0,-5.3238344736219805,-0.5181889291295274
SLDP,2026-09-08T13:30:05.000Z,2026-09-08T19:50:05.000Z,2.9821073558647937,2.6006009660597207,2.5794373797755927,3.8452650208719787,-0.0813795980545632,-0.8137959864020888,380,session_close,1.8995237864241066,-1.561214757265772,-0.11535795062616039
XE,2026-09-08T13:50:05.000Z,2026-09-08T19:50:05.000Z,4.573687182382846,18.53371472395003,18.886216355458163,0.5395572419237659,0.19019480807015593,1.9019480808810334,360,session_close,5.483440806049988,0,0.06474686903085036
WDH,2026-09-08T13:50:05.000Z,2026-09-08T19:50:05.000Z,0.4901960784313708,1.0302074143424347,1.0693546769934295,9.706783175908557,0.3799939904835495,3.799939905886026,360,session_close,5.803936646653818,-0.020133260501431494,0.19413566351817124
CRESY,2026-09-08T13:55:05.000Z,2026-09-08T19:50:05.000Z,0.1657000828500399,12.143146204663532,12.067375590109428,0.8235097954161619,-0.06239784329000699,-0.6239784424649726,355,session_close,2.197567177721904,-1.508226958456571,-0.09058607749577696
TRUG,2026-09-08T13:55:05.000Z,2026-09-08T19:50:05.000Z,3.3983140147523683,0.39438720261420385,0.42990209041088484,25.35579219338622,0.9005081147440714,9.005081189569493,355,session_close,13.18825688080858,-3.5465660451174275,0.7632093450209236
QBTS,2026-09-08T14:10:05.000Z,2026-09-08T19:50:05.000Z,9.16767189384804,18.11362524471285,17.716451964569313,0.5520706023527949,-0.21926769200727797,-2.192676920151406,340,session_close,1.3601625956077612,-3.332437524559251,-0.14353835661172454
TWG,2026-09-08T14:10:05.000Z,2026-09-08T19:50:05.000Z,6.166704314434157,0.4719957903260376,0.5123861501780297,21.18662962444439,0.8557355945821846,8.557355951012164,340,session_close,11.611164929268902,-1.5881053347657548,0.9046690849637748
AEO,2026-09-08T16:35:05.000Z,2026-09-08T19:50:05.000Z,-1.2938470385278955,17.18344240043831,17.236548047544115,0.5819555689841625,0.030905127077731347,0.30905127080037925,195,session_close,0.32914010035758334,-0.892966594600364,0.023278222759365974
HE,2026-09-08T16:35:05.000Z,2026-09-08T19:50:05.000Z,-1.9837691614066677,10.892308862307024,11.00778951040639,0.9180789950909971,0.10602035735952298,1.0602035762958235,195,session_close,1.080497616995113,-0.3884287788921803,0.11016947941091892
SOUN,2026-09-08T16:55:05.000Z,2026-09-08T19:50:05.000Z,-0.2225519287833877,6.731346892780521,6.588678050883841,1.485586786570118,-0.21194694637696898,-2.1194694638259484,175,session_close,0,-2.991182834396311,-0.20798215011981824
PLUG,2026-09-08T16:55:05.000Z,2026-09-08T19:50:05.000Z,6.451612903225801,2.3204644019690237,2.2495483285293574,4.309482184328176,-0.3056115550707506,-3.056115550813479,175,session_close,0,-3.467599067701521,-0.30166375290297154
KEEL,2026-09-08T16:55:05.000Z,2026-09-08T19:50:05.000Z,10.518731988472618,3.840784265305608,3.729251858966161,2.603634909068529,-0.29038966663780014,-2.903896668889639,175,session_close,0.2399440858378732,-2.8844178077466975,-0.2343271418161681
TH,2026-09-08T17:00:05.000Z,2026-09-08T19:50:05.000Z,3.790983606557363,20.284145716046034,20.15592357484058,0.4929958663749756,-0.06321298559203793,-0.6321298564919281,170,session_close,0.6697560047919549,-0.6120332489419344,-0.05915950396499525
CLYM,2026-09-08T17:00:05.000Z,2026-09-08T19:50:05.000Z,1.8685567010309212,15.833521539681584,15.936783879193563,0.6315714369026528,0.06521754414350985,0.6521754446929886,170,session_close,0.6724875451841861,-1.0327553429713698,0.0631571436902636
SPDN,2026-09-08T17:00:05.000Z,2026-09-08T19:50:05.000Z,0.3525264394829586,8.551710305284308,8.52829291095908,1.169356730167689,-0.027383287657196845,-0.2738328765739239,170,session_close,0,-0.7216136080542279,0
IDAI,2026-09-08T13:35:05.000Z,2026-09-09T13:45:05.000Z,3.7151702786377694,3.361171825656051,3.3967911201925993,2.97515271458884,0.10597284083215054,1.0597284632896073,1450,time,4.427865698740341,-4.7951081948805925,0.11900610858355343
DXLG,2026-09-09T13:45:05.000Z,2026-09-09T14:15:05.000Z,7.619047619047636,0.690099195,0.6539116025174825,12.5,-0.45234490603146965,-5.243824763846821,30,stop,0,-5.173052694257974,-0.5175000000000001
AVO,2026-09-09T13:45:05.000Z,2026-09-09T15:05:05.000Z,8.93550893550894,14.042821337768013,13.27622352735601,0.7121076141014842,-0.5459001377479136,-5.459001378521045,80,stop,0,-5.432108829273597,-0.5127174821530698
GOW,2026-09-09T13:45:05.000Z,2026-09-09T15:25:05.000Z,8.951707891637216,9.31433609491873,9.038180908870418,1.0736136919089396,-0.6471418432817788,-6.4714192336258956,100,stop,0,-6.7029586280371145,-0.4665582395852965
MIMI,2026-09-09T13:45:05.000Z,2026-09-09T15:45:05.000Z,8.756065284516978,0.9904002503771846,0.92729563436604,10.09692797601592,-0.6371627628186679,-6.371627631062471,120,stop,5.008050997960245,-6.350992980184489,-0.6512518544530259
LABT,2026-09-09T14:15:05.000Z,2026-09-09T16:05:05.000Z,7.339449541284382,2.3504897681040355,2.2095268748154404,4.254432466871885,-0.599717109831196,-5.997171108823815,110,stop,1.2554928890317285,-5.977042317327685,-0.4254432466871876
VVOS,2026-09-09T15:15:05.000Z,2026-09-09T16:10:05.000Z,3.005008347245397,0.18594330332247894,0.1754592386592722,53.77983366222788,-0.5638312536912989,-5.638312580165555,55,stop,1.159867894667177,-5.616391198755499,-0.4893964863262745
SGLY,2026-09-09T13:45:05.000Z,2026-09-09T19:50:05.000Z,9.493670886075932,1.750386605855541,1.8892002181809897,5.71302358024545,0.7930454404743384,7.9304544413832705,365,session_close,9.690053247497076,-2.307296326447905,0.7426930654319079
SSL,2026-09-09T13:45:05.000Z,2026-09-09T19:50:05.000Z,8.646616541353369,14.462901943898716,14.496820578302918,0.6914241718162762,0.02345216370206439,0.23452163705300366,365,session_close,1.8467805225905076,-1.0572009994385567,0.034571208590815417
SRPT,2026-09-09T14:15:05.000Z,2026-09-09T19:50:05.000Z,9.455587392550147,22.944594903740775,21.995589233870597,0.43583249307081756,-0.41360750703786114,-4.136075070627886,335,session_close,0.24147341232942932,-4.116851518641429,-0.33123269473382244
WVVIP,2026-09-09T14:15:05.000Z,2026-09-09T19:50:05.000Z,3.076923076923088,2.7007773485637925,2.6388730439184296,3.702637595164379,-0.22920920568242956,-2.2920921148232414,335,session_close,2.9333277501877753,-2.9908925519812946,-0.3332373835647946
KURA,2026-09-09T14:15:05.000Z,2026-09-09T19:50:05.000Z,-0.7188498402555865,12.442499935334265,12.067278629185243,0.803697010250671,-0.301564241934321,-3.015642419924531,335,session_close,0,-3.717098153409304,-0.2732569834852274
NETG,2026-09-09T14:15:05.000Z,2026-09-09T19:50:05.000Z,15.815923785650131,19.30408660659589,19.904892030755807,0.5180250264587505,0.311232245747001,3.112322465206046,335,session_close,5.262685638060627,-2.714899789233327,0.549106528046277
BLCO,2026-09-09T15:15:05.000Z,2026-09-09T19:50:05.000Z,1.2408347433728206,17.984082270914545,17.666025005594808,0.5560472749160289,-0.17685487564828434,-1.7685487673403708,275,session_close,0.31092901068345835,-1.74644591913653,-0.16681418247480906
RBBN,2026-09-09T15:15:05.000Z,2026-09-09T19:50:05.000Z,2.570694087403602,2.001134876966898,1.959451838644534,4.997163374907773,-0.20829695245939495,-2.082969958803711,275,session_close,0,-3.554726759583382,-0.14991490124723406
AMRX,2026-09-09T15:15:05.000Z,2026-09-09T19:50:05.000Z,0.9384164222873803,17.23354085716658,17.17655228507548,0.5802638048425184,-0.03306840567412402,-0.33068405711529425,275,session_close,0.5597174929568016,-1.0069947818901914,-0.023210552193699385
VALE,2026-09-09T15:15:05.000Z,2026-09-09T19:50:05.000Z,-1.3817480719794495,15.353071249506293,15.36692529668215,0.6513354779200111,0.009023632438412785,0.09023632438559723,275,session_close,0.4359306969011767,-0.21540478102943794,0
EZRA,2026-09-09T14:15:05.000Z,2026-09-09T19:55:05.000Z,0.18450184501843658,2.753047230344527,2.7890321665859394,3.632335046584697,0.1309796784728589,1.3097981024269538,340,session_close,4.611354583974414,-2.2900889476072384,-0.2116167523292365
RXT,2026-09-10T13:30:05.000Z,2026-09-10T13:35:05.000Z,8.641975308641946,3.530713890565751,3.2793422044049634,2.8322883998618176,-0.7119571107669039,-7.119571110886827,5,stop,0,-7.100940442545389,-0.0849686519958528
DLXY,2026-09-10T13:35:05.000Z,2026-09-10T13:55:05.000Z,9.317776100999309,0.48129687,0.4697424607649254,20.75,-0.40484794653171535,-4.053785849712051,20,stop,0,-5.276757773222163,-0.27644999999999875
WVVIP,2026-09-10T13:40:05.000Z,2026-09-10T14:05:05.000Z,9.425703720473955,2.930689925631766,2.6991669704948067,3.412165793807463,-0.7899947079995524,-7.89994714596257,25,stop,0,-7.871522797896679,-0.7847981325757178
SMZ,2026-09-10T13:35:05.000Z,2026-09-10T14:40:05.000Z,9.01156668323464,12.993017365672282,12.145255352343197,0.7696441591346801,-0.6524750818949869,-6.5247508678690975,65,stop,0.3615991036219679,-6.488233964033208,-0.500268703437543
DBI,2026-09-10T13:30:05.000Z,2026-09-10T14:45:05.000Z,9.578544061302697,5.781710159747104,5.388888119708706,1.7295920134506453,-0.6794218631578031,-6.794218824272237,75,stop,0,-6.77498783100946,-0.7437245657837774
IMNN,2026-09-10T13:40:05.000Z,2026-09-10T15:35:05.000Z,7.947019867549665,1.6403435876292054,1.5396741447755877,6.0962837636621785,-0.613709489965427,-6.137094911872432,115,stop,0,-6.117229852693995,-0.2438513505464872
SVRE,2026-09-10T13:40:05.000Z,2026-09-10T16:05:05.000Z,7.539682539682535,2.720969742567414,2.647697706431101,3.6751601039985906,-0.4479605922530208,-4.479606172460394,145,stop,0,-9.22354036655355,-0.8085352228796907
IPDN,2026-09-10T16:20:05.000Z,2026-09-10T18:55:05.000Z,19.424460431654687,0.14993026734653273,0.1415665912081632,66.69767334581788,-0.557837739047182,-5.57837739263055,155,stop,1.7139518917336893,-5.556094505773834,-0.6669767334581795
MDCX,2026-09-10T13:35:05.000Z,2026-09-10T19:35:05.000Z,-2.1126760563380254,0.16753738612980962,0.15714553767128817,59.688169782462445,-0.6202704151458491,-6.202704183572343,360,stop,1.231136475169925,-6.170196616175028,-0.4357236394119752
SKHN,2026-09-10T13:30:05.000Z,2026-09-10T19:50:05.000Z,9.619450317124745,10.424582900675558,10.296704938725613,0.9592708927281893,-0.12266960671998543,-1.2266961965610945,380,session_close,0.3397459606959252,-4.360681909355801,0.17266876069107262
SKDD,2026-09-10T13:30:05.000Z,2026-09-10T19:50:05.000Z,9.396914446002791,7.0314107476559204,6.998553970186995,1.4221897080864965,-0.04672857075719407,-0.4672857076352567,380,session_close,1.54434517113482,-3.57553777867029,0.17066276497038047
AHMA,2026-09-10T13:30:05.000Z,2026-09-10T19:50:05.000Z,9.375,1.4303348071624649,1.6796132201838951,6.991370041496298,1.784746275726192,17.84746289985415,380,session_close,34.234305869193335,0,1.510135928963198
GDXD,2026-09-10T13:30:05.000Z,2026-09-10T19:50:05.000Z,8.91210817455439,17.754388718789997,17.976362739107685,0.5632410127761396,0.12502487201372614,1.2502487347410987,380,session_close,1.2707352800675809,-2.671951855418919,0.016897230383284167
MUZ,2026-09-10T13:35:05.000Z,2026-09-10T19:50:05.000Z,8.031088082901562,8.351671958195524,8.38817043251876,1.1973650365562407,0.04370199704228708,0.43701997044338825,375,session_close,2.01550111938118,-1.5765939904561654,0.09578920292450022
SNDQ,2026-09-10T13:35:05.000Z,2026-09-10T19:50:05.000Z,8.026315789473681,12.332466649978798,12.077564025932045,0.8108677917983061,-0.20669232788438469,-2.06692327886564,375,session_close,1.277387196676294,-3.2634724374421054,-0.17028223627764305
OBIO,2026-09-10T13:40:05.000Z,2026-09-10T19:50:05.000Z,8.25688073394495,5.921270277655245,5.878318383828026,1.6888268057060027,-0.07253830965124541,-0.7253830987804076,370,session_close,1.8362567024690968,-2.0480449627992114,-0.10132960834236115
WLTH,2026-09-10T13:40:05.000Z,2026-09-10T19:50:05.000Z,8.03382663847778,10.24227942996387,10.83780377109374,0.9763451600867235,0.5814373081759819,5.8143731110055175,370,session_close,7.202699116740785,-1.7796764012375066,0.5955705476529012
ZSL,2026-09-10T13:40:05.000Z,2026-09-10T19:50:05.000Z,7.695709862892541,24.37488198485539,25.084958101915003,0.4102583965558053,0.2913146892174497,2.91314689236567,370,session_close,2.933831702606504,-1.086700583904221,0.36512997293466753
F,2026-09-10T16:20:05.000Z,2026-09-10T19:50:05.000Z,3.4572490706319625,13.92278676959002,13.877220721627491,0.7182470122607659,-0.03272767780961725,-0.3272767781092062,210,session_close,0.05180881190922637,-0.522788797922269,-0.03591235061303699
JOBY,2026-09-10T16:20:05.000Z,2026-09-10T19:50:05.000Z,0.9345794392523477,6.4913002067905525,6.338730790480482,1.5405234206943497,-0.23503675910733027,-2.3503675912333812,210,session_close,0,-2.7929721475659752,-0.21567327889721
CWH,2026-09-10T16:20:05.000Z,2026-09-10T19:50:05.000Z,-1.213592233009697,6.1214197259328555,6.098759922210486,1.6336079493879365,-0.03701723549243322,-0.37017235767012135,210,session_close,0.6302504287314603,-1.820161513526608,-0.016336079493880717
SPDN,2026-09-10T16:20:05.000Z,2026-09-10T19:50:05.000Z,0.46511627906977715,8.65180340613476,8.607754227241115,1.1558283877809943,-0.050913291423719344,-0.509132915137806,210,session_close,0,-0.7143413139847565,-0.011558283877809217
SKHQ,2026-09-10T13:35:05.000Z,2026-09-11T13:35:05.000Z,8.110992529348993,10.182894862275989,10.056394562546126,0.9820389874769566,-0.12422822626224553,-1.2422822924206065,1440,time,1.346425938579987,-3.26915741327396,-0.04910194937384915
GNLN,2026-09-11T13:35:05.000Z,2026-09-11T13:55:05.000Z,9.689922480620151,2.8608021380267585,2.628251496597849,3.49552303580709,-0.8128861241064673,-8.128861424485352,20,stop,0,-8.067742083902196,-0.7690150678775609
COHH,2026-09-11T13:55:05.000Z,2026-09-11T14:05:05.000Z,6.6115702479338845,6.481315052463991,6.068724547353463,1.5428967598531829,-0.6365845534812222,-6.36584553860986,10,stop,0,-6.3461666210412275,-0.3857241899632946
VIOT,2026-09-11T13:35:05.000Z,2026-09-11T14:50:05.000Z,8.823529411764696,1.5003147941725241,1.408926920228593,6.665267861216538,-0.6091246591033923,-6.091246603639252,75,stop,3.978178850152214,-6.019722962362439,-0.5332214288973223
CLIK,2026-09-11T13:35:05.000Z,2026-09-11T15:15:05.000Z,8.799999999999986,1.3817710851221727,1.308960903843721,7.23707870733051,-0.5269330126071567,-5.269337451218552,100,stop,0.5955338743464544,-5.194137140004407,-0.43422472243982924
XRTX,2026-09-11T14:00:05.000Z,2026-09-11T15:25:05.000Z,11.374407582938396,2.3705200558600987,2.2087344267901305,4.21848359082461,-0.6824900214628977,-6.82490024372594,85,stop,0,-6.771512245310118,-0.5905877027154443
SURG,2026-09-11T14:20:05.000Z,2026-09-11T19:35:05.000Z,14.224924012158047,0.18843834026816048,0.176062392699268,53.06775669239452,-0.656763774423818,-6.567637748921307,315,stop,5.392564866246863,-6.547680398056032,-0.5094504642469868
BFRI,2026-09-11T13:35:05.000Z,2026-09-11T19:45:05.000Z,8.56164383561644,1.6003260921579967,1.5196735119229687,6.2487264572163825,-0.5039759119573863,-5.039759123484023,370,stop,0.6044960392389997,-5.019357776619082,-0.37492358743298304
KORU,2026-09-11T13:35:05.000Z,2026-09-11T19:50:05.000Z,9.68351440717996,23.234652254064525,23.11535768411385,0.4303916361697042,-0.051343385147232294,-0.5134338515000003,375,session_close,1.4002694870484333,-1.440315311824747,0.08177441087224402
JVA,2026-09-11T13:35:05.000Z,2026-09-11T19:50:05.000Z,8.45481049562682,3.740914625916086,3.88676951735354,2.6731430388147497,0.3898909877231112,3.8989099197027683,375,session_close,5.589151183387742,-1.8956494068270935,0.32077716465776973
OPEN,2026-09-11T13:55:05.000Z,2026-09-11T19:50:05.000Z,-0.7142857142857006,2.790558764655856,2.809428225900864,3.5835117060093387,0.06761893525757569,0.6761893526128648,355,session_close,2.13008362687086,-0.0200233968527308,0.07167023412018558
LEGN,2026-09-11T13:55:05.000Z,2026-09-11T19:50:05.000Z,1.2506513809275477,19.46400438694535,18.65620713834723,0.5137688930457368,-0.4150210982176483,-4.1502109871076485,355,session_close,0,-4.130724443756306,-0.39046435871475893
REF,2026-09-11T14:00:05.000Z,2026-09-11T19:50:05.000Z,4.220532319391634,13.753028025535038,13.78719481022805,0.7271125992700282,0.02484309962683524,0.24843099737435914,350,session_close,2.522876953502484,-3.657580167807939,-0.1745070238248072
XNCR,2026-09-11T14:00:05.000Z,2026-09-11T19:50:05.000Z,0.6801319043693299,24.46533833115904,24.334858381491248,0.40874153567079496,-0.05333257500146087,-0.5333257521381246,350,session_close,0.673040636561506,-2.0655276633368302,-0.05722381499391105
LAES,2026-09-11T14:00:05.000Z,2026-09-11T19:50:05.000Z,2.1008403361344463,2.440498939160988,2.3694965723364185,4.097522777154816,-0.29093381529557455,-2.9093381556223536,350,session_close,0.38930813230668715,-2.888710092421698,-0.2048761388577418
FCEL,2026-09-11T14:05:05.000Z,2026-09-11T19:50:05.000Z,4.939063502245022,16.38328863649227,15.846815490292888,0.6103780639118668,-0.32745144031788687,-3.2745144036859473,345,session_close,0.3461537226500999,-3.438190274189501,-0.329604154512408
ULCC,2026-09-11T14:05:05.000Z,2026-09-11T19:50:05.000Z,0.4520795660036159,5.571142690165582,5.578741890202315,1.794963896201681,0.013640289705951578,0.1364028972036237,345,session_close,1.415460242539135,-0.738496435178515,0.10769783377210196
GPK,2026-09-11T14:15:05.000Z,2026-09-11T19:50:05.000Z,1.1182108626198062,9.511983072941671,9.518084434376188,1.051305485464259,0.006414394744907925,0.06414394756308384,335,session_close,1.3458489788790162,-0.33623980085343286,0.021026109709284313
JBLU,2026-09-11T14:20:05.000Z,2026-09-11T19:50:05.000Z,2.505694760820054,4.5109083780565085,4.409115797832721,2.2168483948371813,-0.22565871807543897,-2.2565871813970286,330,session_close,0,-2.9020402784795563,-0.1773478715869743
M,2026-09-11T14:30:05.000Z,2026-09-11T19:50:05.000Z,1.9756097560975627,20.92421810730152,21.935609370508068,0.39572295526912316,0.4002307396094667,4.8335916688500875,320,session_close,4.854575150619489,-0.11574199416832798,0.4036374143745043
GPRO,2026-09-11T14:50:05.000Z,2026-09-11T19:50:05.000Z,0,1.410283784869673,1.3697178568291537,6.658855062564303,-0.27012263530023106,-2.8764372444563038,300,session_close,1.398031753740181,-4.274585407308207,-0.19976565187692685
BMM,2026-09-14T13:35:05.000Z,2026-09-14T13:50:05.000Z,16.956920256645304,6.4012869119445845,6.06876752861878,1.5621858753384614,-0.5194570839078272,-5.194570840206124,15,stop,0,-5.175317346366937,-0.3905464688346161
HAIN,2026-09-14T13:30:05.000Z,2026-09-14T19:05:05.000Z,1.3400064578624526,0.6302410732425098,0.5962768096506094,15.866944207672868,-0.5389090754673787,-5.38909078349315,335,stop,17.90726303775243,-5.369544239381563,-0.6505447125145878
CRBP,2026-09-14T13:30:05.000Z,2026-09-14T19:50:05.000Z,-2.5862068965517127,7.941611281415528,8.168291344086676,1.2591903128590876,0.28543333903379964,2.8543333920360743,380,session_close,8.290366970304785,-1.9090745699215872,0.46590041575786323
DRCT,2026-09-14T13:30:05.000Z,2026-09-14T19:50:05.000Z,0.5847953216374213,1.7303998552529631,1.8794818683827652,5.779011075218338,0.8615466049929719,8.615466111906725,380,session_close,8.645408995666326,-3.490514349594276,1.0980121042914845
ONDS,2026-09-14T13:35:05.000Z,2026-09-14T19:50:05.000Z,-0.7607192254495243,7.181437663970176,7.238550749175325,1.3924788416262137,0.07952876272816622,0.7952876273185593,375,session_close,3.878921590134987,-0.9947543557828786,0.06962394208131073
SOAR,2026-09-14T13:35:05.000Z,2026-09-14T19:50:05.000Z,16.142557651991616,0.22264529034714284,0.22855216773786868,44.91449146473543,0.26530439414899465,2.653043943357613,375,session_close,10.983708487490574,-0.15508540360520406,0.3054185419602007
ALLO,2026-09-14T13:40:05.000Z,2026-09-14T19:50:05.000Z,-0.2808988764045006,1.7803865631839417,1.7896094121732526,5.616757714029906,0.05180250820604501,0.5180250839917202,370,session_close,2.7866665499503895,-0.5833880910315892,0
LYNX,2026-09-14T13:40:05.000Z,2026-09-14T19:50:05.000Z,-0.3532182103610615,12.763163095451146,13.517141583305415,0.7835048260778593,0.5907457839927064,5.9074579100457525,370,session_close,6.870059545516294,-3.002101380242539,0.48577299216827363
FNB,2026-09-14T14:15:05.000Z,2026-09-14T19:50:05.000Z,0.7099945385035555,18.46377422003182,18.286333899810547,0.5416010763414923,-0.09610186841822022,-0.9610186850571585,335,session_close,0,-1.4827641237878275,-0.07582415068780968
CODA,2026-09-14T14:55:05.000Z,2026-09-14T19:50:05.000Z,0.698602794411185,10.132213084875616,10.757258022499173,0.9869512095622509,0.6168888572183308,6.168888597068324,295,session_close,6.8868164267683385,-1.0087932815802114,0.4539975563986367
TAK,2026-09-14T14:55:05.000Z,2026-09-14T19:50:05.000Z,2.0536692223439124,18.65373311615574,18.626261779260663,0.536085722755664,-0.014726991494460962,-0.14726991494953412,295,session_close,0.03359586955189453,-0.44888128094433544,-0.005360857227557858
BMNR,2026-09-14T14:55:05.000Z,2026-09-14T19:50:05.000Z,-0.5193767479025224,24.914985567706854,25.734849908491483,0.401364872258836,0.32906474640859773,3.290647464180286,295,session_close,4.073911379698902,-0.34110221527484663,0.405378520981424
DQ,2026-09-14T14:55:05.000Z,2026-09-14T19:50:05.000Z,-0.6932409012131546,11.482370767688337,11.487572514437277,0.870900286088394,0.004530202731810857,0.04530202737902718,295,session_close,0.7631632359255791,-0.8044572811415462,0.03483601144353443
PLUG,2026-09-14T14:55:05.000Z,2026-09-14T19:50:05.000Z,-0.952380952380949,2.0904274577296396,2.049584972620918,4.783710601279301,-0.1953786289971839,-1.9537862917797528,295,session_close,0,-2.4123036436005996,-0.09567421202558712
VEEA,2026-09-14T14:55:05.000Z,2026-09-14T19:50:05.000Z,17.948717948717952,1.8504838135850907,2.159550055370106,5.403992061821118,1.6701915171831094,16.70191544049427,295,session_close,18.88782727246685,-4.349338967151672,1.9454371422556012
GPUS,2026-09-14T16:30:05.000Z,2026-09-14T19:50:05.000Z,6.008583690987113,0.1982418694817447,0.19864483888231393,50.4434305547295,0.02032715897329581,0.20327159021588792,200,session_close,2.85415514545293,-2.5937353674008734,0.06053211666567648
TSLG,2026-09-14T16:30:05.000Z,2026-09-14T19:50:05.000Z,-1.2448132780083054,4.770954562594985,4.66905986564945,0.848931065028493,-0.08650157359872912,-2.135729770817892,200,session_close,0,-2.3256260595078015,-0.06791448520227972
NRXP,2026-09-14T19:10:05.000Z,2026-09-14T19:50:05.000Z,2.941176470588247,3.5107132829436334,3.458203210588529,2.694919836073605,-0.14151043558343113,-1.49570950752994,40,session_close,0,-2.2990565289329856,-0.1077967934429438
JEM,2026-09-14T13:35:05.000Z,2026-09-15T13:40:05.000Z,-2.244389027431415,3.981974660322405,3.8782798228791266,2.5113164658283176,-0.26041055269269536,-2.6041059094756385,1445,time,0.9549367567928124,-2.560906811851693,-0.40181063453253074
CIRC,2026-09-15T13:40:05.000Z,2026-09-15T13:45:05.000Z,9.527606139126954,0.5620421907167293,0.502927185725099,17.79225416306215,-1.0517891936617751,-10.517894558101686,5,stop,0,-10.469354736820103,-0.43591022699502524
BRNX,2026-09-15T13:40:05.000Z,2026-09-15T13:50:05.000Z,9.05797101449275,3.0206073828189965,2.829414317275977,3.3105924505869004,-0.6329623193912872,-6.329623195338541,10,stop,0,-6.310233627288275,-0.6290125656115109
BDRX,2026-09-15T13:45:05.000Z,2026-09-15T14:05:05.000Z,13.392857142857139,1.2802589520773073,1.1897579442383455,7.810919797990431,-0.7068961138674345,-7.068961141971928,20,stop,0,-7.050054360553859,-0.7029827818191396
ALAR,2026-09-15T13:50:05.000Z,2026-09-15T14:15:05.000Z,9.589041095890405,2.420887078029084,2.2694479990847363,4.130716992266658,-0.6255519766886294,-6.255520148739811,25,stop,0,-6.232718551743677,-0.7848362285306649
CEPL,2026-09-15T13:45:05.000Z,2026-09-15T14:20:05.000Z,9.042553191489366,6.18131903875465,5.8585672690538395,1.6177776795907954,-0.5221406090704006,-5.221406105675394,35,stop,0,-5.198227704153357,-0.3397333127140669
BRNX,2026-09-15T14:20:05.000Z,2026-09-15T14:35:05.000Z,3.260869565217406,2.870591791192295,2.6894137362483552,3.483602237664991,-0.631152277618499,-6.311522784250968,15,stop,0,-6.291099687053958,-0.661884425156348
CRDF,2026-09-15T13:50:05.000Z,2026-09-15T14:55:05.000Z,8.77862595419845,1.4403019752633055,1.3595911526914082,6.942988450615695,-0.5603743089563756,-5.603743100966196,65,stop,0,-5.575356879492244,-0.41657930703694035
XHLD,2026-09-15T13:40:05.000Z,2026-09-15T15:35:05.000Z,9.641255605381183,9.841987600808665,9.338128268968587,1.0160549272746058,-0.5119487567694013,-5.1194875697534705,115,stop,0,-5.100469754375824,-0.508027463637303
PSNYW,2026-09-15T14:20:05.000Z,2026-09-15T16:05:05.000Z,16.58291457286434,4.671201310912143,4.428581211142776,2.1407768981021498,-0.5193955046015006,-5.193955122477717,105,stop,7.681079559763071,-5.1635820179422804,-0.4923786865634945
TNON,2026-09-15T13:45:05.000Z,2026-09-15T19:20:05.000Z,9.442446043165464,6.1012298615010625,5.7288248373210555,1.6390138093045026,-0.6103769772854086,-6.103769774843158,335,stop,11.452939069026025,-6.084508696247182,-0.5244844189774387
SMST,2026-09-15T13:40:05.000Z,2026-09-15T19:50:05.000Z,9.1513292433538,21.41430327956424,21.705615609618064,0.4669776021873076,0.1360363333761322,1.3603633340330263,370,session_close,5.583635875638393,-3.849311690429247,0.22881902507177898
VRA,2026-09-15T13:40:05.000Z,2026-09-15T19:50:05.000Z,9.046052631578938,3.330668111098596,4.059177285811523,3.0024006190847645,2.187276397167023,21.87276397445177,370,session_close,21.89746515034303,-2.4219798673362325,1.9815844085959462
MSTZ,2026-09-15T13:40:05.000Z,2026-09-15T19:50:05.000Z,8.805031446540879,4.330866489471288,4.389109421151003,2.3090067597522808,0.13448332295625337,1.3448332295929493,370,session_close,5.983410275026668,-3.7144181161522405,0.23090067597522967
RKTO,2026-09-15T13:45:05.000Z,2026-09-15T19:50:05.000Z,8.777943368107287,0.7375648892156405,0.741527996445047,13.558129045233375,0.05373231923639084,0.5373231951999586,365,session_close,2.6892699306027223,-2.2865634552609038,0.09761852912567903
BLCO,2026-09-15T13:45:05.000Z,2026-09-15T19:50:05.000Z,-0.9670079635949791,17.48474566070425,17.206259369377484,0.57192709576679,-0.15927385580938064,-1.5927385890012864,365,session_close,0,-1.8001157512494759,-0.16013958681470086
MTEN,2026-09-15T13:45:05.000Z,2026-09-15T19:50:05.000Z,6.930693069306937,1.0902252684757257,1.0797602577663519,9.172416266046298,-0.09598943445500875,-0.959894345872684,365,session_close,7.317270460609437,-2.7723874459435693,-0.3668966506418503
QCML,2026-09-15T13:50:05.000Z,2026-09-15T19:50:05.000Z,9.212730318257979,19.594037994469026,19.21440437389119,0.5103593241066253,-0.1937495580062565,-1.9374955825083147,360,session_close,1.0001103681961165,-3.1848360947609677,-0.030621559446396773
FBDT,2026-09-15T13:50:05.000Z,2026-09-15T19:50:05.000Z,9.171736078614877,0.71243153,0.9343121694375545,5.050000000000001,1.1547043651520166,32.09492001751698,360,session_close,67.03359549513479,-3.036295993244442,1.2176055000000003
PDM,2026-09-15T13:50:05.000Z,2026-09-15T19:50:05.000Z,1.6304347826086918,9.361906860401547,9.558016928209529,1.068158457622712,0.2094766275540599,2.094766277129688,360,session_close,2.8636595470995285,-0.5544475198861365,0.22431327610077112
QCMU,2026-09-15T13:55:05.000Z,2026-09-15T19:50:05.000Z,8.795737567159257,24.42499243770069,23.975115710317876,0.4094167077607067,-0.1841870486232331,-1.841870487904091,355,session_close,0.8802768838013675,-3.377656880774671,-0.2702150271220667
CCXIW,2026-09-15T13:55:05.000Z,2026-09-16T14:40:05.000Z,8.823529411764719,5.591345218045656,6.0374416988413815,1.7884783557861617,0.7978339004955326,7.978339082980999,1485,time,9.633724281875411,0,0.2861565369257857
PUSA,2026-09-16T14:40:05.000Z,2026-09-16T19:50:05.000Z,-0.7062146892655496,3.530937420021995,3.4391388931212576,2.832109051051304,-0.25998343890875536,-2.5998344343402637,310,session_close,0,-3.1418687681330826,-0.22656872408410322
CDE,2026-09-16T14:40:05.000Z,2026-09-16T19:50:05.000Z,-2.737317930688088,19.37387869037248,18.776240323665682,0.5161589044368563,-0.30847636460881217,-3.0847636462376666,310,session_close,1.2703770554206573,-4.149291441429082,-0.30453375361774526
UNG,2026-09-16T14:40:05.000Z,2026-09-16T19:50:05.000Z,-0.5692599620493288,10.492190676233506,10.347926320047938,0.9530898065172727,-0.1374968873242418,-1.3749688757787235,310,session_close,0,-1.6411317859819752,-0.1143707767820743
NOK,2026-09-16T14:40:05.000Z,2026-09-16T19:50:05.000Z,3.0487804878048808,10.152030365026931,10.117974734300175,0.9850246345181757,-0.03354563520990932,-0.335456352101506,310,session_close,1.16202996574426,-2.1870537916416355,-0.039400985380726894
NXDR,2026-09-16T14:40:05.000Z,2026-09-16T19:50:05.000Z,-0.609756097560965,2.450495041133793,2.459474652976651,4.080808093052289,0.036644072680804024,0.36644072696035923,310,session_close,0.795959940289559,-1.24444410708473,0.04080808093052113
ABTC,2026-09-16T14:45:05.000Z,2026-09-16T19:50:05.000Z,1.5018773466833446,8.131694894126765,8.067883766684176,1.2297559257369524,-0.07847211210047994,-0.784721122390828,305,session_close,0.7170104957497481,-3.2182084735591587,-0.012297559257369528
SNTI,2026-09-16T14:45:05.000Z,2026-09-16T19:50:05.000Z,4.233333333333333,0.316672166288172,0.3190072373671951,31.578398738152362,0.07373780561531874,0.737378060848635,305,session_close,3.4192565259981267,-3.464834442755327,0.012631359495262728
GRAB,2026-09-16T14:45:05.000Z,2026-09-16T19:50:05.000Z,1.8900343642611617,2.970594115137269,2.889420782373,3.3663299704814684,-0.2732562228882232,-2.732562228903419,305,session_close,0,-3.049696849382022,-0.20197979822888712
AAL,2026-09-16T14:50:05.000Z,2026-09-16T19:50:05.000Z,1.566170712607673,12.982596486448722,12.677463281562975,0.7702619433919157,-0.23503249538869916,-2.3503249539046074,300,session_close,2.2137598888733123,-3.178073714910512,-0.23107858301757567
CMCSA,2026-09-16T14:50:05.000Z,2026-09-16T19:50:05.000Z,-1.1261261261261368,24.16483472567645,23.63526934641556,0.4138244731774945,-0.21914711408567827,-2.1914711409062484,300,session_close,0.06275761657676959,-2.2546594332695014,-0.18208276819809832
ALVO,2026-09-16T14:50:05.000Z,2026-09-16T19:50:05.000Z,8.565737051792844,5.46110693393836,5.278932112465516,1.831130595943914,-0.3335858894095454,-3.335858895944858,300,session_close,0.1628436536624589,-4.5980958984311755,-0.36622611918878256
BZAI,2026-09-16T14:50:05.000Z,2026-09-16T19:50:05.000Z,9.725315515961409,0.592526052769037,0.5882635480434528,16.876894992333558,-0.07193784465801017,-0.7193784485364565,300,session_close,4.19794996603442,-3.835452072163237,-0.1282644019417365
CCAP,2026-09-16T14:55:05.000Z,2026-09-16T19:50:05.000Z,0.20325203252031798,9.892323700239439,9.857910626891428,1.0108848255387297,-0.03478765364765563,-0.34787653933299895,295,session_close,0.27977551684739144,-1.438728700679237,0.010108848255390157
CORZ,2026-09-16T16:35:05.000Z,2026-09-16T19:50:05.000Z,6.514962593516227,17.103451711437003,16.7766192724944,0.5846773016917082,-0.19109150850628093,-1.9109150857779855,195,session_close,1.3245764210946032,-3.469777454571721,-0.17540319050751307
DQ,2026-09-16T16:35:05.000Z,2026-09-16T19:50:05.000Z,1.5097690941385356,11.463133520726894,11.237716637382288,0.872361800652085,-0.19664507825188107,-1.9664508219940158,195,session_close,0.05990054343074647,-2.557184911061783,-0.15702512411737501
FNGR,2026-09-16T16:35:05.000Z,2026-09-16T19:50:05.000Z,1.9430950728660523,0.1476328505629614,0.14326953721368832,34.950151488131965,-0.15249846254728297,-2.9555165619539774,195,session_close,2.6194369493592884,-4.628272458945293,-0.17824577258947283
LNAI,2026-09-16T14:55:05.000Z,2026-09-16T19:55:05.000Z,1.3698630136986356,2.2406842227326327,2.178347853661934,4.462922341526925,-0.2782023742152888,-2.782023831750648,300,session_close,0,-4.939751063969533,-0.3570337873221554
TOPP,2026-09-17T13:30:05.000Z,2026-09-17T13:35:05.000Z,2.1888680425265816,0.16454542472960468,0.15576457705616809,60.7734903977327,-0.5336427617655523,-5.336427729829646,5,stop,0,-5.314899970008846,-0.37071829142616863
VTAK,2026-09-17T13:30:05.000Z,2026-09-17T13:45:05.000Z,1.5286624203821653,0.16049829888129466,0.14865761713302367,62.30587640787032,-0.7377440535926983,-7.3774499984130175,15,stop,0,-7.288736991503441,-0.39875760901036905
WETO,2026-09-17T14:00:05.000Z,2026-09-17T15:00:05.000Z,9.239130434782595,2.0204222031722074,1.8396299624011283,4.949460546151216,-0.8948240627467275,-8.948240644317924,60,stop,0,-8.929925779321346,-0.6929244764611688
SAFE,2026-09-17T13:35:05.000Z,2026-09-17T15:00:05.000Z,-0.14471780028942893,13.835146066618872,13.517099928314806,0.7227968039962925,-0.2298827322895416,-2.298827470072328,85,rotation_for_stronger_continuation,0,-2.639264268411934,-0.17347123295910905
AKAN,2026-09-17T15:00:05.000Z,2026-09-17T15:35:05.000Z,18.38235294117647,3.240652959961435,2.94939335110726,3.014860509108507,-0.8781070926328434,-8.987682805061649,35,stop,0,-8.968962846453444,-0.7235665221860419
CYAB,2026-09-17T13:40:05.000Z,2026-09-17T17:20:05.000Z,4.223433242506802,0.30776718503973693,0.2882389003599574,32.49209287422668,-0.6274559921894143,-6.274559947023479,220,stop,0.27059901144286247,-6.325295868441416,-0.8500278097657699
RXRX,2026-09-17T13:30:05.000Z,2026-09-17T19:50:05.000Z,3.1347962382445083,3.3006812577308966,3.519293486076654,3.029677574374109,0.6623245657030926,6.623245665837044,380,session_close,8.159489548962107,-0.6265754284045744,0.6968258421060458
MVIS,2026-09-17T13:30:05.000Z,2026-09-17T19:50:05.000Z,1.2269938650306678,1.6705804626447438,1.7095141556690236,5.985943036410669,0.2330548686404386,2.3305488059307726,380,session_close,10.14135751875389,-1.8305291680671965,0.419016012548747
VNRX,2026-09-17T13:30:05.000Z,2026-09-17T19:50:05.000Z,4.256093124772664,0.2876714402401599,0.27711901930624944,34.76187928647315,-0.36682198268464755,-3.6682198709405647,380,session_close,0,-4.231021414568881,-0.4658091824387398
SNAP,2026-09-17T13:35:05.000Z,2026-09-17T19:50:05.000Z,3.321678321678334,5.921185175538083,5.6488684900738315,1.6888510835491313,-0.45990232931480923,-4.599023293330882,375,session_close,1.6688352336985846,-4.748798884043193,-0.3546587275453188
MDCX,2026-09-17T13:40:05.000Z,2026-09-17T19:50:05.000Z,2.4967989756722098,0.16103315999999998,0.17186387893660982,17.55,0.1900791173375026,6.725769361173708,370,session_close,13.951685478941123,-0.88997818834331,0.2141099999999998
SLXN,2026-09-17T13:40:05.000Z,2026-09-17T19:50:05.000Z,7.205882352941173,0.36591908057359024,0.3856192304076072,27.328439921951222,0.53837436119237,5.383744898772791,370,session_close,6.362313599475633,-4.623721875084796,0.3825981589073155
XPEV,2026-09-17T13:45:05.000Z,2026-09-17T19:50:05.000Z,1.934235976789167,10.552118026132549,10.617857920797968,0.9476770420599693,0.062300188921858936,0.6230018893137232,365,session_close,2.2543528538851776,-0.4939105685084044,0.11372124504719672
ATCH,2026-09-17T13:45:05.000Z,2026-09-17T19:50:05.000Z,7.437499999999986,0.17298052292946609,0.17334041379666215,57.80996954678134,0.020805280072769335,0.20805282646926349,365,session_close,8.913996101642784,-1.5496096809460291,-0.005780996954678486
UGP,2026-09-17T14:00:05.000Z,2026-09-17T19:50:05.000Z,-0.8597883597883493,7.512637964556792,7.538477211851228,1.3310902929127113,0.03439437124979596,0.34394373076862705,350,session_close,0.76354052616181,-1.2330950192707246,0.05324361171650871
NUWE,2026-09-17T14:00:05.000Z,2026-09-17T19:50:05.000Z,9.202453987730074,0.8942453241976989,1.0297759459687381,11.182613456567644,1.7392041854780755,17.39204220984646,350,session_close,59.91137569357387,-1.6265474142398983,1.358687534972967
TSHA,2026-09-17T14:15:05.000Z,2026-09-17T19:50:05.000Z,3.2544378698224685,5.251216517043438,5.118950564015427,1.904320626289821,-0.25187678250712114,-2.5187678435792153,335,session_close,0,-4.022239729744714,-0.20947526889188062
WULF,2026-09-17T14:20:05.000Z,2026-09-17T19:50:05.000Z,4.223521767381411,16.053215023311466,16.376721864451863,0.6229281788633505,0.20152152740142243,2.01521527414054,330,session_close,4.091298694590417,-0.08232010405564427,0.18687845365900557
NOK,2026-09-17T14:20:05.000Z,2026-09-17T19:50:05.000Z,4.043392504930976,10.562113720025808,10.627873473297647,0.7923129491207964,0.05210230404826707,0.6226003148134898,330,session_close,0.6427338482966727,-0.8721144504547307,0.07130816542087359
UEC,2026-09-17T15:00:05.000Z,2026-09-17T19:50:05.000Z,1.6865079365079305,10.26209384648394,10.127967071010724,0.9651610097155896,-0.1294539340456258,-1.3070117802437733,290,session_close,0.7591643058570519,-1.3846477006505542,-0.09651610097155938
LSTA,2026-09-17T14:15:05.000Z,2026-09-17T19:55:05.000Z,8.843537414965997,1.6103683114360237,1.7096520117981073,6.209759508551113,0.6048045874779984,6.048045914570533,340,session_close,17.364455483765617,-2.506775074332268,0.5446831655985775
AIXI,2026-09-18T13:30:05.000Z,2026-09-18T13:35:05.000Z,9.785202863961807,2.320795451326793,2.1795469013204434,4.3088672483123895,-0.6086212509939756,-6.086212808009357,5,stop,0,-6.066689386447244,-0.4308867248312378
CIFG,2026-09-18T13:30:05.000Z,2026-09-18T14:05:05.000Z,9.897968913893385,4.64107793517289,4.259078672945392,2.154671838014192,-0.8230830524637882,-8.230830586413491,35,stop,0.8386427758976911,-8.210979011682863,-0.5386679595035471
ESLA,2026-09-18T13:35:05.000Z,2026-09-18T14:25:05.000Z,9.980988593155882,0.5876237772260662,0.5511663313977754,17.017690056631018,-0.624748829826119,-6.247488728875606,50,stop,0,-6.18146825125695,-0.41352986837613415
ARRY,2026-09-18T13:35:05.000Z,2026-09-18T15:05:05.000Z,-2.948113207547165,4.120867139004637,3.909216360559578,2.4266737171201846,-0.5136073812606514,-5.136073823922928,90,stop,0,-5.1170574515433165,-0.48533474342403693
SLXN,2026-09-18T15:05:05.000Z,2026-09-18T15:20:05.000Z,9.078947368421053,0.41743370525826623,0.39251831454075736,23.95589883692751,-0.5968705795111652,-5.96870602533011,15,stop,0,-5.949137538594684,-0.6995122460382834
TGL,2026-09-18T13:35:05.000Z,2026-09-18T15:45:05.000Z,9.954751131221705,2.4606103418493332,2.297415619485137,4.064032289303039,-0.6632286211319386,-6.632286290463334,130,stop,0,-6.527256230607515,-0.5283241976093969
RYDE,2026-09-18T13:35:05.000Z,2026-09-18T16:15:05.000Z,2.9172029172029212,0.7249763357456633,0.6937286076913863,13.793553529466333,-0.5264863457362003,-5.264863512798824,160,stop,2.941291074336161,-5.5969186503072805,-0.6339315921796729
GSUI,2026-09-18T13:30:05.000Z,2026-09-18T19:50:05.000Z,9.416195856873832,11.672943602325448,11.71699371027481,0.8566819312203343,0.03773693154852348,0.3773693204564638,380,session_close,0.7457964386738514,-1.2245720290893214,0.059967735185423976
CIFR,2026-09-18T13:30:05.000Z,2026-09-18T19:50:05.000Z,5.135773317591474,17.83357733970833,18.106375579629987,0.5607399910985992,0.15296888262538277,1.529688826448981,380,session_close,1.7743083973798202,-4.22560950814066,0.29158479537127135
EUV,2026-09-18T13:30:05.000Z,2026-09-18T19:50:05.000Z,1.2680367293397499,23.224700690723466,23.365289552005223,0.430576054702514,0.06053419722581765,0.6053419725573085,380,session_close,0.6686816391935801,-1.010564974976036,0.09042097148752859
XRPC,2026-09-18T13:35:05.000Z,2026-09-18T19:50:05.000Z,2.8425655976676234,14.14407763960182,14.866721091824889,0.707009675710216,0.5109159128103432,5.109159258287364,375,session_close,5.20304242630627,-0.09953027663255343,0.5585376438110714
MG,2026-09-18T13:35:05.000Z,2026-09-18T19:50:05.000Z,4.73790322580645,20.804170951666233,20.755286132419933,0.48067284306484137,-0.023497605049830034,-0.23497605052310452,375,session_close,1.2777680444530093,-0.4045869064515317,-0.10094129704361521
SGRY,2026-09-18T15:05:05.000Z,2026-09-18T19:50:05.000Z,-1.2359550561797716,13.213034374545954,13.387288020880678,0.7568284202037433,0.13188011187025145,1.3188011276986675,285,session_close,1.3393261565636916,-1.2338904896821323,0.12866083143463491
BTCT,2026-09-18T15:05:05.000Z,2026-09-18T19:50:05.000Z,3.4482758620689724,1.2102447542941634,1.2597433569886485,8.262791439429732,0.40899663060772434,4.0899663079600375,285,session_close,5.76373047338834,-1.6727818255217852,0.4131395719714881
SGML,2026-09-18T15:40:05.000Z,2026-09-18T19:50:05.000Z,9.79729729729728,9.761982873174327,9.797981086009063,1.0243820465055817,0.03687592293419017,0.3687592295788385,250,session_close,1.0040698503479328,-1.4544470628451212,0.061462922790335384
CAAP,2026-09-18T15:40:05.000Z,2026-09-18T19:50:05.000Z,-0.9615384615384581,23.766963741088187,23.68486957413102,0.4207520925334564,-0.03454129253201852,-0.3454129347420262,250,session_close,0.012775123254660237,-0.828729084766,0.008415041850668104
AMC,2026-09-18T15:40:05.000Z,2026-09-18T19:50:05.000Z,0,2.720554257266391,2.689458158389391,3.675721579750887,-0.1143006016882568,-1.1430060177607144,250,session_close,0,-1.1230894287361903,-0.1470288631900356
SPDN,2026-09-18T15:40:05.000Z,2026-09-18T19:50:05.000Z,0.34924330616998844,8.631727891267822,8.58827216906632,1.1585165943052584,-0.05034417528795945,-0.5034417529016801,250,session_close,0,-0.8309795231194017,-0.046340663772211244
SLXN,2026-09-18T15:40:05.000Z,2026-09-18T19:50:05.000Z,4.6052631578947345,0.40036604665349357,0.4358702940242692,24.9771352803637,0.8867943896073599,8.867946637219122,250,session_close,11.373080641354916,-1.540102290150025,0.7268346366585821
TSUI,2026-09-18T13:30:05.000Z,2026-09-18T19:55:05.000Z,9.782208463458208,16.223390339434957,16.205601547886964,0.6163939701825449,-0.010964903847017008,-0.10964903867690833,385,session_close,0,-1.8084403647849134,0.06780333672007899
ENRD,2026-09-21T13:30:05.000Z,2026-09-21T13:35:05.000Z,5.597964376590325,4.171141418921638,3.889202191197411,2.397425259399098,-0.6759282261615372,-6.759282397984889,5,stop,0,-6.740155527844016,-0.7671760830077101
LGHL,2026-09-21T13:30:05.000Z,2026-09-21T13:40:05.000Z,2.9113924050632844,8.172340012459067,7.7381998442133755,1.2236397087367497,-0.5312311490230812,-5.3123116216876305,10,stop,0.9502784688661725,-5.29028420011829,-0.6485290456304753
SCNI,2026-09-21T13:30:05.000Z,2026-09-21T14:00:05.000Z,9.615384615384603,1.7204094294507344,1.6296657958428964,5.812569809419896,-0.5274537051059798,-5.274537098811949,30,stop,4.0450005305704195,-5.2551112486984515,-0.17437709428259573
LGHL,2026-09-21T14:00:05.000Z,2026-09-21T14:10:05.000Z,14.050632911392391,9.071834087555768,8.258189595254255,1.1023129280152766,-0.8968908426723844,-8.968908430739768,10,stop,0,-8.948952105169084,-0.9810585059335946
SDST,2026-09-21T13:30:05.000Z,2026-09-21T14:15:05.000Z,2.400000000000002,0.12833061844525784,0.12107350028449336,77.92372567777728,-0.5655016847706268,-5.655016899852435,45,stop,1.3787680416244008,-5.634367334045232,-0.5532584523122193
WETH,2026-09-21T13:40:05.000Z,2026-09-21T14:25:05.000Z,7.619047619047614,1.1407641211653998,1.0797256461079705,8.766051336013192,-0.5350664058253861,-5.350665744560117,45,stop,0,-5.326615733962892,-0.5259630801607891
CYAB,2026-09-21T13:35:05.000Z,2026-09-21T14:50:05.000Z,5.550146056475191,0.32646620367186985,0.30233907836115703,30.631041993897412,-0.7390389885844694,-7.390389890085809,75,stop,1.94010781419085,-7.371728957297741,-0.8178488212370603
MARA,2026-09-21T13:30:05.000Z,2026-09-21T19:45:05.000Z,5.211480362537757,13.95280454972637,13.23734964188932,0.7167017901142799,-0.5127678131928605,-5.1276781330035925,375,stop,0,-5.1086829689759305,-0.35835089505713924
USAR,2026-09-21T13:35:05.000Z,2026-09-21T19:50:05.000Z,8.230318802862712,16.653330887748385,16.856621498522497,0.6004804724831484,0.12207204200902615,1.2207204201032793,375,session_close,2.201776417721746,-1.701346653460345,0.08406726614764004
CLSK,2026-09-21T13:35:05.000Z,2026-09-21T19:50:05.000Z,3.5590877677954325,15.003001285466633,14.817032106231453,0.6665333028742414,-0.12395465126843608,-1.2395465127056111,375,session_close,0.979795387178739,-2.152911136383917,-0.08664932937365144
RIOT,2026-09-21T13:35:05.000Z,2026-09-21T19:50:05.000Z,4.905263157894724,24.934987702320335,23.985198409263496,0.40104290883339233,-0.3809062608663258,-3.809062608715285,375,session_close,0.3409357914852862,-3.7898061695550767,-0.29677175253670995
JBLU,2026-09-21T13:35:05.000Z,2026-09-21T19:50:05.000Z,1.3729977116704761,4.440892990211808,4.539086187946799,2.25179936102514,0.22111137991666652,2.2111137996663826,375,session_close,2.4568709497993835,-0.4704682201948751,0.24769792971276416
BB,2026-09-21T13:40:05.000Z,2026-09-21T19:50:05.000Z,2.3153942428035146,8.18164302165338,8.428306809199713,1.2222483884728752,0.30148441682311994,3.0148441687509013,370,session_close,3.8911130381032555,-0.2645314834208823,0.3055620971182176
SOFI,2026-09-21T14:15:05.000Z,2026-09-21T19:50:05.000Z,-0.14740566037735325,16.943389177703928,16.91661429293466,0.5902006909585772,-0.015802555491157822,-0.15802555491377576,335,session_close,0.688237878933462,-0.25608322661340166,-0.011804013819171288
XXI,2026-09-21T14:15:05.000Z,2026-09-21T19:50:05.000Z,6.8846815834767705,6.221293504460421,6.538617823572446,1.6073827695610936,0.510061642903375,5.100616437474232,335,session_close,5.122833303252428,-0.9852212311873054,0.578657797041993
YSG,2026-09-21T14:20:05.000Z,2026-09-21T19:50:05.000Z,1.6064257028112205,2.5511347219374905,2.607597349184717,3.9198239215094457,0.22132355695494904,2.213235810782473,330,session_close,2.699397937330761,-1.2204264114223151,0.23518943529056813
NVTS,2026-09-21T14:20:05.000Z,2026-09-21T19:50:05.000Z,7.349081364829391,12.282468489369698,12.147563058141534,0.8141685856235514,-0.10983576413596967,-1.0983576415842047,330,session_close,0.14273605216634788,-2.0555191294665764,-0.13840865955600457
SCNI,2026-09-21T14:20:05.000Z,2026-09-21T19:50:05.000Z,5.12820512820511,1.6503464428339687,1.6395874990864936,6.059333797762143,-0.06519203147729757,-0.6519203161367673,330,session_close,6.038341682665527,-4.262525795079119,-0.060593337977621786
CHCT,2026-09-21T14:25:05.000Z,2026-09-21T19:50:05.000Z,1.3055751587861764,14.38316100006407,14.39703780207392,0.6952574581065848,0.009647950092015637,0.09647950134039879,325,session_close,0.2561258956620627,-1.064863280494377,0.020857723743198164
LCID,2026-09-21T14:25:05.000Z,2026-09-21T19:50:05.000Z,-0.24449877750610804,4.0908207398369205,4.279139922344619,2.444497237748593,0.46034572145514246,4.603457215170125,325,session_close,4.624481789701229,-0.7534121340684652,0.44000950279474793
IMSR,2026-09-22T13:30:05.000Z,2026-09-22T13:35:05.000Z,9.55555555555554,4.9610257813633805,4.649051866078129,2.0157121584579336,-0.6288496141622062,-6.288496150477878,5,stop,0,-6.269384499709341,-0.24188545901495218
SCNX,2026-09-22T13:30:05.000Z,2026-09-22T13:35:05.000Z,8.697079094190997,0.33380409197016847,0.31532621646159653,29.957690428218147,-0.5535544742569521,-5.535544935807221,5,stop,0,-5.513441091013704,-0.3355261327960424
STI,2026-09-22T13:30:05.000Z,2026-09-22T13:35:05.000Z,10.468319559228645,8.051668330968225,7.158554917308635,1.2419786277738127,-1.1092277719433228,-11.092277736087416,5,stop,0,-11.07433011788006,-0.39743316088762093
SCAG,2026-09-22T13:30:05.000Z,2026-09-22T13:40:05.000Z,9.962794543199681,0.268088165,0.24971348390243903,25,-0.47863542250354263,-7.141462921401885,10,stop,0,-14.020822217198582,-0.7910000000000004
SOFX,2026-09-22T13:35:05.000Z,2026-09-22T13:50:05.000Z,9.776889205068118,8.971803401555256,8.318328953697423,1.1146031126985818,-0.7283646536513284,-7.283646538047794,15,stop,0,-7.265021003940708,-0.5350094940953198
SOFA,2026-09-22T13:35:05.000Z,2026-09-22T13:50:05.000Z,8.957654723127039,13.43393563376333,12.41736513115545,0.7443834777834285,-0.7567182861433018,-7.56718306772996,15,stop,0,-7.547569538855159,-0.5508437735597358
OPEX,2026-09-22T13:40:05.000Z,2026-09-22T14:00:05.000Z,9.445585215605746,5.372194618161993,5.058301493535716,1.861436499996141,-0.5842921192771905,-5.842921690980562,20,stop,0,-5.8113050690037245,-0.5398165849988814
FBGL,2026-09-22T13:40:05.000Z,2026-09-22T14:00:05.000Z,7.879088206144691,0.4376881016002294,0.40751643757320444,22.84731972553922,-0.6893416546769899,-6.89341654861407,20,stop,3.8867628198192783,-6.874324773788554,-0.9824347481981857
NCT,2026-09-22T14:10:05.000Z,2026-09-22T15:15:05.000Z,4.210526315789487,5.9813525081204295,5.64878693612334,1.6718626643793428,-0.5560039632798942,-5.56003966570421,65,stop,7.166397420944981,-5.53975890353523,-1.0031175986276057
AKAN,2026-09-22T13:40:05.000Z,2026-09-22T15:20:05.000Z,8.986928104575153,3.350687762129387,3.17923732369374,2.9844619072359406,-0.5116873024900893,-5.11687303046969,100,stop,1.7701511475041176,-5.094111246609067,-0.23875695257887664
VEEA,2026-09-22T14:05:05.000Z,2026-09-22T15:25:05.000Z,-2.754820936639124,3.5508065404452434,3.3391889599515894,2.8162615519385765,-0.5959704556585446,-5.959704593399751,80,stop,7.862818105538016,-5.936863584204454,-0.47876446382955784
SKIL,2026-09-22T13:35:05.000Z,2026-09-22T17:25:05.000Z,8.585858585858585,6.501426490458479,6.12847935312602,1.538123975096465,-0.5736389333746479,-5.736389358240027,230,stop,0.43949600266119937,-5.712999923994921,-0.4152934732760478
SHPU,2026-09-22T13:30:05.000Z,2026-09-22T19:50:05.000Z,9.67529527964115,16.02335992487661,16.72602502372538,0.6240888319599719,0.43852544079956857,4.385254416945786,380,session_close,6.344737183023863,0,0.19970842622719154
MAZE,2026-09-22T13:30:05.000Z,2026-09-22T19:50:05.000Z,9.468512728896815,24.656823415233664,28.66422597654987,0.40556723869139977,1.6252711911178561,16.25271225668235,380,session_close,16.560026877767385,0,1.3748729391638452
VTGN,2026-09-22T13:35:05.000Z,2026-09-22T19:50:05.000Z,9.871244635193133,0.25876084499482566,0.26002325122483144,38.64572291622842,0.04878660137252413,0.4878660177628612,375,session_close,2.063355066444128,-4.119960651326071,0.2705200604135989
GMEU,2026-09-22T13:35:05.000Z,2026-09-22T19:50:05.000Z,9.240506329113906,8.672396946678278,8.828225717592405,1.1530837264633644,0.1796836198558673,1.7968362365356527,375,session_close,3.0856873245893146,-2.7950398046657887,0.3113326061451076
VFF,2026-09-22T13:35:05.000Z,2026-09-22T19:50:05.000Z,8.680555555555557,3.140645105710947,2.9893876862866073,3.184059214658198,-0.48161258010348795,-4.816125806424072,375,session_close,0,-4.796629375188354,-0.3820871057589841
OMER,2026-09-22T13:40:05.000Z,2026-09-22T19:50:05.000Z,9.464575446187151,20.274063564165154,21.085755463129267,0.4932410302160393,0.40035974846307265,4.003597485009352,370,session_close,4.419126106610594,-1.993007286804327,0.46857897870523857
VRDN,2026-09-22T13:45:05.000Z,2026-09-22T19:50:05.000Z,2.5718257645968468,22.164479240498423,22.115517936629086,0.4511723414381,-0.022089986106591106,-0.2208998611610784,365,session_close,0.250494310735383,-2.8174776123654155,0
MASK,2026-09-22T13:55:05.000Z,2026-09-22T19:50:05.000Z,-2.5045330915684505,0.8655037276259346,0.8967822776114839,11.553965162001388,0.36139127685095496,3.6139127986595616,355,session_close,6.619991404453951,-3.5012821618986334,0.629691101329076
ZONE,2026-09-23T13:30:05.000Z,2026-09-23T13:35:05.000Z,13.308823529411761,0.1552406035803102,0.13927137864326528,64.41613603779544,-1.0286757659628407,-10.286757825431673,5,stop,0,-10.268321053044394,-0.48312102028346615
ZEO,2026-09-23T13:35:05.000Z,2026-09-23T13:40:05.000Z,8.207431604736627,0.5316065859089273,0.48390296026162544,18.81090314527184,-0.8973482817297008,-8.973482818264829,5,stop,0,-8.955228767064805,-0.554921642785521
LGHL,2026-09-23T13:30:05.000Z,2026-09-23T13:45:05.000Z,1.675257731958757,7.932433197649869,7.188320934751515,1.2606471965276802,-0.9380630381246782,-9.380630688687187,15,stop,0,-9.359463599010564,-0.7689947898818836
FLYE,2026-09-23T13:40:05.000Z,2026-09-23T13:55:05.000Z,8.888888888888879,1.4918393052681658,1.3791515795638394,6.703126266921897,-0.75536005412836,-7.553610184849646,15,stop,0,-7.496739419133491,-0.46921883868453307
HAO,2026-09-23T13:35:05.000Z,2026-09-23T14:05:05.000Z,8.771929824561386,3.150702510663282,3.008723323099663,3.173895318529358,-0.45062707873677316,-4.50627081049712,30,rotation_for_stronger_continuation,1.2472611807594847,-4.783139955398596,-0.8252127828176334
GRML,2026-09-23T13:40:05.000Z,2026-09-23T14:15:05.000Z,8.833922261484094,15.433086295767671,14.027192866216406,0.6479585358570852,-0.9109606481831336,-9.109606481866257,35,stop,5.228466223594008,-9.09141741890247,-1.2440803888456031
TNMG,2026-09-23T14:05:05.000Z,2026-09-23T15:35:05.000Z,17.13554987212276,4.6109364842427,4.3590819598921815,2.0710267718026363,-0.24102469491989986,-2.523984531703948,90,stop,53.33110798990277,-5.442202144840724,-0.6741192142217578
NXXT,2026-09-23T13:40:05.000Z,2026-09-23T17:15:05.000Z,8.882189239332106,0.9487552991399537,0.8955847011913461,10.540125386333045,-0.5604247692446264,-5.604247796750826,215,stop,2.270838527023411,-5.560474780776071,-0.5248982442393846
XNDU,2026-09-23T13:35:05.000Z,2026-09-23T18:40:05.000Z,-2.768166089965396,5.631127943819544,5.3389308025967805,1.7758431523979035,-0.518896292390687,-5.188962924265727,305,stop,0,-5.169975655393733,-0.4262023565754962
RUN,2026-09-23T13:30:05.000Z,2026-09-23T19:50:05.000Z,-1.7064846416382062,8.671958567417681,8.348325810970353,1.1531420340350165,-0.3731945350500307,-3.731945372332407,380,session_close,0.09272913978777275,-3.943268002945599,-0.4266625525929584
ONDS,2026-09-23T13:30:05.000Z,2026-09-23T19:50:05.000Z,0.38860103626943143,7.761561350206076,7.47849937231998,1.288400560965818,-0.36469721109653963,-3.646972111849379,380,session_close,2.0413244532263786,-3.885318128652937,-0.2319121009738474
SRFM,2026-09-23T13:30:05.000Z,2026-09-23T19:50:05.000Z,10.337662337662334,0.8555965765377789,0.8834118347289451,11.687751220302712,0.32509781786683845,3.2509782009323027,380,session_close,10.858321083770605,-3.5409885182542067,0.4043961922224746
OLB,2026-09-23T13:30:05.000Z,2026-09-23T19:50:05.000Z,-2.9563585171281215,0.20849129029772898,0.2059399528141265,47.963553838417695,-0.1223712127547406,-1.2237141800787585,380,session_close,6.7670499243031035,-3.0175314703769773,-0.330948521485082
JDST,2026-09-23T13:35:05.000Z,2026-09-23T19:50:05.000Z,8.29244357212955,22.1144481508385,22.455060193291622,0.45219306081765376,0.15402240202823067,1.5402240206487314,375,session_close,2.376508993472548,-0.3366493720788455,0.11757019581259165
IONL,2026-09-23T13:35:05.000Z,2026-09-23T19:50:05.000Z,8.08656036446469,14.302865542003794,14.315672260272356,0.699160596165583,0.008953952779572666,0.08953952780267899,375,session_close,6.062662446554201,-1.4882719926203825,0.09788248346318085
INFQ,2026-09-23T13:35:05.000Z,2026-09-23T19:50:05.000Z,-0.2844950213371278,14.04280948232703,13.817224053151966,0.7121082154090206,-0.16064123739213287,-1.6064123739552603,375,session_close,2.1875289133529208,-2.512385308445886,-0.14242164308180527
AIXC,2026-09-23T13:40:05.000Z,2026-09-23T19:50:05.000Z,9.929078014184412,1.5704522345146759,1.6388637297545778,6.367592421250928,0.4356165186160437,4.356165296618748,370,session_close,6.975555389570842,-3.849352001040496,0.4457314694875638
QUBT,2026-09-23T13:45:05.000Z,2026-09-23T19:50:05.000Z,2.643171806167399,9.331867494399798,9.218136821460629,0.971074763594592,-0.11044098633785798,-1.2187343316589223,365,session_close,2.016022041816412,-1.305928255763722,-0.1359504669032443
ADUR,2026-09-23T13:55:05.000Z,2026-09-23T19:50:05.000Z,1.1838989739542338,12.872816460768544,12.697206088006348,0.7181510875572583,-0.12611478018550598,-1.3641954213935146,355,session_close,1.3764162626838106,-1.653223763557321,-0.15081172838702628
GLNDW,2026-09-23T13:40:05.000Z,2026-09-23T19:55:05.000Z,7.8947368421052655,0.826987087570623,0.9017050971840882,10.10437024079295,0.7161947218554909,8.57083503781751,375,session_close,12.069464436571774,-4.811089334841068,0.6872954798314268
ATYR,2026-09-24T13:30:05.000Z,2026-09-24T13:35:05.000Z,8.155650319829434,0.4068855045158766,0.36562640966588045,24.57693839570028,-1.0140222323907095,-10.140222345617182,5,stop,0,-10.122136094496703,-0.24576938395700232
CBRZ,2026-09-24T13:30:05.000Z,2026-09-24T13:35:05.000Z,7.568238213399514,8.711973214962853,8.178280966954041,1.1478455790817035,-0.6125962874670909,-6.125962911504287,5,stop,0,-6.106231066564661,-0.33287521793369557
KYTX,2026-09-24T13:35:05.000Z,2026-09-24T13:40:05.000Z,9.54738330975955,7.761565548871075,7.368521319551354,1.2883998638564291,-0.5063981315450838,-5.06398131723425,5,stop,0,-5.044930000340308,-0.6699679292053435
BTLN,2026-09-24T13:35:05.000Z,2026-09-24T13:45:05.000Z,7.625368731563409,0.7463847829613753,0.7048675457037983,13.397915003566128,-0.5562444159599063,-5.562444225196044,10,stop,0,-5.5179022806399525,-0.19560955905206612
HUHU,2026-09-24T13:35:05.000Z,2026-09-24T14:00:05.000Z,9.32203389830506,6.511456096235207,6.028613551803647,1.5357547988149642,-0.741527754682796,-7.415277586079862,25,stop,0,-7.393985141258574,-1.0596708111823254
ZKIN,2026-09-24T13:35:05.000Z,2026-09-24T14:00:05.000Z,8.235294117647074,1.8706224262470916,1.5996582999228677,5.345814001582161,-1.4485238204305138,-14.485238844689876,25,stop,0,-14.466972193315552,-0.7484139602215034
ATCH,2026-09-24T14:10:05.000Z,2026-09-24T14:50:05.000Z,11.501272264631023,0.21964497277066686,0.19945987448103816,45.528016708241,-0.918987492187702,-9.189874930897748,40,stop,0.43480495696583965,-9.17160657790259,-0.705684258977735
FRVO,2026-09-24T14:10:05.000Z,2026-09-24T14:55:05.000Z,7.339449541284404,17.57351550170621,16.586679865238523,0.5690381073074492,-0.5615470827991155,-5.615470828087168,45,stop,0,-5.596577996080077,-0.5292054397959269
DNA,2026-09-24T14:10:05.000Z,2026-09-24T15:20:05.000Z,11.713286713286731,9.601924505874905,9.098047783666795,1.0414578861707147,-0.5247663860014868,-5.247663860508536,70,stop,1.3338523339434083,-5.227332349549352,-0.5832164162555991
PMAX,2026-09-24T13:30:05.000Z,2026-09-24T19:50:05.000Z,9.469074986316372,1.0110262443231746,1.6496517838651665,9.890931878096739,7.038513249068397,70.38519084304424,380,session_close,172.00085214810335,-4.987629609647981,7.269834930401103
LU,2026-09-24T13:30:05.000Z,2026-09-24T19:50:05.000Z,9.016393442622949,1.3503909717387725,1.3696158696293543,7.4052625867760735,0.1423654170837156,1.42365420777567,380,session_close,2.9331526269186003,-4.4721101519964,0.3702631293388041
TSSI,2026-09-24T13:30:05.000Z,2026-09-24T19:50:05.000Z,8.081896551724155,10.062992100621535,10.267919975643155,0.9937401928072648,0.20364506603556698,2.0364507193537595,380,session_close,3.6471051125618548,-3.8059465494152622,0.44718308676326757
PATH,2026-09-24T13:30:05.000Z,2026-09-24T19:50:05.000Z,0.07668711656443339,13.08265302952628,12.637471036690362,0.7643709553169349,-0.34028418515388764,-3.402841853492449,380,session_close,0,-4.2243192438031985,-0.2981046725736043
GRML,2026-09-24T13:35:05.000Z,2026-09-24T19:50:05.000Z,9.606791778373559,12.282458020810175,14.197153006295181,0.814169279693663,1.5849341846530103,15.849341847052061,375,session_close,28.638746195835175,0,1.4225572739447525
ORCZ,2026-09-24T13:35:05.000Z,2026-09-24T19:50:05.000Z,9.313725490196067,17.894335392206358,17.386080265495746,0.5588360605882199,-0.2840312927847249,-2.84031295698177,375,session_close,4.614111615194427,-3.7684293796128143,-0.25147622726469976
SAFE,2026-09-24T14:15:05.000Z,2026-09-24T19:50:05.000Z,-2.2463206816421333,12.64297352798555,12.487186175031296,0.790953164219046,-0.12322049976447685,-1.2322050078600184,335,session_close,0.13467142026961643,-1.289044287127572,-0.11864297463285567
CCL,2026-09-24T14:15:05.000Z,2026-09-24T19:50:05.000Z,-0.34403669724770714,21.744356152047104,21.785636494928845,0.45988945036238044,0.018984394198654567,0.18984394200080698,335,session_close,1.4516127575622928,-1.3077239448192723,0.02759336702174231
SLGB,2026-09-24T14:15:05.000Z,2026-09-24T19:50:05.000Z,-1.7687520471667217,0.30106547378213816,0.3378722300135705,33.215366200152296,1.2656051415433498,12.65605146365803,335,session_close,29.473497941538575,-2.678976662722421,0.939247517724807
HYPD,2026-09-24T14:15:05.000Z,2026-09-24T19:50:05.000Z,-2.0408163265306145,3.8507940081117416,4.129131195638485,2.596867026924019,0.7228046646549676,7.228046655843523,335,session_close,7.250608349865195,-1.059366146976659,0.7271227675387237
NIO,2026-09-24T14:20:05.000Z,2026-09-24T19:50:05.000Z,-1.6348773841961761,3.6207290142365545,3.61926163920346,2.7618747379026414,-0.004052706034933268,-0.04052706036063537,330,session_close,0.25605301382656265,-1.4010718293771873,0.027618747379026587
KITT,2026-09-25T13:30:05.000Z,2026-09-25T13:35:05.000Z,9.867751780264511,3.2506620830068993,2.3695253641399314,3.076296378114295,-2.710637696873967,-27.10637698926572,5,stop,0,-27.09177578348214,-1.3228074425891467
USDE,2026-09-25T13:30:05.000Z,2026-09-25T13:35:05.000Z,9.353023909985936,15.583362009904784,14.587075441204371,0.6417100468805974,-0.6393271007072513,-6.393271028852265,5,stop,0,-6.3745038411698545,-0.34652342531552094
LFS,2026-09-25T13:30:05.000Z,2026-09-25T13:35:05.000Z,4.235294117647048,2.2304984761973947,2.1095615218631583,4.483302747849161,-0.5421969796831908,-5.421969825346509,5,stop,0,-5.402311522885384,-0.31383119234944346
GLNDW,2026-09-25T13:40:05.000Z,2026-09-25T13:45:05.000Z,9.532267613972767,1.7003681153966488,1.3697039306485346,5.881079440178924,-1.9446623385256598,-19.446623454885202,5,stop,0,-19.429211381065148,-1.1174050936339945
FRVO,2026-09-25T13:35:05.000Z,2026-09-25T14:00:05.000Z,3.470975463794135,17.31347308425055,16.426707888640316,0.5775848641144177,-0.5121821550079322,-5.12182155073723,25,stop,0,-5.102806813811456,-0.508274680420687
STLU,2026-09-25T13:40:05.000Z,2026-09-25T14:10:05.000Z,9.610983981693355,24.044887881489117,22.375501187275145,0.41588881772011466,-0.6942792585743397,-6.942792590433099,30,stop,0,-6.924082531367626,-0.5780854566309603
GIPR,2026-09-25T13:30:05.000Z,2026-09-25T14:30:05.000Z,1.138484509145199,0.5466899171414624,0.44621027246759903,18.291904009775948,-1.8379640153107042,-18.37964109512982,60,stop,24.293494116916637,-18.363228220191484,-1.7194389769189407
ACTU,2026-09-25T13:40:05.000Z,2026-09-25T14:40:05.000Z,9.564516129032263,0.6943839848019653,0.6449367340583182,14.401238659780713,-0.712101659029281,-7.121024076865654,60,stop,4.308281275606696,-7.097511734234596,-0.59621128051492
MGN,2026-09-25T13:35:05.000Z,2026-09-25T15:45:05.000Z,8.92388451443571,4.20153419082605,3.969015343647221,2.3800828321716327,-0.5534141163266696,-5.534141497325621,130,stop,4.009626044262382,-5.510705859102583,-0.9520331328686531
YMAT,2026-09-25T13:35:05.000Z,2026-09-25T16:10:05.000Z,9.090909090909104,1.5807151802894401,1.489562725295818,6.326249650368595,-0.5766531865336417,-5.766532524659603,155,stop,5.01575620321697,-5.73886943205224,-0.31631248251843047
BENF,2026-09-25T13:40:05.000Z,2026-09-25T19:00:05.000Z,9.655172413793123,1.600327727109249,1.5196675093430143,6.248720071965103,-0.4134303527546968,-4.134303531635854,320,stop,31.223121641048724,-5.019454812193313,-0.4811514455413146
PL,2026-09-25T13:30:05.000Z,2026-09-25T19:50:05.000Z,1.759364358683313,17.96364221078972,17.46649599958944,0.5566799804287547,-0.27675134312120003,-2.767513432780746,380,session_close,1.0374165050913042,-3.2490193466398476,-0.11133599608575118
QBTS,2026-09-25T13:30:05.000Z,2026-09-25T19:50:05.000Z,-0.17162471395879564,17.483606157970396,17.41650571040614,0.5719643817555788,-0.03837906600661323,-0.38379066056499994,380,session_close,2.6104102203282853,-1.221751142415306,0
TSUI,2026-09-25T13:35:05.000Z,2026-09-25T19:50:05.000Z,9.249394673123511,22.61692511003839,22.84372340321335,0.4421467385984539,0.10027812564700392,1.0027812891076668,375,session_close,1.0305330579980732,-3.2582904459957374,-0.02652880431590887
TNON,2026-09-25T13:35:05.000Z,2026-09-25T19:50:05.000Z,0.6756756756756799,3.0007475429263355,3.049349869970652,3.332502896169282,0.1619673956357508,1.6196739762025842,375,session_close,5.307092809225833,-0.6914124773756414,0.1333001158467706
AMZE,2026-09-25T13:35:05.000Z,2026-09-25T19:50:05.000Z,1.5813253012048278,0.13599691,0.13466619871875,32.6,-0.04338118776875025,-0.9784864091765082,375,session_close,2.06114241860349,-2.0565981977090364,0.009780000000000122
AMC,2026-09-25T13:40:05.000Z,2026-09-25T19:50:05.000Z,0.687285223367673,2.940591294447475,2.909414588114597,3.400676597468379,-0.10602189561236186,-1.0602189563625097,370,session_close,0,-3.7608522699600244,-0.06801353194936688
WHLR,2026-09-25T13:40:05.000Z,2026-09-25T19:50:05.000Z,19.11764705882353,4.480899707413582,5.028960575249591,2.0929342721305164,1.1470553735075764,12.231045183386948,370,session_close,19.172495451416815,-1.5822649923692644,1.151113849671784
WT,2026-09-25T13:45:05.000Z,2026-09-25T19:50:05.000Z,3.4597749062109218,24.854980845304834,24.395093766317363,0.32409349565219253,-0.14904641103432545,-1.8502813655329968,365,session_close,0,-3.520344074093784,-0.11343272347826794
GENI,2026-09-25T14:10:05.000Z,2026-09-25T19:50:05.000Z,7.758620689655182,6.261280271562172,6.398715710565142,1.5971174515512403,0.2195005380932493,2.195005382959485,340,session_close,4.132057937302291,-0.49958267647340904,0.2395676177326873
LION,2026-09-25T14:10:05.000Z,2026-09-25T19:50:05.000Z,-2.2768670309653904,10.752527640523313,10.85775068949665,0.8178112914174248,0.08605259756776294,0.9785889652287842,340,session_close,1.9295217497956596,-2.348542119265118,0.10631546788426505
PMAX,2026-09-28T13:30:05.000Z,2026-09-28T13:35:05.000Z,9.259259259259256,1.7803784752139193,1.6896549943587496,5.61678323591083,-0.5095741263707948,-5.0957412773859225,5,stop,0,-5.076363058313205,-1.4603636413368157
LOBO,2026-09-28T13:30:05.000Z,2026-09-28T13:40:05.000Z,8.340775138417577,0.6124390136295488,0.5707159591069789,16.32815629979075,-0.6812605555492119,-6.81260559729907,10,stop,0,-6.749898799646658,-0.6629231457715061
CRMT,2026-09-28T13:35:05.000Z,2026-09-28T13:40:05.000Z,8.962264150943366,1.1705610682429264,1.0886121793154688,8.542910687035459,-0.7000820390090589,-7.0008213283965715,5,stop,0,-6.88226103093047,-0.6834328549628346
AMPX,2026-09-28T13:40:05.000Z,2026-09-28T14:00:05.000Z,9.282051282051285,10.67213738323381,10.057980267852729,0.9370194217210142,-0.5754771451002269,-5.754771451367719,20,stop,0,-5.735846168879844,-0.45913951664329744
CSAI,2026-09-28T13:35:05.000Z,2026-09-28T14:15:05.000Z,9.206798866855536,3.8811870584367925,3.2693353351175563,2.576531232681091,-1.5764550749017614,-15.76455125988359,40,stop,15.170949833074033,-15.747425961039795,-1.6747453012427105
SDEV,2026-09-28T13:40:05.000Z,2026-09-28T14:15:05.000Z,9.731543624161066,1.650331359346317,1.5196909877709743,6.059389189760515,-0.7916008552699277,-7.916008554008705,35,stop,0,-7.8972843004049835,-0.9695022703616818
AMPU,2026-09-28T14:30:05.000Z,2026-09-28T14:45:05.000Z,7.582938388625582,2.280470119786582,2.1483915149265713,4.385060738339823,-0.5791727045463331,-5.79172705285748,15,stop,0,-5.721194005330455,-0.43850607383398277
DLXY,2026-09-28T14:30:05.000Z,2026-09-28T14:50:05.000Z,15.999999999999993,2.920680801597152,2.6294088048814293,3.423859230784318,-0.9972743146241074,-9.972743223307491,20,stop,0,-9.952501534511937,-0.9586805846196071
NEXR,2026-09-28T13:30:05.000Z,2026-09-28T15:15:05.000Z,2.684563758389258,1.5403663291815328,1.459313072302394,6.491962152427277,-0.5261946759903355,-5.261946807303053,105,stop,0,-5.217351720758212,-0.12983924304854533
LINK,2026-09-28T13:30:05.000Z,2026-09-28T16:15:05.000Z,9.369369369369384,6.101297792350582,5.718755279602649,1.6389955568814798,-0.6269854787121389,-6.269854804129382,165,stop,4.895715924961275,-6.249453892065871,-0.6392082671837755
SLXN,2026-09-28T13:35:05.000Z,2026-09-28T19:20:05.000Z,-0.4225893200153652,0.260970928184583,0.24723204634052798,38.31844364521979,-0.526452569689756,-5.264525799723412,345,stop,3.574755196034163,-5.238487014505178,-0.7088912074365652
SCYX,2026-09-28T13:30:05.000Z,2026-09-28T19:50:05.000Z,4.328018223234631,4.610939190445526,4.549018202577237,2.1687555570296597,-0.13429148653611822,-1.342914866381183,380,session_close,8.0040268221107,-3.4903776388769847,-0.2819382224138547
SSPC,2026-09-28T13:30:05.000Z,2026-09-28T19:50:05.000Z,0.43859649122808264,9.171840791745689,9.428058508477168,1.0902936744729737,0.2793525558402397,2.7935255588176506,380,session_close,2.9237228855481634,-2.854833590017569,0.41431159629972925
NASA,2026-09-28T13:35:05.000Z,2026-09-28T19:50:05.000Z,-0.4686226568867191,24.455181994188045,24.174996868915635,0.4089112882934339,-0.11457086053579858,-1.1457086082573364,375,session_close,0,-1.4932704008288833,-0.032712903063472965
JDST,2026-09-28T13:40:05.000Z,2026-09-28T19:50:05.000Z,9.960159362549792,24.89500190948631,25.034353786557485,0.40168705487262557,0.055975845091692185,0.5597584510249584,370,session_close,0.7431133814984392,-2.1892021196376565,0.08033741097452385
MEDS,2026-09-28T13:40:05.000Z,2026-09-28T19:50:05.000Z,11.575562700964625,3.480702514361649,3.8292220428450876,2.8729832425957262,1.0508406712449314,10.508406716419572,370,session_close,29.858842614389737,0,0.945929732624645
VLY,2026-09-28T14:30:05.000Z,2026-09-28T19:50:05.000Z,-2.0259938837920433,12.832572237068497,12.827428302806698,0.6859900310914523,-0.0035286876241838365,-0.040084981925447745,320,session_close,0.6033690011722159,-0.7993115890842506,0.020579700932744416
ONCY,2026-09-28T13:35:05.000Z,2026-09-28T19:55:05.000Z,-0.4683155275867268,0.6838356565934435,0.6678185915104288,14.623395847758854,-0.2450914481325283,-2.450914603582293,380,session_close,4.279440992056194,-2.359581053995341,-0.28246791695517537
TGHL,2026-09-28T13:40:05.000Z,2026-09-28T19:55:05.000Z,9.289617486338809,0.80616725,0.77846472,5,-0.13652872999999988,-3.3871068317399367,375,session_close,0,-3.43194913958611,-0.13000000000000034
NYXH,2026-09-28T13:40:05.000Z,2026-09-28T19:55:05.000Z,8.965517241379327,1.5904098880753959,1.5696561818752268,6.287687171733028,-0.04030122161685196,-0.4030122221714258,375,session_close,2.4893024258364704,-2.5408473864745096,0.11287687171732941
