symbol,opened_at,closed_at,entry_day_change_pct,entry_price,exit_price,quantity,realized_pnl,return_pct,minutes_held,exit_reason,mfe_pct,mae_pct,nbbo_pnl
NRXS,2026-08-03T13:30:05.000Z,2026-08-03T13:45:05.000Z,9.599999999999987,6.892373672867567,6.31818228293358,1.4508788955559326,-0.8330821696651493,-8.330822111319094,15,stop,0,-8.304449236708766,-0.5803515582223753
EZRA,2026-08-03T13:45:05.000Z,2026-08-03T13:50:05.000Z,129.39560439560444,4.190838151011406,3.6792635442208312,2.3861575273467777,-1.2206975987927988,-12.206975988015978,5,stop,0,-12.189402993005627,-1.1692171883999212
YYAI,2026-08-03T13:45:05.000Z,2026-08-03T13:50:05.000Z,50,0.18043633572233161,0.14917006065788227,55.42120968657963,-1.732814786465123,-17.32814786959769,5,stop,0,-17.311555124019108,-1.6570941696287314
ZBAO,2026-08-03T13:55:05.000Z,2026-08-03T14:05:05.000Z,67.76611694152923,0.33686741634919143,0.26864617534581864,29.685269379984586,-2.025165916621971,-20.251659166897795,10,stop,0,-20.23568117331068,-1.2883406910913324
STKH,2026-08-03T14:05:05.000Z,2026-08-03T14:10:05.000Z,93.95833333333331,4.68093632561768,3.6092772691307573,2.1363247231399294,-2.2894117371498237,-22.894117371816854,5,stop,0,-22.87867749357525,-2.1790512176027264
XAIR,2026-08-03T14:05:05.000Z,2026-08-03T14:10:05.000Z,30.426540284360183,6.9314458820915625,6.078606148851614,1.4427004339471883,-1.2303922532326776,-12.30392255450466,5,stop,0,-12.28381345790207,-0.7069232126341216
HYFM,2026-08-03T13:55:05.000Z,2026-08-03T14:20:05.000Z,372.2222222222222,2.5606649590425814,2.289541755832453,3.9052355559122227,-1.0388040876680618,-10.388041037870185,25,stop,0,-10.570104381940759,-0.9663088889780553
MUZ,2026-08-03T13:30:05.000Z,2026-08-03T14:40:05.000Z,9.010989010989,14.913008942929645,13.70724906125958,0.6705554884747162,-0.8085289064364868,-8.085289067312765,70,stop,1.9914898341904408,-8.06684249659757,-0.9253665740951078
RUBI,2026-08-03T13:30:05.000Z,2026-08-03T15:05:05.000Z,9.4170403587444,2.461267997404479,2.1595405235978657,4.062945760037498,-1.225902360389404,-12.259025596757391,95,stop,8.074374785886507,-12.240357316723728,-1.1376248128104987
FCUV,2026-08-03T13:55:05.000Z,2026-08-03T16:30:05.000Z,29.48275862068965,15.063015665653998,13.64726556943147,0.6638776870101942,-0.9398848992646717,-9.398848993104725,155,stop,3.8968580221583116,-9.380695718692579,-0.398326612206116
NNVC,2026-08-03T13:30:05.000Z,2026-08-03T18:05:05.000Z,9.210526315789469,1.6904276794928073,1.5494386492026089,5.91566263795381,-0.8340435388490646,-8.340435500470536,275,stop,0,-8.307227880635558,-0.5324096374158422
SDST,2026-08-03T13:30:05.000Z,2026-08-03T19:50:05.000Z,9.425925925925904,0.5997364041658854,0.6790477684987382,16.673990713848795,1.4631926196006946,14.63192731707736,380,session_close,52.567026721111574,-7.0925166240400355,1.5769843567390343
TOPS,2026-08-03T13:30:05.000Z,2026-08-03T19:50:05.000Z,9.206349206349195,0.6952595931016664,0.7142427184151539,14.383116797349443,0.2730365085626107,2.7303651041765034,380,session_close,9.829480610753727,-7.300811611274516,0.6026525938089424
OWL,2026-08-03T13:45:05.000Z,2026-08-03T19:50:05.000Z,3.592233009708723,10.682137359295515,11.21775531789859,0.9361422403956839,0.5014145957628449,5.01414595775614,365,session_close,5.784073167406212,0,0.47743254260179846
INFQ,2026-08-03T13:45:05.000Z,2026-08-03T19:50:05.000Z,2.1363173957273496,10.052017891075415,10.95777120436212,0.9948251293207693,0.9010661570231605,9.010661571651877,365,session_close,9.03283419074221,0,0.9251873702683167
QUBT,2026-08-03T13:45:05.000Z,2026-08-03T19:50:05.000Z,1.4814814814814836,8.231655649078018,8.688237693481764,1.2148224396099363,0.5546661130646505,5.546661131954479,365,session_close,6.053999002956334,-0.14159544051532968,0.5709665466166705
UPC,2026-08-03T13:45:05.000Z,2026-08-03T19:50:05.000Z,90.66455696202532,6.04121437366754,6.178755739284369,1.6552963327152943,0.28518210214912953,2.851821022096223,365,session_close,31.927117745393296,-2.8341052490014174,0.7473662942209547
MGN,2026-08-03T13:55:05.000Z,2026-08-03T19:50:05.000Z,52.44565217391304,0.11272416275467126,0.14206968643745332,88.71212457704168,3.350127225826653,33.50127236166781,355,session_close,162.32175318396526,-2.94893541316944,3.399892174415122
KIDZ,2026-08-03T13:55:05.000Z,2026-08-03T19:50:05.000Z,0.4571414324714862,0.5661153270089071,0.5482391952193482,17.664245278748723,-0.31576837656600637,-3.1576837680774674,355,session_close,8.423137603964337,-6.326507215082621,0.15191250939723844
PRZO,2026-08-03T13:55:05.000Z,2026-08-03T19:50:05.000Z,9.678116223806455,0.5103099960132511,0.5178644588415466,19.59593197176473,0.14803673966650455,1.4803674016409747,355,session_close,8.247928575879971,-1.1777147342210914,0.43307009657600126
QYLD,2026-08-03T14:05:05.000Z,2026-08-03T19:50:05.000Z,0.42289258528336315,17.823584214292477,17.89637536500707,0.5610543803922452,0.04083979396221468,0.40839793971530775,345,session_close,0.4848395511730219,-0.13232026739922187,0.05610543803922674
AZTR,2026-08-03T14:05:05.000Z,2026-08-03T19:55:05.000Z,7.686510926902779,0.1438304457562545,0.1352347626072646,69.52630872139251,-0.5976261202879429,-5.976261217709611,350,session_close,0,-6.904272391036992,-0.6257367784925325
MOVE,2026-08-04T13:30:05.000Z,2026-08-04T13:35:05.000Z,72.3977695167286,18.583733375723064,16.456705313196657,0.5381050080703808,-1.1445644527516983,-11.44564452966732,5,stop,0,-11.427915654974964,-0.7156796607336062
TNMG,2026-08-04T13:30:05.000Z,2026-08-04T13:40:05.000Z,117.95323698742806,0.7809565668810542,0.7171563065401422,12.804809413272217,-0.8169501741825284,-8.16950174267877,10,stop,9.570754160817474,-8.151102069002715,-0.8579222306892369
XGN,2026-08-04T13:35:05.000Z,2026-08-04T13:40:05.000Z,39.74358974358976,6.581318918918373,6.048783666680726,1.5194522742797703,-0.8091619001466438,-8.091619002185782,5,stop,0,-8.073137397901608,-0.7445316143970864
QNME,2026-08-04T13:35:05.000Z,2026-08-04T13:45:05.000Z,224.8407643312102,1.0302064293712845,0.9095178732761259,9.706792458349836,-1.1714987661136167,-11.714987662114721,10,stop,0,-11.697308999015599,-1.1298706421519213
ADGM,2026-08-04T13:45:05.000Z,2026-08-04T13:55:05.000Z,95.65217391304346,0.9027806379396525,0.7770443784358763,11.076887983066172,-1.3927664619330684,-13.927664619694824,10,stop,10.768879833557786,-13.910426593358894,-1.364672599513753
IQMX,2026-08-04T13:30:05.000Z,2026-08-04T15:35:05.000Z,1.6000000000000014,10.202289196314522,9.378003153325988,0.980172170456862,-0.80794223983337,-8.079422442624933,125,stop,0,-8.059849907132266,-0.7841377363654889
ENSC,2026-08-04T13:45:05.000Z,2026-08-04T15:40:05.000Z,50.5890753302392,0.4228848038157065,0.38622110993657754,23.647101784252275,-0.866990100946429,-8.669901010466909,115,stop,6.790311670032878,-8.651245796869588,-1.1563432772499365
MOVE,2026-08-04T13:55:05.000Z,2026-08-04T15:45:05.000Z,48.884758364312276,16.063219382299458,14.427093339339331,0.6225402119638627,-1.0185542535839933,-10.185542536778296,110,stop,1.8475786866708255,-10.167447405338626,-1.0520929582189265
BLZE,2026-08-04T13:45:05.000Z,2026-08-04T16:00:05.000Z,47.69082745349582,23.05461139222313,21.175745378947944,0.43375270264813165,-0.8149632111718322,-8.149632111816778,135,stop,1.5848829614197202,-8.131177578015825,-1.0713691755408874
AMIX,2026-08-04T13:55:05.000Z,2026-08-04T17:50:05.000Z,65.06849315068494,6.041208466426422,17.46650576538217,1.655297951630009,19.788139045195056,197.88139045500733,235,runner_peak_retrace,245.7917421008505,-7.3033147072875675,20.406513147694753
F,2026-08-04T13:30:05.000Z,2026-08-04T19:50:05.000Z,0.485100485100487,14.522914204949755,14.24714724791035,0.6885670367164646,-0.1898840364329397,-1.8988403645971899,380,session_close,0,-3.5317581424184286,-0.02065701110149476
SNAP,2026-08-04T13:30:05.000Z,2026-08-04T19:50:05.000Z,5.753968253968256,5.341082810056099,5.748849306902432,1.872279526456609,0.7634528636203236,7.634528640495851,380,session_close,8.592212595540726,0,0.617852243730681
MBGL,2026-08-04T13:30:05.000Z,2026-08-04T19:50:05.000Z,-2.0657276995305174,20.975077178385273,21.085763987119176,0.4767562861868741,0.052770631861852144,0.5277063239984863,380,session_close,1.3107118475732316,-0.8823670912448178,-0.04290806575681927
ARAI,2026-08-04T13:35:05.000Z,2026-08-04T19:50:05.000Z,-1.4758675708017477,0.253375066828707,0.25232779185035087,39.46718135949434,-0.04133299150404092,-0.41332992684087205,375,session_close,3.6013540264646204,-4.56835274819375,-0.019733590679747337
ELPW,2026-08-04T13:35:05.000Z,2026-08-04T19:50:05.000Z,26.133340960443906,0.13322673660117035,0.15516665846393002,75.06000862635196,1.6828366381337967,16.828366383787223,375,session_close,36.23391567665675,-1.7464486938051471,1.2966616490202316
VTGN,2026-08-04T13:35:05.000Z,2026-08-04T19:50:05.000Z,8.040816326530642,0.26555801003609736,0.2984360222790313,37.65655556103006,1.2380726947622693,12.380726997639742,375,session_close,17.488453825056816,-1.5657633658017422,1.1748845335041391
ALP,2026-08-04T13:35:05.000Z,2026-08-04T19:50:05.000Z,-0.46511627906977715,0.19412844281091174,0.1931415454623341,51.51227093009719,-0.05083732360012521,-0.5083733914967318,375,session_close,3.3851593789835377,-0.8903604159619771,0.056663498023105774
KIM,2026-08-04T13:45:05.000Z,2026-08-04T19:50:05.000Z,-1.6332152695789026,25.015017049061328,25.064972715296957,0.3997598714076599,0.01997027071043906,0.19970270712849117,365,session_close,1.2591754397804467,-0.020056148878433433,-0.011992796142230588
PFE,2026-08-04T13:45:05.000Z,2026-08-04T19:50:05.000Z,-0.3795445465441416,24.944989511477402,25.30493486745101,0.40088210882099967,0.14429565336302524,1.442956533647744,365,session_close,2.70599628118513,-0.5010605894217535,0.13629991699913901
SRAD,2026-08-04T13:45:05.000Z,2026-08-04T19:50:05.000Z,1.296596434359798,12.522521332339226,12.907411600604943,0.7985612267545352,0.3073584447921536,3.0735844487782513,365,session_close,3.333822770839623,-2.495674186093366,0.27949642936408914
BCAL,2026-08-04T13:55:05.000Z,2026-08-04T19:50:05.000Z,-0.39627039627040395,21.49679720941714,21.575454386450847,0.4651855592632913,0.03659018288849732,0.36590184234166223,355,session_close,1.0383071878497407,-0.1711753107156766,-0.018607422370530813
IRT,2026-08-04T13:55:05.000Z,2026-08-04T19:50:05.000Z,1.6408114558472464,17.063431278806597,17.036581065491273,0.5860485991553135,-0.015735529900467043,-0.1573552990404284,355,session_close,0.15570561840281272,-3.0675616776838943,0
MFA,2026-08-04T13:55:05.000Z,2026-08-04T19:50:05.000Z,-0.3275109170305823,9.15267434778716,9.068172066265952,1.0925768087402363,-0.09232523307571118,-0.923252355653173,355,session_close,0,-1.0125384588774877,-0.06555460852441541
STVN,2026-08-04T13:55:05.000Z,2026-08-04T19:50:05.000Z,-1.651287032540072,20.314135255893447,19.72602726750836,0.4922680619524003,-0.2895067796610513,-2.8950677987361892,355,session_close,0.37345790579268456,-4.352315492420211,-0.2805927953128684
BJDX,2026-08-05T13:30:05.000Z,2026-08-05T13:35:05.000Z,49,1.5003014008439064,1.3797232803103598,6.6653273752187046,-0.8036926476446684,-8.036926477954525,5,stop,0,-8.018482204724863,-0.1999598212565612
INLF,2026-08-05T13:30:05.000Z,2026-08-05T14:00:05.000Z,145.2830188679245,7.831566301688709,6.328733873230514,1.2768837822092696,-1.1591540092826724,-11.591540092916048,30,stop,4.321405007301227,-19.173256585530385,-0.2194917008290318
DBGI,2026-08-05T13:45:05.000Z,2026-08-05T14:00:05.000Z,10.77207582061952,24.0848491850326,21.20571531695365,0.4151987799632882,-1.1954128693773622,-11.954128697090498,15,stop,3.301456483528842,-11.936338745351815,-2.063537936417543
BJDX,2026-08-05T14:10:05.000Z,2026-08-05T14:25:05.000Z,49,1.5003010725251076,1.3297326385505719,6.665328834121586,-1.1368947011614368,-11.368947013245652,15,stop,0,-11.351126493463038,-0.8664927484358049
VNRX,2026-08-05T14:10:05.000Z,2026-08-05T14:40:05.000Z,13.929208046855113,0.89848123672021,0.8245113972192772,11.129892965782078,-0.8232763963414604,-8.232763966329458,30,stop,0,-8.167253106818206,-0.7423638608176653
ZYBT,2026-08-05T14:20:05.000Z,2026-08-05T14:40:05.000Z,32.8125,1.7103446033165592,1.5196918080517647,5.84677495841566,-1.114703989106148,-11.147039894480697,20,stop,4.072594291721732,-11.129020604821893,-1.5201614891880713
CISS,2026-08-05T13:30:05.000Z,2026-08-05T15:30:05.000Z,46.197502837684446,0.12912794437867167,0.11527671048066493,77.4425707193437,-1.0726751606965579,-10.72675164516487,120,stop,5.631666837352256,-10.708715642619381,-0.9680321339917963
GTE,2026-08-05T13:30:05.000Z,2026-08-05T16:20:05.000Z,50.51244509516839,10.302072669794331,9.458094723413629,0.970678456466843,-0.8192312102848762,-8.192312104876187,170,stop,8.813054996862068,-8.17381799551159,-0.8444902571261554
CRCD,2026-08-05T13:40:05.000Z,2026-08-05T17:45:05.000Z,7.36842105263158,6.151236567255468,5.6377538429101515,1.6256893859497734,-0.8347634148367549,-8.347634150159507,245,stop,0.9553108891526607,-8.311118612750246,-0.7478171175368953
APPS,2026-08-05T13:40:05.000Z,2026-08-05T18:05:05.000Z,43.007360672975814,13.612723129472428,12.3375292172957,0.734606875106667,-0.9367662149791922,-9.367662149947435,265,stop,3.0653445791763767,-9.349511610332396,-1.1092563814110665
CTXR,2026-08-05T13:30:05.000Z,2026-08-05T19:50:05.000Z,2.9397590361445847,0.6441988565028937,0.7708344083662163,15.523142083447787,1.981965697711332,19.81967604465444,380,session_close,26.15669708136923,-0.09296143525381328,1.6494114620767437
GME,2026-08-05T13:40:05.000Z,2026-08-05T19:50:05.000Z,-0.676730869338904,19.093829834746927,19.016181030456323,0.5237293976800049,-0.04066696150169053,-0.406669615067474,370,session_close,1.1845196443590833,-0.7532791272979011,-0.010474587953599013
OESX,2026-08-05T13:40:05.000Z,2026-08-05T19:50:05.000Z,42.93269230769228,14.953117785211424,15.286531015583932,0.668756852304602,0.22297238246062812,2.2297238285801053,370,session_close,13.28741098230093,-5.304029544900757,0.12037623341482906
JLHL,2026-08-05T13:40:05.000Z,2026-08-05T19:50:05.000Z,37.45387453874538,7.47151060683372,9.328049673422973,1.338417426103743,2.599241683223918,25.99241684392225,370,session_close,99.1565130937538,0,2.6795116870596942
SHPU,2026-08-05T13:40:05.000Z,2026-08-05T19:50:05.000Z,32.920000000000016,16.673381965705392,16.85653713078974,0.5997583462510556,0.1098488389183272,1.0984883898243891,370,session_close,4.477903977910946,-1.2797761494595772,0.25189850542544256
VTIX,2026-08-05T13:45:05.000Z,2026-08-05T19:50:05.000Z,-2.9585798816567976,1.660391227746905,1.7195842418655274,6.022676914221942,0.35650039961544017,3.5650040261261347,365,session_close,18.64673620766013,0,0.18068030742665897
BLMN,2026-08-05T14:15:05.000Z,2026-08-05T19:50:05.000Z,36.939461883408065,12.232451697253229,11.797634549153669,0.8174976077209289,-0.35546197836742716,-3.5546197840061557,335,session_close,2.514200017775914,-4.107530605381848,-0.4577986603237214
MNTN,2026-08-05T14:20:05.000Z,2026-08-05T19:50:05.000Z,0,10.072205822907685,10.377903372322633,0.9928311766165819,0.30350605767444816,3.035060589406201,330,session_close,3.5522921531107476,-0.9154481603024567,0.208494547089483
CWVX,2026-08-05T14:20:05.000Z,2026-08-05T19:50:05.000Z,0.05265929436546468,19.043854719513398,18.71619932367009,0.5251037745413336,-0.17205308510615602,-1.7205308519161004,330,session_close,1.4500492917731034,-2.2781875093220827,-0.13652698138074726
INLF,2026-08-05T14:20:05.000Z,2026-08-05T19:50:05.000Z,88.67924528301884,6.011203254466583,5.908816049896409,1.6635604514207296,0.03175502671235611,0.3175502671368287,330,session_close,50.71857690501531,-5.010698219907573,0.40757231059807886
KLTR,2026-08-05T14:20:05.000Z,2026-08-05T19:50:05.000Z,30.714285714285737,1.840379156920699,1.889606050408581,5.433662922068533,0.2674823459137208,2.674823462478664,330,session_close,10.303357455784923,-4.367532452127342,0.3260197753241112
CTOR,2026-08-05T13:30:05.000Z,2026-08-05T19:55:05.000Z,-0.3030303030303161,0.6633604799999999,0.7606255763653366,10.15,1.0105794465925406,15.009105983642865,385,session_close,25.73857278926235,0,1.160630125
OMH,2026-08-05T13:45:05.000Z,2026-08-06T13:35:05.000Z,0.27272727272726893,0.1108377378139082,0.11067769040779979,90.22197419827036,0.1221658780181415,1.2216588386694216,1430,session_close,5.83038080129501,-1.6580434156764134,0.05292219741982862
TRAD.RT,2026-08-05T14:10:05.000Z,2026-08-10T13:35:05.000Z,31.118881118881127,0.30223761,0.2976542325,10,-0.045833774999999854,-1.5164815192920515,7165,time,0,-1.5013386322105915,-0.2999999999999998
STKH,2026-08-10T14:00:05.000Z,2026-08-10T14:05:05.000Z,201.59574468085108,5.691138288915781,5.228953203061089,1.7571177315045607,-0.8121136095922372,-8.121136096004847,5,stop,0,-8.10274264137819,0.931272397697418
GME.WS,2026-08-10T13:35:05.000Z,2026-08-10T14:10:05.000Z,9.15032679738561,1.7110497806062106,1.5692635482862503,5.84436383607923,-0.8286503286247044,-8.28650539142857,35,stop,0,-8.243464462865468,-0.6428800219687147
JWEL,2026-08-10T14:00:05.000Z,2026-08-10T14:10:05.000Z,140.96774193548387,3.750750615534191,3.449306511779327,2.666133002352993,-0.8036900733855635,-8.036900734119639,10,stop,0,-8.01841141580023,-0.613210590541188
QNTM,2026-08-10T14:15:05.000Z,2026-08-10T14:20:05.000Z,5.362318840579694,3.670740158062297,3.3693117927735097,2.7242462190228713,-0.8211650844442235,-8.21165084722054,5,stop,0,-8.192902387867495,-1.1169409497993783
TNXP,2026-08-10T13:45:05.000Z,2026-08-10T15:10:05.000Z,12.302576891105588,13.562733189353969,12.237479802163028,0.7373145115543828,-0.9771285538624798,-9.771285541701838,85,stop,1.1595510171170886,-9.75270375732411,-1.0617328966383113
AUUD,2026-08-10T13:45:05.000Z,2026-08-10T16:40:05.000Z,52.03113597664802,1.260252642468712,1.1297700767733236,7.93491690633458,-1.035368316518249,-10.353683166240831,175,stop,11.088836700039483,-10.335438949253838,-0.9521900287601497
XHLD,2026-08-10T13:45:05.000Z,2026-08-10T18:30:05.000Z,54.95049504950495,3.140629020066395,2.83942973754282,3.1840755260988916,-0.861150343944873,-8.611503440009036,285,stop,31.50231923644038,-9.57225505290783,-2.7207925370515014
STDN,2026-08-10T13:35:05.000Z,2026-08-10T19:50:05.000Z,9.834123222748815,9.311873344333746,10.937786058378425,1.073897767696078,1.7460640340812523,17.46064034509279,375,session_close,17.484415814750797,-1.2014053477415576,1.3745891426509793
VIVK,2026-08-10T13:35:05.000Z,2026-08-10T19:50:05.000Z,9.523809523809511,1.390279644211306,1.41970173536328,7.192797534839566,0.29073465677657007,2.9073465684574424,375,session_close,33.78603417984751,0,-0.080918972266943
MPG,2026-08-10T13:35:05.000Z,2026-08-10T19:50:05.000Z,9.518599562363228,5.041060966175722,5.258398825716038,1.9837093907372303,0.4311351529328538,4.311351538864526,375,session_close,5.533339820642724,-0.41778836473188585,0.23804512688846557
SMCL,2026-08-10T13:35:05.000Z,2026-08-10T19:50:05.000Z,9.22014622258327,13.492717339960667,12.667354211299852,0.7411405534670359,-0.6117100859869606,-6.117100861635785,375,session_close,1.8327120757726911,-6.245719959350482,-0.7411405534670354
GENC,2026-08-10T13:35:05.000Z,2026-08-10T19:50:05.000Z,9.122322045611607,15.915681107484053,15.946507050713995,0.6283111210691442,0.019368282948818816,0.19368284034948985,375,session_close,1.3465895117436455,-2.5489396573376233,0.075397334528299
CSQR,2026-08-10T13:45:05.000Z,2026-08-10T19:50:05.000Z,1.2081784386617223,21.864649410475085,21.705459573348676,0.4573592645040734,-0.0728069468246575,-0.7280694702113211,365,session_close,1.5794929204740127,-3.131307516630377,-0.07317748232065213
VREX,2026-08-10T13:45:05.000Z,2026-08-10T19:50:05.000Z,48.10636583400485,18.3936794460849,18.456302471345378,0.5436650143411739,0.034045947926325724,0.34045947926861264,365,session_close,0.4149281503943225,-0.02000386108546026,0.03261990086047106
RYN,2026-08-10T14:00:05.000Z,2026-08-10T19:50:05.000Z,-1.8357044515832865,21.414405006187977,21.59562226952678,0.46697538340626843,0.0846240010274716,0.846240011274824,350,session_close,1.100170626939878,-0.20736044814294585,0.10273458434937943
GME,2026-08-10T14:00:05.000Z,2026-08-10T19:50:05.000Z,0.13048016701462384,19.20386186595445,18.816229999441497,0.5207285944624646,-0.2018509970181525,-2.0185099706438074,350,session_close,0.7609830515633575,-1.9988784997197917,-0.19266957995111333
GCL,2026-08-10T14:00:05.000Z,2026-08-10T19:50:05.000Z,1.1856171039844599,0.5259481697340257,0.5424311351552611,19.013279910443686,0.3133952353081129,3.133952425306643,350,session_close,23.852508190952705,-3.165363184445491,-0.019013279910444325
BCIC,2026-08-10T14:00:05.000Z,2026-08-10T19:50:05.000Z,-0.6666666666666599,7.4926443841918555,7.556547635556216,1.3346422100101836,0.08528797662776605,0.8528798123554979,350,session_close,1.2993492125897177,-1.6368638080650588,0.14681064310111935
CTMX,2026-08-10T14:15:05.000Z,2026-08-10T19:50:05.000Z,-1.3005780346820761,3.42152821726537,3.4392858830376456,2.9226702988243964,0.051899802329080355,0.5189980805263746,335,session_close,0.5398693671856858,-1.5060000676117014,0.05845340597648807
PTEN,2026-08-10T14:15:05.000Z,2026-08-10T19:50:05.000Z,9.473150962512666,10.822181048606247,10.997793268669064,0.9240281558690392,0.16227063585271265,1.6227063590424176,335,session_close,1.8279028091036098,-0.9441816593837693,0.16632506805642677
SERV,2026-08-10T14:15:05.000Z,2026-08-10T19:50:05.000Z,0.5899705014749346,5.131059031373146,4.908956878547297,1.948915404318432,-0.43285830697458433,-4.3285830754983845,335,session_close,0,-5.4776027649389825,-0.38978308086368685
VEEA,2026-08-10T13:45:05.000Z,2026-08-10T19:55:05.000Z,3.341740226986123,0.1668501515108773,0.16105849625507798,59.93401628244858,-0.4022564055975958,-4.022564177706018,370,session_close,4.524927559703484,-5.72378953473992,-0.4227163107206504
GLE,2026-08-11T13:30:05.000Z,2026-08-11T13:40:05.000Z,74.35433884297522,0.6765357713888027,0.5990799681621339,14.78118441248703,-1.1448885113106992,-11.448885114776171,10,stop,5.064658819275603,-11.431142987464915,-1.8934697232395887
MTEK,2026-08-11T13:30:05.000Z,2026-08-11T13:50:05.000Z,4.201680672268915,1.2615005116947893,1.2084199886866915,7.927058379614143,-0.5181861604076377,-5.181867717582914,20,stop,0,-10.424134629808613,-0.4463529189807076
WYHG,2026-08-11T13:35:05.000Z,2026-08-11T14:00:05.000Z,44.93006993006992,8.31166462043226,7.638461234632718,1.2031284292662423,-0.8099501321337197,-8.09950132184871,25,stop,12.011256771761092,-8.080987998254074,-0.7459396261450717
WXM,2026-08-11T14:00:05.000Z,2026-08-11T14:30:05.000Z,152.12500000000003,10.112023374219842,8.838230993308537,0.9889217646809021,-1.2596810091678952,-12.596810092021565,30,stop,13.231542059043,-12.579315999830554,-1.6712777823107245
GLE,2026-08-11T14:00:05.000Z,2026-08-11T14:30:05.000Z,42.04545454545456,0.5513107648101843,0.48800161795701824,18.138590131701964,-1.1483386663573076,-11.483386665769768,30,stop,4.133645966021016,-11.4655415502267,-0.9341373917826523
FRTT,2026-08-11T13:30:05.000Z,2026-08-11T14:35:05.000Z,45.34288638689867,1.4302881793688065,1.2797424412021592,6.991598015822496,-1.0525552842564643,-10.525552845796707,65,stop,8.369769278525595,-10.507545369991755,-1.2584876428480491
PLAG,2026-08-11T13:35:05.000Z,2026-08-11T16:25:05.000Z,92.6816333745802,1.1002205440079362,3.0693859777065517,9.089086777620208,22.94215067247514,229.42150674749521,170,runner_peak_retrace,249.02093229521634,-4.5645888255267835,22.631826076274322
PSKY,2026-08-11T13:30:05.000Z,2026-08-11T19:50:05.000Z,0.21574973031284195,9.323107366490358,9.328124098748793,1.0726037105650628,0.005380965635308492,0.05380965874603258,380,session_close,0.07393064606779909,-1.964016494634535,0.10726037105650654
TRIP,2026-08-11T13:30:05.000Z,2026-08-11T19:50:05.000Z,-2.0408163265306145,10.6022984052842,10.837802024046741,0.9431917100662992,0.22212506090744305,2.2212506171790625,380,session_close,3.8454076571981854,0,0.09431917100662801
NNOX,2026-08-11T13:30:05.000Z,2026-08-11T19:50:05.000Z,1.4084507042253724,1.1106167253170245,1.0894645884561294,9.00400452888057,-0.1904539360910013,-1.904539737131841,380,session_close,0,-7.258735032466978,-0.09004004528880571
ASPN,2026-08-11T13:35:05.000Z,2026-08-11T19:50:05.000Z,-0.5564387917328939,6.281419468609412,6.118648673540808,1.5919968394325181,-0.2591305913011356,-2.5913059282544353,375,session_close,0.4550011591076597,-4.320989387284135,-0.2865594310978512
STIM,2026-08-11T13:35:05.000Z,2026-08-11T19:50:05.000Z,39.17050691244237,3.0306073482383016,3.0993602712298345,3.2996686307519494,0.2268618632676656,2.268618632878955,375,session_close,9.878965413838126,-6.949344604497454,0.296970176767676
QMCO,2026-08-11T13:35:05.000Z,2026-08-11T19:50:05.000Z,38.115449915110354,16.31326372884838,19.35612226850014,0.6129981201802022,1.8652665647808042,18.652665648203605,375,session_close,19.534633437674366,-2.4719990772615774,1.9983738717874573
QMLS,2026-08-11T13:35:05.000Z,2026-08-11T19:50:05.000Z,-0.8403361344537785,5.931199554006762,5.9887724703581195,1.6859995864785815,0.09706791316075532,0.9706791320562643,375,session_close,5.206374244896739,-2.212023939038288,0.21917994624221393
CMRC,2026-08-11T13:45:05.000Z,2026-08-11T19:50:05.000Z,2.220446049250313e-14,2.12064400358395,2.199414458379125,4.715548516355936,0.3714459012420691,3.714459129493234,365,session_close,5.1567352290735835,-1.9165877683977262,0.4715548516355952
DSX,2026-08-11T13:45:05.000Z,2026-08-11T19:50:05.000Z,1.26050420168069,2.4329829317538203,2.3492666708572205,4.110175726453009,-0.3440885434466116,-3.440889773782866,365,session_close,0,-3.821766710331731,-0.2877123008517106
GNK,2026-08-11T13:45:05.000Z,2026-08-11T19:50:05.000Z,-0.31923383878690315,25.00510977115174,24.45498329320959,0.39991826000957026,-0.22000562384381803,-2.200056240412223,365,session_close,0,-2.899846382551352,-0.22395422560535927
JBIO,2026-08-11T13:45:05.000Z,2026-08-11T19:50:05.000Z,0.9894155545329131,22.06540777182248,22.395398800902143,0.4531980551992386,0.1495512926120994,1.495512942666136,365,session_close,1.7882843238520074,-3.2422141445129005,0.18127922207969682
BKD,2026-08-11T13:45:05.000Z,2026-08-11T19:50:05.000Z,-0.9495982468955444,13.582718797644565,12.577482057873398,0.7362296274087463,-0.7400850703793092,-7.4008507040982785,365,session_close,0,-7.382312868160468,-0.6405197758456094
CLSK,2026-08-11T14:00:05.000Z,2026-08-11T19:50:05.000Z,2.329594477998276,11.872380577455106,11.527691786939899,0.8422910581116534,-0.2903282860822795,-2.903282861145378,350,session_close,0.5695523497056598,-3.052299200576869,-0.27795604917684713
CHMI,2026-08-11T14:00:05.000Z,2026-08-11T19:50:05.000Z,1.0752688172043001,2.83057612062664,2.8793615790973615,3.53284969792911,0.17235169222162147,1.7235169234707322,350,session_close,2.805926284567728,-0.3736384458828401,0.21197098187574603
ONDS,2026-08-11T14:00:05.000Z,2026-08-11T19:50:05.000Z,0.26852846401719255,9.341871671846159,9.628073691326392,1.0704493007915759,0.3063647516377532,3.0636475166188397,350,session_close,3.0842676743481956,-0.7693498088050199,0.29972580422164263
GAP,2026-08-11T14:00:05.000Z,2026-08-11T19:50:05.000Z,-1.6271501627150187,21.184279042793534,21.035789376069097,0.4720481624932545,-0.07009427432650628,-0.7009427435527965,350,session_close,0,-1.1059099170676379,-0.0377638529994595
SLMT,2026-08-11T13:45:05.000Z,2026-08-11T19:55:05.000Z,-0.6281407035175879,3.981718111070223,3.838932866097199,2.511478392264893,-0.35860205748399926,-3.5860209334267914,370,session_close,0.20799787174163864,-3.559220093361448,-0.8287878694474156
CHOW,2026-08-12T13:35:05.000Z,2026-08-12T13:45:05.000Z,68.7853107344633,0.599819993126343,0.5464903903740195,16.671668357870875,-0.8890934507437364,-8.890934507594931,10,stop,0,-8.872660754262828,-0.6085158950622862
BAOS,2026-08-12T13:30:05.000Z,2026-08-12T13:50:05.000Z,50.78821110349554,1.1102238256089556,0.9107169442131056,9.007192753406501,-1.7969969363634308,-17.96996936959274,20,stop,0,-17.95348118201542,-2.7922297535560148
WETH,2026-08-12T13:35:05.000Z,2026-08-12T13:55:05.000Z,8.715596330275233,1.2105520322165801,1.1097281881282508,8.260693109540238,-0.8328748341378215,-8.328749314782938,20,stop,0,-8.306295767598215,-0.6608554487632166
RMCF,2026-08-12T13:35:05.000Z,2026-08-12T14:15:05.000Z,143.86617100371745,1.65033034595485,1.4597075833351458,6.059392911298915,-1.0520690768373273,-10.520690768814822,40,stop,29.671008307239035,-11.532863491322908,-0.25903904695802993
DOGZ,2026-08-12T14:05:05.000Z,2026-08-12T14:30:05.000Z,41.95074739219273,1.3302682802289947,1.2197373732179955,7.517280645691232,-0.8308918480244817,-8.308918483117724,25,stop,0,-8.289176090856875,-0.3758640322845608
CHOW,2026-08-12T14:05:05.000Z,2026-08-12T14:40:05.000Z,54.91525423728814,0.5501103092084279,0.4789035801172267,18.178172325586853,-1.2944081921612327,-12.944081923071552,35,stop,0,-12.926554550622926,-1.279743331721317
VBIO,2026-08-12T13:35:05.000Z,2026-08-12T14:55:05.000Z,62.45161290322583,0.5113025634838851,0.4173164420287289,19.557891379603532,-0.5523005204481464,-5.523005205182518,80,stop,126.87154003219857,-18.365361371172682,-2.2968787636206365
BIVI,2026-08-12T14:05:05.000Z,2026-08-12T15:10:05.000Z,141.73228346456693,3.0806161673355827,2.7894417831761116,3.2461038495880867,-0.9451822893214997,-9.451822893317708,65,stop,18.482790511252677,-9.433702595508219,-0.9413701163805452
BMBL,2026-08-12T13:30:05.000Z,2026-08-12T19:50:05.000Z,-0.7194244604316502,2.7805959658485233,2.5894296357661566,3.5963513189286433,-0.687501283326468,-6.875012854448656,380,session_close,0,-7.573770818740943,-0.6833067505964419
BMNR,2026-08-12T13:30:05.000Z,2026-08-12T19:50:05.000Z,1.1608623548922115,18.32368162443728,17.926411754030184,0.5457418548863356,-0.21680679596642338,-2.168067960083307,380,session_close,0,-2.585078883959413,-0.11460578952613076
SMMT,2026-08-12T13:30:05.000Z,2026-08-12T19:50:05.000Z,2.0178630499503747,15.483798074926534,15.00698582527396,0.645836366526808,-0.3079426908310922,-3.079426942570983,380,session_close,1.073392485934077,-3.059960305822984,-0.33583491059394
BOXL,2026-08-12T13:30:05.000Z,2026-08-12T19:50:05.000Z,54.948805460750805,4.560918053222856,7.988398290095601,2.192541036833965,7.3833653248089215,73.83365326781764,380,session_close,96.8901851602993,-4.843718975980071,7.344464338134575
FGL,2026-08-12T13:30:05.000Z,2026-08-12T19:50:05.000Z,2.516469038208169,0.7837726532947261,0.7773176098844151,12.758800204137398,-0.08235860918119177,-0.8235861997960878,380,session_close,4.890110230837763,-2.8162061028717655,-0.114829201837237
KEY,2026-08-12T13:35:05.000Z,2026-08-12T19:50:05.000Z,0.3525782282943979,22.794563930010554,22.91541275485111,0.43870108812712844,0.05301651095643722,0.5301651095919926,375,session_close,0.7696399480512595,-0.45872309876868744,0.07896619586288445
IVDA,2026-08-12T13:35:05.000Z,2026-08-12T19:50:05.000Z,-0.9731543624160954,0.29724435492668494,0.36058963700315627,33.64234995719617,2.260897845225004,22.608981592084653,375,session_close,54.31748068458286,-1.0241926806098034,2.187173276592217
AMTM,2026-08-12T14:05:05.000Z,2026-08-12T19:50:05.000Z,-1.827909050378962,22.044446471536663,22.415507065777117,0.4536289903849917,0.16832384273695228,1.6832384279621624,345,session_close,1.8850712763411437,-0.5645252726002581,0.14516127692319714
NOK,2026-08-12T14:05:05.000Z,2026-08-12T19:50:05.000Z,8.421610169491522,10.242048502429226,10.287941176095911,0.9763671786488854,0.0448081003085956,0.44808100309035326,345,session_close,2.225643605541494,0,0.00976367178648907
NBIG,2026-08-12T14:05:05.000Z,2026-08-12T19:50:05.000Z,38.58543417366946,19.82397053515119,23.215335763143628,0.5044398134878144,1.7107396430775645,17.10739643190543,345,session_close,17.130924699605888,0,1.8159833285561309
RKT,2026-08-12T14:10:05.000Z,2026-08-12T19:50:05.000Z,-2.7932960893854775,13.932793288443436,13.9772024335766,0.7177311678947781,0.03187382760163455,0.3187382760497801,340,session_close,1.2000946837792625,-1.2401912873189591,0.050241181752634034
MFIC,2026-08-12T14:10:05.000Z,2026-08-12T19:50:05.000Z,-1.0245901639344246,9.682196086674534,9.617657123003486,1.0328235298620927,-0.06665736027237276,-0.6665736067860851,340,session_close,0,-1.3653522970524468,-0.04131294119448192
BLOX,2026-08-12T14:10:05.000Z,2026-08-12T19:50:05.000Z,3.416149068322971,13.364419673517942,13.177193377049386,0.7482554283409235,-0.14009309266076364,-1.4009309872208724,340,session_close,0.11658064369926002,-2.128185738446464,-0.16461619423500373
LEGN,2026-08-12T14:10:05.000Z,2026-08-12T19:50:05.000Z,-2.33623453962436,21.35433962373117,20.625843665913727,0.46828888973273647,-0.34114656326111714,-3.4114656348720005,340,session_close,0,-4.281750875194756,-0.3043877783262783
FSK,2026-08-12T14:10:05.000Z,2026-08-12T19:50:05.000Z,-1.346938775510198,12.103010869513927,12.147509349781238,0.8262406756737631,0.03676645440251881,0.3676645484917944,340,session_close,0.5534914510802569,-0.19012516606002894,0.04131203378369008
CPOP,2026-08-12T14:10:05.000Z,2026-08-12T19:50:05.000Z,1.6666666666666607,0.36748584722396405,0.37547771660781604,27.211932097258018,0.21747420700353565,2.1747420871371275,340,session_close,7.813675817163146,-1.1934737778598326,0.043539091355613735
IPWR,2026-08-13T13:30:05.000Z,2026-08-13T13:35:05.000Z,8.447488584474883,4.771198796456964,4.2891216555099,2.0959092877190977,-1.0103899571080202,-10.103899701371672,5,stop,0,-10.085490397388108,-0.775486436456065
FGI,2026-08-13T13:30:05.000Z,2026-08-13T13:45:05.000Z,79.70401691331924,8.521709243116634,7.3385293488742365,1.1734735031992707,-1.3884302554115688,-13.884302555829453,15,stop,0,-13.867044854541987,-1.7367407847349217
XHG,2026-08-13T13:35:05.000Z,2026-08-13T13:45:05.000Z,509.28961748633867,5.591119041384416,4.759044131885671,1.788550722245227,-1.378681185736136,-13.786811857875417,10,stop,28.954507078689097,-14.864985617952842,-6.884578867602441
DFSC,2026-08-13T13:45:05.000Z,2026-08-13T14:05:05.000Z,151.61290322580646,3.130626106527114,2.389521714929529,3.1942492203341377,-2.3672721250467914,-23.67272125062905,20,stop,0,-23.657443633494456,-3.4497891579608693
DFSC,2026-08-13T14:25:05.000Z,2026-08-13T14:50:05.000Z,95.16129032258065,2.4304864285946417,2.189561469633676,4.114402731073556,-0.9912623091327823,-9.912623091677734,25,stop,0,-9.894580186308467,-0.7405924915932403
XHG,2026-08-13T14:25:05.000Z,2026-08-13T15:05:05.000Z,386.3387978142076,4.460893223475569,3.9792028643563433,2.2417035105941223,-1.079806969056912,-10.798069691162244,40,stop,4.6875539504958486,-10.780200273453211,-1.8157798435812396
GXAI,2026-08-13T13:30:05.000Z,2026-08-13T16:10:05.000Z,50.48822515795519,1.3202665003955076,1.1697656399104432,7.574228379786004,-1.1399278886681887,-11.399278891040511,160,stop,4.52435168101275,-11.381527922619627,-1.1361342569679014
HYLN,2026-08-13T13:30:05.000Z,2026-08-13T19:50:05.000Z,4.113110539845777,4.071034402534803,4.079165640611929,2.4563781274286813,0.01997339536156895,0.19973395636410504,380,session_close,15.204135761658089,0,-0.491275625485736
ARX,2026-08-13T13:30:05.000Z,2026-08-13T19:50:05.000Z,44.01175606171934,19.613922183817316,19.456103132881356,0.5098419330036839,-0.08046276999399637,-0.8046276999414719,380,session_close,0,-0.8867282238980811,-0.06118103196044089
LIMN,2026-08-13T13:30:05.000Z,2026-08-13T19:50:05.000Z,36.036866359447004,0.1481310502579933,0.1488692261429381,67.50779098872303,0.04983262335376866,0.49832623454646635,380,session_close,19.42128250079986,-6.366693709095883,-0.04725545369210593
MLCO,2026-08-13T13:35:05.000Z,2026-08-13T19:50:05.000Z,-2.1739130434782483,5.431094563730968,5.5088869571527885,1.8412494718103176,0.14323520329878667,1.432352033443135,375,session_close,2.9258455069113953,-0.388403543400595,0.05523748415430774
HCAT,2026-08-13T13:35:05.000Z,2026-08-13T19:50:05.000Z,0,1.8021694112545703,1.7796383542088317,5.548861180681856,-0.12502170780082764,-1.2502185923827096,375,session_close,2.0991693960166646,-4.00458529613651,-0.1664658354204569
UAA,2026-08-13T13:35:05.000Z,2026-08-13T19:50:05.000Z,2.281368821292773,5.391104703928595,5.338923301456463,1.854907396356205,-0.09679166939779779,-0.9679166949606186,375,session_close,0.3504902447477143,-1.6899078933155454,-0.0927453698178109
CSQR,2026-08-13T13:35:05.000Z,2026-08-13T19:50:05.000Z,0.08703220191470518,23.06488250549562,22.83537466732273,0.4335595454598663,-0.09950531399771595,-0.995053142448085,375,session_close,0.3690350231964068,-3.8364925782075066,-0.2644713227305182
FWDI,2026-08-13T13:35:05.000Z,2026-08-13T19:50:05.000Z,-1.8181818181818188,4.340908688208803,4.109089612549599,2.3036651306528584,-0.5340335212162851,-5.340335222643441,375,session_close,0,-6.931928538975263,-0.645026236582801
ELMT,2026-08-13T13:45:05.000Z,2026-08-13T19:50:05.000Z,8.535144713526277,18.42397531242079,17.31629371149088,0.5427710250531015,-0.6012174779691886,-6.01217480020803,365,session_close,2.3123385716436573,-7.02332309112702,-0.6676083608153149
YSWY,2026-08-13T13:45:05.000Z,2026-08-13T19:50:05.000Z,0.0914076782449813,22.055515918025456,24.48482931340487,0.4534013129290278,1.1014538829811005,11.014538967977588,365,session_close,12.171486225722683,-2.6547368930369464,0.997482888443864
MTW,2026-08-13T13:45:05.000Z,2026-08-13T19:50:05.000Z,1.6865079365079305,20.55421243801805,20.735676209250276,0.48651827550869553,0.08828544104720595,0.8828544113739903,365,session_close,1.0011940987888046,-2.0638710400472937,0.09730365510173833
CURI,2026-08-13T13:45:05.000Z,2026-08-13T19:50:05.000Z,39.107142857142875,3.9007830819192186,3.8592246164315362,2.5635878202931286,-0.1065387759542949,-1.0653877597119619,365,session_close,9.208841161812131,-2.583662813407006,-0.2050870256234507
ERAS,2026-08-13T14:25:05.000Z,2026-08-13T19:50:05.000Z,-2.1797631862217504,18.20383345770367,17.926361249498083,0.5493348420732569,-0.1524251516743342,-1.5242515201553006,325,session_close,0.4733428401030748,-1.8338635017691507,-0.181280497884174
FGI,2026-08-13T14:25:05.000Z,2026-08-13T19:50:05.000Z,108.24524312896409,9.881976307503606,11.687658941881589,1.0119433288202206,2.3801633158836806,23.80163315898497,325,session_close,101.37672243647744,-1.0319424407663647,2.367188431942701
YXT,2026-08-13T14:25:05.000Z,2026-08-13T19:50:05.000Z,12.803532008829999,5.131047248743917,5.538827915146375,1.9489198806333383,0.7947318476896623,7.947318483615276,325,session_close,8.94462141950525,-2.9437898624085523,0.6821219582216678
ONDS,2026-08-13T14:25:05.000Z,2026-08-13T19:50:05.000Z,-2.40532241555782,9.5419084775634,8.968201731950492,1.0480083752022589,-0.6012494743123593,-6.012494743183792,325,session_close,0,-7.356059631192746,-0.5449643551051739
MDWD,2026-08-13T13:45:05.000Z,2026-08-13T19:55:05.000Z,1.581595974119332,14.223394529368166,13.486659427209634,0.7030670412011546,-0.5179741684236293,-5.179741732097332,370,session_close,0,-5.296868675143418,-0.4921469288408087
EIKN,2026-08-14T13:30:05.000Z,2026-08-14T13:35:05.000Z,3.7754114230396763,10.752282037474892,9.867153429022006,0.9300351254811324,-0.8232006964294202,-8.23200698575382,5,stop,0,-8.205532875717713,-0.7905298566589636
CAPR,2026-08-14T13:30:05.000Z,2026-08-14T13:35:05.000Z,81.47268408551069,7.661534367196705,6.998599102305894,1.3052215809664276,-0.8652774145191814,-8.652774145727333,5,stop,0,-8.634489326695471,0.2871487478126138
SURG,2026-08-14T13:30:05.000Z,2026-08-14T13:55:05.000Z,59.28629359286295,0.3936792943565801,0.35542839624490247,25.401386713529277,-0.9716258550745306,-9.716258553601094,25,stop,8.032097724392639,-9.69807020686202,-0.7163191053215261
VNRX,2026-08-14T13:30:05.000Z,2026-08-14T14:35:05.000Z,-1.6650808753567947,0.623950697425458,0.5641350889926957,16.026906019457176,-0.9586591348485305,-9.586592126521067,65,stop,0,-9.480027455618734,-0.961614361167431
WETO,2026-08-14T13:45:05.000Z,2026-08-14T15:10:05.000Z,152.63157894736844,9.141830572824908,7.858427787140145,1.0938728211789917,-1.573846722503037,-15.738467225917486,85,stop,23.82640336444146,-15.881180046594089,-2.167745642357982
ONFO,2026-08-14T15:10:05.000Z,2026-08-14T15:15:05.000Z,154.32900432900433,5.891178358660286,5.338931599742808,1.697453275231053,-0.9374130696602074,-9.374130696716248,5,stop,0,-9.355995101557745,-0.7808285066062837
CAPR,2026-08-14T15:10:05.000Z,2026-08-14T16:00:05.000Z,58.194774346793345,6.671335159333419,6.058784893802758,1.4989503241583972,-0.9181824190804968,-9.181824191124367,50,stop,0,-9.163610352841312,-0.5696011231801918
LFS,2026-08-14T15:10:05.000Z,2026-08-14T16:35:05.000Z,43.055555555555536,3.1006228635395776,2.8294267338343246,3.2251584401750475,-0.779526756190708,-7.795267563353575,85,stop,29.328853475017745,-8.728016126109662,-1.075590339798378
STRR,2026-08-14T15:10:05.000Z,2026-08-14T17:00:05.000Z,0.0452960986273343,10.282404593492643,9.147595148795444,0.9725351526262597,-1.1036420765003112,-11.036420852524884,110,stop,0,-11.013032829006752,-1.7505632747272681
STKH,2026-08-14T15:10:05.000Z,2026-08-14T18:05:05.000Z,43.05555555555556,4.130851914820282,3.7992017978780117,2.420808151263484,-0.8028613064613346,-8.028613075002927,175,stop,16.1987914110165,-8.00929013294528,-0.7020343638664119
AEBI,2026-08-14T13:45:05.000Z,2026-08-14T18:35:05.000Z,-0.8035062089116085,13.654581230455245,12.54723182432409,0.7323549053714733,-0.8109727695403389,-8.109728064463209,290,stop,0,-8.089455193188789,-1.142473652379497
MF,2026-08-14T17:05:05.000Z,2026-08-14T18:55:05.000Z,55.500000000000014,15.583148528564307,13.627164117741358,0.6417188399026882,-1.2551920469810454,-12.551920475105394,110,stop,2.161639355604139,-12.53372208436655,-1.4952048969732648
HHS,2026-08-14T13:30:05.000Z,2026-08-14T19:50:05.000Z,49.466192170818516,4.210856432077669,4.229059516719316,2.374813806723329,0.043228936731935085,0.43228936762075226,380,session_close,4.966770330356218,-2.395152475618978,-0.07124441420170058
ONDS,2026-08-14T13:45:05.000Z,2026-08-14T19:50:05.000Z,4.489337822671158,9.321864573358708,9.168165129418115,1.0727467580312535,-0.1648805801984768,-1.6488058020050569,365,session_close,2.232766041636447,-2.809143721172469,-0.12872961096375057
RCAT,2026-08-14T13:45:05.000Z,2026-08-14T19:50:05.000Z,5.13196480938416,10.772157879523188,11.097774349822284,0.9283191084942629,0.30227599141910527,3.0227599144091704,365,session_close,4.435899713140512,-0.11286391880961366,0.29706211471816246
FIRY,2026-08-14T13:45:05.000Z,2026-08-14T19:50:05.000Z,-2.075098814229237,9.974420108611085,9.57793865243121,1.0025644410899568,-0.3974982095175093,-3.974982523922234,365,session_close,0,-6.26021464718548,-0.4010257764359828
BRUN,2026-08-14T13:45:05.000Z,2026-08-14T19:50:05.000Z,1.6407982261640752,22.964594964689155,22.78541816263424,0.4354529228631225,-0.07802306216407984,-0.7802306216609566,365,session_close,4.290975028412314,-4.200356967637953,-0.2090174029742986
MDXH,2026-08-14T15:10:05.000Z,2026-08-14T19:50:05.000Z,75.62770562770562,0.8123628857452623,0.8242328903708774,12.30976965389744,0.20937726961334008,2.093772696363803,280,session_close,28.021604414621095,-1.6080111455705426,0.28167830410530925
ETHA,2026-08-14T17:05:05.000Z,2026-08-14T19:50:05.000Z,-0.10541110330288816,14.232866836082362,14.167160597326939,0.7025991398794824,-0.04616514683427613,-0.4616514684789172,165,session_close,0,-0.8632613337664186,-0.03512995699397514
WETO,2026-08-14T17:05:05.000Z,2026-08-14T19:50:05.000Z,112.04986149584487,7.671541178339347,8.178352272858922,1.303519040783473,0.6606379117865775,6.606379119107894,165,session_close,23.964660801815874,-0.020089553109603475,0.6908650916152421
CAPR,2026-08-14T17:05:05.000Z,2026-08-14T19:50:05.000Z,57.95724465558196,6.661339709500653,6.638668482523771,1.5011995234846713,-0.03403403513450751,-0.3403403514243098,165,session_close,0.8806080016559248,-4.523710284147054,0.10508396664392805
USAS,2026-08-14T17:05:05.000Z,2026-08-14T19:50:05.000Z,4.950495049504955,5.311085936878304,5.198955596851333,1.882854111123752,-0.21112507170148756,-2.111250718960845,165,session_close,0,-2.0915861313213213,-0.13179978777866275
TSLL,2026-08-14T17:05:05.000Z,2026-08-14T19:50:05.000Z,-0.578703703703709,8.601720320484054,8.718254981474452,1.1625581427137972,0.1354783190427792,1.3547831904378895,165,session_close,1.7238374882154073,-0.3687671686850247,0.1976348842613458
PMN,2026-08-14T13:30:05.000Z,2026-08-17T13:40:05.000Z,1.893171061528065,15.13345545518098,14.366790232035859,0.6607876148843473,-0.5066028842168409,-5.06602887500258,4330,time,0,-6.036000554442156,-0.9911814223265196
NNNN,2026-08-17T13:40:05.000Z,2026-08-17T13:50:05.000Z,50.45766590389016,13.242654590810188,11.207738877676556,0.7551356059639043,-1.5366373101226356,-15.36637310275972,10,stop,0,-15.34929856299929,-1.5933361285838377
UCL,2026-08-17T13:40:05.000Z,2026-08-17T13:55:05.000Z,21.91780821917808,0.8921788429049866,0.8151361141403382,11.208515062343428,-0.8635345858026016,-8.635345858885515,15,stop,0,-8.616976687618438,-0.6198308829475909
STFS,2026-08-17T13:45:05.000Z,2026-08-17T13:55:05.000Z,61.02564102564101,6.301260934490237,5.538890827572753,1.586983955063299,-1.509809170385514,-15.098091704303288,10,stop,0,-16.842040752214803,-0.7550063096645587
WETO,2026-08-17T14:00:05.000Z,2026-08-17T14:05:05.000Z,94.4647201946472,16.01320307681369,14.577082189273117,0.6244846800416188,-0.8968354929568595,-8.968354929689253,5,stop,0,-8.950133648707014,-0.387180501625803
IVF,2026-08-17T13:45:05.000Z,2026-08-17T14:20:05.000Z,145.9860024701523,2.400480742610092,2.189561031576141,4.16583221097084,-0.8786561261538943,-8.786561262083426,35,stop,6.228721386339164,-8.768274574085188,-0.6248748316456272
PFSA,2026-08-17T13:50:05.000Z,2026-08-17T14:40:05.000Z,45.31814392886913,5.301103575305957,4.84902740332305,1.8863996601512887,-0.7636816605982939,-7.636816619054161,50,stop,27.143337311816175,-8.509616326067004,-0.7239058695830565
CAMP,2026-08-17T13:50:05.000Z,2026-08-17T15:10:05.000Z,-1.8382352941176516,5.3714976106657195,4.937583942530615,1.8616781584693642,-0.8078075986284475,-8.078076163964388,80,stop,0.15828712866590156,-8.033096948771446,-0.9122222976499863
ARTL,2026-08-17T13:40:05.000Z,2026-08-17T15:45:05.000Z,-2.710883776963946,0.778385138469891,0.7139271245628672,12.847110531291477,-0.8280992292910576,-8.280992367574228,125,stop,0,-8.258782868884085,-0.7605489434524557
SLE,2026-08-17T13:40:05.000Z,2026-08-17T16:05:05.000Z,39.647577092511014,3.1806378496719105,2.7594419873165648,3.1440234542467813,-1.3242496700769062,-13.242496702313753,145,stop,5.010383384091588,-13.224952652666833,-1.0375277399014387
MYSZ,2026-08-17T13:45:05.000Z,2026-08-17T17:00:05.000Z,21.212121212121215,3.62073092726378,3.2293368405580343,2.761873278358751,-1.0809808693802272,-10.809808697978168,195,stop,16.274865063821142,-10.791493074550528,-1.0771305785599132
DCH,2026-08-17T13:40:05.000Z,2026-08-17T19:50:05.000Z,0.7429420505200346,6.801429895816782,6.798635325726239,1.470279063604065,-0.004108797895900081,-0.041087979047791136,370,session_close,0.7141160745197217,-1.0502188056178419,-0.04410837190812167
TRUG,2026-08-17T13:40:05.000Z,2026-08-17T19:50:05.000Z,58.84476534296028,1.5503108943070085,1.5596710277664578,6.450319117000706,0.060375847791163804,0.6037584779814953,370,session_close,12.880584560573105,-6.470372792668,0.1935095735100223
ITG,2026-08-17T13:45:05.000Z,2026-08-17T19:50:05.000Z,2.1202775636083304,13.343069836785899,12.457359208080897,0.749452716130242,-0.6637982363883882,-6.637982409888619,365,session_close,0,-7.742370004972909,-0.8993432593562911
GT,2026-08-17T13:45:05.000Z,2026-08-17T19:50:05.000Z,0.49099836333879043,6.151346960812561,6.058753602301538,1.6256602045147024,-0.15052533813373356,-1.5052533876058969,365,session_close,0,-2.4603873229184448,-0.1463094184063234
AAL,2026-08-17T13:45:05.000Z,2026-08-17T19:50:05.000Z,-1.7194875252865893,14.592920303007137,14.477098284205182,0.6852637986122241,-0.07936863656716425,-0.7936863656967136,365,session_close,0.1170409804084338,-1.2534866168592895,-0.04796846590285675
NMRK,2026-08-17T13:50:05.000Z,2026-08-17T19:50:05.000Z,-1.7704918032786843,15.003013831541116,15.07694138079291,0.6665327453824295,0.04927513236219281,0.4927513237132022,360,session_close,2.3127764351547064,0,0.0666532745382451
CRGO,2026-08-17T13:50:05.000Z,2026-08-17T19:50:05.000Z,10.370370370370363,1.5003791189699716,1.7095367024343129,6.664982030394048,1.3940315353104782,13.940315538910628,360,session_close,17.3036852984372,-7.356748542711545,1.3329964060788093
AGPU,2026-08-17T13:50:05.000Z,2026-08-17T19:50:05.000Z,10.157194679564686,9.141855042006977,10.677841127162553,1.0938698927128256,1.6801689341775232,16.801689351862333,360,session_close,16.82530461186729,-5.161480244860539,1.7939466240490347
COLD,2026-08-17T14:00:05.000Z,2026-08-17T19:50:05.000Z,-2.2177419354838745,14.573216596633072,14.437106084425064,0.6861903058841028,-0.09339771400605489,-0.9339771443420001,350,session_close,0,-1.6003096851449627,-0.06175712752956919
PHAT,2026-08-17T14:00:05.000Z,2026-08-17T19:50:05.000Z,-1.4613778705636626,9.472150352044999,9.368091690354095,1.0557264788755925,-0.10985748450344371,-1.0985748517857652,350,session_close,0.6107340551505525,-2.4508727524038765,-0.10557264788755916
MESO,2026-08-17T14:00:05.000Z,2026-08-17T19:50:05.000Z,9.714652132093615,17.143598148079477,16.906361665793064,0.5833081184468301,-0.13838196610943218,-1.3838196639775378,350,session_close,0.6789814536895422,-1.5375894010266844,-0.09332929895149356
ANGX,2026-08-17T14:00:05.000Z,2026-08-17T19:50:05.000Z,7.093821510297471,4.691018862407149,4.709016421141788,2.1317330532797114,0.0383659908329735,0.3836599097664681,350,session_close,2.962706858985742,-1.5139325696658212,0.10658665266398515
ALM,2026-08-17T14:00:05.000Z,2026-08-17T19:50:05.000Z,9.874088800530135,16.603323239624146,16.366710255075112,0.6022890631764726,-0.14250941279942653,-1.4250941280499319,350,session_close,0.10044230383985386,-3.453063169040149,-0.19273250021647037
TDTH,2026-08-18T13:40:05.000Z,2026-08-18T13:50:05.000Z,8.808290155440424,2.1605442303650517,1.9595641749360333,4.628463388330025,-0.9302288283377509,-9.302288405133009,10,stop,7.380352014733149,-9.28211640134612,-0.4628463388330033
DFSC,2026-08-18T13:30:05.000Z,2026-08-18T14:00:05.000Z,9.72222222222221,2.400842191723533,2.199459831104008,4.165204820626965,-0.8387987792416837,-8.387988236534419,30,stop,0,-8.365489094447764,-0.8746930123316616
XOS,2026-08-18T13:30:05.000Z,2026-08-18T14:00:05.000Z,117.22488038277513,4.5509114967330415,4.159167165812564,2.197362002429587,-0.8608041074318598,-8.608041074885744,30,stop,0,-8.589740692906567,-0.5713141206316923
BIAF,2026-08-18T13:40:05.000Z,2026-08-18T15:20:05.000Z,26.539650791383053,0.4973998046134203,0.4387118054179176,20.104551521449732,-1.1798959035167849,-11.798959036808448,100,stop,0,-11.781227911612092,-0.9831125693988909
AIXC,2026-08-18T13:45:05.000Z,2026-08-18T16:05:05.000Z,112.61616446071527,1.5203041282100547,1.2997392255380291,6.577631287237815,-0.5712118831072279,-5.712118831168662,140,stop,105.22209616528264,-14.490793264465573,-1.8335147213175418
SPCQ,2026-08-18T13:35:05.000Z,2026-08-18T16:50:05.000Z,9.79757085020243,13.59272597491747,12.47750068460803,0.7356876035959272,-0.8204574212973236,-8.204574213938795,195,stop,0,-8.186187060423133,-0.6621188432363336
RANI,2026-08-18T13:40:05.000Z,2026-08-18T17:35:05.000Z,9.310214851111942,0.8756827066781805,0.7887759491704076,11.419661374615968,-0.9924457419046303,-9.924457437037377,235,stop,1.075423009955645,-9.898871590944525,-0.9329863343061238
SGLY,2026-08-18T13:45:05.000Z,2026-08-18T19:10:05.000Z,31.403118040089083,5.921194431516613,5.258943491512815,1.6888484430132402,-1.11844146890947,-11.184414693070197,325,stop,10.450688212325598,-11.166571865927732,-1.2328593633996654
ASTN,2026-08-18T13:30:05.000Z,2026-08-18T19:50:05.000Z,9.725685785536164,4.420909447828439,4.4678228728758835,2.2619780174570323,0.10611713618093722,1.0611713630662198,380,session_close,2.6938021141794444,-2.282549530120004,0.02261978017457089
DEFT,2026-08-18T13:30:05.000Z,2026-08-18T19:50:05.000Z,-1.0752688172043001,0.4628694405125911,0.43250746194236206,21.60435393359178,-0.6559509311553572,-6.559512448392696,380,session_close,0,-7.144442388758543,-0.7431897753155567
AMX,2026-08-18T13:30:05.000Z,2026-08-18T19:50:05.000Z,0.7601351351351315,23.935227599642168,23.665252571629193,0.4177942289483185,-0.11279400866398183,-1.1279400911859794,380,session_close,0.019938813357689433,-1.609458686108034,-0.17965151844777694
BBWI,2026-08-18T13:30:05.000Z,2026-08-18T19:50:05.000Z,3.7214247740563478,19.54397424679634,20.015986194165933,0.511666658317717,0.24151277579663852,2.4151277596314222,380,session_close,3.5613317149031376,-0.9413348813969935,0.3325833279065158
KURA,2026-08-18T13:35:05.000Z,2026-08-18T19:50:05.000Z,9.84042553191491,12.41248819147598,12.29748865608816,0.805640242692612,-0.09264825359938123,-0.9264825360864707,375,session_close,1.6717986379759298,-1.3090702602848392,-0.17724085339237305
EYPT,2026-08-18T13:35:05.000Z,2026-08-18T19:50:05.000Z,9.65092402464065,5.361073554434369,5.4788942974473525,1.8652980411260809,0.21977080114613773,2.197708011589006,375,session_close,2.404862463768853,-4.683270092921877,0
RAMZ,2026-08-18T13:35:05.000Z,2026-08-18T19:50:05.000Z,9.58199356913183,17.073446490515305,17.994108111552677,0.5857048254266081,0.5392359540266718,5.3923595423385695,375,session_close,6.891130681425661,-0.07875674382894493,0.5447054876467465
SKDD,2026-08-18T13:35:05.000Z,2026-08-18T19:50:05.000Z,9.546413502109697,10.402086534636679,11.13773043273617,0.961345588256916,0.7072080159660662,7.072080160551996,375,session_close,8.632051486723036,-0.11619336751749199,0.6921688235449803
LITZ,2026-08-18T13:35:05.000Z,2026-08-18T19:50:05.000Z,9.222661396574438,8.311671704147148,9.077904460674887,1.2031274036800261,0.9218756269758078,9.21875627192329,375,session_close,10.68772116455965,-1.3435528750663894,0.9023455527600195
SNDQ,2026-08-18T13:40:05.000Z,2026-08-18T19:50:05.000Z,9.57446808510638,13.402680891007908,14.417113891855585,0.7461193832180373,0.7568881249084921,7.568881249185592,370,session_close,9.754161272833084,0,0.8505760968685632
DVLT,2026-08-18T13:40:05.000Z,2026-08-18T19:50:05.000Z,9.33499843896346,0.3509706637357834,0.3856211542410704,28.492409852102643,0.9872759770530287,9.87275977327053,370,session_close,13.34280642312331,-1.5872163435224018,0.8946616693560223
WEAV,2026-08-18T13:40:05.000Z,2026-08-18T19:50:05.000Z,31.916817359855322,7.301460707816956,7.278536207540601,1.3695889630824154,-0.03139714256267583,-0.31397142563284863,370,session_close,0,-0.4308823819769936,-0.027391779261648708
DLHC,2026-08-18T13:45:05.000Z,2026-08-19T13:50:05.000Z,1.7777777777777892,4.663203165370238,4.477630514265183,2.1444479890653425,-0.3979508984877592,-3.9795103177822013,1445,time,0,-4.786477394503907,-0.25733375868784236
MSS,2026-08-19T13:50:05.000Z,2026-08-19T13:55:05.000Z,80.2547770700637,2.8405683025801736,2.479503408870796,3.520422300954194,-1.271100903906148,-12.71100903933242,5,stop,0,-12.693526934474997,-1.2321478053339678
AEON,2026-08-19T14:00:05.000Z,2026-08-19T14:15:05.000Z,2.693877551020396,0.2536519110833264,0.23162228267962684,39.42410663368848,-0.8684984192879844,-8.684984201227913,15,stop,0,-8.654344841941708,-0.4612620476141558
CISS,2026-08-19T14:00:05.000Z,2026-08-19T14:20:05.000Z,32.11678832116787,3.650731778319281,3.209354784674505,2.7391768572018145,-1.2090096462930822,-12.090096464111541,20,stop,18.05852255692779,-12.072422875234745,-2.7939603943458504
SKK,2026-08-19T13:50:05.000Z,2026-08-19T14:50:05.000Z,57.14285714285712,6.6413308992472135,5.418879223380179,1.505722294345925,-1.7191086005613527,-17.19108600711775,60,stop,30.24497847231895,-18.389851639309974,-1.6954433034335121
BIVIW,2026-08-19T14:30:05.000Z,2026-08-19T15:15:05.000Z,52.268489745183345,0.24976348194945563,0.22799295521242938,40.03786679526927,-0.8716454495599054,-8.716457092567254,45,stop,1.255795293236317,-8.673598630339264,-0.9969428832022054
RDAC,2026-08-19T14:30:05.000Z,2026-08-19T16:05:05.000Z,120.51282051282053,12.972596962404923,11.607417991253362,0.7708556758930489,-0.9589033919219433,-9.589033919657881,95,stop,41.529102100435054,-10.503656024724894,-0.844086965102889
YJ,2026-08-19T13:50:05.000Z,2026-08-19T16:10:05.000Z,141.3793103448276,4.210843554086311,3.8292315284060225,2.3748210710787974,-0.9062602795626115,-9.062602796296291,140,stop,16.128750384340872,-9.044352970955904,-1.139914114117822
ZNB,2026-08-19T14:00:05.000Z,2026-08-19T19:05:05.000Z,7.623318385650224,2.420487591798115,2.1895540746310256,4.131398992044165,-0.8590745137157748,-8.590745139726259,305,stop,28.486508690989186,-9.522362047181243,-0.8903164827855186
RIME,2026-08-19T14:50:05.000Z,2026-08-19T19:25:05.000Z,-2.253252935575989,0.30988445409247767,0.28391577389846007,32.27009186823746,-0.8380116955578265,-8.38011712141838,275,stop,1.7476016741085676,-8.352937280536532,-0.716396039474871
GOVX,2026-08-19T14:00:05.000Z,2026-08-19T19:30:05.000Z,-0.09223674096848766,0.6528389449630552,0.5980767353782309,15.317713579662005,-0.8388318414097592,-8.388318437087618,330,stop,0.00935223571081334,-8.323483974463297,-0.7505679654034392
KC,2026-08-19T13:50:05.000Z,2026-08-19T19:50:05.000Z,9.501845018450194,11.892412700719218,12.407443547768278,0.8408722641684205,0.4330751544747223,4.330751547311439,360,session_close,5.024945856820473,-1.533857807576633,0.46247974529263125
TNON,2026-08-19T13:50:05.000Z,2026-08-19T19:50:05.000Z,108.99082568807339,11.412286174250047,11.667646246124884,0.8762486189516073,0.2975685241121748,2.975685241339828,360,session_close,45.36964589472541,-7.818645279535186,-0.16670629975554263
JTAI,2026-08-19T13:50:05.000Z,2026-08-19T19:50:05.000Z,7.586206896551739,1.5703360294820043,1.679563640270853,6.368063766118113,0.6955683905241185,6.955683926126226,360,session_close,6.983471592011403,-3.8422368428945086,0.6368063766118102
LCID,2026-08-19T14:00:05.000Z,2026-08-19T19:50:05.000Z,0.5199306759098743,5.811183806759018,5.8488080316086215,1.7208197718204983,0.06474451002061855,0.6474451007012203,350,session_close,0.8400387057832193,-1.9132729312347552,0.017208197718204588
WEAV,2026-08-19T14:00:05.000Z,2026-08-19T19:50:05.000Z,0.3434065934065922,7.31148761741663,7.288529133367124,1.367710719915443,-0.03140056474751746,-0.31400564769906864,350,session_close,0,-0.2938884470712222,-0.013677107199155714
PSKY,2026-08-19T14:30:05.000Z,2026-08-19T19:50:05.000Z,0.23969319271333056,10.472106083622021,10.557881894003282,0.9549177517709192,0.08190884400560214,0.8190884402461395,320,session_close,1.2212817112118302,-1.3569962191680829,0.03819671007083514
PRMB,2026-08-19T14:30:05.000Z,2026-08-19T19:50:05.000Z,1.2798634812286824,23.764861530612517,23.66525827325508,0.4207893228280842,-0.04191198721490723,-0.4191198725443179,320,session_close,0.8632007770095207,-0.3991671926651841,-0.02945525259796611
IOVA,2026-08-19T14:30:05.000Z,2026-08-19T19:50:05.000Z,9.95732574679944,7.741553691025186,8.038389574883674,1.2917303680419316,0.3834319255045761,3.834319255611577,320,session_close,3.855121605896805,-3.378568456205455,0.3358498956909024
DNA,2026-08-19T14:30:05.000Z,2026-08-19T19:50:05.000Z,11.026033690658487,7.261458032189457,7.708434946103989,1.3771338970772091,0.6155470593626647,6.1554705946535835,320,session_close,6.177023482366661,0,0.5921675757432006
ADAM,2026-08-19T14:50:05.000Z,2026-08-19T19:50:05.000Z,1.041666666666674,10.212696277467789,10.147877907623165,0.9791733308340591,-0.06346841909999362,-0.6346842017384927,300,session_close,0,-1.4951612514383816,-0.029375199925020468
KLAR,2026-08-19T14:50:05.000Z,2026-08-19T19:50:05.000Z,-2.1912350597609542,14.742961753908368,14.537090947694532,0.6782897605682562,-0.1396400598547768,-1.3964005988095278,300,session_close,0.8616874154065535,-1.4444977709578088,-0.1492237473250171
SAIL,2026-08-19T14:50:05.000Z,2026-08-19T19:50:05.000Z,-0.26041666666667407,19.174042637136612,19.086131182480027,0.5215384239150935,-0.04584920150567826,-0.45849201610888274,300,session_close,0.8655314166349015,-0.8555453862342466,-0.057369226630660464
GTE,2026-08-19T14:50:05.000Z,2026-08-19T19:50:05.000Z,1.5789473684210575,9.662011957754675,9.77790975443794,1.03498112261577,0.11995203171994037,1.1995203192669057,300,session_close,2.7736256528873238,-0.020823382991785877,0.10349811226157613
STLA,2026-08-19T14:50:05.000Z,2026-08-19T19:50:05.000Z,7.6237623762376305,5.441088588537199,5.4089155358943835,1.8378675217401645,-0.059129808527467485,-0.5912980852874733,300,session_close,0.347566689184986,-1.1227273282389705,-0.03675735043480444
SGLY,2026-08-20T13:30:05.000Z,2026-08-20T13:35:05.000Z,55.03355704697983,4.680936276986049,4.269145485494135,2.13632474533928,-0.879718857767025,-8.79718857777439,5,stop,0,-8.778933372932872,0.10681623726696365
HUIZ,2026-08-20T13:30:05.000Z,2026-08-20T13:40:05.000Z,110.27397260273975,3.080616724929671,2.3295335968093793,3.2461032619230172,-2.438093392166622,-24.380933922815036,10,stop,0,-24.365793993629868,0.09738309785768884
LOOP,2026-08-20T13:30:05.000Z,2026-08-20T13:40:05.000Z,43.80138642592295,0.8942866333112145,0.7682458651573455,11.182097114362742,-1.4094001098654418,-14.09400112435835,10,stop,0,-14.076765616534226,-1.0779541618245698
PWCM,2026-08-20T13:30:05.000Z,2026-08-20T13:45:05.000Z,10.909090909090914,1.8404189152767456,1.489698737542992,5.43354551184297,-1.905654047638006,-19.05654059641174,15,stop,0,-19.040171363597015,-1.7387345637897518
CJMB,2026-08-20T13:45:05.000Z,2026-08-20T13:50:05.000Z,29.518072289156617,3.2406505208243295,2.7594266695839282,3.0858001917141253,-1.4849606524150398,-14.849606526469614,5,stop,0,-14.831914695388559,-0.617160038342826
BTCT,2026-08-20T13:45:05.000Z,2026-08-20T13:55:05.000Z,63.14091072068844,1.3702747109392264,1.2197545525121278,7.297806723810407,-1.0984670242382875,-10.984670243525667,10,stop,0,-10.966757960250451,-0.9487148740953515
OMH,2026-08-20T13:45:05.000Z,2026-08-20T14:00:05.000Z,34.14043583535109,0.11142242818857978,0.09058163104321108,89.74853770371621,-1.8704310683766237,-18.70431068877457,15,stop,0,-18.68782481866067,-1.525725140963175
BIVI,2026-08-20T13:45:05.000Z,2026-08-20T16:25:05.000Z,33.955223880596996,1.800360470279787,1.6496659027041731,5.554443215431644,-0.8370244184727743,-8.370244185165602,160,stop,20.531417781171825,-8.351686940583637,-0.7776220501604296
SOC,2026-08-20T13:30:05.000Z,2026-08-20T19:50:05.000Z,7.740585774058584,5.171046097058618,5.038987834297609,1.9338446820179505,-0.25538016915690503,-2.553801692777896,380,session_close,0.36653904424026607,-5.821763941146408,-0.3867689364035911
MMA,2026-08-20T13:30:05.000Z,2026-08-20T19:50:05.000Z,36.052631578947384,0.5190048089926365,0.571282475191759,19.267644196601847,1.272532992939882,12.725329934494777,380,session_close,76.79990321881944,-0.9450411456025765,1.1435346830683173
HIVE,2026-08-20T13:40:05.000Z,2026-08-20T19:50:05.000Z,5.141843971631199,2.9705978669155075,3.0993747068202575,3.36632571804914,0.4335047880604566,4.335047881740526,370,session_close,6.712525290120808,-2.376554150993593,0.40395908616589793
MFA,2026-08-20T13:40:05.000Z,2026-08-20T19:50:05.000Z,-0.7692307692307776,9.04185192001329,8.907717279676339,1.1059681222952866,-0.1483486363082113,-1.483486364558311,370,session_close,0,-2.232417891809413,-0.13271617467543528
CHWY,2026-08-20T13:40:05.000Z,2026-08-20T19:50:05.000Z,-2.54272613588995,23.404693593836118,23.94519604947351,0.42726472614316124,0.23093763368761602,2.3093763371452054,370,session_close,2.329901923208655,0,0.27772207199305576
PLRZ,2026-08-20T13:40:05.000Z,2026-08-20T19:50:05.000Z,-1.2511170688114248,11.094069172501282,10.227933177259079,0.9013824623008637,-0.7807197960788262,-7.80719843886572,370,session_close,0,-7.788568460011391,-0.8923686376778548
AUPH,2026-08-20T13:40:05.000Z,2026-08-20T19:50:05.000Z,8.163265306122458,17.523585310621332,17.296482360994194,0.5706594748303768,-0.12959844996665218,-1.2959845008971271,370,session_close,1.0067271408878753,-3.1020210817922944,-0.15978465295250643
SAN,2026-08-20T13:45:05.000Z,2026-08-20T19:50:05.000Z,0.6704304869442623,14.272854921736286,14.187158592001584,0.7006306765328141,-0.060041477478403514,-0.6004147747917926,365,session_close,0.40037594844943847,-1.0008854046342885,-0.04904414735729645
STKH,2026-08-20T13:45:05.000Z,2026-08-20T19:50:05.000Z,9.714285714285719,3.8608091282836896,3.9291678650590285,2.590130630023362,0.17705805795150967,1.7705805830843426,365,session_close,7.490421362655386,-4.683192622994747,0.02590130630023424
COSM,2026-08-20T13:40:05.000Z,2026-08-20T19:55:05.000Z,5.64766839378239,0.20543582373465846,0.21323176820425088,48.67694889516275,0.36985852388061546,3.698589272795474,375,session_close,6.894696362030817,-1.818486993526347,0.25248474447581337
HOWL,2026-08-21T13:30:05.000Z,2026-08-21T13:50:05.000Z,127.34230055658627,0.9815972930127462,0.9006196447932653,10.18747715494717,-0.8249579412973105,-8.249579414684618,20,stop,0.8560238549012222,-8.231205769196947,-0.5918924227024309
JATT,2026-08-21T13:50:05.000Z,2026-08-21T14:10:05.000Z,37.73584905660379,19.214031210861535,14.966989111113222,0.5204529892551576,-2.210385756306511,-22.103857608743212,20,stop,7.9939954936171675,-22.088187347496437,-2.076607427128077
SUGP,2026-08-21T13:35:05.000Z,2026-08-21T14:35:05.000Z,34.17266187050363,3.7407504013551116,3.4093117127086097,2.6732604225851104,-0.8860219288722027,-8.860219289863235,60,stop,7.465069001763069,-8.841819578106435,-1.2296997943891501
JUNS,2026-08-21T13:30:05.000Z,2026-08-21T16:55:05.000Z,59.381044487427474,8.26165675968058,6.378721641295718,1.2104109732139339,-2.1556880311725792,-21.556880314216805,205,stop,26.60898781280785,-22.77577990002735,-2.6132772911688837
PURR,2026-08-21T13:30:05.000Z,2026-08-21T19:50:05.000Z,4.265873015873023,10.532111589469055,10.617874504995278,0.9494772167942711,0.08142993433800014,0.814299343466662,380,session_close,4.2525984151059015,-0.8745785561288355,-0.4652438362291935
INV,2026-08-21T13:30:05.000Z,2026-08-21T19:50:05.000Z,7.333333333333325,1.6303781038190976,1.5196619546060015,6.133546508286142,-0.6790826504168733,-6.790826554511978,380,session_close,0,-6.770092382898252,-0.6746901159114742
PUSA,2026-08-21T13:30:05.000Z,2026-08-21T19:50:05.000Z,6.156156156156167,3.5617531537911895,3.3891074422132217,2.8076057290505116,-0.4847210889223047,-4.847211587198311,380,session_close,0,-7.629758213365545,-0.30883663019555563
PSEC,2026-08-21T13:30:05.000Z,2026-08-21T19:50:05.000Z,0.8771929824561431,2.3215793118284185,2.349451482963709,4.307411199410648,0.12005690210004147,1.2005694138159462,380,session_close,1.2241963057983307,-4.375440085586257,0.1292223359823197
BEKE,2026-08-21T13:35:05.000Z,2026-08-21T19:50:05.000Z,2.0306062389641166,17.363476239170126,17.776437841041137,0.5759215413876743,0.2378334822834757,2.3783348229510297,375,session_close,2.3988500637346144,-2.0357458051672883,0.23036861655507046
ELAB,2026-08-21T13:35:05.000Z,2026-08-21T19:50:05.000Z,3.2786885245901676,6.391346198456305,6.358353340541177,1.5646156016294899,-0.051621140236354904,-0.5162114035239889,375,session_close,2.325860576596517,-7.061833054283895,-0.3129231203258982
SKYQ,2026-08-21T13:35:05.000Z,2026-08-21T19:50:05.000Z,0.9380863039399667,2.7106304436845785,2.7493655126478167,3.6891786364278074,0.14290058889973617,1.4290058998446633,375,session_close,1.4524132718699345,-3.712436858334367,0.2582425045499459
USDEW,2026-08-21T13:35:05.000Z,2026-08-21T19:50:05.000Z,25.330733881075073,0.9205122016399986,1.4696691666969801,10.86351653975797,5.878903976338351,58.789042540782766,375,session_close,92.28425183789429,0,6.089001020534342
ZKH,2026-08-21T13:35:05.000Z,2026-08-21T19:50:05.000Z,-0.34482758620688614,2.9106175442202766,2.8894184394751856,3.4356970031811986,-0.07283370064283352,-0.7283370083158771,375,session_close,0,-1.7390654543668949,-0.034356970031813816
KNRX,2026-08-21T13:40:05.000Z,2026-08-21T19:50:05.000Z,15.727272727272723,0.38347910364834287,0.4606069632004449,26.07704016156837,2.043726295145283,20.43726297810286,370,session_close,43.5801833168229,-6.513810898872119,2.489444639024123
GOSS,2026-08-21T13:40:05.000Z,2026-08-21T19:50:05.000Z,0.032391441038037705,0.15793395381642023,0.1523659991721677,63.31760667058869,-0.35254956212445904,-3.5254956326393394,370,session_close,2.067982282882741,-6.986435500276212,-0.3989009220247084
SXTC,2026-08-21T13:40:05.000Z,2026-08-21T19:50:05.000Z,9.779614325068863,4.010835946474813,4.078912009546253,2.493245826009198,0.1697303601040069,1.697303604034795,370,session_close,3.719026544984705,-3.5113863631993314,0.12466229130046003
AEVA,2026-08-21T13:45:05.000Z,2026-08-21T19:50:05.000Z,2.861685214626397,19.443945525723905,18.426182060566326,0.5142989102065512,-0.5234346409785859,-5.234346412928901,365,session_close,0,-7.683345562491162,-0.5451568448189459
USDE,2026-08-21T13:45:05.000Z,2026-08-21T19:50:05.000Z,33.00000000000001,5.33106648695382,7.848427518720653,1.8757972770156253,4.689239312635766,46.89239312721471,365,session_close,60.7558266431772,-2.4585415934047283,4.625716085120532
STUB,2026-08-21T13:55:05.000Z,2026-08-21T19:50:05.000Z,1.171303074670571,6.921445635453211,6.688653890834725,0.9979243031624836,-0.2323085395303821,-3.363339927515642,355,session_close,0,-3.3438915458310348,-0.2195433466957466
AIRE,2026-08-21T13:40:05.000Z,2026-08-21T19:55:05.000Z,-0.34965034965035446,1.4403319266055141,1.5696803403573931,6.942844038225949,0.6864567194663818,6.864567242922007,375,session_close,13.16835861866117,-6.271604825035215,0.713212844204854
PMI,2026-08-24T13:30:05.000Z,2026-08-24T13:35:05.000Z,39.25233644859816,4.4809020843131995,4.109173962131649,2.231693486959695,-0.8295832291923235,-8.295832294191408,5,stop,0,-8.277397660878549,-0.22316934869597027
XPON,2026-08-24T13:35:05.000Z,2026-08-24T13:40:05.000Z,143.0858806404658,8.371674252861192,7.548489608026672,1.1945041932946536,-0.9832975101106047,-9.832975101165458,5,stop,0,-9.814933405708759,-0.5375268869825955
LGHL,2026-08-24T13:45:05.000Z,2026-08-24T14:05:05.000Z,33.96381578947369,0.817163675752957,0.7486495030271176,12.237450459492932,-0.8384387945056011,-8.384387945622834,20,stop,0,-8.365970953122071,-0.7379182627074243
OLOX,2026-08-24T13:35:05.000Z,2026-08-24T14:10:05.000Z,13.875598086124397,2.390479943153725,2.0395898896247195,4.183260364516923,-1.4678644532311096,-14.678644534707171,35,stop,0,-14.661488549924496,-1.3386433166454168
INCR,2026-08-24T13:40:05.000Z,2026-08-24T14:40:05.000Z,26.115547205260683,5.421133661776233,4.968555713943364,1.8446326183299466,-0.8348400449093389,-8.348400465089838,60,stop,0,-8.3217586933361,-1.254350180464364
AAOZ,2026-08-24T13:40:05.000Z,2026-08-24T14:50:05.000Z,35.00939849624061,14.382883111759131,13.117365495676959,0.6952708939720752,-0.8798775642708617,-8.798775643580898,70,stop,0.32759001011657407,-8.780458701820548,-0.7926088191281657
CYAB,2026-08-24T13:30:05.000Z,2026-08-24T15:00:05.000Z,7.200267916945746,0.32627984178894726,0.2946189503892735,30.64853726674978,-1.0026720846106432,-10.026720955941366,90,stop,3.806596859602096,-10.077190674321656,-0.8397562642758203
CYPH,2026-08-24T13:30:05.000Z,2026-08-24T15:15:05.000Z,28.873239436619723,1.8403819964222583,1.6896529957677997,5.433654536749023,-0.8190093182257454,-8.19009319518877,105,stop,6.499629088432823,-8.171238183953344,-0.38035581757243264
BEZ,2026-08-24T13:30:05.000Z,2026-08-24T15:25:05.000Z,9.899328859060397,13.163015936586525,11.957551466503599,0.759704309508422,-0.9157965528812855,-9.15796559003127,115,stop,3.471727646726386,-9.139363975415005,-1.3978559294954973
NCTY,2026-08-24T13:40:05.000Z,2026-08-24T17:25:05.000Z,5.536332179930792,6.1513526423088996,5.638107940409746,1.625658702667848,-0.8343607162405239,-8.343607198993356,225,stop,15.584334266540667,-8.31284876746986,-1.4630928324010632
LUCY,2026-08-24T13:30:05.000Z,2026-08-24T19:50:05.000Z,44.758005556367905,0.9919998222325273,1.0697831143289105,10.080646964759424,0.7841059073804014,7.841059076132641,380,session_close,23.991957703363866,-7.10683819215463,1.1350808482319117
BTCT,2026-08-24T13:30:05.000Z,2026-08-24T19:50:05.000Z,43.42105263157894,1.6403302892936664,1.8496269595491401,6.096333197319242,1.4633679165773539,14.633679169886694,380,session_close,63.99136305398141,-7.335735374701957,1.7587921274266023
MVIS,2026-08-24T13:35:05.000Z,2026-08-24T19:50:05.000Z,6.024096385542177,1.7703830196112857,1.6896280769123482,5.648495186495959,-0.45614390512070585,-4.561439067387154,375,session_close,0,-5.105280530262357,-0.28242475932479927
SNAP,2026-08-24T13:35:05.000Z,2026-08-24T19:50:05.000Z,-0.667938931297718,5.211048171902659,5.508897487970859,1.9189997228457758,0.5715727549846803,5.715727551208753,375,session_close,5.73688475399734,-0.020114415911764993,0.5565099196252739
ALKT,2026-08-24T13:35:05.000Z,2026-08-24T19:50:05.000Z,1.422963689892054,20.71591454338358,20.31586761681798,0.48272065105669454,-0.1931109128449765,-1.9311091756427965,375,session_close,0,-2.780058501291316,-0.2027426734438098
SDOT,2026-08-24T13:35:05.000Z,2026-08-24T19:50:05.000Z,63.42943854324734,21.584319729817153,24.455071452655762,0.463299289707974,1.3879184858267362,13.879184858747445,375,session_close,36.48797075269032,0,0.8465636271188952
PSKY,2026-08-24T13:40:05.000Z,2026-08-24T19:50:05.000Z,-0.48309178743960457,10.31209171342007,10.397896039989147,0.9697353623358675,0.0832074897154491,0.8320748976409128,370,session_close,2.113133713661064,-1.571860665369429,0.11636824348030217
JMKE,2026-08-24T13:40:05.000Z,2026-08-24T19:50:05.000Z,0.37720033528920727,23.98481289192633,23.48524203369206,0.41693049863034964,-0.20828632702480654,-2.0828632705424814,370,session_close,0,-3.8975200521201625,-0.175110809424746
CAPR,2026-08-24T13:45:05.000Z,2026-08-24T19:50:05.000Z,2.225755166931642,6.441290610170308,6.73864439575774,1.552483904917854,0.46163696619088374,4.61636966228373,365,session_close,15.660050925772806,0,0.5123196886228918
VBIO,2026-08-24T13:45:05.000Z,2026-08-24T19:50:05.000Z,-2.446982055464919,0.1203662664724093,0.16666513003272845,83.07973953881925,3.8423506379459336,38.423513803697254,365,session_close,50.12511835400375,-1.1350908460075027,3.6567547358011314
ZSTK,2026-08-24T13:40:05.000Z,2026-08-24T19:55:05.000Z,1.0615711252653925,4.811016183220113,4.907985029952417,2.0785629470722773,0.20155585183809638,2.0155585231766993,375,session_close,8.916698685739167,-6.048954568789888,0.22864192417794982
SWVL,2026-08-25T13:30:05.000Z,2026-08-25T14:00:05.000Z,57.14285714285712,2.320465695782267,2.0995773346564355,4.3094797810238274,-0.9519139261352602,-9.519139262748997,30,stop,4.720358694240789,-9.500924585224013,-0.3447583824819045
WVVIP,2026-08-25T13:50:05.000Z,2026-08-25T14:00:05.000Z,291.3207547169811,10.452094911185847,9.118162273717088,0.9567460001110424,-1.276234715315809,-12.762347154360251,10,stop,7.4425758225907135,-12.74476478165385,-2.985047520346452
PSNYW,2026-08-25T13:35:05.000Z,2026-08-25T14:10:05.000Z,82.26582883180834,5.001050019513613,4.599038122070887,1.9995800761793192,-0.8038549805135192,-8.038549822019672,35,stop,7.577408324407076,-8.019316302551571,-1.1397606434222123
DAIC,2026-08-25T13:55:05.000Z,2026-08-25T14:20:05.000Z,139.59537572254334,4.1608329155676005,3.2993137936018337,2.4033649517972235,-2.070544863035641,-20.705448631268634,25,stop,5.267384893356186,-20.688956587197392,-2.066893858545612
TNMG,2026-08-25T13:30:05.000Z,2026-08-25T14:25:05.000Z,64.27404148334381,0.656031560269871,0.59827902945614,15.243169085834296,-0.880331592328557,-8.8033159243091,55,stop,9.354495034489506,-8.784876179762314,-0.7423423344801314
AIXI,2026-08-25T13:50:05.000Z,2026-08-25T15:05:05.000Z,177.55255468550234,1.2802609997806382,1.129773775057616,7.810907302300292,-1.1754417624919593,-11.7544176342798,75,stop,16.382518896951392,-11.736747413721439,-0.5467635111610214
OFAL,2026-08-25T13:55:05.000Z,2026-08-25T15:15:05.000Z,43.7018701870187,1.050210887043232,0.9457098909663375,5.060370437582856,-0.5288137512454792,-9.950477315190199,80,stop,7.597437232954851,-9.932375328626552,-0.6831500090736862
RIME,2026-08-25T13:30:05.000Z,2026-08-25T15:40:05.000Z,-2.8887523048555686,0.3187906401090069,0.2908277084219134,31.368548827449416,-0.8771565879852238,-8.771566090375755,130,stop,3.5475821646225425,-8.748889270861271,-0.8375402536928984
AXTL,2026-08-25T13:30:05.000Z,2026-08-25T19:50:05.000Z,9.818181818181815,3.050646046590128,2.899309923771288,3.2779941763970477,-0.4960789292786663,-4.960789305202965,380,session_close,2.9290173964871435,-6.249366320397076,-0.3933593011676457
COHX,2026-08-25T13:30:05.000Z,2026-08-25T19:50:05.000Z,9.31506849315069,24.014982207739,23.565027989842203,0.41640672051825034,-0.18736396025775892,-1.8736396054950846,380,session_close,1.1868332434955997,-4.851064213420797,0.03331253764146069
AVXL,2026-08-25T13:30:05.000Z,2026-08-25T19:50:05.000Z,9.0032154340836,3.4108936295493124,3.5592667862858653,2.9317829646639257,0.4349978933336365,4.349979004069902,380,session_close,7.010079950288017,0,0.2638604668197537
BEX,2026-08-25T13:35:05.000Z,2026-08-25T19:50:05.000Z,9.869646182495352,23.634733348658813,23.965170974950382,0.42310610624869366,0.13981017741828697,1.3981017742699464,375,session_close,2.6032307716985503,-4.716504866859728,0.14808713718704247
SMCX,2026-08-25T13:35:05.000Z,2026-08-25T19:50:05.000Z,9.79667282809611,11.902382705993928,12.547467540880831,0.8401679097840534,0.5419795773603209,5.419795773849927,375,session_close,7.961576412165439,0,0.5797158577509975
SMTG,2026-08-25T13:35:05.000Z,2026-08-25T19:50:05.000Z,9.540034071550242,6.502225608951009,6.298484757911053,1.5379348724453905,-0.3133401597560495,-3.1334017503096874,375,session_close,1.3499130348255006,-6.647348691746469,-0.19993153341790126
BZ,2026-08-25T13:35:05.000Z,2026-08-25T19:50:05.000Z,4.145077720207246,16.113226326639136,16.126770519474196,0.6206081759634807,0.008405636810263906,0.08405636810715918,375,session_close,1.9038624986834174,-2.2542122804955156,-0.07447298111561906
PFXF,2026-08-25T13:35:05.000Z,2026-08-25T19:50:05.000Z,0.3353828954723248,17.974010573692922,17.956167802763428,0.5563588553191022,-0.009926983610054447,-0.09926983661403521,375,session_close,0.08895858963429149,-0.4674002685626566,0
EHTH,2026-08-25T13:50:05.000Z,2026-08-25T19:50:05.000Z,-0.40650406504064707,1.241798,1.1894307082405344,5,-0.26183645879732764,-4.217053962034528,360,session_close,0,-4.171209810291209,-0.20000000000000018
NCPL,2026-08-25T13:50:05.000Z,2026-08-25T19:50:05.000Z,15.565115369573723,0.297160012168323,0.5810822512559457,33.65190330625766,9.422135044833844,94.22135048626485,360,session_close,140.51015302663475,-2.880607019047454,9.632520802383192
ILLR,2026-08-25T13:50:05.000Z,2026-08-25T19:50:05.000Z,-0.2618127415534244,0.8123178375063128,0.8386959105502031,12.310452085711749,0.324726004320216,3.247260102630122,360,session_close,16.161428006641177,-3.621468857143517,0.1231045208571171
GRML,2026-08-25T13:50:05.000Z,2026-08-25T19:50:05.000Z,2.8070175438596356,8.831775066004838,9.627934555941136,1.1322752134424592,0.9461914735293813,9.461914737246357,360,session_close,29.30582940181217,0,0.8268439746163558
METG,2026-08-26T13:30:05.000Z,2026-08-26T13:45:05.000Z,8.379013312451056,13.892940725964683,12.527316600927351,0.7197900122407265,-0.9829626056768526,-9.829626081144223,15,stop,0,-9.810311242582848,-0.7701753130975764
VNRX,2026-08-26T13:35:05.000Z,2026-08-26T13:45:05.000Z,8.450338013520554,0.4191848656120846,0.35712822491784635,23.855823087379797,-1.4804122417988421,-14.804122425466032,10,stop,0,-14.786999888837983,-0.8373393903670294
CRE,2026-08-26T13:40:05.000Z,2026-08-26T13:45:05.000Z,162.4513618677043,6.761354311910802,6.098777936558564,1.478993636186018,-0.9799462426331581,-9.799462427002874,5,stop,0,-9.78138818647265,-1.1388250998632348
MOVE,2026-08-26T13:45:05.000Z,2026-08-26T13:50:05.000Z,9.687836383207781,10.312261159507317,9.317382851246915,0.9697194245728823,-0.9647528206063196,-9.647528246927502,5,stop,0,-9.622149246991373,-0.9988110073100689
YFOR,2026-08-26T13:40:05.000Z,2026-08-26T14:00:05.000Z,73.04347826086959,2.0004007330447053,1.7796414693366926,4.998998367714694,-1.103575198934253,-11.03575199015282,20,stop,0,-11.01782904814501,-0.4998998367714691
DAIC,2026-08-26T13:45:05.000Z,2026-08-26T14:05:05.000Z,50.25773195876289,5.841169205728639,5.198959587039025,1.7119860163919556,-1.0094717598791436,-10.094717599208614,20,stop,3.4039553943474354,-10.976727143939302,-1.1770306309826104
ACTU,2026-08-26T13:35:05.000Z,2026-08-26T15:35:05.000Z,8.860759493670889,1.7304782385736501,1.5895639602867968,5.778749230027528,-0.8143082771500385,-8.1430829435337,120,stop,3.4396134027903758,-8.117885301432015,-0.693449907603302
RPGL,2026-08-26T13:35:05.000Z,2026-08-26T16:30:05.000Z,8.060453400503764,2.1820168149375396,1.3197318323376876,4.582913029931805,-3.9517770822713816,-39.5177973284562,175,stop,5.407070388036295,-39.50550742947482,-4.170450857237943
CLGN,2026-08-26T13:45:05.000Z,2026-08-26T19:35:05.000Z,9.275862068965512,0.31966283999999995,0.291938315,12.950000000000001,-0.4097369737499991,-9.897903914291598,350,stop,0,-9.81122485178445,
ZCMD,2026-08-26T13:30:05.000Z,2026-08-26T19:50:05.000Z,9.731958762886595,0.7999786139428576,0.7951902742902205,12.500334100979419,-0.059855845446932,-0.598558457586364,380,session_close,7.277867813263961,-2.4223914996109985,0.04500120276352604
EXYN,2026-08-26T13:30:05.000Z,2026-08-26T19:50:05.000Z,8.695652173913038,3.540827133268977,4.079096785866545,2.8241988510043394,1.5201805343965566,15.201805463477244,380,session_close,19.181192449347108,-5.389337747556189,1.5533093680523873
NUWE,2026-08-26T13:30:05.000Z,2026-08-26T19:50:05.000Z,8.423686405337772,1.0502185819044496,0.9941852492237931,9.521827317942764,-0.5335397178340497,-5.335397187416596,380,session_close,3.787917942130825,-6.9717469454478875,-0.23804568294856843
NXXT,2026-08-26T13:30:05.000Z,2026-08-26T19:50:05.000Z,7.6449912126537845,0.24687335440373886,0.23724409133451707,40.5065979487535,-0.39004868768774736,-3.9004869895655125,380,session_close,3.615880546453165,-6.956341823611078,-0.27949552584639825
QUBT,2026-08-26T13:30:05.000Z,2026-08-26T19:50:05.000Z,-0.23640661938534313,8.461779363659156,8.358294395514624,1.1817845335499575,-0.12229693480811744,-1.2229693507369024,380,session_close,0.6880424771045668,-2.1482404095744423,-0.18908552536799306
SMMT,2026-08-26T13:35:05.000Z,2026-08-26T19:50:05.000Z,9.019461077844326,14.58291961586014,14.337124565981869,0.685733739396578,-0.16854995867819553,-1.6854995868656433,375,session_close,2.17432717516326,-3.1058226184525584,-0.21257745921293925
DFSC,2026-08-26T13:35:05.000Z,2026-08-26T19:50:05.000Z,8.176100628930815,1.740447299064658,1.6884482315795772,5.745649327445061,-0.2987684071234246,-2.987684115056275,375,session_close,6.869079057986505,-4.622219765452917,-0.45965194619560457
FTCI,2026-08-26T13:35:05.000Z,2026-08-26T19:50:05.000Z,7.788944723618085,2.1606416692513224,2.2282891706220624,4.628254584741225,0.313089858365416,3.130898673919419,375,session_close,5.524207574411721,-2.806650918304976,0.18513018338964926
QBTZ,2026-08-26T13:40:05.000Z,2026-08-26T19:50:05.000Z,7.301587301587298,3.390680240135554,3.729231129433611,2.9492607059504086,0.9984748347713265,9.984748349036959,370,session_close,10.0074243465341,-0.609914196294925,1.0912264612016518
TRUG,2026-08-26T13:45:05.000Z,2026-08-26T19:50:05.000Z,9.914529914529924,0.6460380142201724,0.6474605381407006,15.47896524765853,0.022019198329819252,0.2201919839415852,365,session_close,3.3375722953168596,-7.002376520331987,0.14705016985275599
SOAR,2026-08-26T13:45:05.000Z,2026-08-26T19:50:05.000Z,49.16879795396418,0.23394684758699053,0.24934969521127318,25.33013614522269,0.41896376309610817,7.070037871635517,365,session_close,39.30514702867187,-1.558835959794025,0.5783503335357967
MTEN,2026-08-26T13:40:05.000Z,2026-08-26T19:55:05.000Z,9.80392156862746,1.1303672768571542,1.0885393604199725,8.846681780746566,-0.3700382662714057,-3.7003828130516205,375,session_close,5.275517467972635,-5.34050110022628,-0.17693363561493136
AEON,2026-08-26T13:40:05.000Z,2026-08-26T19:55:05.000Z,7.361963190184029,0.22974689650448374,0.24529748239374435,43.52615919364484,0.5730628507033827,5.730628511904859,375,session_close,6.856720911226244,-5.025920558739028,0.8079496405986148
SOGP,2026-08-26T13:40:05.000Z,2026-08-27T13:35:05.000Z,9.135004042037199,13.602784669811502,12.987350246719776,0.7351435925070878,-0.45243267274417825,-4.5243267318459575,1435,time,4.8314763935582095,-4.5048472403701805,-0.9556866702592153
LNAI,2026-08-27T13:35:05.000Z,2026-08-27T13:45:05.000Z,4.166666666666674,2.5205206632238157,2.3089791723720445,3.96743424176116,-0.8392769543585222,-8.392769555049146,10,stop,0,-8.352268890132963,-0.5554407938465626
VNRX,2026-08-27T13:35:05.000Z,2026-08-27T13:50:05.000Z,100.47169811320754,0.6816363837603382,0.6178760964484347,14.67057838753816,-0.9354002930212355,-9.354002930442384,15,stop,0,-9.335825562784606,-0.776073596700769
NMTC,2026-08-27T13:35:05.000Z,2026-08-27T13:50:05.000Z,58.00000000000001,3.2006519598581664,2.769445470665823,3.1243634477614566,-1.3472457932701036,-13.472457942957721,15,stop,0,-13.455132431120386,-1.6559126273135725
OBAI,2026-08-27T13:50:05.000Z,2026-08-27T13:55:05.000Z,36.473880597014926,0.44108834348899,0.33483272649332385,22.67119534433568,-2.4089418493416614,-24.089418494986457,5,stop,0,-24.07416678687193,-0.0770820641707406
CELU,2026-08-27T13:55:05.000Z,2026-08-27T14:00:05.000Z,40.84507042253522,1.2502501926142848,1.049788443683604,7.998399087451087,-1.6033730697160062,-16.033730697654473,5,stop,0,-16.016809579173884,-0.7198559178705963
MERC,2026-08-27T13:35:05.000Z,2026-08-27T14:05:05.000Z,48.595641646489085,0.6152237488608641,0.5476896947417234,16.2542489884897,-1.0977153308546514,-10.977153311162875,30,stop,0,-10.959224019830927,-0.9736295144105309
PPCB,2026-08-27T13:35:05.000Z,2026-08-27T14:20:05.000Z,213.55140186915884,3.3706741627785197,2.8594275284137556,2.96676555400424,-1.5167489044339826,-15.167489044486354,45,stop,9.176972388410753,-15.150505154659033,-1.572385743622247
WKSP,2026-08-27T14:05:05.000Z,2026-08-27T15:10:05.000Z,44.90196078431372,0.7410483171936546,0.6783633278163128,13.494396745274756,-0.8458961166311837,-8.458961166625336,65,stop,10.519109347896215,-8.440518079917469,-1.523517392541521
VNRX,2026-08-27T14:10:05.000Z,2026-08-27T16:45:05.000Z,75.70754716981132,0.5971200693671594,0.535192720328742,16.747050569483715,-1.0371004459804458,-10.371004462142661,155,stop,11.284151059308932,-10.353038281342252,-0.7435690452850761
MIMI,2026-08-27T13:45:05.000Z,2026-08-27T18:10:05.000Z,41.66666666666665,2.560512701470131,2.159567576498528,3.9054678360743087,-1.5658782896073895,-15.658782896933038,265,stop,20.67895614131736,-15.641894736166496,-2.0698979531193853
MTLS,2026-08-27T13:35:05.000Z,2026-08-27T19:50:05.000Z,6.221889055472274,7.101501788982552,7.3780649819776984,1.4081528489020405,0.3894432481175603,3.8944324906629406,375,session_close,4.203311072603633,-2.2741920481257893,0.3097936267584487
OWL,2026-08-27T13:45:05.000Z,2026-08-27T19:50:05.000Z,2.2881355932203418,12.082443692160094,12.057582440185076,0.8276471424280054,-0.020576344154306425,-0.20576344163846483,365,session_close,0.9729514230319536,-0.6823428625915229,-0.04965882854567916
CRMG,2026-08-27T13:45:05.000Z,2026-08-27T19:50:05.000Z,36.43815201192253,9.171836564141406,9.73802082862133,1.0902941771265857,0.6173074067431599,6.173074067777238,365,session_close,6.739799946669245,-1.4374063822380045,0.6759823898184845
GNS,2026-08-27T13:45:05.000Z,2026-08-27T19:50:05.000Z,11.420289855072463,0.1929396626613265,0.19024498828280814,51.82967488657599,-0.13966409696379298,-1.3966409712493468,365,session_close,2.726415743717303,-4.218760699097068,0.031097804931945916
FNGR,2026-08-27T13:45:05.000Z,2026-08-27T19:50:05.000Z,2.164502164502169,0.16635066990403022,0.1731138575574302,60.11393643136703,0.40656183266989254,4.065620930352576,365,session_close,8.265268846769258,-1.713650991411575,0.42079755501957017
VNCE,2026-08-27T13:45:05.000Z,2026-08-27T19:50:05.000Z,20.34700315457414,7.67172192773369,7.618071578948852,1.3034883223352796,-0.06993260313025064,-0.6993260351484945,365,session_close,0.23825253884965925,-4.193607781463604,-0.22159301479699955
EPOW,2026-08-27T13:50:05.000Z,2026-08-27T19:50:05.000Z,1.0950605778191846,0.4375982042353111,0.4319309074358133,22.852013212818733,-0.1295091413430888,-1.2950914205420951,360,session_close,4.639369076060462,-7.723570139958047,-0.19652731363024145
WNW,2026-08-27T13:55:05.000Z,2026-08-27T19:50:05.000Z,33.46774193548385,3.3206709029658454,3.359292245804955,3.0114396421722285,0.11630584285961906,1.1630584290847685,355,session_close,7.809539235054452,-7.548802946475663,0.09034318926516782
EOSE,2026-08-27T14:05:05.000Z,2026-08-27T19:50:05.000Z,4.041916167664672,3.4806998539778458,3.4192955009384103,2.872985438932621,-0.17641381216937616,-1.764138122086591,345,session_close,0.8417889289899172,-2.605793598496897,-0.14364927194663046
STXS,2026-08-27T14:10:05.000Z,2026-08-27T19:50:05.000Z,2.0689655172413834,1.4905769098464303,1.4696654291892821,6.708811339635455,-0.14029117856124337,-1.4029118872707251,340,session_close,0.6321773865758162,-2.051347343732879,-0.13417622679270913
DFDVW,2026-08-28T13:35:05.000Z,2026-08-28T13:45:05.000Z,6.874999999999987,0.8623708806798065,0.7918185918379009,11.595920573695647,-0.8181187377031706,-8.181200272705084,10,stop,0,-8.136972415452014,-1.2755512631065198
PSQL,2026-08-28T13:45:05.000Z,2026-08-28T13:50:05.000Z,60.061287027579205,15.713195487943288,14.057176957035212,0.6364077886480211,-1.0539030912153533,-10.539030919450704,5,stop,0,-10.521064854133467,-1.648296172598375
QNRX,2026-08-28T13:45:05.000Z,2026-08-28T13:55:05.000Z,55.965082444228884,8.05161046427005,7.338528710904497,1.2419875556897337,-0.8856386638694326,-8.856386638796492,10,stop,0,-8.838113411321913,-0.6334136534017656
EMAT,2026-08-28T13:30:05.000Z,2026-08-28T14:05:05.000Z,7.2555205047318605,3.442331622267042,3.14931455422072,2.905006797563011,-0.8512165744765494,-8.512168500876385,35,stop,0,-8.492256247947406,-0.4067009516588218
PSQLW,2026-08-28T13:50:05.000Z,2026-08-28T14:05:05.000Z,26.506024096385516,2.131675017205241,1.9790418103094611,4.691144432831256,-0.7754822291037812,-7.7548258663476695,15,stop,0,-9.929985363470673,-1.1904318855210647
RGNX,2026-08-28T13:30:05.000Z,2026-08-28T14:10:05.000Z,7.790821771611545,10.15216175896961,9.287961154932914,0.9850118831610308,-0.8512478644110868,-8.51247866764101,40,stop,0,-8.49239580139547,-0.807709744192044
AEMD,2026-08-28T13:45:05.000Z,2026-08-28T14:35:05.000Z,36.866359447004605,2.980598273283729,2.6694655070724393,3.3550311318713137,-1.0438601167841162,-10.438601169439528,50,stop,6.018983783367227,-10.420668765319475,-1.1407105848362473
EXYN,2026-08-28T13:35:05.000Z,2026-08-28T14:55:05.000Z,9.955423476968805,3.780874737367491,3.4687338198087914,2.6448905668549316,-0.8255785683804473,-8.255785743804722,80,stop,0,-8.222296663124663,-0.5025292077024375
XPON,2026-08-28T13:35:05.000Z,2026-08-28T16:40:05.000Z,8.030112923462983,8.641754385437208,7.8581973870343464,1.1571724383479236,-0.9067105624264195,-9.067105629885585,185,stop,22.775995784832915,-9.046246289464023,-0.91416622629486
HYLN,2026-08-28T13:30:05.000Z,2026-08-28T19:50:05.000Z,9.237536656891487,3.7618019168724963,3.499285612589561,2.6583001665337935,-0.6978471353931635,-6.978472287588909,380,session_close,0,-7.491141827764869,-0.47849402997608337
UMC,2026-08-28T13:30:05.000Z,2026-08-28T19:50:05.000Z,8.96696381751443,20.814170165095774,19.886020394641985,0.4804419258560373,-0.4459220631996574,-4.459220632347119,380,session_close,0,-5.689249947045994,-0.4612242488217966
LCID,2026-08-28T13:30:05.000Z,2026-08-28T19:50:05.000Z,-0.5893909626718985,5.081066555728664,4.978989701855886,1.96809072847814,-0.20089650969923248,-2.008965101189065,380,session_close,0.7662455085820641,-2.5795087368200686,-0.13776635099347168
PD,2026-08-28T13:35:05.000Z,2026-08-28T19:50:05.000Z,8.551068883610458,13.742759757916838,13.707234752045657,0.7276558838570107,-0.025849979546219475,-0.258499795506617,375,session_close,2.7450108182662802,-2.9307050767937604,0.07276558838570146
AAOZ,2026-08-28T13:35:05.000Z,2026-08-28T19:50:05.000Z,7.749381698268754,13.10264770137221,13.617226669867073,0.7632045235162389,0.39272899646159976,3.92728996629416,375,session_close,4.864301575940577,-2.691423210098809,0.3129138546416588
XTNT,2026-08-28T13:35:05.000Z,2026-08-28T19:50:05.000Z,7.333333333333325,0.3576813363203491,0.40310955125356335,27.957846614115084,1.2700750650558563,12.700750729841692,375,session_close,19.743457795741094,-5.111067999359031,1.2748778056036478
KLC,2026-08-28T13:45:05.000Z,2026-08-28T19:50:05.000Z,-0.19762845849802257,2.54053096258616,2.5692922069815043,3.93618504492703,0.11320958006244529,1.1320958027634669,365,session_close,3.915285382414102,-0.020899669950080746,0.19680925224635182
KLAR,2026-08-28T13:45:05.000Z,2026-08-28T19:50:05.000Z,5.710206995003575,14.822971611836696,14.267140078055684,0.6746285603748277,-0.37497982744561636,-3.749798274842269,365,session_close,0.9244326424661109,-4.000355848777215,-0.3777919938099039
FNGR,2026-08-28T13:45:05.000Z,2026-08-28T19:50:05.000Z,136.67820069204151,0.41118226483456816,0.39702013759273735,24.320115080364967,-0.05482938736639781,-0.5482938736759417,365,session_close,56.06217847410724,-5.929794867095728,0.06444830496296738
SLGB,2026-08-28T13:30:05.000Z,2026-08-28T19:55:05.000Z,7.071713147410352,0.547492715,0.504761895,5,-0.21365409999999974,-7.804819832168899,385,session_close,0,-7.77959483899251,-0.1875
XLABW,2026-08-28T13:50:05.000Z,2026-08-28T19:55:05.000Z,24.895920066611144,0.6060326857033097,0.5824235038819925,10.409252890379072,-0.24575394411303128,-3.8956944696668327,365,session_close,7.502452486358013,-3.965575829531287,
CLGN,2026-08-31T15:00:05.000Z,2026-08-31T15:15:05.000Z,93.8268156424581,0.6953392977568571,0.5715854557853662,14.381468200512943,-1.7797619430043,-17.797619431364932,15,stop,5.54559513140398,-17.781146291560624,-1.8580856915062736
AIM,2026-08-31T15:05:05.000Z,2026-08-31T15:15:05.000Z,7.198142414860675,0.2780567141619839,0.24764998691739148,9.846306338246396,-0.2993939511937598,-10.93544075575847,10,stop,0,-10.917454107689483,-0.1309558742986776
WETO,2026-08-31T15:00:05.000Z,2026-08-31T15:20:05.000Z,131.64335664335667,13.27265565104452,11.797634339450571,0.7534287231330442,-1.111323423388257,-11.113234234159226,20,stop,0,-11.095410668087558,-0.7760315848270363
VVOS,2026-08-31T15:00:05.000Z,2026-08-31T15:25:05.000Z,43.30813694975546,0.32306477526603666,0.2864424666486704,30.953544813659295,-1.1335902709673076,-11.335902710906383,25,stop,0,-11.318094099217845,-1.2474278559904697
RDHL,2026-08-31T15:00:05.000Z,2026-08-31T18:55:05.000Z,64.14523449319212,1.090225288611047,0.9700055709556575,9.172416096605215,-1.102705273351629,-11.027052748753432,235,stop,3.648302034859796,-11.009218907769046,-1.1924140925586784
PASW,2026-08-31T13:30:05.000Z,2026-08-31T19:50:05.000Z,8.339709257842376,0.14253411701142912,0.15045396270788555,70.15864071929025,0.7438644215940723,7.438644286127209,380,session_close,60.24233691480736,-7.8115452250188895,1.066586735535008
GMEU,2026-08-31T13:30:05.000Z,2026-08-31T19:50:05.000Z,8.200000000000006,5.431194624515371,5.228353653535766,1.8412155423154755,-0.37347394838600995,-3.7347395002937143,380,session_close,0.5303690527790561,-4.993277598472535,-0.38665526388624905
SHMD,2026-08-31T13:30:05.000Z,2026-08-31T19:50:05.000Z,7.820299500831962,3.2731515910085505,3.0691690866652452,3.0551571970032576,-0.6231986162071972,-6.231990748722165,380,session_close,2.0423254815048697,-6.206605021491041,-0.5804798674306184
GME,2026-08-31T13:30:05.000Z,2026-08-31T19:50:05.000Z,4.644655847789592,18.73376660931192,18.346325764224076,0.533795483115339,-0.20681417308228134,-2.068141731280356,380,session_close,0.03327355794524589,-2.689083406545245,-0.19750432875267698
PURR,2026-08-31T13:30:05.000Z,2026-08-31T19:50:05.000Z,5.4263565891472965,12.26246592167351,12.047585535250642,0.8154966596108387,-0.17523423734373497,-1.7523423738374986,380,session_close,1.0400361488555054,-7.685778110973029,0.29357879745990445
ATTO,2026-08-31T15:00:05.000Z,2026-08-31T19:50:05.000Z,-2.0772946859903163,20.376548451952914,21.41462553484113,0.49076023022959847,0.5094469481942903,5.094469680848839,290,session_close,5.120845419465936,-1.4062658974290154,0.338624558858422
AEHL,2026-08-31T15:00:05.000Z,2026-08-31T19:50:05.000Z,81.07344632768361,6.421291682250765,6.438704658457179,1.557319071057644,0.027117559930121025,0.2711755993664839,290,session_close,16.020270821721283,-6.093659992620227,-0.23359786065864796
CVKD,2026-08-31T15:05:05.000Z,2026-08-31T19:50:05.000Z,3.2467532467532534,1.6103690967963622,1.8595810618815636,6.20975647933427,1.5879082439829304,15.879082546297147,285,session_close,31.64683824456691,-5.6117008812539115,1.1689866572346777
BMNR,2026-08-31T15:05:05.000Z,2026-08-31T19:50:05.000Z,1.5126050420168013,24.17483894363052,25.15496666946282,0.41365322114070796,0.40543299091984775,4.054329909364464,285,session_close,4.075150443263031,-0.930053532744457,0.430199349986335
COOT,2026-08-31T15:05:05.000Z,2026-08-31T19:50:05.000Z,33.54347826086956,0.6160321676433855,0.6206597316307501,16.232918496685205,0.07511886904508393,0.7511886928027063,285,session_close,13.46810064708237,-7.991817672723467,0.04220558809138275
NCRA,2026-08-31T15:05:05.000Z,2026-08-31T19:50:05.000Z,28.835978835978835,2.4504983355285668,2.749435403345802,4.080802605778608,1.2770244639806956,12.77024464864254,285,session_close,35.07456634472843,0,1.572129203876207
TCAN,2026-08-31T13:30:05.000Z,2026-09-01T13:30:05.000Z,7.837866896032697,20.186535190549584,19.665267301757783,0.4953796926822908,-0.2582255265548289,-2.582255369092933,1440,time,0.31439179062351386,-2.5588105421449514,-0.158521501658333
BLSM,2026-09-01T13:30:05.000Z,2026-09-01T13:40:05.000Z,9.781420765027327,20.21654119100903,18.536081082156638,0.4946444352352642,-0.8312302414786812,-8.312302747414316,10,stop,0,-8.292918037604979,-0.5935733222823174
FTCI,2026-09-01T13:30:05.000Z,2026-09-01T13:45:05.000Z,8.936170212765958,2.5808819071170888,2.369012414590376,3.8746443561520723,-0.8209189334594316,-8.209189732488632,15,stop,0,-8.170924308297744,-0.5811966534228112
AMBR,2026-09-01T13:35:05.000Z,2026-09-01T14:00:05.000Z,8.62068965517242,1.2702582705183671,1.0497884471329517,7.872414787807104,-1.735629897884565,-17.35629899071203,25,stop,0,-17.339644671511103,-1.7319312533175637
ATER,2026-09-01T13:35:05.000Z,2026-09-01T14:05:05.000Z,9.999999999999986,0.44704728,0.3854368586614937,18.400000000000002,-1.1336317526285162,-13.781634313602426,30,stop,0,-13.745141229804592,-0.5520000000000005
ZEO,2026-09-01T13:45:05.000Z,2026-09-01T14:15:05.000Z,9.29743374000842,0.265284105,0.2258544992209829,27.25,-1.0744567574782153,-14.863161808739758,30,stop,18.81601425008106,-14.846010091709038,-0.8992500000000012
BGIN,2026-09-01T13:45:05.000Z,2026-09-01T14:30:05.000Z,9.162303664921478,2.131713623251177,1.967815033540289,4.6910593563996175,-0.7688580127639622,-7.688583866200485,45,rotation_for_stronger_continuation,0,-7.586085742818483,-0.5629271227679542
GPRO,2026-09-01T14:30:05.000Z,2026-09-01T14:45:05.000Z,76.90025108422735,1.560312127459499,1.4197157818896113,6.408974091689309,-0.9010783361436077,-9.01078336158335,15,stop,0,-8.992567896524362,-0.3845384455013594
FLYE,2026-09-01T14:30:05.000Z,2026-09-01T15:15:05.000Z,44.11764705882351,1.970395801215247,1.7496435759719982,4.684915141184512,-1.0342054424922702,-11.203445780137132,45,stop,3.024986083912262,-11.185356824213555,-0.7964355740013662
SST,2026-09-01T13:30:05.000Z,2026-09-01T19:50:05.000Z,8.92857142857142,2.4607257944388694,2.599148985337636,4.063841547179246,0.5625299142675315,5.6252993003770175,380,session_close,9.317340683764108,-7.344410126772427,0.4876609856615115
CAPR,2026-09-01T13:30:05.000Z,2026-09-01T19:50:05.000Z,8.779011099899092,10.83222677038839,9.918007783726459,0.9231712186640536,-0.8439806560425108,-8.439806570160563,380,stop,0,-8.421415002888477,-0.4431221849587459
RGTZ,2026-09-01T13:30:05.000Z,2026-09-01T19:50:05.000Z,8.479532163742686,3.721060365510287,3.7191173817231693,2.6874059475953933,-0.005221586185581416,-0.05221586312135002,380,session_close,1.5839472811570499,-2.715902339209375,0.18811841633167603
BMNZ,2026-09-01T13:30:05.000Z,2026-09-01T19:50:05.000Z,8.347826086956523,6.253723773058038,6.668113948092419,1.599046904716199,0.6626293267335306,6.626294829644294,380,session_close,8.095596244961678,-0.8590685327274583,0.8794757975939103
MSTZ,2026-09-01T13:35:05.000Z,2026-09-01T19:50:05.000Z,9.7938144329897,5.331068940655923,5.328926204414057,1.8757964134793885,-0.004019336957524141,-0.040193369579687825,375,session_close,2.7936434700421175,-4.89712182607418,0.018757964134795913
CRCD,2026-09-01T13:35:05.000Z,2026-09-01T19:50:05.000Z,9.302325581395344,2.3604891821124783,2.3892688745022745,4.236410003778333,0.12192257674579611,1.2192257692975483,375,session_close,3.7920452491722934,-3.4098517681172336,0.1270923001133486
GDXD,2026-09-01T13:35:05.000Z,2026-09-01T19:50:05.000Z,8.343023255813954,18.66374527049813,19.136099226962838,0.535798139850308,0.2530863712247241,2.5308637126084257,375,session_close,2.551763981984312,-6.181745698822083,0.14466549775958448
LITZ,2026-09-01T13:45:05.000Z,2026-09-01T19:50:05.000Z,9.884467265725272,8.5817409201679,8.537926141148082,1.1652647274176013,-0.051055816531389374,-0.5105581656147186,365,session_close,2.543296073168233,-1.4186040023859925,-0.034957941822526095
CRK,2026-09-01T13:45:05.000Z,2026-09-01T19:50:05.000Z,9.632709632709634,15.833173812154605,15.976793110128117,0.6315853105417238,0.09070783891038482,0.9070783891935804,365,session_close,1.1799667587933271,-3.6832401328590336,0.10736950279209267
CAST,2026-09-01T13:45:05.000Z,2026-09-01T19:50:05.000Z,9.375,1.410301200077309,1.4095338094278484,7.090683869778487,-0.005441324499948545,-0.05441324515773323,365,session_close,3.523984799840396,-4.984835868639637,0.14181367739556983
SSM,2026-09-01T14:30:05.000Z,2026-09-01T19:50:05.000Z,48.50746268656718,3.9908038393992196,4.619073482403182,2.505760844050297,1.5742934709447869,15.74293471408864,320,session_close,15.766151029249809,-4.781087898019654,1.8793206330377217
BIAF,2026-09-01T14:30:05.000Z,2026-09-01T19:50:05.000Z,45.06578947368423,6.631327374521617,6.728633337613985,0.6618103907258283,0.06439809745411312,1.4673678073296403,320,session_close,4.051566304970211,-6.80598843989626,-0.013236207814516732
GAME,2026-09-01T13:45:05.000Z,2026-09-01T19:55:05.000Z,9.122807017543867,3.1414016483780385,2.969338001075972,3.1832920523100157,-0.547767984881257,-5.477680451140836,370,session_close,0.27371067390891124,-6.4112033710183365,-0.4238279668003031
SMZ,2026-09-01T13:35:05.000Z,2026-09-02T13:35:05.000Z,8.45619386544656,19.264660865737223,17.775290333193766,0.5190851771584322,-0.7731101667398691,-7.731101745955714,1440,time,1.3254276109106344,-7.966197154639055,-0.8201545799103229
UPC,2026-09-02T13:35:05.000Z,2026-09-02T13:50:05.000Z,7.962529274004693,4.65119035001613,4.209130132246804,2.1499872299716816,-0.9504238230825511,-9.504238367019163,15,stop,1.4793987088408844,-9.48553632113981,-0.7094957858906543
MOVE,2026-09-02T13:40:05.000Z,2026-09-02T13:55:05.000Z,9.289617486338786,14.07292309998772,12.496774321460322,0.710584426053072,-1.1199867751641424,-11.199867769680163,15,stop,3.8874432562823857,-11.176946600305747,-0.7461136473557257
AXTL,2026-09-02T13:40:05.000Z,2026-09-02T13:55:05.000Z,9.183673469387754,2.1605642405859444,1.999579496675343,4.628420508058144,-0.7451050902003158,-7.451051021141697,15,rotation_for_stronger_continuation,1.3624107472070657,-7.431588358715013,-0.5091262558863949
BRNX,2026-09-02T13:40:05.000Z,2026-09-02T14:00:05.000Z,9.659090909090896,3.8810584088329847,3.5492460240904524,2.576616672073583,-0.8549533225281029,-8.549533394997438,20,stop,0,-8.530106325622977,-0.5410895011354526
LHAI,2026-09-02T13:40:05.000Z,2026-09-02T14:50:05.000Z,44.371345029239784,1.190238525550887,1.0797835469047932,8.401677297822781,-0.9280070865223861,-9.280070866045197,70,stop,0.8201275827964816,-9.261885175483153,-0.6721341838258201
AXTX,2026-09-02T13:40:05.000Z,2026-09-02T15:15:05.000Z,9.072978303747515,5.541109432673477,5.088908794022325,1.8046927462786853,-0.8160832124363228,-8.160832124785774,95,stop,2.867486543211273,-8.141139209658698,-0.7940648083626218
LGPS,2026-09-02T13:35:05.000Z,2026-09-02T15:35:05.000Z,7.76699029126211,1.1303899853919281,1.029631757550297,8.846503975170757,-0.8991786031067152,-8.991786481319256,120,stop,0,-8.881004493075107,-0.8151503975170744
SST,2026-09-02T13:35:05.000Z,2026-09-02T15:50:05.000Z,8.450704225352123,3.110644562574169,2.829370785763749,3.21476780255846,-0.9042298813941528,-9.04229882753483,135,stop,1.5866627135627365,-9.022071050828318,-1.2537594429978007
EOSE,2026-09-02T13:35:05.000Z,2026-09-02T19:50:05.000Z,9.868421052631572,3.3506708495457302,3.6492672282421514,2.9844769744685675,0.8911540168791657,8.911540169244127,375,session_close,9.530304968557646,-2.1091552324607354,1.1341012502980554
MAIA,2026-09-02T13:35:05.000Z,2026-09-02T19:50:05.000Z,8.846153846153836,1.4303450455207696,1.3482459933996784,6.991319983737764,-0.5739807437401128,-5.739807494575546,375,session_close,0.6750087686510087,-5.617179279389672,-0.4893923988616411
CBRG,2026-09-02T13:40:05.000Z,2026-09-02T19:50:05.000Z,9.328358208955233,2.9505906255426595,3.009348110781507,3.389151959274724,0.19913804621929643,1.9913804622774909,370,session_close,3.0302195663248543,-5.442660332221594,0.40669823511296777
MMED,2026-09-02T13:45:05.000Z,2026-09-02T19:50:05.000Z,5.48617305976804,23.684740593233027,23.865177870969976,0.42221277282930697,0.07618292335508918,0.761829233580469,365,session_close,2.9776952970659742,-0.7799983812607603,-0.016888510913171118
QFIN,2026-09-02T13:45:05.000Z,2026-09-02T19:50:05.000Z,0.7756563245823411,8.461766722810859,8.508226409728021,1.1817862993789505,0.05490542147213734,0.5490542157339064,365,session_close,1.7518005641722567,-0.6117720389444026,0.011817862993789063
LCID,2026-09-02T13:45:05.000Z,2026-09-02T19:50:05.000Z,-0.219780219780219,4.550930634762358,4.689042432929969,2.197352759969751,0.30348034088798426,3.0348034116943317,365,session_close,5.253197300163315,-0.899390433457925,0.3296029139954637
RIVN,2026-09-02T13:45:05.000Z,2026-09-02T19:50:05.000Z,0.19311232700354175,15.583117457528344,15.60687565088545,0.17862299852877056,0.004243759737072482,0.15246110684757488,365,session_close,0.42919873160132127,-1.175101567625536,0.019648529838165008
GME,2026-09-02T13:55:05.000Z,2026-09-02T19:50:05.000Z,1.1430090377458901,19.043835086005032,18.986186581069145,0.5251043160147919,-0.030271478753634427,-0.30271478762306697,355,session_close,0,-1.595451150636762,-0.02100417264059118
AAL,2026-09-02T13:55:05.000Z,2026-09-02T19:50:05.000Z,1.3513513513513598,13.13262730290209,13.107376071750569,0.603808290771832,-0.015246902721484837,-0.1922785941389027,355,session_close,1.5029185900546693,-0.6291757239149764,-0.024152331630873825
VIOT,2026-09-02T13:55:05.000Z,2026-09-02T19:50:05.000Z,41.339110698442184,1.3802763734854244,1.7896385096756142,6.7051026354892285,2.743139777742153,29.639880862744338,355,session_close,31.13315816813216,-2.9179934003883523,2.7457395292328393
CCL,2026-09-02T14:00:05.000Z,2026-09-02T19:50:05.000Z,1.9371502367627969,23.694743720945834,23.67525985486652,0.38595253811239294,-0.007519847565552582,-0.082228642389109,350,session_close,0.6130316527785951,-1.4549375380712992,-0.027016677667868194
TGHL,2026-09-02T13:35:05.000Z,2026-09-02T19:55:05.000Z,7.732696897374702,0.918054824001446,0.8853455596887735,10.892594883283039,-0.35628876508816915,-3.562887907947096,380,session_close,7.684200785643158,-4.341224833146051,-0.2962785808252981
GPUS,2026-09-03T13:30:05.000Z,2026-09-03T13:40:05.000Z,8.366935483870975,0.2157356543454872,0.19726019990365465,46.35301165405358,-0.8563929550562,-8.56393186276259,10,stop,0,-8.545483314484326,-0.7231069818032356
GPRK,2026-09-03T13:30:05.000Z,2026-09-03T13:45:05.000Z,9.92301112061591,12.932643499171494,12.507479739038832,0.7732371182698091,-0.328752400677736,-3.287524009765671,15,rotation_for_stronger_continuation,0,-3.268036416518949,-0.363421445586809
MIMI,2026-09-03T13:35:05.000Z,2026-09-03T13:50:05.000Z,66.9527227336558,1.08021618349396,0.9484097218386067,9.257406204853336,-1.2201859559680315,-12.201859560095208,15,stop,0,-12.184244737775307,-1.2034628066309327
CHPT,2026-09-03T13:45:05.000Z,2026-09-03T13:55:05.000Z,49.71098265895952,7.781556451467056,7.0585873761792595,1.0278268437918479,-0.7430870228121667,-9.290802936364937,10,stop,0,-9.272649449597214,-0.6064178378371903
RCAX,2026-09-03T13:30:05.000Z,2026-09-03T14:20:05.000Z,8.787275267280537,3.2408082164423657,3.1485573079010445,3.085650001113207,-0.2846540160432222,-2.846540195537727,50,rotation_for_stronger_continuation,0,-3.1105887701379897,0.1851390000667923
MIMI,2026-09-03T14:20:05.000Z,2026-09-03T14:30:05.000Z,59.151193633952246,1.0302070721941805,0.9451102236247015,9.43047870983477,-0.8025040187085047,-8.260169325787674,10,stop,0,-8.241748138395288,-0.8204516477556254
DSS,2026-09-03T13:45:05.000Z,2026-09-03T14:50:05.000Z,63.043478260869556,0.9061813872490517,0.7891419345893262,11.03531824896988,-1.2915676077853149,-12.915676078387467,65,stop,19.181437093805222,-12.898233057277352,-2.047051535183913
WCT,2026-09-03T13:35:05.000Z,2026-09-03T15:40:05.000Z,5.000000000000004,1.2906129449374633,1.179120130891037,7.748255379045798,-0.8638747961601746,-8.638749090791785,125,stop,0,-8.570574576316769,-0.6973429841141225
SPWH,2026-09-03T13:35:05.000Z,2026-09-03T17:25:05.000Z,2.34375,1.3203446241107526,1.2093983346184372,7.573780101011749,-0.8402827996379877,-8.402828130347967,230,stop,0,-8.357259316677968,-0.6816402090910589
MSTP,2026-09-03T13:30:05.000Z,2026-09-03T19:50:05.000Z,8.294650639531342,21.42553367713757,25.964517403536856,0.4667328244887618,2.1184926949308647,21.184927268545366,380,session_close,21.81726902723731,0,2.2356502293011697
MSTX,2026-09-03T13:30:05.000Z,2026-09-03T19:50:05.000Z,8.255451713395633,13.92282488815243,16.91660047771654,0.7182450454109808,2.150264484276759,21.50264485558279,380,session_close,22.317131306388905,0,2.305566595769248
DRTS,2026-09-03T13:30:05.000Z,2026-09-03T19:50:05.000Z,4.605722260990919,15.06307465955629,14.58700461155712,0.6638750864295214,-0.31605104426195596,-3.160510445303697,380,session_close,0,-5.065862559953393,-0.2987437888932849
COSM,2026-09-03T13:35:05.000Z,2026-09-03T19:50:05.000Z,4.27998216674097,0.23639640782874843,0.2653947495530785,42.301771182707874,1.2266812163005816,12.266828413626833,375,session_close,14.045726191958519,-5.286208848740692,1.2944341981908618
SUPX,2026-09-03T13:35:05.000Z,2026-09-03T19:50:05.000Z,-2.392344497607646,8.232813824964754,8.728194931888149,1.214651482173022,0.6017153957650136,6.017154249513416,375,session_close,12.233802396710436,-1.127364555278898,0.012146514821729681
HLN,2026-09-03T13:35:05.000Z,2026-09-03T19:50:05.000Z,-0.4540867810292837,9.87197643276864,9.78803169002322,1.0129683825331,-0.0850333702809867,-0.8503337028518283,375,session_close,0,-1.9446605659572125,-0.08103747060264865
MIST,2026-09-03T13:45:05.000Z,2026-09-03T19:50:05.000Z,3.8135593220339103,1.230262177781391,1.2097425947905431,8.12834869881473,-0.16679032570387836,-1.667903261713859,365,session_close,0,-3.2726502129812873,-0.16256697397629516
ALMS,2026-09-03T13:45:05.000Z,2026-09-03T19:50:05.000Z,5.21739130434784,10.912186336697735,11.247746255040218,0.9164066384729461,0.30750933677449105,3.0750933679898163,365,session_close,8.685827331547324,-1.9444896755854701,0.26575792515715335
DLTH,2026-09-03T13:45:05.000Z,2026-09-03T19:50:05.000Z,10.91160220994476,4.030835443492944,4.45899228904714,2.3993159014448575,1.0272835278506522,10.622037330880818,365,session_close,11.88747502160079,-3.990126755300416,0.9837195195923911
BULL,2026-09-03T14:00:05.000Z,2026-09-03T19:50:05.000Z,7.1111111111111125,9.651932908085337,9.938006980868225,1.036061905384733,0.2963904489286101,2.963904489464972,350,session_close,5.263889593441529,-0.6416632676078393,0.31081857161541926
APPS,2026-09-03T14:00:05.000Z,2026-09-03T19:50:05.000Z,7.719836400818014,10.55213121817691,10.717850322679665,0.5719052877755157,0.09477563215054839,1.5704799445375492,350,session_close,3.012365703674469,-2.9579921981944146,0.11438105755510275
MODD,2026-09-04T13:30:05.000Z,2026-09-04T13:50:05.000Z,9.941520467836252,3.8013178422258704,3.4687223418961843,2.630666496738138,-0.8749478396831635,-8.749478842183162,20,stop,0,-8.715867916792408,-0.8418132789562041
WETH,2026-09-04T13:30:05.000Z,2026-09-04T14:05:05.000Z,9.166666666666679,1.321914,1.2082455,5,-0.5683424999999998,-8.59878176643866,35,stop,0,-8.466057549886008,-0.25
GME.WS,2026-09-04T13:30:05.000Z,2026-09-04T14:10:05.000Z,9.642857142857153,3.0918672447931153,2.8272123876805755,3.2342907265122576,-0.855970750085514,-8.559709591614387,40,stop,0,-8.469550082854138,-0.38811488718147125
RDIB,2026-09-04T14:05:05.000Z,2026-09-04T14:10:05.000Z,33.10294652600947,18.463713569972967,16.89649905202263,0.41966801141777604,-0.6577098002132863,-8.488078587284061,5,stop,0,-8.46911735305509,-0.8603194234064411
BAOS,2026-09-04T14:10:05.000Z,2026-09-04T14:25:05.000Z,27.075169219807638,0.3576717047538098,0.328533652376628,17.432038606562784,-0.5079356539590818,-8.14659141047736,15,stop,0.3713727500766151,-8.128041544080277,-0.2301029096066287
ATER,2026-09-04T13:45:05.000Z,2026-09-04T14:30:05.000Z,32.11974110032363,0.8200644533038419,0.7480494919880974,12.194163469169734,-0.8781622105101228,-8.781622106117824,45,stop,11.89364400605475,-8.763268913110112,-1.2767289152220709
OFAL,2026-09-04T13:45:05.000Z,2026-09-04T14:50:05.000Z,23.82495948136143,0.8425688895397464,0.7653459301760756,11.868465739920707,-0.9165180475430165,-9.1651804763233,65,stop,0.988774990826502,-9.146894752053491,-0.6836236266194327
IMRN,2026-09-04T13:45:05.000Z,2026-09-04T14:55:05.000Z,67.56756756756756,1.8703744427740758,1.6996592120179632,5.346523012095011,-0.912732909752666,-9.127329097959313,70,stop,0,-9.109108790076403,-0.8554436819352027
NIKI,2026-09-04T13:45:05.000Z,2026-09-04T15:35:05.000Z,20.583717357910913,7.891605206830096,7.138403829201949,1.2671693186490212,-0.9544336764945633,-9.544336771640069,110,stop,17.846746717017137,-9.524110584999745,-0.9503769889867648
CRCD,2026-09-04T13:30:05.000Z,2026-09-04T15:45:05.000Z,9.969788519637458,1.8303980237842459,1.6796431723437575,5.4632925910137455,-0.8236178629341981,-8.236178660683382,135,stop,0,-8.216684121703022,-0.4370634072810997
SOAR,2026-09-04T13:30:05.000Z,2026-09-04T19:50:05.000Z,9.218255761409843,0.243476626026158,0.23485121212839025,41.0717028645785,-0.3542604366931228,-3.5426044949551225,380,session_close,0.46138883726822844,-7.0136613542210675,-0.1930370034635196
BMNZ,2026-09-04T13:30:05.000Z,2026-09-04T19:50:05.000Z,8.92116182572613,5.271257866509662,5.378395723991912,1.8970803859205687,0.2032491280191304,2.032491298954251,380,session_close,4.149714148497496,-0.7826949004295258,0.4173576849025249
ETHA,2026-09-04T13:45:05.000Z,2026-09-04T19:50:05.000Z,-2.8128286014721393,18.493698874192514,18.526286932176777,0.54072471212669,0.01762116827230862,0.17621168272475246,365,session_close,0.4125790428758602,-0.7770153238141009,0.010814494242534778
CDTG,2026-09-04T13:45:05.000Z,2026-09-04T19:50:05.000Z,21.151494942758696,1.1002201900920663,1.2997294234317531,9.089089701959885,1.831534263827344,18.31534263890688,365,session_close,41.78979935547807,0,1.2702002858488939
SNAP,2026-09-04T14:05:05.000Z,2026-09-04T19:50:05.000Z,-2.1052631578947434,5.591121673788079,5.468901746435781,1.7885498799932864,-0.21859643639873982,-2.185964364275611,345,session_close,0,-2.3451765394910784,-0.21462598559919321
UGP,2026-09-04T14:05:05.000Z,2026-09-04T19:50:05.000Z,1.1871508379888374,7.261457480514424,7.268523582256622,1.377134001723355,0.00973096896881722,0.09730968970291637,345,session_close,0.9439223416167541,-0.43321166031525804,0.041314020051700595
FMS,2026-09-04T14:05:05.000Z,2026-09-04T19:50:05.000Z,0.8010680907877266,22.68467833965906,22.665119002451714,0.44082617515338346,-0.00862226780965025,-0.08622267820810303,345,session_close,0.24387235962795017,-0.7259452269647526,0.008816523503066165
AOUT,2026-09-04T14:05:05.000Z,2026-09-04T19:50:05.000Z,43.15684315684316,14.342872281577568,14.49701475926575,0.6972104194392351,0.1074697415223807,1.074697415288066,345,session_close,1.6532791603185881,-3.1574727340997866,0.14641418808223783
GPRO,2026-09-04T14:10:05.000Z,2026-09-04T19:50:05.000Z,29.496402877697857,1.810362115615249,1.6696645162273664,5.523756774193073,-0.7771793177315192,-7.771793177414489,340,session_close,7.713257098141124,-7.75326186979709,-0.6628508129031694
PL,2026-09-04T14:25:05.000Z,2026-09-04T19:50:05.000Z,-1.0626702997275195,18.163632842237273,18.076382194468156,0.31530098423150604,-0.027510215116439207,-0.4803590147793945,325,session_close,1.1361557434856673,-1.7817627401315095,-0.012612039369259698
PDSB,2026-09-08T13:35:05.000Z,2026-09-08T13:45:05.000Z,182.7727272727273,0.6237247641777135,0.5691860773900183,16.03271278324467,-0.8744031008424586,-8.744031008548495,10,stop,0,-8.725766123694678,-0.6525314102780584
WYHG,2026-09-08T13:30:05.000Z,2026-09-08T13:55:05.000Z,35.46798029556653,5.5111093740168595,5.048985527824194,1.814516700476473,-0.8385314366050123,-8.3853143683091,25,stop,0,-8.366906601252456,-1.1431455213001787
BNC,2026-09-08T13:30:05.000Z,2026-09-08T14:05:05.000Z,54.44126074498568,5.401082782662554,4.879023615019066,1.8514806014577077,-0.9665824217050755,-9.665824218049297,35,stop,0,-9.647746639529897,-0.5924737924664676
TWG,2026-09-08T13:35:05.000Z,2026-09-08T14:05:05.000Z,20.216851140727353,0.5337106750636479,0.4794000543443231,18.736743430206005,-1.0176041659532191,-10.176041675173158,30,stop,0,-10.157315114070553,-1.034268237347371
MESHW,2026-09-08T13:40:05.000Z,2026-09-08T14:20:05.000Z,39.47368421052633,0.5352750249999999,0.47240074788124226,15,-0.9431141567813648,-11.746163034368672,40,stop,0.3035775861203627,-11.727620768407776,-0.9495000000000005
GMEX,2026-09-08T13:30:05.000Z,2026-09-08T14:35:05.000Z,10.616271357693474,0.8227814230144015,0.7290505530270648,12.153896132041316,-1.139195258191959,-11.391952633536318,65,stop,2.724730573457057,-11.373789003590995,-1.0306503919971028
ISPC,2026-09-08T13:35:05.000Z,2026-09-08T14:35:05.000Z,24.675324675324674,1.9303870805278789,1.7496350522039825,5.18030818779765,-0.936351212287313,-9.363512123924306,60,stop,0,-9.344606703363901,-0.7252431462916711
ARBE,2026-09-08T13:30:05.000Z,2026-09-08T16:40:05.000Z,29.897718332022038,0.8273682026935684,0.7584417513529408,12.086517176577885,-0.833080738049055,-8.330807386147013,190,stop,1.3212735600476533,-8.311680636225505,-0.6284988931820479
GRMLW,2026-09-08T13:35:05.000Z,2026-09-08T16:45:05.000Z,24.262131065532767,0.253066415,0.19811232,10,-0.5495409499999998,-21.715285688936632,190,stop,0,-21.601608020566452,
NUR,2026-09-08T16:45:05.000Z,2026-09-08T17:10:05.000Z,92.65536723163844,3.4206876437947358,3.099377990076177,2.9233888151110796,-0.9393130478680486,-9.393130480692303,25,stop,0,-9.374946712146482,-0.5846777630222153
PDSB,2026-09-08T16:45:05.000Z,2026-09-08T17:40:05.000Z,41.22727272727271,0.3112627354196398,0.28534197007803835,32.12719949694433,-0.8327615992431093,-8.32761599510312,55,stop,2.1323672335565647,-8.308972606300602,-0.9830923046064957
MOBX,2026-09-08T13:30:05.000Z,2026-09-08T19:50:05.000Z,27.405655305881083,1.1902407858830233,1.2897270640219285,8.401661339344143,0.8358500168348783,8.35850017230738,380,session_close,20.143757209521485,-5.061226820448061,1.4282824276885044
TRUG,2026-09-08T13:30:05.000Z,2026-09-08T19:50:05.000Z,7.560590094836672,0.41012879301317695,0.4299025475258771,24.382583744216237,0.4821352253434848,4.8213524262523135,380,session_close,8.843857735601057,-7.248648112404476,0.560799426116974
SLDP,2026-09-08T13:35:05.000Z,2026-09-08T19:50:05.000Z,4.970178926441338,2.650541449266185,2.579438258175653,3.772814039162711,-0.2682591175756289,-2.6825911781239062,375,session_close,0,-3.4159605121908965,-0.1886407019581373
AEO,2026-09-08T16:45:05.000Z,2026-09-08T19:50:05.000Z,-1.0638297872340607,17.22346929854684,17.236548056729525,0.5806031191337533,0.007593567795263914,0.07593567797511054,185,session_close,0.09597776828014215,-1.1232887822615445,0.005806031191337269
GCDT,2026-09-08T16:45:05.000Z,2026-09-08T19:50:05.000Z,78.80245923549856,0.6697343487731026,1.0097974887959273,14.931293306121507,5.1372960885659005,51.372960892258,185,session_close,62.75109705763025,-0.90100631454203,5.009448904203765
BNC,2026-09-08T16:45:05.000Z,2026-09-08T19:50:05.000Z,51.28939828080226,5.2910636126859805,5.398912905483609,1.889979166738977,0.20383291653505017,2.0383291657852425,185,session_close,2.058875025672191,-3.800060392468263,0.1889979166738982
INDP,2026-09-08T16:45:05.000Z,2026-09-08T19:50:05.000Z,47.54098360655738,1.8103710821102363,1.8396230584666617,5.523729410247994,0.16158000210786597,1.6158000227405427,185,session_close,2.741367136284256,-5.544226987609635,0.2209491764099205
VVOS,2026-09-08T13:40:05.000Z,2026-09-08T19:55:05.000Z,-0.5364806866952843,0.18693565970117387,0.17855456813944934,53.494269689964256,-0.4922327353066892,-4.922333951590437,375,session_close,1.0508109057235204,-6.81285728016392,-0.42912269689964333
IDAI,2026-09-08T13:35:05.000Z,2026-09-09T13:45:05.000Z,3.7151702786377694,3.361171825656051,3.3967911201925993,2.97515271458884,0.10597284083215054,1.0597284632896073,1450,time,4.427865698740341,-4.7951081948805925,0.11900610858355343
AGRZ,2026-09-09T14:15:05.000Z,2026-09-09T14:25:05.000Z,39.86754966887418,0.3178637679487698,0.2824431148001064,31.46001843248459,-1.1143344009475933,-11.143344010938717,10,stop,0,-11.125447916564502,-0.7109964165741491
GOW,2026-09-09T13:45:05.000Z,2026-09-09T14:40:05.000Z,8.951707891637216,9.31433609491873,9.115728160782446,1.0736136919089396,-0.21322819741046323,-2.1322822379646666,55,rotation_for_stronger_continuation,0,-4.877815125938878,-0.5475429828735585
UFG,2026-09-09T14:40:05.000Z,2026-09-09T14:45:05.000Z,45.88398749565823,0.8414684544308602,0.7451507959552492,9.833047818585628,-0.9470961415648814,-11.44637781350423,5,stop,0,-11.428646424529987,-0.9272564092926237
IRD,2026-09-09T14:15:05.000Z,2026-09-09T14:50:05.000Z,49.76958525345623,6.511303851193065,5.9888014775070895,1.5357907153416412,-0.8024542942508902,-8.024542942965834,35,stop,0.13355464597679667,-8.006136145797383,-1.0289797792789006
DXLG,2026-09-09T13:45:05.000Z,2026-09-09T15:10:05.000Z,7.619047619047636,0.690099195,0.6352630731118274,12.5,-0.6854515236021583,-7.946121700398832,85,rotation_for_stronger_continuation,0,-7.926280076301218,-0.9837500000000006
MGN,2026-09-09T14:40:05.000Z,2026-09-09T15:15:05.000Z,411.6533864541833,0.5148033106304355,0.4414109908922523,19.424894502540745,-1.425638068210948,-14.25638068416964,35,stop,14.742851843089412,-14.239090758889494,-1.388879956931662
OLB,2026-09-09T14:40:05.000Z,2026-09-09T16:10:05.000Z,33.05270863836016,0.3640749446322477,0.32783222538977674,26.881197670810792,-0.97424770008456,-9.95474140058711,90,stop,5.115720167605997,-9.936125834967303,-1.0429904696274583
SGLY,2026-09-09T13:45:05.000Z,2026-09-09T19:50:05.000Z,9.493670886075932,1.750386605855541,1.8892002181809897,5.71302358024545,0.7930454404743384,7.9304544413832705,365,session_close,9.690053247497076,-2.307296326447905,0.7426930654319079
AVO,2026-09-09T13:45:05.000Z,2026-09-09T19:50:05.000Z,8.93550893550894,14.042821337768013,13.30725925164221,0.7121076141014842,-0.5237993621745561,-5.2379936227452895,365,session_close,0,-5.432108829273597,-0.48423317758900986
MIMI,2026-09-09T13:45:05.000Z,2026-09-09T19:50:05.000Z,8.756065284516978,0.9904002503771846,0.9249482337302614,10.09692797601592,-0.6608642979689789,-6.608642982672556,365,session_close,5.008050997960245,-7.491945841989245,-0.5654279666568911
SSL,2026-09-09T13:45:05.000Z,2026-09-09T19:50:05.000Z,8.646616541353369,14.462901943898716,14.496820578302918,0.6914241718162762,0.02345216370206439,0.23452163705300366,365,session_close,1.8467805225905076,-1.0572009994385567,0.034571208590815417
SRPT,2026-09-09T14:15:05.000Z,2026-09-09T19:50:05.000Z,9.455587392550147,22.944594903740775,21.995589233870597,0.43583249307081756,-0.41360750703786114,-4.136075070627886,335,session_close,0.24147341232942932,-4.116851518641429,-0.33123269473382244
YMAT,2026-09-09T14:15:05.000Z,2026-09-09T19:50:05.000Z,44.1509433962264,1.9203896259403437,2.079578119138562,5.207276616670091,0.8289385182740272,8.289385187668334,335,session_close,12.997902648918513,-6.269020844215056,0.937309791000617
SUNE,2026-09-09T14:15:05.000Z,2026-09-09T19:50:05.000Z,43.459915611814345,3.410682180506977,4.619075026784875,2.9319647714603785,3.517315764089668,35.17315764126908,335,session_close,39.854719600140776,-2.9519660636339595,3.3864193110367378
AKTS,2026-09-09T14:40:05.000Z,2026-09-09T19:50:05.000Z,-1.8784972022382163,24.584987149811123,24.614998967372685,0.40675229696855736,0.012207375729366457,0.12207375736534457,310,session_close,1.077945856038065,-1.2405422380441067,-0.052877798605912574
BLCO,2026-09-09T15:10:05.000Z,2026-09-09T19:50:05.000Z,1.3536379018612488,18.03585752069506,17.666026271565578,0.5544510197484634,-0.2050533132146898,-2.050533215319115,280,session_close,0.022968019680713603,-2.0285008365987567,-0.16079079572705446
RBBN,2026-09-09T15:10:05.000Z,2026-09-09T19:50:05.000Z,2.570694087403602,2.000497650095206,1.959506077713129,3.261513179875652,-0.13369455358797042,-2.049068759472225,280,session_close,0,-3.524005643888206,-0.09784539539626991
IRD,2026-09-09T15:10:05.000Z,2026-09-09T19:50:05.000Z,34.44700460829493,5.841170296371,5.838828743614735,1.3594516320568724,-0.0031832277160518995,-0.040087048270444875,280,session_close,1.863148960005745,-7.723970942112457,0
AMRX,2026-09-09T15:15:05.000Z,2026-09-09T19:50:05.000Z,0.9384164222873803,17.233527334031635,17.176553955191835,0.4975395783167986,-0.028346510883237155,-0.33059615559545036,275,session_close,0.5597964020856994,-1.0069171021591439,-0.019901583132670098
EZRA,2026-09-09T14:15:05.000Z,2026-09-09T19:55:05.000Z,0.18450184501843658,2.753047230344527,2.7890321665859394,3.632335046584697,0.1309796784728589,1.3097981024269538,340,session_close,4.611354583974414,-2.2900889476072384,-0.2116167523292365
RXT,2026-09-10T13:30:05.000Z,2026-09-10T13:40:05.000Z,8.641975308641946,3.530713890565751,3.1593661421448616,2.8322883998618176,-1.0517639201672895,-10.517639206426486,10,stop,0,-10.499686523915674,-0.5664576799723626
TNON,2026-09-10T13:35:05.000Z,2026-09-10T14:15:05.000Z,92.82786885245902,4.720944188296749,4.29913906393647,2.1182203392088974,-0.8934761936024822,-8.934761936096109,40,stop,2.5218644185286188,-8.916525413290689,-0.8261059322914708
WVVIP,2026-09-10T13:40:05.000Z,2026-09-10T14:15:05.000Z,9.425703720473955,2.930689925631766,2.848214415935956,3.412165793807463,-0.28142011301087894,-2.814201153608255,35,rotation_for_stronger_continuation,0,-7.871522797896679,-0.7847981325757178
IPDN,2026-09-10T14:15:05.000Z,2026-09-10T14:40:05.000Z,45.723421262989625,0.18273665241317352,0.16806607265580104,53.18352764276929,-0.7802331840616713,-8.028263385389062,25,stop,14.974197691307744,-8.009697135131699,-1.1008990222053239
DLXY,2026-09-10T13:35:05.000Z,2026-09-10T15:35:05.000Z,9.317776100999309,0.48129687,0.4615106642016807,20.75,-0.5265945602510361,-5.272847732509767,120,stop,0,-8.372560162296505,-0.5672250000000005
SKHQ,2026-09-10T13:35:05.000Z,2026-09-10T16:20:05.000Z,8.110992529348993,10.182894862275989,10.00717881581128,0.9820389874769566,-0.17256000835365665,-1.725600124927878,165,rotation_for_stronger_continuation,1.346425938579987,-3.26915741327396,-0.1571262379963141
SKHN,2026-09-10T13:30:05.000Z,2026-09-10T19:50:05.000Z,9.619450317124745,10.424582900675558,10.296704938725613,0.9592708927281893,-0.12266960671998543,-1.2266961965610945,380,session_close,0.3397459606959252,-4.360681909355801,0.17266876069107262
DBI,2026-09-10T13:30:05.000Z,2026-09-10T19:50:05.000Z,9.578544061302697,5.781710159747104,5.848812260128201,1.7295920134506453,0.11605925690490962,1.160592601965238,380,session_close,2.9107277190155267,-6.77498783100946,0.17295920134506382
SKDD,2026-09-10T13:30:05.000Z,2026-09-10T19:50:05.000Z,9.396914446002791,7.0314107476559204,6.998553970186995,1.4221897080864965,-0.04672857075719407,-0.4672857076352567,380,session_close,1.54434517113482,-3.57553777867029,0.17066276497038047
AHMA,2026-09-10T13:30:05.000Z,2026-09-10T19:50:05.000Z,9.375,1.4303348071624649,1.6796132201838951,6.991370041496298,1.784746275726192,17.84746289985415,380,session_close,34.234305869193335,0,1.510135928963198
GDXD,2026-09-10T13:30:05.000Z,2026-09-10T19:50:05.000Z,8.91210817455439,17.754388718789997,17.976362739107685,0.5632410127761396,0.12502487201372614,1.2502487347410987,380,session_close,1.2707352800675809,-2.671951855418919,0.016897230383284167
MUZ,2026-09-10T13:35:05.000Z,2026-09-10T19:50:05.000Z,8.031088082901562,8.351671958195524,8.38817043251876,1.1973650365562407,0.04370199704228708,0.43701997044338825,375,session_close,2.01550111938118,-1.5765939904561654,0.09578920292450022
SNDQ,2026-09-10T13:35:05.000Z,2026-09-10T19:50:05.000Z,8.026315789473681,12.332466649978798,12.077564025932045,0.8108677917983061,-0.20669232788438469,-2.06692327886564,375,session_close,1.277387196676294,-3.2634724374421054,-0.17028223627764305
OBIO,2026-09-10T13:40:05.000Z,2026-09-10T19:50:05.000Z,8.25688073394495,5.921270277655245,5.878318383828026,1.6888268057060027,-0.07253830965124541,-0.7253830987804076,370,session_close,1.8362567024690968,-2.0480449627992114,-0.10132960834236115
WLTH,2026-09-10T13:40:05.000Z,2026-09-10T19:50:05.000Z,8.03382663847778,10.24215183347985,10.837819334805225,0.43804749311650865,0.260930655686555,5.815843301387498,370,session_close,7.204034645417479,-1.778452774781436,0.26720897080106987
YSS,2026-09-10T14:15:05.000Z,2026-09-10T19:50:05.000Z,-1.3630731102849958,7.981607644612459,7.548478108660939,1.140938545049397,-0.49417418256644735,-5.426595182787263,335,session_close,0.6062983491828877,-5.407527704068393,-0.4449660325692655
F,2026-09-10T16:20:05.000Z,2026-09-10T19:50:05.000Z,3.4572490706319625,13.92278676959002,13.877220721627491,0.7182470122607659,-0.03272767780961725,-0.3272767781092062,210,session_close,0.05180881190922637,-0.522788797922269,-0.03591235061303699
TNON,2026-09-10T16:20:05.000Z,2026-09-10T19:50:05.000Z,72.74590163934427,4.220845590939665,5.318933963311716,1.9898055811712334,2.185977176657575,26.02768330189276,210,session_close,29.12104654334666,-1.4415497944363143,2.2668860083493314
DBGI,2026-09-10T16:20:05.000Z,2026-09-10T19:50:05.000Z,45.733333333333334,5.481101780909071,6.908605837132757,1.7929679365853,2.563951069046914,26.089715472035063,210,session_close,32.45512107231639,-0.3849915902414014,2.5473591959035637
SMZ,2026-09-10T13:35:05.000Z,2026-09-11T13:35:05.000Z,9.01156668323464,12.993017365672282,14.796591545923024,0.7696441591346801,1.388110333396102,13.881103438034398,1440,time,13.90733640595132,-7.026984879466758,1.754788682827071
SSM,2026-09-11T13:35:05.000Z,2026-09-11T13:50:05.000Z,9.64467005076144,2.221758747276199,2.0694122958100207,4.500936621221736,-0.7360230183273225,-7.360233635859335,15,stop,0,-9.081037602464647,-0.9551966904565639
GNLN,2026-09-11T13:35:05.000Z,2026-09-11T13:55:05.000Z,9.689922480620151,2.8608021380267585,2.628251496597849,3.49552303580709,-0.8128861241064673,-8.128861424485352,20,stop,0,-8.067742083902196,-0.7690150678775609
SWRD,2026-09-11T13:55:05.000Z,2026-09-11T14:05:05.000Z,129.14798206278024,5.1210244111675545,4.259147375366198,1.9527342962927667,-1.6830168469964573,-16.83016847023494,10,stop,0,-16.81351897659179,-1.113058548886876
FTFT,2026-09-11T13:55:05.000Z,2026-09-11T14:15:05.000Z,47.3170731707317,3.030607381007321,2.7694455880968256,3.299668595066486,-0.8617473662980191,-8.617473663767354,20,stop,0.3099252991839885,-8.59917990830933,-0.5939403471119693
PCLA,2026-09-11T14:15:05.000Z,2026-09-11T14:25:05.000Z,53.755144032921805,14.972996198381379,13.587279122641991,0.4979120884983477,-0.6899652832492217,-9.254774778405324,10,stop,0,-9.236602881999556,-0.5576615391181488
BFRI,2026-09-11T13:35:05.000Z,2026-09-11T14:40:05.000Z,8.56164383561644,1.6003260921579967,1.5292178769183495,6.2487264572163825,-0.44433578589342043,-4.443357862381639,65,rotation_for_stronger_continuation,0,-4.394485130412629,-0.24994905828865477
VIOT,2026-09-11T13:35:05.000Z,2026-09-11T15:00:05.000Z,8.823529411764696,1.5003147941725241,1.3792650144885987,6.665267861216538,-0.8068292061346105,-8.068292078042766,85,stop,3.978178850152214,-8.019303324865367,-0.7998321433459843
AENT,2026-09-11T14:00:05.000Z,2026-09-11T16:30:05.000Z,26.950998185117946,7.021410144593913,6.388705050108046,1.424215334570866,-0.9011082978278813,-9.011082979862877,150,stop,2.4010825736464403,-8.99264010492342,-0.6836233605940158
CLIK,2026-09-11T13:35:05.000Z,2026-09-11T17:05:05.000Z,8.799999999999986,1.3817710851221727,1.2196602797482334,7.23707870733051,-1.1732086577999365,-11.732102887332157,210,stop,0.5955338743464544,-11.70751703114915,-1.0855618060995766
APURR,2026-09-11T13:55:05.000Z,2026-09-11T17:05:05.000Z,105.1794871794872,0.4033139639135974,0.3662719074290349,24.794578569523402,-0.9184421798832085,-9.184422013341962,190,stop,0,-9.053483682856033,-1.2322905549053118
TNON,2026-09-11T13:55:05.000Z,2026-09-11T17:45:05.000Z,38.773584905660385,7.371475808780484,5.718855916730318,1.3565804540248527,-1.6351835658008014,-16.351835658811464,230,stop,36.33633563619662,-22.40359802596571,-1.348440971300704
SWRD,2026-09-11T14:40:05.000Z,2026-09-11T17:55:05.000Z,41.25560538116593,3.160633653000612,2.8894127375575986,3.0233381197407954,-0.8199925325298574,-8.581219629346295,195,stop,14.85038756560051,-8.562639100665159,-1.0279349607118693
KORU,2026-09-11T13:35:05.000Z,2026-09-11T19:50:05.000Z,9.68351440717996,23.234652254064525,23.11535768411385,0.4303916361697042,-0.051343385147232294,-0.5134338515000003,375,session_close,1.4002694870484333,-1.440315311824747,0.08177441087224402
ACVA,2026-09-11T13:55:05.000Z,2026-09-11T19:50:05.000Z,44.39058171745154,10.432087171543522,10.407911558223166,0.9585809469703346,-0.023174282310215386,-0.23174282310736183,355,session_close,0,-0.21172341814560403,-0.028757428409109664
TRUG,2026-09-11T13:55:05.000Z,2026-09-11T19:50:05.000Z,43.300080884335415,0.532306651412928,0.6705656403013053,18.78616390131628,2.608062099053337,26.080620992609138,355,session_close,30.28204666599761,-2.9131049502702733,2.3873926739890265
REF,2026-09-11T14:00:05.000Z,2026-09-11T19:50:05.000Z,4.220532319391634,13.753028025535038,13.78719481022805,0.7271125992700282,0.02484309962683524,0.24843099737435914,350,session_close,2.522876953502484,-3.657580167807939,-0.1745070238248072
XNCR,2026-09-11T14:00:05.000Z,2026-09-11T19:50:05.000Z,0.6801319043693299,24.46533833115904,24.334858381491248,0.40874153567079496,-0.05333257500146087,-0.5333257521381246,350,session_close,0.673040636561506,-2.0655276633368302,-0.05722381499391105
LAES,2026-09-11T14:00:05.000Z,2026-09-11T19:50:05.000Z,2.1008403361344463,2.440496125323294,2.3695041418994878,3.0435329827595714,-0.21606644306187492,-2.908916047322216,350,session_close,0.38942387894376207,-2.8885981252666504,-0.1521766491379788
GPK,2026-09-11T14:15:05.000Z,2026-09-11T19:50:05.000Z,1.1182108626198062,9.511983072941671,9.518084434376188,1.051305485464259,0.006414394744907925,0.06414394756308384,335,session_close,1.3458489788790162,-0.33623980085343286,0.021026109709284313
SNAP,2026-09-11T14:40:05.000Z,2026-09-11T19:50:05.000Z,0.6340579710145011,5.56111325841238,5.658866881333811,1.2165316925785146,0.11892038034829017,1.757806726442003,310,session_close,2.497462920351845,-0.02001862506030294,0.12165316925785241
NCT,2026-09-14T13:30:05.000Z,2026-09-14T13:35:05.000Z,68.99105832109969,0.5073028707016722,0.4641068038764554,19.712090295189107,-0.8514847696556965,-8.51484770142745,5,stop,0,-8.496476797392216,0.05716506185604864
BMM,2026-09-14T13:30:05.000Z,2026-09-14T13:50:05.000Z,21.631530705774505,6.661372379401383,6.0687682498122015,1.5011921595062663,-0.889612673030315,-8.89612674141534,20,stop,0,-8.877635804148298,-0.7656080013481947
ELMT,2026-09-14T13:30:05.000Z,2026-09-14T13:55:05.000Z,38.04817788758492,22.394496245843225,20.305934723226116,0.4465382872910136,-0.9326226852113554,-9.326226853639447,25,stop,0,-9.308073836356744,-0.5715690077324957
UZX,2026-09-14T13:30:05.000Z,2026-09-14T13:55:05.000Z,22.372446462054675,0.1124230055144081,0.10247911952634896,88.94976561670852,-0.8845063279571332,-8.84506328803382,25,stop,4.071225871118811,-8.826490155643796,-2.108109445115991
BMGL,2026-09-14T13:35:05.000Z,2026-09-14T14:10:05.000Z,68.99563318777294,7.761553453662294,7.098578335458678,1.2884018720384594,-0.8541783834084579,-8.541783834404837,35,stop,14.667766615722133,-8.523467081839653,-0.3865205616115386
LYNX,2026-09-14T13:40:05.000Z,2026-09-14T14:15:05.000Z,-0.3532182103610615,12.763163095451146,12.44698100677415,0.7835048260778593,-0.247730192397804,-2.4773019533824248,35,rotation_for_stronger_continuation,0,-3.002101380242539,-0.3134019304311426
AGMH,2026-09-14T14:15:05.000Z,2026-09-14T14:20:05.000Z,44.522144522144515,1.250250228921324,1.0397909553821427,6.520946619639211,-1.3723936883570482,-16.833372125895053,5,stop,0,-16.81665190357302,-1.2089835032811092
HAIN,2026-09-14T13:35:05.000Z,2026-09-14T16:15:05.000Z,7.152082660639336,0.666539889745626,0.604474952590678,15.002852992038546,-0.9311511280957957,-9.311511300341538,160,stop,11.486200815916959,-9.29275062131154,-0.8731660441366422
OPENL,2026-09-14T13:35:05.000Z,2026-09-14T16:20:05.000Z,34.58950201884252,0.10182349073618197,0.09245089694218397,98.20916427779906,0.8285811272455683,8.285811331244638,165,stop,165.75400042128487,-9.156522398489086,-0.9712886347074345
SCNI,2026-09-14T13:30:05.000Z,2026-09-14T19:50:05.000Z,40.963855421686745,2.3504741352255007,2.3395139830639224,4.254460768823146,-0.04662953739176712,-0.46629537408318716,380,session_close,7.637857489432687,-3.849186590467246,0.2978122538176198
SOAR,2026-09-14T13:30:05.000Z,2026-09-14T19:50:05.000Z,21.278825995807125,0.23194761457662283,0.22855225245073554,43.11318315268907,-0.14638486920308227,-1.4638486936306232,380,session_close,6.532675686721334,-4.892317861227324,0.11640559451226196
ONDS,2026-09-14T13:35:05.000Z,2026-09-14T19:50:05.000Z,-0.7607192254495243,7.181437663970176,7.238550749175325,1.3924788416262137,0.07952876272816622,0.7952876273185593,375,session_close,3.878921590134987,-0.9947543557828786,0.06962394208131073
DRCT,2026-09-14T13:35:05.000Z,2026-09-14T19:50:05.000Z,-1.7543859649122862,1.690377145531777,1.8794785031615944,5.91583953601851,1.1186932877812485,11.186932935627672,375,session_close,11.217783851932595,-0.6138952812517195,1.0648511164833323
ALLO,2026-09-14T13:40:05.000Z,2026-09-14T19:50:05.000Z,-0.2808988764045006,1.7803865631839417,1.7896094121732526,5.616757714029906,0.05180250820604501,0.5180250839917202,370,session_close,2.7866665499503895,-0.5833880910315892,0
FNB,2026-09-14T14:15:05.000Z,2026-09-14T19:50:05.000Z,0.7099945385035555,18.46377422003182,18.286333899810547,0.5416010763414923,-0.09610186841822022,-0.9610186850571585,335,session_close,0,-1.4827641237878275,-0.07582415068780968
FTFT,2026-09-14T14:15:05.000Z,2026-09-14T19:50:05.000Z,62.5,4.690939344915944,8.578280747665813,2.131769196773734,8.10415235551472,81.04152355980088,335,session_close,85.89027396934404,-7.481216854707218,8.356002309053842
NCT,2026-09-14T14:15:05.000Z,2026-09-14T19:50:05.000Z,49.30601895102096,0.44829333647059316,0.48680011358650516,22.306822719156077,0.858963850610705,8.589638520856742,335,session_close,18.248467437296647,-5.419071508368667,0.8476592633279303
ELMT,2026-09-14T14:15:05.000Z,2026-09-14T19:50:05.000Z,36.41136504014823,22.11443464435373,21.47568057643513,0.4409911374595045,-0.2816848829683079,-2.888403335609055,335,session_close,10.696928923074456,-3.999354532807564,-0.29546406209786724
CODA,2026-09-14T14:55:05.000Z,2026-09-14T19:50:05.000Z,0.698602794411185,10.132152852182136,10.75744796801909,0.6691984810757798,0.41844654174219326,6.171394420903209,295,session_close,6.887451837716507,-1.008204807728852,0.3078313012948586
JEM,2026-09-14T13:35:05.000Z,2026-09-15T13:40:05.000Z,-2.244389027431415,3.981974660322405,3.8782798228791266,2.5113164658283176,-0.26041055269269536,-2.6041059094756385,1445,time,0.9549367567928124,-2.560906811851693,-0.40181063453253074
CIRC,2026-09-15T13:40:05.000Z,2026-09-15T13:45:05.000Z,9.527606139126954,0.5620421907167293,0.502927185725099,17.79225416306215,-1.0517891936617751,-10.517894558101686,5,stop,0,-10.469354736820103,-0.43591022699502524
SUGP,2026-09-15T13:45:05.000Z,2026-09-15T13:50:05.000Z,71.49283103739106,1.2302460843813032,1.0897818387835787,8.128455052057186,-1.1417573067622253,-11.417573067778932,5,stop,0,-11.399839931360855,-0.6502764041645737
BRNX,2026-09-15T13:40:05.000Z,2026-09-15T13:55:05.000Z,9.05797101449275,3.0206073828189965,2.8594020793517063,3.3105924505869004,-0.5336850606533813,-5.3368506077358715,15,rotation_for_stronger_continuation,0,-6.310233627288275,-0.5628007165997726
MYSZ,2026-09-15T13:55:05.000Z,2026-09-15T14:20:05.000Z,42.168674698795215,2.3704788824841456,2.169560518004753,3.9934188046555894,-0.8023511749126521,-8.475855489117034,25,stop,0,-8.457315691167588,-0.7188153848380061
ALAR,2026-09-15T13:50:05.000Z,2026-09-15T14:25:05.000Z,9.589041095890405,2.420887078029084,2.2683739090534445,4.130716992266658,-0.6299887386321106,-6.299887770882941,35,rotation_for_stronger_continuation,0,-7.885005449510308,-0.7848362285306649
TRUG,2026-09-15T14:25:05.000Z,2026-09-15T14:45:05.000Z,40.537164272329804,0.9013804868351503,0.777843796365367,10.395178049432488,-1.2841858930710262,-13.705276769806126,20,stop,0.645622270488988,-13.68794739148983,-1.118521158118936
GOVX,2026-09-15T14:50:05.000Z,2026-09-15T15:45:05.000Z,0.7089725708972594,0.43750007884315284,0.4151696218330055,18.481875662870166,-0.5512832983116165,-6.817900446522707,55,stop,0,-8.09144513453769,-0.4874376397157185
CRDF,2026-09-15T13:50:05.000Z,2026-09-15T19:05:05.000Z,8.77862595419845,1.440298875799475,1.3195874131659902,5.403157600360755,-0.652223056778777,-8.381000961795575,315,stop,2.0621500647939106,-8.352355043858516,-0.486284184032467
TNON,2026-09-15T13:45:05.000Z,2026-09-15T19:30:05.000Z,9.442446043165464,6.1012298615010625,5.508887398781414,1.6390138093045026,-0.9708574762349418,-9.70857476551321,345,stop,11.452939069026025,-9.690339077892151,-0.7375562141870251
XHLD,2026-09-15T13:40:05.000Z,2026-09-15T19:50:05.000Z,9.641255605381183,9.841987600808665,9.398097757530703,1.0160549272746058,-0.4510164624297255,-4.510164626111595,370,session_close,0,-5.405286232680817,-0.4877063650918103
SMST,2026-09-15T13:40:05.000Z,2026-09-15T19:50:05.000Z,9.1513292433538,21.41430327956424,21.705615609618064,0.4669776021873076,0.1360363333761322,1.3603633340330263,370,session_close,5.583635875638393,-3.849311690429247,0.22881902507177898
VRA,2026-09-15T13:40:05.000Z,2026-09-15T19:50:05.000Z,9.046052631578938,3.330668111098596,4.059177285811523,3.0024006190847645,2.187276397167023,21.87276397445177,370,session_close,21.89746515034303,-2.4219798673362325,1.9815844085959462
MSTZ,2026-09-15T13:40:05.000Z,2026-09-15T19:50:05.000Z,8.805031446540879,4.330866489471288,4.389109421151003,2.3090067597522808,0.13448332295625337,1.3448332295929493,370,session_close,5.983410275026668,-3.7144181161522405,0.23090067597522967
CEPL,2026-09-15T13:45:05.000Z,2026-09-15T19:50:05.000Z,9.042553191489366,6.18131903875465,5.818465312358456,1.6177776795907954,-0.5870166595201084,-5.870166612032669,365,session_close,0,-7.30133869365166,-0.7118221790199488
RKTO,2026-09-15T13:45:05.000Z,2026-09-15T19:50:05.000Z,8.777943368107287,0.7375648892156405,0.741527996445047,13.558129045233375,0.05373231923639084,0.5373231951999586,365,session_close,2.6892699306027223,-2.2865634552609038,0.09761852912567903
BLCO,2026-09-15T13:45:05.000Z,2026-09-15T19:50:05.000Z,-0.9670079635949791,17.48474566070425,17.206259369377484,0.57192709576679,-0.15927385580938064,-1.5927385890012864,365,session_close,0,-1.8001157512494759,-0.16013958681470086
VEEA,2026-09-15T13:45:05.000Z,2026-09-15T19:50:05.000Z,102.18340611353712,4.640928378415106,5.688859292070649,2.1547412897701066,2.3592728855924388,23.59272885630929,365,session_close,53.84852809209557,0,2.2662491515157104
QCML,2026-09-15T13:50:05.000Z,2026-09-15T19:50:05.000Z,9.212730318257979,19.594037994469026,19.21440437389119,0.5103593241066253,-0.1937495580062565,-1.9374955825083147,360,session_close,1.0001103681961165,-3.1848360947609677,-0.030621559446396773
FBDT,2026-09-15T13:50:05.000Z,2026-09-15T19:50:05.000Z,9.171736078614877,0.71243153,0.9343121694375545,5.050000000000001,1.1547043651520166,32.09492001751698,360,session_close,67.03359549513479,-3.036295993244442,1.2176055000000003
PDSB,2026-09-15T14:20:05.000Z,2026-09-15T19:50:05.000Z,45.50238035580054,0.5813164038100427,0.5781829299914871,15.484017452199913,0.010967219091690551,0.12184291737229477,330,session_close,27.727343514398317,-5.404355288124396,0.01858082094264013
RYDE,2026-09-16T13:35:05.000Z,2026-09-16T13:40:05.000Z,9.67548076923077,0.736366185,0.6613495130434783,10.8,-0.8101800571304335,-10.187414018274293,5,stop,0,-10.099076589183674,-0.6479999999999997
DTSS,2026-09-16T13:35:05.000Z,2026-09-16T13:45:05.000Z,-1.5000000000000124,0.6355479676644934,0.5644805653242588,15.734453467312964,-1.1182067351652292,-11.182067437237269,10,stop,0,-11.163275043615107,-0.9188920824910785
CIEG,2026-09-16T13:30:05.000Z,2026-09-16T13:45:05.000Z,8.559052381079724,4.081032770798031,3.92837515721339,2.450360099309656,-0.3740661251836369,-3.740661302133815,15,rotation_for_stronger_continuation,0,-3.945882815504609,-0.09801440397238714
DLXY,2026-09-16T13:45:05.000Z,2026-09-16T13:50:05.000Z,107.13253012048192,0.8620726815430139,0.7067584979849607,10.059942356791646,-1.5624517337861716,-18.01636763156189,5,stop,0,-17.99995346857206,-1.0049882414434848
ZTG,2026-09-16T13:45:05.000Z,2026-09-16T14:00:05.000Z,189.74739970282317,1.9603929145757468,1.7096577788012877,5.101018231964429,-1.2790044989795928,-12.790044990992092,15,stop,0,-12.772588225250491,-0.9691934640732409
CETX,2026-09-16T13:35:05.000Z,2026-09-16T18:20:05.000Z,9.543568464730278,2.670734909326386,2.449260448727056,3.744287670785238,-0.8292640922158822,-8.292641093877428,285,stop,0,-8.264950166172047,-0.8986290409884568
INT,2026-09-16T13:35:05.000Z,2026-09-16T19:00:05.000Z,9.529481834425258,18.544307381125524,17.915302711662456,0.5392490384991789,-0.3391901632194534,-3.3919016576659624,325,rotation_for_stronger_continuation,0,-3.3665715752799974,-0.2264845961696551
QCLS,2026-09-16T19:00:05.000Z,2026-09-16T19:05:05.000Z,171.92386131883072,1.2102435328036536,1.0697850133651121,8.262799780706018,-1.1605806236150726,-11.605806239109155,5,stop,0,-11.588042323908553,-1.1567919692988404
ZTG,2026-09-16T19:00:05.000Z,2026-09-16T19:35:05.000Z,82.76374442793461,1.2402560164291456,1.1097710056453678,4.032781049213928,-0.5262174786952942,-10.520812562511143,35,stop,5.623353779137963,-10.502349087905994,-0.6049171573820891
FPSX,2026-09-16T13:30:05.000Z,2026-09-16T19:50:05.000Z,9.677419354838701,3.441520964956196,3.8489178651485916,2.9056917076595195,1.1837697946152368,11.83769921324832,380,session_close,16.518249949148277,0,0.9298213464510461
CIFG,2026-09-16T13:30:05.000Z,2026-09-16T19:50:05.000Z,9.43952802359882,3.720776861925056,4.059177787260171,2.6876107739451527,0.9094899728436637,9.09489974521162,380,session_close,19.329918583261474,0,0.26876107739451527
INTW,2026-09-16T13:30:05.000Z,2026-09-16T19:50:05.000Z,8.774834437086088,23.024650675910962,22.715400199926535,0.43431712110041865,-0.13431277642849068,-1.3431277648349906,380,session_close,2.194818636782836,-3.9290527732411262,-0.2128153893392053
CIFU,2026-09-16T13:30:05.000Z,2026-09-16T19:50:05.000Z,8.64345738295318,9.11432081450315,9.896950902980146,1.0971743153248261,0.8586816314773558,8.586817431658062,380,session_close,19.262863588289836,0,0.23040660621821374
CRML,2026-09-16T13:30:05.000Z,2026-09-16T19:50:05.000Z,8.50393700787404,6.911389066716267,6.458690503012056,1.4468871454657934,-0.6550037325944507,-6.550037327290806,380,session_close,0,-6.820467812850717,-0.6800369583689232
CRDU,2026-09-16T13:35:05.000Z,2026-09-16T19:50:05.000Z,9.156193895870723,6.101224533908183,6.348699442904348,1.6390152407819476,0.4056151475558399,4.0561514761634765,375,session_close,7.0276952390270875,-0.3478733455919425,0.426143962603307
BOSC,2026-09-16T13:35:05.000Z,2026-09-16T19:50:05.000Z,-0.10438413361169019,4.833464207290586,4.686636204514938,2.068908729263845,-0.303773736642913,-3.037738493111804,375,session_close,0,-2.9681446088747343,-0.22757996021902294
NOK,2026-09-16T13:45:05.000Z,2026-09-16T19:50:05.000Z,4.7256097560975485,10.312062889907105,10.117974753942525,0.9697380734183453,-0.18821465504365037,-1.8821465504690025,365,session_close,0.17394298584476608,-3.7050093078955904,-0.20364499541785186
MEDS,2026-09-16T19:00:05.000Z,2026-09-16T19:50:05.000Z,319.13580246913574,6.801362462536521,6.4187129436325625,1.4702936440098398,-0.5626071555279135,-5.626071555687274,50,session_close,0,-7.371500420660448,-0.720443885564821
TPST,2026-09-16T19:00:05.000Z,2026-09-16T19:50:05.000Z,46.942017474185896,1.1202289082442347,1.299739421106707,8.623960414350373,1.5480915568856948,16.02444924795094,50,session_close,16.04771046638365,-1.8057834515215254,1.2935940621525575
SDST,2026-09-17T15:20:05.000Z,2026-09-17T15:25:05.000Z,114.28571428571428,0.3428686102534231,0.2979403131822954,29.165691173407186,-1.310364837323604,-13.103648373620436,5,stop,0,-13.086240300696971,-0.8166393528554003
KXIN,2026-09-17T15:20:05.000Z,2026-09-17T15:40:05.000Z,61.94690265486729,1.8403696085113228,1.6896602782723,5.433691119434068,-0.8189079493356343,-8.189079494794077,20,stop,0,-8.170620065442014,-0.8150536679151106
DTSS,2026-09-17T15:20:05.000Z,2026-09-17T15:45:05.000Z,245.06089309878217,2.05041013376904,1.3397316912387398,4.877073047570045,-3.4660306775535847,-34.66030677598824,25,stop,6.320192438414729,-34.64722116170839,-3.36518040282333
TELO,2026-09-17T15:20:05.000Z,2026-09-17T16:20:05.000Z,7.964601769911517,1.2317835,1.1294734680851062,5,-0.5115501595744687,-8.305845297886663,60,stop,0,-8.263099806094177,-0.40000000000000036
ACGCW,2026-09-16T13:45:05.000Z,2026-09-17T18:30:05.000Z,33.33333333333335,0.40108261322743777,0.4259105402511725,23.999877859507766,0.5682759998232327,5.903593519549986,1725,time,6.262397307738499,-5.6054818847729,0.9399951143803111
DTSS,2026-09-17T18:30:05.000Z,2026-09-17T18:35:05.000Z,130.0405953991881,1.3702744148402037,1.259747089216037,7.297808301091107,-0.8066072344374441,-8.066072344863569,5,stop,0,-8.047615400676044,-0.14595616602182382
AEHL,2026-09-17T18:30:05.000Z,2026-09-17T18:35:05.000Z,57.59219088937091,14.612927378158536,12.667458936648613,0.6843255797061741,-1.3313338190363457,-13.313338191345231,5,stop,0,-13.295949044833865,-0.8211906956474095
TURB,2026-09-17T18:30:05.000Z,2026-09-17T19:45:05.000Z,66.7599328483492,1.5003188567987797,1.3797129827942505,6.665249808710347,-0.8038682786380329,-8.038682807857606,75,stop,0.645272380424311,-8.019552394049311,-0.5998724827839315
PURR,2026-09-17T15:20:05.000Z,2026-09-17T19:50:05.000Z,8.085664335664333,12.3824834712258,12.82743197021342,0.8075924366890892,0.35933704249856424,3.5933704254205785,270,session_close,3.6141096397514394,-0.1815748131467121,0.3714925208769806
DAIC,2026-09-17T15:20:05.000Z,2026-09-17T19:50:05.000Z,141.04477611940305,4.8609746088350345,5.248948714500589,2.0572006240782046,0.7981405723013617,7.981405723872624,270,session_close,14.791794835918415,-4.134450907638032,0.905168274594411
BNL,2026-09-17T18:30:05.000Z,2026-09-17T19:50:05.000Z,-0.28321318228630155,19.39437391987552,19.276111444893857,0.5156134445809553,-0.06097772208996406,-0.6097772244169539,80,session_close,0,-0.6928500008851035,-0.030936806674855433
KXIN,2026-09-17T18:30:05.000Z,2026-09-17T19:50:05.000Z,57.52212389380533,1.7903693324459364,1.7796245209978339,5.58543972224894,-0.06001449667030728,-0.6001449674868711,80,session_close,1.0964591047393002,-5.047524597758679,-0.2792719861124482
BIAF,2026-09-17T18:30:05.000Z,2026-09-17T19:50:05.000Z,54.39252336448599,8.281680767069197,8.578274210696385,1.2074843591765558,0.358131944214143,3.5813194443155214,80,session_close,3.6021580802416686,-5.333226183089201,0.9297629565659484
AEMD,2026-09-17T18:35:05.000Z,2026-09-17T19:50:05.000Z,352.79720279720283,6.4913030683310655,6.608672385404314,1.5405227414537215,0.18081010210023202,1.808101021285771,75,session_close,1.8285532260543746,-6.1821650307608,0.16945750155990957
SDST,2026-09-17T18:35:05.000Z,2026-09-17T19:50:05.000Z,51.81704260651632,0.24305057259869767,0.24154943803876205,41.143700573049436,-0.06176223085384719,-0.6176223095816958,75,session_close,17.30069053189618,-0.5968192476109468,-0.1769179124641127
OMAH,2026-09-17T18:35:05.000Z,2026-09-17T19:50:05.000Z,-0.05473453749316182,18.28367416627383,18.21603203464555,0.5469360210131629,-0.03699591832561961,-0.3699591833300782,75,session_close,0,-0.40295055361316834,-0.0054693602101316685
VNRX,2026-09-17T18:35:05.000Z,2026-09-17T19:50:05.000Z,1.8552200800291185,0.28116592876858115,0.2771184283609973,35.56617879846212,-0.14395412318297504,-1.4395415636989244,75,session_close,0,-1.908456260003566,-0.1244816257946173
SURG,2026-09-17T18:35:05.000Z,2026-09-17T19:50:05.000Z,5.906879777623364,0.15314612616491546,0.15325338600736302,52.1517598841101,0.005593789548532347,0.07003758118703689,75,session_close,0.10047517292002262,-1.92373534916771,0.03650623191887803
RTB,2026-09-17T18:35:05.000Z,2026-09-18T13:35:05.000Z,3.487064116985361,9.282526058880569,7.688449417808617,1.0772929416048356,-0.7876916596639675,-7.8769167514250364,1140,session_close,0,-17.15617116266539,-0.9437648713849924
TRUG,2026-09-18T14:25:05.000Z,2026-09-18T14:40:05.000Z,67.43095362167799,0.6445292859400169,0.5882819671141444,15.51519879217255,-0.8726883331101217,-8.726883332203958,15,stop,2.1520688605721316,-8.708570295321005,-1.4227437292422245
SSM,2026-09-18T14:25:05.000Z,2026-09-18T14:40:05.000Z,58.90410958904111,2.330473218125092,2.0695840482543932,4.290974003020149,-1.119468645584675,-11.194686462888798,15,stop,0,-11.176838081608487,-1.029833760724836
QNME,2026-09-18T14:25:05.000Z,2026-09-18T14:45:05.000Z,134.400826446281,0.683036651339782,0.5626872747494838,14.640502790261575,-1.761975383776502,-17.61975383813327,20,stop,3.7865242823334366,-17.60325029468577,0.4392150837078468
IMCC,2026-09-18T14:25:05.000Z,2026-09-18T14:50:05.000Z,310.91954022988506,7.171434534758768,6.4886995270815975,1.394421151219111,-0.9520201353827881,-9.520201353969913,25,stop,5.976007494233482,-9.50206728452956,-1.3525885166825375
GSUI,2026-09-18T13:35:05.000Z,2026-09-18T15:05:05.000Z,9.698681732580038,11.682452417102324,11.536927444048278,0.8559846530542652,-0.12456714357039904,-1.2456714383103966,90,rotation_for_stronger_continuation,0.4070000133539642,-1.219370830852129,-0.06847877224434207
TNMG,2026-09-18T14:25:05.000Z,2026-09-18T15:20:05.000Z,50.18587360594795,4.050813121683482,3.5792809718674348,1.9091445392509376,-0.9002230289025611,-11.640432072563309,55,stop,3.436023191775228,-11.622681855237394,-0.668200588737828
NCPL,2026-09-18T15:05:05.000Z,2026-09-18T15:20:05.000Z,62.653169952051144,0.919083996457672,0.7853426034193438,10.880398351043382,-1.4551596322804712,-14.551596323490942,15,stop,10.980063185876144,-14.534470948523825,-2.3022922910807804
ESLA,2026-09-18T13:35:05.000Z,2026-09-18T15:30:05.000Z,9.980988593155882,0.5876237772260662,0.5264456034912941,17.017690056631018,-1.0492436649578516,-10.492437372780268,115,stop,0,-10.384837984966289,-0.9972366373185775
TRUG,2026-09-18T15:05:05.000Z,2026-09-18T16:05:05.000Z,53.126628452318926,0.5890187337877019,0.5370893243071796,16.977388702783553,-0.8816257698568399,-8.816257701446728,60,stop,4.920262217456695,-8.797467858870977,-0.9014993401178071
GIPR,2026-09-18T14:25:05.000Z,2026-09-18T18:25:05.000Z,150.28441410693972,1.110222546263328,0.9340122585185919,9.007203134786339,-1.4350153923411728,-14.350153924827344,240,stop,45.01597048436563,-15.854708306525245,-1.6618289783680797
TGL,2026-09-18T13:35:05.000Z,2026-09-18T18:30:05.000Z,9.954751131221705,2.4606103418493332,2.2184448975760773,4.064032289303039,-0.9841681848799279,-9.841681966241369,295,stop,0,-9.778482100847242,-0.7721661349675788
MRNO,2026-09-18T15:05:05.000Z,2026-09-18T19:10:05.000Z,47.79445202364712,0.3264653256468778,0.2978398265094962,8.197597480952364,-0.2070807996061104,-7.737776521651125,245,stop,37.62564189925233,-8.749880432256251,-0.21852745484848768
SSM,2026-09-18T15:05:05.000Z,2026-09-18T19:10:05.000Z,40.41095890410957,2.060440862604675,1.839628569113617,4.792873692813163,-1.0583254325230316,-10.71674987128345,245,stop,7.258598880933764,-10.698723103656949,-1.7254345294127393
ARRY,2026-09-18T13:35:05.000Z,2026-09-18T19:50:05.000Z,-2.948113207547165,4.120867139004637,3.989198036599809,2.4266737171201846,-0.31951795016260165,-3.195179508666019,375,session_close,0,-5.845059568283395,-0.29120084605442287
XRPC,2026-09-18T13:35:05.000Z,2026-09-18T19:50:05.000Z,2.8425655976676234,14.14407763960182,14.866721091824889,0.707009675710216,0.5109159128103432,5.109159258287364,375,session_close,5.20304242630627,-0.09953027663255343,0.5585376438110714
MG,2026-09-18T13:35:05.000Z,2026-09-18T19:50:05.000Z,4.73790322580645,20.804170951666233,20.755286132419933,0.48067284306484137,-0.023497605049830034,-0.23497605052310452,375,session_close,1.2777680444530093,-0.4045869064515317,-0.10094129704361521
SGRY,2026-09-18T15:05:05.000Z,2026-09-18T19:50:05.000Z,-1.2359550561797716,13.213034374545954,13.387288020880678,0.7568284202037433,0.13188011187025145,1.3188011276986675,285,session_close,1.3393261565636916,-1.2338904896821323,0.12866083143463491
QNME,2026-09-18T15:05:05.000Z,2026-09-18T19:50:05.000Z,67.45867768595042,0.4879990104886233,0.5401889845650458,20.49184481755111,1.3511783640206352,13.511783648244016,285,session_close,97.86925367597871,-7.048991852295005,1.7445732085422136
AMC,2026-09-18T15:30:05.000Z,2026-09-18T19:50:05.000Z,0.36900369003689537,2.730549958532317,2.689458172452341,3.6622658984253045,-0.1504890468660837,-1.504890469100335,260,session_close,0,-1.4850473035883494,-0.1464906359370115
PSKY,2026-09-18T15:30:05.000Z,2026-09-18T19:50:05.000Z,-2.4482109227871973,10.372084403427301,10.197958307794828,0.7937504031755023,-0.13821265861165208,-1.6787955907390832,260,session_close,0.365554261785328,-2.1411742788548516,-0.08731254434930591
ENRD,2026-09-21T13:30:05.000Z,2026-09-21T13:45:05.000Z,5.597964376590325,4.171141418921638,3.7489633180891984,2.397425259399098,-1.0121404429008307,-10.121404633209135,15,stop,0,-10.096550958718531,-1.00691860894762
MARA,2026-09-21T13:30:05.000Z,2026-09-21T13:45:05.000Z,5.211480362537757,13.95280454972637,13.667264984974175,0.7167017901142799,-0.20464671720635066,-2.0464671724925365,15,rotation_for_stronger_continuation,0,-2.098535449864891,-0.04300210740685628
RIOT,2026-09-21T13:35:05.000Z,2026-09-21T14:20:05.000Z,4.905263157894724,24.934987702320335,24.815030653967412,0.40104290883339233,-0.048107923606524085,-0.4810792360718118,45,rotation_for_stronger_continuation,0,-1.4637572982896252,0.012031287265001467
WETH,2026-09-21T13:35:05.000Z,2026-09-21T14:40:05.000Z,6.666666666666665,1.1504798956957094,1.0494312490012372,8.69202419859537,-0.8783172823036666,-8.783173619332727,65,stop,0,-8.733737640408567,-0.956122661845491
LGHL,2026-09-21T13:30:05.000Z,2026-09-21T16:15:05.000Z,2.9113924050632844,8.172340012459067,7.4582777186622815,1.2236397087367497,-0.8737549772013937,-8.737549988230644,165,stop,15.022135467556597,-8.71647546936465,-1.1257485320378073
VRME,2026-09-21T16:15:05.000Z,2026-09-21T16:50:05.000Z,101.25786163522012,1.61032211479036,1.4797034211942832,6.110968183417322,-0.7982066807251605,-8.111339488937052,35,stop,14.262853568246548,-8.092922129888647,-0.9777549093467712
SCNI,2026-09-21T13:30:05.000Z,2026-09-21T19:35:05.000Z,9.615384615384603,1.7204094294507344,1.5788429871521168,5.812569809419896,-0.8228648285319284,-8.228648359815995,365,stop,4.0450005305704195,-8.16139617971997,-0.871885471412984
VEEE,2026-09-21T13:30:05.000Z,2026-09-21T19:50:05.000Z,67.83216783216784,14.422892273745997,16.936578386090744,0.6933422096656999,1.7797583545142843,17.797583547190634,380,session_close,43.45250319633895,0,1.6243274616943193
SDST,2026-09-21T13:30:05.000Z,2026-09-21T19:50:05.000Z,2.400000000000002,0.12833061844525784,0.1262886826229414,77.92372567777728,-0.1591152468698122,-1.5911524833704929,380,session_close,1.3787680416244008,-5.712291060441565,-0.2805254124399976
USAR,2026-09-21T13:35:05.000Z,2026-09-21T19:50:05.000Z,8.230318802862712,16.653330887748385,16.856621498522497,0.6004804724831484,0.12207204200902615,1.2207204201032793,375,session_close,2.201776417721746,-1.701346653460345,0.08406726614764004
CLSK,2026-09-21T13:35:05.000Z,2026-09-21T19:50:05.000Z,3.5590877677954325,15.003001285466633,14.817032106231453,0.6665333028742414,-0.12395465126843608,-1.2395465127056111,375,session_close,0.979795387178739,-2.152911136383917,-0.08664932937365144
JBLU,2026-09-21T13:35:05.000Z,2026-09-21T19:50:05.000Z,1.3729977116704761,4.440891140982223,4.539088341727269,1.417347005011465,0.13917950837650087,2.211204860187752,375,session_close,2.456913613821321,-0.4704267751450053,0.15590817055126038
BB,2026-09-21T13:45:05.000Z,2026-09-21T19:50:05.000Z,2.252816020025028,8.181652313760363,8.428307299372436,1.1389318175805274,0.2809232110784574,3.014733163339574,365,session_close,3.8909950463700493,0,0.2391756816919095
GLND,2026-09-21T13:45:05.000Z,2026-09-21T19:50:05.000Z,135.41666666666669,2.830566327045597,3.039391156882895,3.460563064935397,0.7226514931763723,7.377492901049902,365,session_close,16.937729682342816,-4.259441861284275,0.6229013516883715
GRML,2026-09-21T14:20:05.000Z,2026-09-21T19:50:05.000Z,144.56140350877195,6.981398282861807,10.367925218451026,1.4254869400964756,4.80286524216541,48.260825233719565,330,session_close,56.98860824063012,-3.1712598807792425,4.727983808564984
ORBS,2026-09-21T14:40:05.000Z,2026-09-21T19:50:05.000Z,2.8846153846153966,1.080221990572042,1.039784746674308,8.444265975833819,-0.34146284280212946,-3.7434198017316915,310,session_close,3.682392117095601,-4.649228678028161,-0.2533279792750154
AMRC,2026-09-21T16:50:05.000Z,2026-09-21T19:50:05.000Z,2.8210526315789464,24.45505389687823,23.994735870225988,0.3697567199629012,-0.1702056836747284,-1.8823022373751683,180,session_close,0,-2.515037993667002,-0.16639052398330456
SCAG,2026-09-22T13:30:05.000Z,2026-09-22T13:40:05.000Z,9.962794543199681,0.268088165,0.24971348390243903,25,-0.47863542250354263,-7.141462921401885,10,stop,0,-14.020822217198582,-0.7910000000000004
QNME,2026-09-22T13:30:05.000Z,2026-09-22T13:45:05.000Z,106.37898686679179,1.3302699552063724,1.1897614301629522,7.517271178550923,-1.056240685649603,-10.562406862870347,15,stop,0.731433853372887,-10.544472921258418,-0.8268998296406025
VFF,2026-09-22T13:35:05.000Z,2026-09-22T13:50:05.000Z,8.680555555555557,3.140645105710947,3.059326982833186,3.184059214658198,-0.25892171846764206,-2.5892171875737264,15,rotation_for_stronger_continuation,0,-2.567787922433573,-0.22288414502607345
SOFX,2026-09-22T13:35:05.000Z,2026-09-22T14:00:05.000Z,9.776889205068118,8.971803401555256,8.238337960975773,1.1146031126985818,-0.8175228631267284,-8.175228632989631,25,stop,0,-8.15670349428743,-0.6353237742381914
SOFA,2026-09-22T13:35:05.000Z,2026-09-22T14:00:05.000Z,8.957654723127039,13.43393563376333,12.337520553939944,0.7443834777834285,-0.8161532702131271,-8.16153292463141,25,stop,0,-8.143076337316636,-0.6476136256715819
LHSW,2026-09-22T13:50:05.000Z,2026-09-22T14:00:05.000Z,149.42263279445731,1.090218408616403,0.9739048873031675,8.934978712582563,-1.0392588369192781,-10.668827493093715,10,stop,0,-10.650930831719219,-0.9828476583840828
ZEO,2026-09-22T14:00:05.000Z,2026-09-22T14:05:05.000Z,91.53574863738373,0.5991198256145546,0.5424913902708394,16.691151873762234,-0.9451938146954755,-9.451938147035593,5,stop,0,-9.433809932191561,-0.1936173617356438
IMSR,2026-09-22T13:30:05.000Z,2026-09-22T14:10:05.000Z,9.55555555555554,4.9610257813633805,4.549073959195605,2.0157121584579336,-0.8303762966424862,-8.30376297811869,40,stop,0,-8.28509666100593,-0.4232995532761663
CWD,2026-09-22T14:05:05.000Z,2026-09-22T14:10:05.000Z,90.75144508670519,0.9937987862859304,0.9079183157551893,9.111310701814856,-0.7824836502236369,-8.641635682782173,5,stop,0,-8.623353888990726,-2.3580072096296867
OPENZ,2026-09-22T14:10:05.000Z,2026-09-22T14:25:05.000Z,62.01117318435754,0.11823577178820213,0.10167758582229382,62.94160572830901,-1.0421988126422206,-14.004379313875745,15,stop,0,-13.985422125736157,-0.9315357647789737
DCOY,2026-09-22T14:00:05.000Z,2026-09-22T15:15:05.000Z,129.296875,5.881176423419427,5.388916349113945,1.7003400816263503,-0.837009534925976,-8.370095349380327,75,stop,10.862173323634948,-8.351669599019573,-0.9181836440782298
QNME,2026-09-22T14:10:05.000Z,2026-09-22T15:15:05.000Z,71.2007504690432,1.1002231893897496,1.0097969680294923,9.089064919332253,-0.821889796353288,-8.218897968367054,65,stop,1.7975271563963169,-8.200444260749752,-1.4878799272946903
GRMLW,2026-09-22T14:00:05.000Z,2026-09-22T16:05:05.000Z,62.40977234869516,0.29753602332067974,0.272089816311529,23.755576277130356,-0.6044893115695293,-8.55231132188831,125,stop,12.423361805666499,-8.51527927204061,-0.42760037298834686
SCNX,2026-09-22T13:30:05.000Z,2026-09-22T17:40:05.000Z,8.697079094190997,0.33380409197016847,0.29483297046750195,29.957690428218147,-1.1674847936173591,-11.674848343725309,250,stop,1.5266164053755693,-11.654767843183079,-0.9796164770027325
SHPU,2026-09-22T13:30:05.000Z,2026-09-22T19:50:05.000Z,9.67529527964115,16.02335992487661,16.72602502372538,0.6240888319599719,0.43852544079956857,4.385254416945786,380,session_close,6.344737183023863,0,0.19970842622719154
MAZE,2026-09-22T13:30:05.000Z,2026-09-22T19:50:05.000Z,9.468512728896815,24.656823415233664,28.66422597654987,0.40556723869139977,1.6252711911178561,16.25271225668235,380,session_close,16.560026877767385,0,1.3748729391638452
VTGN,2026-09-22T13:35:05.000Z,2026-09-22T19:50:05.000Z,9.871244635193133,0.25876084499482566,0.26002325122483144,38.64572291622842,0.04878660137252413,0.4878660177628612,375,session_close,2.063355066444128,-4.119960651326071,0.2705200604135989
GMEU,2026-09-22T13:35:05.000Z,2026-09-22T19:50:05.000Z,9.240506329113906,8.672396946678278,8.828225717592405,1.1530837264633644,0.1796836198558673,1.7968362365356527,375,session_close,3.0856873245893146,-2.7950398046657887,0.3113326061451076
OMER,2026-09-22T13:40:05.000Z,2026-09-22T19:50:05.000Z,9.464575446187151,20.274061871615157,21.08576015930292,0.4059532126490599,0.3295115275885891,4.003629331052743,370,session_close,4.419134823886517,-1.9929991048358464,0.3856555520166083
VRDN,2026-09-22T13:45:05.000Z,2026-09-22T19:50:05.000Z,2.5718257645968468,22.16447425077427,22.115524069506897,0.4035177737275272,-0.019752268168568964,-0.22084972877559816,365,session_close,0.2505168793877077,-2.8174557343829454,0
IPDN,2026-09-23T13:30:05.000Z,2026-09-23T13:40:05.000Z,76.41025641025642,6.901386054105283,6.148768094436493,1.4489842938563553,-1.0905316028342933,-10.905316030264622,10,stop,0,-10.88746591213111,-0.1883679582013258
ZEO,2026-09-23T13:35:05.000Z,2026-09-23T13:40:05.000Z,8.207431604736627,0.5316065859089273,0.48390296026162544,18.81090314527184,-0.8973482817297008,-8.973482818264829,5,stop,0,-8.955228767064805,-0.554921642785521
LGHL,2026-09-23T13:30:05.000Z,2026-09-23T13:45:05.000Z,1.675257731958757,7.932433197649869,7.188320934751515,1.2606471965276802,-0.9380630381246782,-9.380630688687187,15,stop,0,-9.359463599010564,-0.7689947898818836
FLYE,2026-09-23T13:40:05.000Z,2026-09-23T13:55:05.000Z,8.888888888888879,1.4915331663238316,1.379265275527683,5.371730052636977,-0.6030728029358372,-7.5270126961275805,15,rotation_for_stronger_continuation,0,-7.477753015625288,-0.37602110368458863
MSS,2026-09-23T13:30:05.000Z,2026-09-23T14:20:05.000Z,31.410256410256387,2.0604144096184096,1.8096370539216138,4.85339257528264,-1.2171209561878424,-12.171209564741883,50,stop,16.966761091829774,-12.153594366717059,-0.5338731832810897
IONL,2026-09-23T13:35:05.000Z,2026-09-23T14:35:05.000Z,8.08656036446469,14.302865438436283,14.537034349633867,0.6860948662669716,0.16066208781198843,1.6372167675457412,60,rotation_for_stronger_continuation,2.077447787247033,-1.4882712792937847,0.3842131251095058
WHLR,2026-09-23T13:55:05.000Z,2026-09-23T15:20:05.000Z,290.64171122994645,7.321464790730015,6.678661588401553,1.0119615831079942,-0.6504921462551989,-8.779707622747019,85,stop,14.594555048914494,-8.761426969398233,-1.0220811989390741
HAO,2026-09-23T13:35:05.000Z,2026-09-23T15:30:05.000Z,8.771929824561386,3.150702510663282,2.8093066889598783,3.173895318529358,-1.083554600269917,-10.835546058314902,115,stop,1.2472611807594847,-10.813541091556688,-1.364774986967623
MSS,2026-09-23T15:25:05.000Z,2026-09-23T15:35:05.000Z,73.7179487179487,2.720544280817256,2.49949957478429,2.5903120515587887,-0.5725747659704612,-8.125017761760661,10,stop,0,-8.106623456649054,-0.5439655308273466
VTGN,2026-09-23T13:30:05.000Z,2026-09-23T16:40:05.000Z,54.65393794749404,0.38957928599593306,0.3578268613434851,25.66871584867175,-0.6975679191468831,-6.975679196520596,190,stop,38.867752841881774,-8.13166591107305,0.25918985828196384
HCTI,2026-09-23T14:35:05.000Z,2026-09-23T16:40:05.000Z,34.1505724528738,1.1702343296393285,1.0697612025833607,8.522895274079467,-0.8563219397572936,-8.585727192513149,125,stop,13.652451164196489,-8.565321243841916,-1.363663243852713
WHLR,2026-09-23T16:50:05.000Z,2026-09-23T17:55:05.000Z,200.26737967914437,5.63112999594764,5.178958427728839,1.4336012221581915,-0.6482337128236602,-8.029854905573131,65,stop,0,-8.011358222457831,-0.587776501084857
RUN,2026-09-23T13:30:05.000Z,2026-09-23T19:50:05.000Z,-1.7064846416382062,8.671958567417681,8.348325810970353,1.1531420340350165,-0.3731945350500307,-3.731945372332407,380,session_close,0.09272913978777275,-3.943268002945599,-0.4266625525929584
ONDS,2026-09-23T13:30:05.000Z,2026-09-23T19:50:05.000Z,0.38860103626943143,7.761561350206076,7.47849937231998,1.288400560965818,-0.36469721109653963,-3.646972111849379,380,session_close,2.0413244532263786,-3.885318128652937,-0.2319121009738474
JDST,2026-09-23T13:35:05.000Z,2026-09-23T19:50:05.000Z,8.29244357212955,22.1144481508385,22.455060193291622,0.45219306081765376,0.15402240202823067,1.5402240206487314,375,session_close,2.376508993472548,-0.3366493720788455,0.11757019581259165
AIXC,2026-09-23T13:40:05.000Z,2026-09-23T19:50:05.000Z,9.929078014184412,1.5704522345146759,1.6388637297545778,6.367592421250928,0.4356165186160437,4.356165296618748,370,session_close,6.975555389570842,-3.849352001040496,0.4457314694875638
BENF,2026-09-23T14:20:05.000Z,2026-09-23T19:50:05.000Z,186.08582574772436,1.5503101534734465,2.4795035081402945,5.889130615843262,5.374989951955183,58.87187646878239,330,session_close,95.44476266322133,0,4.7289718845221405
BBNX,2026-09-23T15:30:05.000Z,2026-09-23T19:50:05.000Z,1.1179307321350418,23.10637347271659,22.485472049668566,0.400793763792781,-0.2488534182877117,-2.687143544101238,260,session_close,0,-5.307511687910105,-0.24448419591359638
ADUR,2026-09-23T15:35:05.000Z,2026-09-23T19:50:05.000Z,1.2628255722178183,12.87276991679442,12.697282171833388,0.50295966493524,-0.08826325740584147,-1.3632477399606309,255,session_close,0.6776325823378171,-1.6528681718829596,-0.11568072293510578
PATH,2026-09-23T16:50:05.000Z,2026-09-23T19:50:05.000Z,-1.811320754716983,13.0226052749493,13.067383169976823,0.767895500836566,0.03438474412856767,0.34384744129241274,180,session_close,0.978258361986617,-0.2503744393759666,0.015357910016730258
GLNDW,2026-09-23T13:45:05.000Z,2026-09-23T19:55:05.000Z,9.999999999999986,0.8463752475759109,0.9016975210206923,10.706767622999482,0.5535465913786178,6.10847569239236,370,session_close,9.502257143558035,-6.991608951867823,0.5163383811499749
ATYR,2026-09-24T13:30:05.000Z,2026-09-24T13:35:05.000Z,8.155650319829434,0.4068855045158766,0.36562640966588045,24.57693839570028,-1.0140222323907095,-10.140222345617182,5,stop,0,-10.122136094496703,-0.24576938395700232
CBRZ,2026-09-24T13:30:05.000Z,2026-09-24T13:40:05.000Z,7.568238213399514,8.711973214962853,7.867796923070517,1.1478455790817035,-0.9689840246142037,-9.689840304403823,10,stop,0,-9.664552383112934,-0.6198366127041197
KYTX,2026-09-24T13:35:05.000Z,2026-09-24T14:00:05.000Z,9.54738330975955,7.761565548871075,7.078577401233372,1.2883998638564291,-0.8799618364319711,-8.799618367418722,25,stop,0,-8.781289606839804,-1.095139884277966
ZKIN,2026-09-24T13:35:05.000Z,2026-09-24T14:00:05.000Z,8.235294117647074,1.8705027536780419,1.5996687533431864,2.770613906096095,-0.7503764475713851,-14.479208854534118,25,stop,0,-14.46149989066532,-0.38788594685345323
HUHU,2026-09-24T13:35:05.000Z,2026-09-24T14:50:05.000Z,9.32203389830506,6.511456096235207,5.868157240306451,1.5357547988149642,-0.9879493050647634,-9.87949310294357,75,stop,0,-9.85119283236946,-0.9368104272771287
YMAT,2026-09-24T14:50:05.000Z,2026-09-24T14:55:05.000Z,51.5625,1.9503902041900174,1.5596873182238464,2.1861064957189975,-0.8541181169068052,-20.032036929165518,5,stop,0,-20.016005174315545,-0.1748885196575194
PATH,2026-09-24T13:30:05.000Z,2026-09-24T14:55:05.000Z,0.07668711656443339,13.08265302952628,12.807435570710375,0.7643709553169349,-0.21036823191501305,-2.1036823203578554,85,rotation_for_stronger_continuation,0,-4.2243192438031985,-0.15287419106338795
KRG,2026-09-24T14:50:05.000Z,2026-09-24T17:00:05.000Z,-0.3037667071688954,24.635033090369845,24.71457170992918,0.40592598168767746,0.03228679222670642,0.3228679225538743,130,rotation_for_stronger_continuation,0.5478657533564135,-0.22339361253531642,0.032474078535015494
STAK,2026-09-24T17:00:05.000Z,2026-09-24T17:05:05.000Z,59.5744680851064,1.5103028602764024,1.3597267629863092,6.621188545605635,-0.9969927306191644,-9.969927307330664,5,stop,0,-9.951835769475748,-1.1918139382090143
APUS,2026-09-24T14:50:05.000Z,2026-09-24T19:45:05.000Z,124.89082969432314,5.171035970483454,4.619072813156342,1.9338484698843619,-1.0674131072295767,-10.674131073110818,295,stop,22.412608153027236,-10.6562006845204,-0.734862418556057
PMAX,2026-09-24T13:30:05.000Z,2026-09-24T19:50:05.000Z,9.469074986316372,1.0110262443231746,1.6496517838651665,9.890931878096739,7.038513249068397,70.38519084304424,380,session_close,172.00085214810335,-4.987629609647981,7.269834930401103
LU,2026-09-24T13:30:05.000Z,2026-09-24T19:50:05.000Z,9.016393442622949,1.3503909717387725,1.3696158696293543,7.4052625867760735,0.1423654170837156,1.42365420777567,380,session_close,2.9331526269186003,-4.4721101519964,0.3702631293388041
TSSI,2026-09-24T13:30:05.000Z,2026-09-24T19:50:05.000Z,8.081896551724155,10.062992100621535,10.267919975643155,0.9937401928072648,0.20364506603556698,2.0364507193537595,380,session_close,3.6471051125618548,-3.8059465494152622,0.44718308676326757
GRML,2026-09-24T13:35:05.000Z,2026-09-24T19:50:05.000Z,9.606791778373559,12.282458020810175,14.197153006295181,0.814169279693663,1.5849341846530103,15.849341847052061,375,session_close,28.638746195835175,0,1.4225572739447525
ORCZ,2026-09-24T13:35:05.000Z,2026-09-24T19:50:05.000Z,9.313725490196067,17.894335392206358,17.386080265495746,0.5588360605882199,-0.2840312927847249,-2.84031295698177,375,session_close,4.614111615194427,-3.7684293796128143,-0.25147622726469976
MAC,2026-09-24T14:50:05.000Z,2026-09-24T19:50:05.000Z,-0.6616674018526836,22.544527030744554,22.735440396482964,0.44356663524887147,0.08468279926462385,0.8468279927898102,300,session_close,1.310619508018518,-0.2862203791481499,0.0931489934022629
GLND,2026-09-24T14:55:05.000Z,2026-09-24T19:50:05.000Z,57.388316151202744,4.590918297515403,5.538891538983919,2.132390770610969,2.0214493908936277,20.648880682140604,295,session_close,20.67302532912072,-7.425928222244926,1.8765038781376528
GLNDW,2026-09-24T17:05:05.000Z,2026-09-24T19:50:05.000Z,52.01737341410448,1.3503102549821315,1.629519949515336,6.6912725853998225,1.8682681746078902,20.677447534966642,165,session_close,20.71299865982055,-5.2069703775642235,1.739730872203955
LABT,2026-09-24T14:55:05.000Z,2026-09-24T19:55:05.000Z,-1.6853932584269704,1.7704449494562429,1.7993237078788833,1.925867581910645,0.05561666465199219,1.6311582255923835,300,session_close,3.3638465043518195,-2.2844511188368055,-0.038517351638212904
KITT,2026-09-25T13:30:05.000Z,2026-09-25T13:35:05.000Z,9.867751780264511,3.2506620830068993,2.3695253641399314,3.076296378114295,-2.710637696873967,-27.10637698926572,5,stop,0,-27.09177578348214,-1.3228074425891467
INLF,2026-09-25T13:30:05.000Z,2026-09-25T13:35:05.000Z,112.20338983050846,6.271255551231603,5.568885720693735,1.5945770217481874,-1.1199827925448524,-11.199827926003278,5,stop,0,-11.182059884226591,-1.1799869960936586
APUS,2026-09-25T13:35:05.000Z,2026-09-25T13:40:05.000Z,77.84552845528457,8.771754120757077,7.898419741349036,0.8417222681686181,-0.7351049947049686,-9.956211350491715,5,stop,0,-9.938196041019864,-0.7070467052616394
USDE,2026-09-25T13:30:05.000Z,2026-09-25T13:45:05.000Z,9.353023909985936,15.583362009904784,14.577077490027495,0.6417100468805974,-0.6457428864256745,-6.457428886255061,15,rotation_for_stronger_continuation,0,-6.43867484607652,-0.36577472672193956
FRVO,2026-09-25T13:35:05.000Z,2026-09-25T14:10:05.000Z,3.470975463794135,17.31347308425055,15.78682984380331,0.5775848641144177,-0.8817660285849128,-8.817660286981774,35,stop,0,-8.799349944618562,-0.8663772961716241
ONCO,2026-09-25T13:45:05.000Z,2026-09-25T14:20:05.000Z,40.520364474695356,1.2902582661327728,1.1797619942947448,7.249910602390694,-0.8010880927231635,-8.563887923711043,35,stop,3.080137900324642,-8.545441562117983,-0.5799928481912566
GIPR,2026-09-25T13:30:05.000Z,2026-09-25T14:30:05.000Z,1.138484509145199,0.5466899171414624,0.44621027246759903,18.291904009775948,-1.8379640153107042,-18.37964109512982,60,stop,24.293494116916637,-18.363228220191484,-1.7194389769189407
MGN,2026-09-25T13:35:05.000Z,2026-09-25T16:00:05.000Z,8.92388451443571,4.20153419082605,3.978631840659162,2.3800828321716327,-0.7000786475420815,-7.000786898011264,145,stop,4.009626044262382,-9.318838620448577,-0.7854273346166387
PL,2026-09-25T13:30:05.000Z,2026-09-25T19:50:05.000Z,1.759364358683313,17.96364221078972,17.46649599958944,0.5566799804287547,-0.27675134312120003,-2.767513432780746,380,session_close,1.0374165050913042,-3.2490193466398476,-0.11133599608575118
QBTS,2026-09-25T13:30:05.000Z,2026-09-25T19:50:05.000Z,-0.17162471395879564,17.483606157970396,17.41650571040614,0.5719643817555788,-0.03837906600661323,-0.38379066056499994,380,session_close,2.6104102203282853,-1.221751142415306,0
TSUI,2026-09-25T13:35:05.000Z,2026-09-25T19:50:05.000Z,9.249394673123511,22.61692511003839,22.84372340321335,0.4421467385984539,0.10027812564700392,1.0027812891076668,375,session_close,1.0305330579980732,-3.2582904459957374,-0.02652880431590887
MGLD,2026-09-25T13:35:05.000Z,2026-09-25T19:50:05.000Z,93.01930193019301,1.940395238606353,1.919188759442552,5.153589224215012,-0.10928948250210459,-1.0928948258516658,375,session_close,0,-1.0510868198687962,-0.05153589224214983
BENF,2026-09-25T13:40:05.000Z,2026-09-25T19:50:05.000Z,9.655172413793123,1.6003251372036424,1.4696988991665925,4.154328155425063,-0.47724593938286397,-7.1784919204848086,370,stop,31.223334007580085,-8.143666194693944,-0.5224067655447024
GENI,2026-09-25T14:10:05.000Z,2026-09-25T19:50:05.000Z,7.758620689655182,6.261277778682126,6.398716088791379,1.4562896400953464,0.20014998716431714,2.1950521118419593,340,session_close,4.132099396687838,-0.499543061140284,0.21844344601430166
YMAT,2026-09-25T13:35:05.000Z,2026-09-25T19:55:05.000Z,9.090909090909104,1.5807151802894401,1.5796029468500845,6.326249650368595,-0.007036266406851786,-0.07036267211351559,380,session_close,5.01575620321697,-5.73886943205224,-0.0632624965036861
SOAR,2026-09-28T13:30:05.000Z,2026-09-28T13:35:05.000Z,118.10584958217274,0.39217854728713525,0.349430052871295,25.498590038960682,-1.0900263338923097,-10.900263339631813,5,stop,0,-10.882427808038154,-0.49212278775194207
PMAX,2026-09-28T13:30:05.000Z,2026-09-28T13:40:05.000Z,9.259259259259256,1.7803784752139193,1.519691684464334,5.61678323591083,-1.4642211961056655,-14.642212000359239,10,stop,0,-14.624894584991754,-1.9097063002096828
CLRO,2026-09-28T13:30:05.000Z,2026-09-28T13:45:05.000Z,68.1159420289855,5.811166025281211,4.889021019102809,1.7208250384011226,-1.5168638146493867,-15.16863814860255,15,stop,0,-15.851655610487136,-2.2189487941612924
GYGY,2026-09-28T13:30:05.000Z,2026-09-28T13:45:05.000Z,63.60194699837749,1.2202451742283509,0.9873021347811578,8.19507440739512,-1.908985540954524,-19.089855413236915,15,stop,0,-19.073640211323305,-1.2292611611092674
CRMT,2026-09-28T13:35:05.000Z,2026-09-28T13:45:05.000Z,8.962264150943366,1.1705610682429264,1.0693325816252417,8.542910687035459,-0.8647859201586444,-8.64786036064175,10,stop,0,-8.590843397335412,-0.6834328549628346
LOBO,2026-09-28T13:30:05.000Z,2026-09-28T13:50:05.000Z,8.340775138417577,0.6124390136295488,0.5570445910811413,16.32815629979075,-0.9044887895070495,-9.044887950576303,20,stop,0,-9.019512539245522,-0.7217045084507507
NAMI,2026-09-28T13:45:05.000Z,2026-09-28T13:50:05.000Z,66.03773584905656,2.650530427751152,2.219555631908051,3.772829730599053,-1.6259945228957093,-16.259945229482337,5,stop,0,-16.243179977995435,-0.9432074326497624
CSAI,2026-09-28T13:35:05.000Z,2026-09-28T14:15:05.000Z,9.206798866855536,3.8811870584367925,3.2693353351175563,2.576531232681091,-1.5764550749017614,-15.76455125988359,40,stop,15.170949833074033,-15.747425961039795,-1.6747453012427105
SDEV,2026-09-28T13:40:05.000Z,2026-09-28T14:20:05.000Z,9.731543624161066,1.650330486390906,1.4996936091289348,2.1681243117523348,-0.3265994758381324,-9.127679486270523,40,stop,0,-9.109114061127388,-0.2818561605278034
AMPU,2026-09-28T13:45:05.000Z,2026-09-28T14:45:05.000Z,9.952606635071092,2.36049472664148,2.148431467486352,4.236400050782935,-0.8983848018539795,-8.983848036672061,60,stop,0,-8.917398724333214,-0.7201880086330998
NASA,2026-09-28T13:35:05.000Z,2026-09-28T19:50:05.000Z,-0.4686226568867191,24.455181994188045,24.174996868915635,0.4089112882934339,-0.11457086053579858,-1.1457086082573364,375,session_close,0,-1.4932704008288833,-0.032712903063472965
JDST,2026-09-28T13:40:05.000Z,2026-09-28T19:50:05.000Z,9.960159362549792,24.89500190948631,25.034353786557485,0.40168705487262557,0.055975845091692185,0.5597584510249584,370,session_close,0.7431133814984392,-2.1892021196376565,0.08033741097452385
LINK,2026-09-28T13:30:05.000Z,2026-09-28T19:55:05.000Z,9.369369369369384,6.101297792350582,5.907778679856098,1.6389955568814798,-0.3171769655501068,-3.1717696641050055,385,session_close,4.895715924961275,-6.249453892065871,-0.3933589336515535
ONCY,2026-09-28T13:35:05.000Z,2026-09-28T19:55:05.000Z,-0.4683155275867268,0.6838356565934435,0.6678185915104288,14.623395847758854,-0.2450914481325283,-2.450914603582293,380,session_close,4.279440992056194,-2.359581053995341,-0.28246791695517537
