symbol,opened_at,closed_at,entry_day_change_pct,entry_price,exit_price,quantity,realized_pnl,return_pct,minutes_held,exit_reason,mfe_pct,mae_pct,nbbo_pnl
NNVC,2026-08-03T13:30:05.000Z,2026-08-03T13:35:05.000Z,9.210526315789469,1.6904276794928073,1.569534736313655,5.91566263795381,-0.7151618671571843,-7.151618767590509,5,stop,0,-7.124095337159886,-0.4140963846567658
TOPS,2026-08-03T13:30:05.000Z,2026-08-03T13:35:05.000Z,9.206349206349195,0.6952595931016664,0.6440849913958058,14.383116797349443,-0.7360502733932315,-7.360502783940369,5,stop,0,-7.300811611274516,-0.3466331148161199
NRXS,2026-08-03T13:30:05.000Z,2026-08-03T13:45:05.000Z,9.599999999999987,6.892373672867567,6.31818228293358,1.4508788955559326,-0.8330821696651493,-8.330822111319094,15,stop,0,-8.304449236708766,-0.5803515582223753
EZRA,2026-08-03T13:45:05.000Z,2026-08-03T13:50:05.000Z,129.39560439560444,4.190838151011406,3.6792635442208312,2.3861575273467777,-1.2206975987927988,-12.206975988015978,5,stop,0,-12.189402993005627,-1.1692171883999212
YYAI,2026-08-03T13:45:05.000Z,2026-08-03T13:50:05.000Z,50,0.18043633572233161,0.14917006065788227,55.42120968657963,-1.732814786465123,-17.32814786959769,5,stop,0,-17.311555124019108,-1.6570941696287314
EDBL,2026-08-03T13:50:05.000Z,2026-08-03T13:55:05.000Z,30.04291845493563,3.040608569360806,2.749447776931715,3.288815305064846,-0.9575740703756028,-9.575740704114983,5,stop,0,-9.557579107326442,-1.5128550403298284
SDST,2026-08-03T13:30:05.000Z,2026-08-03T14:00:05.000Z,9.425925925925904,0.5997364041658854,0.5663707399166339,16.673990713848795,-0.5563387758534157,-5.563388184790368,30,stop,5.579717289407471,-5.541835368841852,-0.09504174706893842
ZBAO,2026-08-03T13:55:05.000Z,2026-08-03T14:05:05.000Z,67.76611694152923,0.33686741634919143,0.26864617534581864,29.685269379984586,-2.025165916621971,-20.251659166897795,10,stop,0,-20.23568117331068,-1.2883406910913324
HYFM,2026-08-03T13:55:05.000Z,2026-08-03T14:20:05.000Z,372.2222222222222,2.5606649590425814,2.289541755832453,3.9052355559122227,-1.0388040876680618,-10.388041037870185,25,stop,0,-10.570104381940759,-0.9663088889780553
MUZ,2026-08-03T13:30:05.000Z,2026-08-03T14:25:05.000Z,9.010989010989,14.913008942929645,14.057185250282856,0.6705554884747162,-0.5738772742710029,-5.738772744802386,55,stop,1.9914898341904408,-5.7198982860803715,-0.7174943726679466
FCUV,2026-08-03T13:50:05.000Z,2026-08-03T14:40:05.000Z,30.60344827586208,15.213074176812723,14.347121296342348,0.6573293391921253,-0.5692162346911096,-5.692162349344441,50,stop,0.24272426965195049,-5.67323978560621,-0.44698395065064567
RUBI,2026-08-03T13:30:05.000Z,2026-08-03T14:45:05.000Z,9.4170403587444,2.461267997404479,2.2695167766575564,4.062945760037498,-0.7790748093157231,-7.790749359644421,75,stop,8.074374785886507,-7.771116254149479,-1.0563658976097479
AZTR,2026-08-03T13:55:05.000Z,2026-08-03T18:30:05.000Z,5.727204220045201,0.14143037111098306,0.13384715868018415,70.70617074457714,-0.536179912924467,-5.36179914627263,275,stop,1.6754738536021163,-5.324437072341304,-0.544437514733243
KIDZ,2026-08-03T13:55:05.000Z,2026-08-03T19:20:05.000Z,0.4571414324714862,0.5661153270089071,0.5372005358390233,17.664245278748723,-0.5107579634086256,-5.107579637996426,325,stop,8.423137603964337,-5.072345799331323,-0.17310960373173678
OWL,2026-08-03T13:45:05.000Z,2026-08-04T13:30:05.000Z,3.592233009708723,10.682137359295515,11.087776597080724,0.9361422403956839,0.3797360248526433,3.797360248623137,1425,time,5.784073167406212,0,0.4961553874097131
INFQ,2026-08-03T13:45:05.000Z,2026-08-04T13:30:05.000Z,2.1363173957273496,10.052017891075415,11.407592269442562,0.9948251293207693,1.3485594562630179,13.485594564755795,1425,time,13.50954727339131,0,1.293272668117
QUBT,2026-08-03T13:45:05.000Z,2026-08-04T13:30:05.000Z,1.4814814814814836,8.231655649078018,8.978165695556504,1.2148224396099363,0.906877155856321,9.068771560701743,1425,time,9.091055102697364,-0.14159544051532968,1.0447472980645447
UPC,2026-08-03T13:45:05.000Z,2026-08-04T13:30:05.000Z,90.66455696202532,6.04121437366754,5.668593652025257,1.6552963327152943,-0.5381755941779975,-5.381755942921552,1425,stop,31.927117745393296,-6.144697915134245,-0.22098206041749258
MGN,2026-08-03T13:50:05.000Z,2026-08-04T13:30:05.000Z,48.91304347826089,0.11012307324475339,0.12387087514583672,90.80749097630907,2.1679117656541678,21.679117699994507,1420,time,168.5177513551531,-0.6566046727976116,1.5618888447925148
PRZO,2026-08-03T13:50:05.000Z,2026-08-04T13:30:05.000Z,5.940807949881188,0.49291298920514093,0.5130761741209482,20.287556124268253,0.40906174562343894,4.090617483690561,1420,time,12.068460782659907,0,0.2130193393048181
AMZG,2026-08-03T13:50:05.000Z,2026-08-04T13:30:05.000Z,9.760178471834923,19.723955410630694,18.626260207921376,0.5069976985168949,-0.5565289414466604,-5.565289415112391,1420,stop,0.5376436275664531,-5.546328755342255,-0.4208080897690216
MOVE,2026-08-04T13:30:05.000Z,2026-08-04T13:35:05.000Z,72.3977695167286,18.583733375723064,16.456705313196657,0.5381050080703808,-1.1445644527516983,-11.44564452966732,5,stop,0,-11.427915654974964,-0.7156796607336062
TNMG,2026-08-04T13:30:05.000Z,2026-08-04T13:40:05.000Z,117.95323698742806,0.7809565668810542,0.7171563065401422,12.804809413272217,-0.8169501741825284,-8.16950174267877,10,stop,9.570754160817474,-8.151102069002715,-0.8579222306892369
XGN,2026-08-04T13:35:05.000Z,2026-08-04T13:40:05.000Z,39.74358974358976,6.581318918918373,6.048783666680726,1.5194522742797703,-0.8091619001466438,-8.091619002185782,5,stop,0,-8.073137397901608,-0.7445316143970864
QNME,2026-08-04T13:35:05.000Z,2026-08-04T13:45:05.000Z,224.8407643312102,1.0302064293712845,0.9095178732761259,9.706792458349836,-1.1714987661136167,-11.714987662114721,10,stop,0,-11.697308999015599,-1.1298706421519213
ADGM,2026-08-04T13:45:05.000Z,2026-08-04T13:55:05.000Z,95.65217391304346,0.9027806379396525,0.7770443784358763,11.076887983066172,-1.3927664619330684,-13.927664619694824,10,stop,10.768879833557786,-13.910426593358894,-1.364672599513753
AMIX,2026-08-04T13:55:05.000Z,2026-08-04T14:00:05.000Z,65.06849315068494,6.041208466426422,5.698857943558947,1.655297951630009,-0.5666921192419944,-5.666921192507484,5,stop,0,-5.648016755631979,0.016552979516301747
IQMX,2026-08-04T13:30:05.000Z,2026-08-04T14:50:05.000Z,1.6000000000000014,10.202289196314522,9.687944335625225,0.980172170456862,-0.5041465184651607,-5.041465212288818,80,stop,0,-5.021316162058831,-0.49988780693299795
MOVE,2026-08-04T13:55:05.000Z,2026-08-04T14:50:05.000Z,48.884758364312276,16.063219382299458,15.006985876474413,0.6225402119638627,-0.6575478305996572,-6.575478306602349,55,stop,1.8475786866708255,-6.556714175615586,-0.32372091022120664
BLZE,2026-08-04T13:45:05.000Z,2026-08-04T15:00:05.000Z,47.69082745349582,23.05461139222313,21.82563105984701,0.43375270264813165,-0.5330735406695417,-5.3307354067598185,75,stop,1.5848829614197202,-5.311785010768921,-0.6853292701840505
ENSC,2026-08-04T13:45:05.000Z,2026-08-04T15:35:05.000Z,50.5890753302392,0.4228848038157065,0.3890201285669972,23.647101784252275,-0.8008014224968772,-8.008014225894847,110,stop,6.790311670032878,-7.989126946833947,-1.092496102432456
F,2026-08-04T13:30:05.000Z,2026-08-05T13:30:05.000Z,0.485100485100487,14.522914204949755,14.267126371850551,0.6885670367164646,-0.17612707026524424,-1.7612707029008339,1440,time,0,-3.5317581424184286,0.041314022202987744
SNAP,2026-08-04T13:30:05.000Z,2026-08-05T13:30:05.000Z,5.753968253968256,5.341082810056099,5.668853461821568,1.872279526456609,0.6136782806738269,6.136782810188757,1440,time,8.592212595540726,0,0.5991294484661154
ELPW,2026-08-04T13:35:05.000Z,2026-08-05T13:30:05.000Z,26.133340960443906,0.13322673660117035,0.1324659120329407,75.06000862635196,0.021516370772476832,0.21516370775608398,1435,time,36.23391567665675,-1.7464486938051471,-0.5987912188167215
PFE,2026-08-04T13:45:05.000Z,2026-08-05T13:30:05.000Z,-0.3795445465441416,24.944989511477402,25.494872942049298,0.40088210882099967,0.22043842925338736,2.204384292560595,1425,time,2.70599628118513,-0.5010605894217535,0.22850280202796824
SRAD,2026-08-04T13:45:05.000Z,2026-08-05T13:30:05.000Z,1.296596434359798,12.522521332339226,12.626859010469884,0.7985612267545352,0.08332002424473843,0.8332002426796264,1425,time,3.333822770839623,-2.495674186093366,-0.18366908215354272
IRT,2026-08-04T13:55:05.000Z,2026-08-05T13:30:05.000Z,1.6408114558472464,17.063431278806597,17.376100309290624,0.5860485991553135,0.18323924731441427,1.832392473560542,1415,time,1.8552465563394183,-3.0675616776838943,0.0703258318986375
MFA,2026-08-04T13:55:05.000Z,2026-08-05T13:30:05.000Z,-0.3275109170305823,9.15267434778716,8.997383289760908,1.0925768087402363,-0.1696674086042176,-1.6966741317940257,1415,time,0,-1.6680845617988438,-0.14203498513623103
MBGL,2026-08-04T13:30:05.000Z,2026-08-05T13:35:05.000Z,-2.0657276995305174,20.975077178385273,20.935774981027024,0.4767562861868741,-0.018737569651502802,-0.18737569842532287,1445,time,1.3107118475732316,-0.8823670912448178,-0.13349176013232622
VTGN,2026-08-04T13:35:05.000Z,2026-08-05T13:35:05.000Z,8.040816326530642,0.26555801003609736,0.27501274630717676,37.65655556103006,0.20787706437368236,2.078770652134874,1440,time,17.488453825056816,-1.5657633658017422,0.6335332556250819
ALP,2026-08-04T13:35:05.000Z,2026-08-05T13:35:05.000Z,-0.46511627906977715,0.19412844281091174,0.19843285131058838,51.51227093009719,0.22172985682915639,2.217299246493877,1440,time,3.3851593789835377,-0.8903604159619771,0.18544417534834956
KIM,2026-08-04T13:45:05.000Z,2026-08-05T13:35:05.000Z,-1.6332152695789026,25.015017049061328,24.725022551782608,0.3997598714076599,-0.11592816294106993,-1.159281629550604,1430,time,1.2591754397804467,-1.139383788954973,-0.08794717170968624
BCAL,2026-08-04T13:55:05.000Z,2026-08-05T13:35:05.000Z,-0.39627039627040395,21.49679720941714,21.43370119790512,0.4651855592632913,-0.029351353402501904,-0.29351354481950004,1420,time,1.0383071878497407,-0.2642124259899292,-0.31632618029903803
STVN,2026-08-04T13:55:05.000Z,2026-08-05T13:35:05.000Z,-1.651287032540072,20.314135255893447,20.295408455230977,0.4922680619524003,-0.009218605868683312,-0.09218605875451988,1420,time,0.37345790579268456,-4.352315492420211,-0.2707474340738205
CISS,2026-08-05T13:35:05.000Z,2026-08-05T13:40:05.000Z,50.28376844494895,0.13282662407791834,0.12447503347348092,75.28611126310541,-0.6287587794695816,-6.287587795303928,5,stop,0,-6.268791468368429,-1.0841200021887172
INLF,2026-08-05T13:40:05.000Z,2026-08-05T14:00:05.000Z,140.25157232704402,7.661538710241645,6.3287338602565715,1.3052208409353916,-0.9798163081325745,-9.79816308304958,20,stop,6.636542723182526,-17.379520754253917,-1.1146585557304753
DBGI,2026-08-05T13:45:05.000Z,2026-08-05T14:00:05.000Z,10.77207582061952,24.0848491850326,21.20571531695365,0.4151987799632882,-1.1954128693773622,-11.954128697090498,15,stop,3.301456483528842,-11.936338745351815,-2.063537936417543
GTE,2026-08-05T13:35:05.000Z,2026-08-05T14:15:05.000Z,57.75988286969253,10.802160956922183,10.217950560227509,0.925740695746123,-0.5408273390982462,-5.408273391078325,40,stop,3.7755319949798416,-5.389300893069226,-0.7776221844267432
BJDX,2026-08-05T13:35:05.000Z,2026-08-05T14:30:05.000Z,38.49999999999998,1.3902787822716383,1.3197337425654956,7.192801995102051,-0.5074165023428965,-5.07416502400159,55,stop,10.769150737072009,-5.055013653938278,-0.5034961396571411
INLF,2026-08-05T14:20:05.000Z,2026-08-05T14:30:05.000Z,88.67924528301884,6.011203254466583,5.708856943337585,1.6635604514207296,-0.5029713658271485,-5.029713658481633,10,stop,0,-5.010698219907573,-0.31607648576993874
ZYBT,2026-08-05T14:20:05.000Z,2026-08-05T14:40:05.000Z,32.8125,1.7103446033165592,1.5196918080517647,5.84677495841566,-1.114703989106148,-11.147039894480697,20,stop,4.072594291721732,-11.129020604821893,-1.5201614891880713
VNRX,2026-08-05T13:35:05.000Z,2026-08-05T15:05:05.000Z,2.024446142093206,0.8062683826487005,0.7584061938588803,12.402817965640315,-0.5936260149972502,-5.9362601609883825,90,stop,10.546316732892237,-5.912222738054462,-0.8396707762738487
CISS,2026-08-05T14:10:05.000Z,2026-08-05T15:30:05.000Z,41.316685584563004,0.12482542845980596,0.11527670256953106,80.11188197582098,-0.7649664015411691,-7.649664021261191,80,stop,9.272607098577733,-7.631000011246236,-0.6889621849920591
CRCD,2026-08-05T13:40:05.000Z,2026-08-05T15:40:05.000Z,7.36842105263158,6.151236567255468,5.838666020524231,1.6256893859497734,-0.5081426201814899,-5.081426202905711,120,stop,0.9553108891526607,-5.059739840152733,-0.35765166490894984
APPS,2026-08-05T13:40:05.000Z,2026-08-05T15:45:05.000Z,43.007360672975814,13.612723129472428,12.91741356508065,0.734606875106667,-0.5107791863296217,-5.107791863381013,125,stop,3.0653445791763767,-5.088791734642994,-0.7199147376045332
OESX,2026-08-05T13:40:05.000Z,2026-08-05T15:55:05.000Z,42.93269230769228,14.953117785211424,14.176603540652147,0.668756852304602,-0.5192992219611478,-5.192992228866452,135,stop,13.28741098230093,-5.170278174201471,-0.4815049336593127
JLHL,2026-08-05T13:35:05.000Z,2026-08-06T13:30:05.000Z,39.85239852398523,7.611525721264409,8.348046184775113,1.3137970448004523,1.1443274116881967,11.443274118003622,1435,time,95.4930002854693,-2.3848795617582796,1.284893509814843
GME,2026-08-05T13:40:05.000Z,2026-08-06T13:30:05.000Z,-0.676730869338904,19.093829834746927,18.965402185544175,0.5237293976800049,-0.06726133536241642,-0.6726133537078026,1430,time,1.1845196443590833,-0.7532791272979011,-0.19901717111840078
CTOR,2026-08-05T13:40:05.000Z,2026-08-06T13:30:05.000Z,3.7272727272727346,0.6894378055023288,0.7412179712903857,14.504570854422496,0.7510490835266148,7.510491211071538,1430,time,20.98263155039335,-0.5566572461938812,1.1980775525752971
SHPU,2026-08-05T13:45:05.000Z,2026-08-06T13:30:05.000Z,36.00000000000001,17.043444414550677,16.44550352439032,0.5867358588117191,-0.3508333617068821,-3.5083336185840044,1425,time,2.2093866491437852,-3.4819511837878903,-0.3813783082276192
VTIX,2026-08-05T13:45:05.000Z,2026-08-06T13:30:05.000Z,-2.9585798816567976,1.660391227746905,1.7491726592119616,6.022676914221942,0.5347018776961737,5.347018821915241,1425,time,18.64673620766013,0,0.4215873839955364
BLMN,2026-08-05T14:15:05.000Z,2026-08-06T13:30:05.000Z,36.939461883408065,12.232451697253229,11.917312997155348,0.8174976077209289,-0.25762513343030113,-2.576251334543548,1395,time,2.514200017775914,-4.107530605381848,-0.7112229187172101
CWVX,2026-08-05T14:20:05.000Z,2026-08-06T13:30:05.000Z,0.05265929436546468,19.043854719513398,16.616408621791273,0.5251037745413336,-1.274661108409519,-12.74661109042608,1390,stop,1.4500492917731034,-12.727752627884625,-1.2707511343900286
KLTR,2026-08-05T14:20:05.000Z,2026-08-06T13:30:05.000Z,30.714285714285737,1.840379156920699,1.8793155674428292,5.433662922068533,0.21156733017253768,2.115673304368329,1390,time,10.303357455784923,-4.367532452127342,0.8150494383102789
CTXR,2026-08-05T13:35:05.000Z,2026-08-06T13:35:05.000Z,7.084337349397574,0.6697399533049596,0.7182239437340534,14.93116833156567,0.7238473772594033,7.23847378622315,1440,time,21.3456052591124,-3.903000437105042,0.7730207532414131
OMH,2026-08-05T13:45:05.000Z,2026-08-06T13:35:05.000Z,0.27272727272726893,0.1108377378139082,0.1106737150268396,90.22197419827036,-0.02949899934835734,-0.29499000760648314,1430,time,5.83038080129501,-1.6580434156764134,-0.07261780258017225
MNTN,2026-08-05T14:20:05.000Z,2026-08-06T13:35:05.000Z,0,10.072205822907685,10.177597272083528,0.9928311766165819,0.10463591649057821,1.0463591692710017,1395,time,3.5522921531107476,-0.9154481603024567,0.009928311766167042
TRAD.RT,2026-08-05T14:10:05.000Z,2026-08-10T13:35:05.000Z,31.118881118881127,0.30223761,0.2976542325,10,-0.045833774999999854,-1.5164815192920515,7165,time,0,-1.5013386322105915,-0.2999999999999998
VEEA,2026-08-10T13:45:05.000Z,2026-08-10T13:50:05.000Z,3.341740226986123,0.1668501515108773,0.1572151438697257,59.93401628244858,-0.5774647048462951,-5.774647223214209,5,stop,0,-5.72378953473992,-0.7551686051588522
GME.WS,2026-08-10T13:35:05.000Z,2026-08-10T13:55:05.000Z,9.15032679738561,1.7110497806062106,1.5996038767328418,5.84436383607923,-0.651330410276679,-6.513305757468054,20,stop,0,-6.490154866614484,-0.467549106886338
STKH,2026-08-10T14:00:05.000Z,2026-08-10T14:05:05.000Z,201.59574468085108,5.691138288915781,5.228953203061089,1.7571177315045607,-0.8121136095922372,-8.121136096004847,5,stop,0,-8.10274264137819,0.931272397697418
JWEL,2026-08-10T14:00:05.000Z,2026-08-10T14:05:05.000Z,140.96774193548387,3.750750615534191,3.559285736966637,2.666133002352993,-0.5104708315404644,-5.104708315572328,5,stop,0,-5.085665113115601,-0.613210590541188
TNXP,2026-08-10T13:45:05.000Z,2026-08-10T14:10:05.000Z,12.302576891105588,13.562733189353969,12.647339369347742,0.7373145115543828,-0.6749331472777914,-6.749331474903321,25,stop,1.1595510171170886,-6.729714258999175,-0.693075640861121
QNTM,2026-08-10T14:15:05.000Z,2026-08-10T14:20:05.000Z,5.362318840579694,3.670740158062297,3.3693117927735097,2.7242462190228713,-0.8211650844442235,-8.21165084722054,5,stop,0,-8.192902387867495,-1.1169409497993783
AUUD,2026-08-10T13:45:05.000Z,2026-08-10T16:30:05.000Z,52.03113597664802,1.260252642468712,1.1597611035876678,7.93491690633458,-0.7973920108107758,-7.973920108922843,165,stop,11.088836700039483,-7.954963877110144,-0.8728408596968045
SERV,2026-08-10T14:15:05.000Z,2026-08-10T16:45:05.000Z,0.5899705014749346,5.131059031373146,4.859006557165478,1.948915404318432,-0.5302072577662674,-5.3020725847089505,150,stop,0,-5.282711224248116,-0.5067180051227922
SMCL,2026-08-10T13:35:05.000Z,2026-08-10T17:15:05.000Z,9.22014622258327,13.492717339960667,12.807261136913379,0.7411405534670359,-0.5080193897038797,-5.080193898505591,220,stop,1.8327120757726911,-5.05989507346084,-0.6225580649123099
XHLD,2026-08-10T13:45:05.000Z,2026-08-10T18:30:05.000Z,54.95049504950495,3.140629020066395,2.83942973754282,3.1840755260988916,-0.861150343944873,-8.611503440009036,285,stop,31.50231923644038,-9.57225505290783,-2.7207925370515014
STDN,2026-08-10T13:35:05.000Z,2026-08-11T13:30:05.000Z,9.834123222748815,9.311873344333746,11.617163738421155,1.073897767696078,2.4756462081016806,24.756462087085556,1435,time,24.786920636874243,-1.2014053477415576,1.6323246068980382
VIVK,2026-08-10T13:35:05.000Z,2026-08-11T13:30:05.000Z,9.523809523809511,1.390279644211306,1.3696107435303844,7.192797534839566,-0.060552346732416995,-0.6055234674682416,1435,time,33.78603417984751,-1.458673749252104,-0.43156785209037096
MPG,2026-08-10T13:35:05.000Z,2026-08-11T13:30:05.000Z,9.518599562363228,5.041060966175722,5.228163237796223,1.9837093907372303,0.3711565332418551,3.711565340627912,1435,time,5.533339820642724,-0.41778836473188585,0.23804512688846557
VREX,2026-08-10T13:45:05.000Z,2026-08-11T13:30:05.000Z,48.10636583400485,18.3936794460849,18.396261349459053,0.5436650143411739,0.0014036905349366481,0.01403690534958728,1425,time,0.4149281503943225,-0.02000386108546026,0.021746600573647967
GME,2026-08-10T14:00:05.000Z,2026-08-11T13:30:05.000Z,0.13048016701462384,19.20386186595445,18.736141007576656,0.5207285944624646,-0.24355562518384685,-2.4355562523962635,1410,time,0.7609830515633575,-2.415461375385175,-0.307229870732856
GENC,2026-08-10T13:35:05.000Z,2026-08-11T13:35:05.000Z,9.122322045611607,15.915681107484053,16.466240699453056,0.6283111210691442,0.3459227144454151,3.459227338439905,1440,time,3.48284744317533,-2.5489396573376233,0.13194533542452191
CSQR,2026-08-10T13:45:05.000Z,2026-08-11T13:35:05.000Z,1.2081784386617223,21.864649410475085,21.445081131011307,0.4573592645040734,-0.19189343970479314,-1.918934402226309,1430,time,1.5794929204740127,-3.131307516630377,-0.3064307072177286
RYN,2026-08-10T14:00:05.000Z,2026-08-11T13:35:05.000Z,-1.8357044515832865,21.414405006187977,21.585617897771314,0.46697538340626843,0.07995220569122491,0.7995220578571447,1415,time,1.193565703731525,-0.20736044814294585,0.11674384585156616
CTMX,2026-08-10T14:15:05.000Z,2026-08-11T13:35:05.000Z,-1.3005780346820761,3.42152821726537,3.3592529451833992,2.9226702988243964,-0.18201008806518423,-1.8201010813742127,1400,time,0.5398693671856858,-1.798267129725617,-0.087680108964733
PTEN,2026-08-10T14:15:05.000Z,2026-08-11T13:35:05.000Z,9.473150962512666,10.822181048606247,10.957777299901213,0.9240281558690392,0.12529475402684287,1.2529475406663029,1400,time,1.8279028091036098,-0.9441816593837693,0.14784450493904622
GCL,2026-08-10T14:00:05.000Z,2026-08-11T13:40:05.000Z,1.1856171039844599,0.5259481697340257,0.5167405839754606,19.013279910443686,-0.2209246346220635,-2.2092463971352423,1420,time,23.852508190952705,-3.6216819128125133,-0.666968780838662
BCIC,2026-08-10T14:00:05.000Z,2026-08-11T13:45:05.000Z,-0.6666666666666599,7.4926443841918555,7.547184747579588,1.3346422100101836,0.07279187112656195,0.7279187505922883,1425,time,1.6997418972244605,-1.6368638080650588,0.09342495470071199
PLAG,2026-08-11T14:00:05.000Z,2026-08-11T14:05:05.000Z,94.44935478168644,1.1102232291723215,1.049788775669999,9.007197593252055,-0.5443450641356221,-5.443450642568227,5,stop,0,-5.424425249795783,-0.27021592779756176
GLE,2026-08-11T14:15:05.000Z,2026-08-11T14:20:05.000Z,46.59090909090908,0.5688144861407268,0.5395915531346196,17.580424270146413,-0.5137515606654303,-5.137515608010969,5,stop,0,-5.118450188964396,-0.4518169037427615
STIM,2026-08-11T14:10:05.000Z,2026-08-11T14:25:05.000Z,51.382488479262676,3.2906600331209424,3.0693846346102127,3.0389040186798773,-0.6724346977692476,-6.724346978525965,15,stop,1.1955038345832003,-6.705646614963845,-0.6077808037359755
WXM,2026-08-11T14:00:05.000Z,2026-08-11T14:30:05.000Z,152.12500000000003,10.112023374219842,8.838230993308537,0.9889217646809021,-1.2596810091678952,-12.596810092021565,30,stop,13.231542059043,-12.579315999830554,-1.6712777823107245
FRTT,2026-08-11T14:15:05.000Z,2026-08-11T14:35:05.000Z,38.68986693961105,1.3602723938613672,1.279742360967894,7.35146875327915,-0.5920140205169109,-5.9201402055124355,20,stop,2.1854156765062083,-5.901199952569813,-0.44108812519674956
BKD,2026-08-11T13:45:05.000Z,2026-08-11T14:40:05.000Z,-0.9495982468955444,13.582718797644565,12.8074302961105,0.7362296274087463,-0.5707903646187104,-5.707903646422479,55,stop,0,-5.688984725050517,-0.48591155408977293
RIOT,2026-08-11T14:10:05.000Z,2026-08-11T16:30:05.000Z,7.886597938144346,20.944189064781476,19.84602565989727,0.4774594026518655,-0.5243284433101524,-5.24328443315485,140,stop,0,-5.2243085726407905,-0.6302464115004636
CLSK,2026-08-11T14:00:05.000Z,2026-08-12T13:30:05.000Z,2.329594477998276,11.872380577455106,12.147542610436902,0.8422910581116534,0.23176651991239125,2.3176651993814277,1410,time,2.3383635719366636,-3.052299200576869,0.19372694336568053
ONDS,2026-08-11T14:00:05.000Z,2026-08-12T13:30:05.000Z,0.26852846401719255,9.341871671846159,9.93800764323488,1.0704493007915759,0.6381333337497631,6.381333338000256,1410,time,6.40266050706344,-0.7693498088050199,0.4709976923482948
GAP,2026-08-11T14:00:05.000Z,2026-08-12T13:30:05.000Z,-1.6271501627150187,21.184279042793534,20.595848631638237,0.4720481624932545,-0.2777674943410083,-2.7776749445503053,1410,time,0,-2.7580784864722263,-0.26434697099622184
ACHR,2026-08-11T14:10:05.000Z,2026-08-12T13:30:05.000Z,5.271565495207664,6.601320462901215,6.868605977280327,1.514848439196179,0.4048970442769456,4.0489704428262625,1400,time,6.493845276985444,-1.9893059826321724,0.12118787513569451
SPT,2026-08-11T14:10:05.000Z,2026-08-12T13:30:05.000Z,2.0895522388059584,10.282107020365274,9.667966836280442,0.9725633053636821,-0.5972902073902041,-5.972902079976739,1400,stop,0.8548148687874901,-5.95312827568224,-0.5154585518427499
QMCO,2026-08-11T14:10:05.000Z,2026-08-12T13:30:05.000Z,51.86757215619695,17.913584833867763,20.025919556203746,0.5582355565580133,1.1791803493600443,11.791803493973825,1400,time,11.814581982110607,-1.0248358191302542,0.8541004015337617
DSX,2026-08-11T13:45:05.000Z,2026-08-12T13:35:05.000Z,1.26050420168069,2.4329829317538203,2.339301024707015,4.110175726453009,-0.3850491003516064,-3.850495859388317,1430,time,0,-3.821766710331731,-0.328814058116242
GNK,2026-08-11T13:45:05.000Z,2026-08-12T13:35:05.000Z,-0.31923383878690315,25.00510977115174,24.425080165663207,0.39991826000957026,-0.23196443058101188,-2.319644307891464,1430,time,0,-2.899846382551352,-0.22795340820545462
JBIO,2026-08-11T13:45:05.000Z,2026-08-12T13:35:05.000Z,0.9894155545329131,22.06540777182248,22.285367470203,0.4531980551992386,0.09968530752826313,0.9968530863110052,1430,time,1.7882843238520074,-3.2422141445129005,-0.2084711053916486
CHMI,2026-08-11T14:00:05.000Z,2026-08-12T13:35:05.000Z,1.0752688172043001,2.83057612062664,2.8891626012289886,3.53284969792911,0.20697723029873696,2.0697723044939202,1415,time,2.805926284567728,-0.3736384458828401,0.2472994788550391
SG,2026-08-11T14:10:05.000Z,2026-08-12T13:35:05.000Z,2.752293577981635,5.611136419601221,5.578879428109448,1.7821701785509236,-0.19881487639585485,-1.9881487649935197,1405,time,0,-4.297461361995502,-0.07960468393041609
CMRC,2026-08-11T13:45:05.000Z,2026-08-12T13:40:05.000Z,2.220446049250313e-14,2.12064400358395,2.228783956023097,4.715548516355936,0.500599566240004,5.005995820179313,1435,time,5.1567352290735835,-1.9165877683977262,0.6201767922898309
SLMT,2026-08-11T13:45:05.000Z,2026-08-12T13:50:05.000Z,-0.6281407035175879,3.981718111070223,3.9686420537773026,2.511478392264893,-0.032840235347187594,-0.32840238631071395,1445,time,0.20799787174163864,-3.559220093361448,-0.5274104623756273
WYFL,2026-08-12T13:50:05.000Z,2026-08-12T13:55:05.000Z,39.249146757679185,12.342957119574852,11.435546475851302,0.8101786150723296,-0.7351646986338365,-7.3516470561537925,5,stop,0,-7.315565555541315,-0.3402750183303791
RMCF,2026-08-12T13:55:05.000Z,2026-08-12T14:00:05.000Z,219.70260223048334,2.160432195827405,1.739651776091747,4.628703469209697,-1.9476677886059532,-19.476677886412777,5,stop,0,-19.460559634290554,-1.897768422375977
DOGZ,2026-08-12T13:55:05.000Z,2026-08-12T14:20:05.000Z,40.87536294225187,1.3202648763097995,1.2297514971489598,7.574237698891584,-0.6855698486940998,-6.855698487854096,25,stop,2.2522089486551877,-6.8368762912252805,-0.6059390159113267
FGL,2026-08-12T14:00:05.000Z,2026-08-12T14:20:05.000Z,5.401844532279321,0.8034674233917507,0.7615166385329804,12.446055298971165,-0.5221217881874981,-5.221217891035291,20,stop,0,-5.198396621412971,-0.6260365815382496
VBIO,2026-08-12T14:05:05.000Z,2026-08-12T14:20:05.000Z,222.58064516129033,1.0102022346917052,0.8193360116044816,9.899007996737037,-1.8893862686474223,-18.89386268735314,15,stop,14.828492767491275,-18.877629462966294,-1.3581438971523205
CHOW,2026-08-12T13:50:05.000Z,2026-08-12T14:40:05.000Z,48.89830508474577,0.5282059143218297,0.4789035544110453,18.932010656718223,-0.9333928032323278,-9.33392803336637,50,stop,3.70955438909224,-9.315668944185497,-1.0128625701344252
BOXL,2026-08-12T13:50:05.000Z,2026-08-12T15:00:05.000Z,68.43003412969284,4.9509915717946615,4.45910700535548,2.0197974192347896,-0.9935071778552823,-9.935071779184643,70,stop,0.3839317423529387,-9.917035096399573,-0.7675230193092197
BIVI,2026-08-12T13:55:05.000Z,2026-08-12T15:15:05.000Z,125.59055118110236,2.880576130949436,2.1095659009953214,3.471527758793539,-2.5429552780158593,-25.429552780389848,80,stop,26.71076319711647,-26.750764288790208,-1.6915019004721517
BYND,2026-08-12T13:50:05.000Z,2026-08-13T13:30:05.000Z,-1.8354684896880413,0.4105823613176931,0.4118699143953203,24.355649294406515,0.03135919120662135,0.31359191210625814,1420,time,1.2220784804792162,-2.699181056420974,0.10229372703650697
PSKY,2026-08-12T13:50:05.000Z,2026-08-13T13:30:05.000Z,0.4264392324093702,9.431903736981255,9.555554047082605,1.060231346191,0.13109793473568937,1.3109793478545992,1420,time,1.4641398689989593,-0.8683690935067712,0.0954208211571892
REFI,2026-08-12T13:55:05.000Z,2026-08-13T13:30:05.000Z,1.3685239491691092,10.412326563735698,10.067372343308003,0.9604001455671922,-0.3312940835127758,-3.3129408525190716,1415,time,0.5538957687436508,-3.2877048336916515,-0.13445602037940851
CWVX,2026-08-12T13:55:05.000Z,2026-08-13T13:30:05.000Z,35.48209366391186,24.62500570944114,24.70503223612141,0.4060912761299214,0.032498074343836496,0.3249807436576115,1415,time,4.771549312203294,-1.238601578574261,0.450761316504213
ZBAO,2026-08-12T13:55:05.000Z,2026-08-13T13:30:05.000Z,0.05128205128204222,0.19575876966845648,0.19504501283822798,51.083278239723526,-0.03646103875406592,-0.36461039852127647,1415,time,9.880134802798612,-2.7885185821823644,0.357582947678063
CIFR,2026-08-12T14:00:05.000Z,2026-08-13T13:30:05.000Z,6.362579895409648,18.323666250321676,17.3465092391047,0.545742312872495,-0.5332759273411259,-5.332759273542323,1410,stop,0.744030958738584,-5.313708714294996,-0.4038493115256454
CORZ,2026-08-12T14:00:05.000Z,2026-08-13T13:30:05.000Z,7.818825910931171,21.32427331918649,20.625611962591783,0.46894915711507784,-0.3276366542839639,-3.2763665431266333,1410,time,0.5895942099953588,-3.7247380358412574,-0.1782006797037301
GLXY,2026-08-12T14:00:05.000Z,2026-08-13T13:30:05.000Z,6.458022851465484,21.454295263655574,20.98359848903907,0.46610713037258833,-0.21939512289213106,-2.193951229029097,1410,time,1.238468721899899,-2.1641133299871607,-0.009322142607452122
IVDA,2026-08-12T14:00:05.000Z,2026-08-13T13:30:05.000Z,3.724832214765117,0.3099806123976463,0.4657038721642441,32.26008157828441,4.9843003559173695,49.84300433854569,1410,time,50.26746234131152,-3.897215475575988,4.810623364953772
AMTM,2026-08-12T14:05:05.000Z,2026-08-13T13:30:05.000Z,-1.827909050378962,22.044446471536663,22.644638713864705,0.4536289903849917,0.2722646009241739,2.7226460102003367,1405,time,2.7469663583760795,-0.5645252726002581,0.18598788605784655
NOK,2026-08-12T14:05:05.000Z,2026-08-13T13:30:05.000Z,8.421610169491522,10.242048502429226,10.397918661671616,0.9763671786488854,0.15218650761504493,1.521865076165384,1405,time,2.225643605541494,0,0.12692773322435613
NBIG,2026-08-12T14:05:05.000Z,2026-08-13T13:30:05.000Z,38.58543417366946,19.8239686087377,23.335324973300576,0.35574246394768516,1.2491385649279834,17.71268121871013,1405,time,19.19913951833405,0,1.632857909519875
JBI,2026-08-12T13:50:05.000Z,2026-08-13T13:35:05.000Z,-0.8893280632410905,5.03101746820097,4.968953013959265,1.9876695039512349,-0.12336362297561397,-1.2336362303249668,1425,time,0,-4.591863766348226,-0.17889025535561132
XHG,2026-08-13T13:35:05.000Z,2026-08-13T13:45:05.000Z,509.28961748633867,5.591119041384416,4.759044131885671,1.788550722245227,-1.378681185736136,-13.786811857875417,10,stop,28.954507078689097,-14.864985617952842,-6.884578867602441
FRGT,2026-08-13T13:45:05.000Z,2026-08-13T13:55:05.000Z,10.950413223140497,2.700555951785901,2.3095342323398245,3.70294123372047,-1.4479304482171533,-14.47930449978236,10,stop,0,-14.462057397019413,-1.4071176688137772
DFSC,2026-08-13T13:40:05.000Z,2026-08-13T14:05:05.000Z,121.7741935483871,2.760552171480865,2.389521676713569,3.622463687948106,-1.3440444944159502,-13.440444944326533,25,stop,12.658620696586143,-13.42311785696435,-0.470920279433253
DFSC,2026-08-13T14:25:05.000Z,2026-08-13T14:30:05.000Z,95.16129032258065,2.4304864285946417,2.24954805598359,4.114402731073556,-0.7444533344269154,-7.444533344531942,5,stop,0,-7.425938547577193,-0.5348723550395622
XHG,2026-08-13T14:25:05.000Z,2026-08-13T14:50:05.000Z,386.3387978142076,4.460893223475569,4.209156333338317,2.2417035105941223,-0.5643194703667249,-5.643194703977223,25,stop,4.6875539504958486,-5.62428219880352,-0.9863495446614152
FWDI,2026-08-13T13:35:05.000Z,2026-08-13T15:50:05.000Z,-1.8181818181818188,4.340908688208803,4.109051421608463,2.3036651306528584,-0.5341215003556864,-5.3412150140391805,135,stop,0,-5.319362944353534,-0.645026236582801
SPCB,2026-08-13T13:40:05.000Z,2026-08-13T16:05:05.000Z,3.767441860465137,11.223888166990703,10.63749819162622,0.8909568006652877,-0.5224481363929366,-5.224481629183082,145,stop,3.4400898090275467,-5.202191596205575,-0.5702123524257843
GXAI,2026-08-13T13:40:05.000Z,2026-08-13T16:10:05.000Z,47.04192992533027,1.2902585595112508,1.1697656315357292,7.750384545341692,-0.933866526804452,-9.338665268856207,150,stop,6.955306735011546,-9.320500811620636,-0.8525422999875865
ELMT,2026-08-13T13:45:05.000Z,2026-08-13T16:50:05.000Z,8.535144713526277,18.42397531242079,17.296414466059716,0.5427710250531015,-0.612007356389143,-6.120073584775772,185,stop,2.3123385716436573,-6.100612345388045,-0.6947469120679699
MDWD,2026-08-13T13:45:05.000Z,2026-08-13T18:10:05.000Z,1.581595974119332,14.223394529368166,13.477243480563759,0.7030670412011546,-0.5245942101720527,-5.24594215019326,265,stop,0,-5.226561970373666,-0.4921469288408087
UAA,2026-08-13T13:35:05.000Z,2026-08-14T13:30:05.000Z,2.281368821292773,5.391104703928595,5.377763604442745,1.854907396356205,-0.024746504111827633,-0.24746504136950584,1435,time,0.3504902447477143,-1.6899078933155454,-0.14839259170849672
EVTL,2026-08-13T13:40:05.000Z,2026-08-14T13:30:05.000Z,0.5083514887436413,0.8318732152013149,0.8432853580716181,12.021062585080584,0.13718608367379634,1.371860839099318,1430,time,4.306760230285223,-0.9464441284372405,0.26566548313028093
ARX,2026-08-13T13:40:05.000Z,2026-08-14T13:30:05.000Z,43.75459221160911,19.57391669607024,19.555830451283942,0.5108839561850178,-0.009239972288953752,-0.09239972289208466,1430,time,0,-0.6841589148947502,0
CURI,2026-08-13T13:40:05.000Z,2026-08-14T13:30:05.000Z,37.857142857142875,3.87077612181556,4.1888596340081445,2.5834612191960717,0.8217564182152228,8.217564183055611,1430,time,10.05544794985138,-1.8284736597569795,0.723369141374901
FGI,2026-08-13T13:45:05.000Z,2026-08-14T13:30:05.000Z,55.39112050739956,7.361475077329151,10.297899829702335,1.3584233994024923,4.405526584005115,44.05526584374215,1425,time,170.3262565037442,0,4.273939620370092
ERAS,2026-08-13T14:25:05.000Z,2026-08-14T13:30:05.000Z,-2.1797631862217504,18.20383345770367,17.616151627348614,0.5493348420732569,-0.3228341054674171,-3.2283410619006463,1385,time,0.4733428401030748,-3.2072006100264394,-0.4284811768171384
MLCO,2026-08-13T13:35:05.000Z,2026-08-14T13:35:05.000Z,-2.1739130434782483,5.431094563730968,5.506505244200548,1.8412494718103176,0.1388498755834708,1.388498756276038,1440,time,2.9258455069113953,-0.388403543400595,0.05523748415430774
HCAT,2026-08-13T13:35:05.000Z,2026-08-14T13:35:05.000Z,0,1.8021694112545703,1.768471181305047,5.548861180681856,-0.1869868000246,-1.8698702651968977,1440,time,2.0991693960166646,-4.00458529613651,-0.055488611806818966
CSQR,2026-08-13T13:35:05.000Z,2026-08-14T13:35:05.000Z,0.08703220191470518,23.06488250549562,22.905326939776437,0.4335595454598663,-0.06917683854880145,-0.6917683872058205,1440,time,0.3690350231964068,-3.8364925782075066,-0.21677977272993232
YSWY,2026-08-13T13:45:05.000Z,2026-08-14T13:35:05.000Z,0.0914076782449813,22.055515918025456,25.74466791821884,0.4534013129290278,1.6726663604824297,16.72666381464388,1430,time,16.750839543749365,-2.6547368930369464,1.4508842013728902
MTW,2026-08-13T13:45:05.000Z,2026-08-14T13:35:05.000Z,1.6865079365079305,20.55421243801805,20.565854022491926,0.48651827550869553,0.005663843602418297,0.056638436082045225,1430,time,1.0011940987888046,-2.0638710400472937,-0.004865182755086295
VNRX,2026-08-14T13:35:05.000Z,2026-08-14T13:40:05.000Z,-1.6809387884554439,0.6251634257805535,0.5905641935418963,15.995815900083274,-0.5534429491737873,-5.534430008514663,5,stop,0,-5.5127066554675475,-0.44468368202231545
STKH,2026-08-14T13:35:05.000Z,2026-08-14T13:40:05.000Z,111.11111111111111,6.101220233766792,5.268944985647601,1.639016396192196,-1.3641127778122824,-13.641127778227375,5,stop,0,-13.623835920009252,-1.4423344286491329
SIND,2026-08-14T13:35:05.000Z,2026-08-14T13:50:05.000Z,2.8235294117646914,17.656004405631364,16.736559590707834,0.5663795326183385,-0.5207547245447436,-5.207547493759539,15,stop,0,-5.188061718761283,-1.2290435857817972
MDXH,2026-08-14T13:45:05.000Z,2026-08-14T13:50:05.000Z,105.38961038961037,0.9511902871910246,0.8367324270711707,10.513143515529103,-1.2033119099203795,-12.0331190994245,5,stop,0,-12.015501916923178,0.656020155369017
FIRY,2026-08-14T13:45:05.000Z,2026-08-14T14:15:05.000Z,-2.075098814229237,9.974420108611085,9.347994459549968,1.0025644410899568,-0.6280320807353723,-6.28032148475793,30,stop,0,-6.26021464718548,-0.601538664653976
ONFO,2026-08-14T14:10:05.000Z,2026-08-14T14:15:05.000Z,91.34199134199133,4.430886196821406,4.189161384103767,2.2568848658502807,-0.545545071522934,-5.455450715277816,5,stop,0,-5.436524120032937,0.20311963792652676
SURG,2026-08-14T14:10:05.000Z,2026-08-14T14:20:05.000Z,54.622871046228695,0.38217662011855724,0.35092866495549846,26.165912493150003,-0.8176312603864709,-8.176312604723222,10,stop,0,-8.157647139400048,-0.5494841623561513
MF,2026-08-14T14:15:05.000Z,2026-08-14T14:55:05.000Z,54.099999999999994,15.493109849894221,12.777432852934991,0.6454482086133744,-1.7528288528598832,-17.528288531290386,40,stop,20.117911641393672,-17.511718926544273,-3.065878990913528
AEBI,2026-08-14T13:45:05.000Z,2026-08-14T15:05:05.000Z,-0.8035062089116085,13.654581230455245,12.957330557771105,0.7323549053714733,-0.5106349504137894,-5.106349736519115,80,stop,0,-5.08679994452006,-0.8788258864457674
WETO,2026-08-14T13:35:05.000Z,2026-08-14T15:10:05.000Z,149.86149584487535,9.051810673400198,7.858427825099264,1.1047513432022307,-1.3928167557976212,-13.928167558183524,95,stop,25.057852052353912,-15.044621706483952,-1.356243985794178
CAPR,2026-08-14T13:35:05.000Z,2026-08-14T15:10:05.000Z,66.7458432304038,7.041408982334001,6.64866890489098,1.4201703131872492,-0.5577577987834406,-5.5775779879901375,95,stop,15.175812402701737,-5.558674170411015,-1.0793294380223095
LUNR,2026-08-14T13:35:05.000Z,2026-08-17T13:30:05.000Z,9.851936218678814,19.31386335727314,20.255943822897347,0.5177628015108454,0.48777422113023183,4.877742211370898,4315,time,4.898743587572141,-2.971250995503383,0.5540061976166051
ONDS,2026-08-14T13:45:05.000Z,2026-08-17T13:30:05.000Z,4.489337822671158,9.321864573358708,9.078167918008582,1.0727467580312535,-0.2614247969699075,-2.6142479697312435,4305,time,2.232766041636447,-2.809143721172469,-0.6329205872384396
RCAT,2026-08-14T13:45:05.000Z,2026-08-17T13:30:05.000Z,5.13196480938416,10.772157879523188,10.837795263072664,0.9283191084942629,0.06093243738054505,0.6093243738494184,4305,time,4.435899713140512,-0.11286391880961366,-0.4270267899073623
BRUN,2026-08-14T13:45:05.000Z,2026-08-17T13:30:05.000Z,1.6407982261640752,22.964594964689155,23.013867931968853,0.4354529228631225,0.02145605762008363,0.21456057620637975,4305,time,4.290975028412314,-4.200356967637953,-0.23949910757471748
MDXH,2026-08-14T14:10:05.000Z,2026-08-17T13:30:05.000Z,68.80952380952381,0.7813566556845568,0.7072648798666127,12.798252790426453,-0.8450500472371261,-8.450500473272793,4280,stop,33.101829034634946,-9.426764992489279,-0.667428883020742
BSOL,2026-08-14T14:15:05.000Z,2026-08-17T13:30:05.000Z,-1.247600767754331,10.31230971457338,10.245583433978526,0.9697148575796444,-0.06470546568385918,-0.6470546603207352,4275,time,0.17154532705334624,-1.0890839945843056,0
SAIL,2026-08-14T14:15:05.000Z,2026-08-17T13:30:05.000Z,-1.800900450225107,19.65402836629625,19.435672785878047,0.508801544567227,-0.1110996565816542,-1.110996566956466,4275,time,0.6409456186589058,-1.5977811797339259,-0.18316855604420113
HHS,2026-08-14T14:15:05.000Z,2026-08-17T13:30:05.000Z,56.58362989323844,4.410903933026227,4.25885779914887,2.2671089966239526,-0.34470515801524726,-3.447051583665798,4275,time,0.20621775291151945,-4.328000244957774,-0.7028037889534247
SPAI,2026-08-14T14:15:05.000Z,2026-08-17T13:30:05.000Z,7.8125,4.860981595663006,6.057317555374737,1.6923116614694376,2.025481461386377,24.622035247107902,4275,time,25.900497246488197,-2.6945503307370666,1.7337732971754374
PD,2026-08-14T14:10:05.000Z,2026-08-17T13:35:05.000Z,-1.571546732837048,11.922437510787397,11.627351849515634,0.8387546574913067,-0.24750447275059329,-2.4750447297775313,4285,time,0.23118166220341685,-2.4528332442321443,-0.19291357122300035
ALVO,2026-08-14T14:10:05.000Z,2026-08-17T13:35:05.000Z,-1.2224938875305846,4.061917672302398,3.9989807755086506,2.461891037853,-0.15494378216680585,-1.5494380209353957,4285,time,0.6913563977204884,-1.5243458213002548,-0.1969512830282376
ALKT,2026-08-14T14:10:05.000Z,2026-08-17T13:35:05.000Z,-1.7805582290664201,20.444390965218417,20.445461848408378,0.4891317127117079,0.0005238029288196179,0.005238029304871418,4285,time,1.4459175393607637,-1.0975673748372827,0.0048913171271181
DAAQ,2026-08-14T14:15:05.000Z,2026-08-17T13:45:05.000Z,43.66391184573002,10.473841610414997,10.385442012295806,0.9547594626347212,-0.08440035279740365,-0.8440035796539788,4290,time,0,-1.086913614406726,-0.02864278387904129
TRUG,2026-08-17T13:45:05.000Z,2026-08-17T13:50:05.000Z,71.22227952552862,1.6703341938737448,1.559686751797786,5.986825891755403,-0.6624269710768569,-6.624269710922434,5,stop,0,-6.605516086446384,-0.6585508480930944
STFS,2026-08-17T13:45:05.000Z,2026-08-17T13:55:05.000Z,61.02564102564101,6.301260934490237,5.538890827572753,1.586983955063299,-1.509809170385514,-15.098091704303288,10,stop,0,-16.842040752214803,-0.7550063096645587
SLE,2026-08-17T13:50:05.000Z,2026-08-17T14:00:05.000Z,41.40969162995594,3.220646793577874,3.0493739728076052,3.104966374517741,-0.5317963493604881,-5.317963494531442,10,stop,0,-5.298525560708867,-0.2794469737065963
CRGO,2026-08-17T13:50:05.000Z,2026-08-17T14:00:05.000Z,10.370370370370363,1.5003791189699716,1.4196686691614164,6.664982030394048,-0.5379336976390406,-5.379337048089806,10,stop,0,-5.357253906942727,-0.6664982030394064
WETO,2026-08-17T14:00:05.000Z,2026-08-17T14:05:05.000Z,94.4647201946472,16.01320307681369,14.577082189273117,0.6244846800416188,-0.8968354929568595,-8.968354929689253,5,stop,0,-8.950133648707014,-0.387180501625803
IVF,2026-08-17T13:45:05.000Z,2026-08-17T14:15:05.000Z,145.9860024701523,2.400480742610092,2.259547775099379,4.16583221097084,-0.5871030956438358,-5.871030956802172,30,stop,6.228721386339164,-5.852192026224912,-0.7081914758650427
STFS,2026-08-17T14:15:05.000Z,2026-08-17T14:20:05.000Z,43.58974358974359,5.631129546545008,5.078979224409941,1.7758426468579354,-0.9805320895237994,-9.805320896476983,5,stop,0,-9.787193528217708,-0.8168876175546487
CAMP,2026-08-17T13:50:05.000Z,2026-08-17T14:30:05.000Z,-1.8382352941176516,5.3714976106657195,5.028950981619179,1.8616781584693642,-0.6377115775532523,-6.377115915799263,40,stop,0.15828712866590156,-6.357586569295625,-0.8005216081418247
PFSA,2026-08-17T13:50:05.000Z,2026-08-17T14:40:05.000Z,45.31814392886913,5.301103575305957,4.84902740332305,1.8863996601512887,-0.7636816605982939,-7.636816619054161,50,stop,27.143337311816175,-8.509616326067004,-0.7239058695830565
AGPU,2026-08-17T13:50:05.000Z,2026-08-17T14:40:05.000Z,10.157194679564686,9.141855042006977,8.666399100005941,1.0938698927128256,-0.5200869402663483,-5.200869405785889,50,stop,3.1519309447479937,-5.161480244860539,-0.4156705592308736
ZBAO,2026-08-17T14:15:05.000Z,2026-08-17T15:05:05.000Z,-1.9443216968625832,0.2247810802470854,0.21309271071041613,44.487727386843915,-0.5199889975440335,-5.199890277162606,50,stop,0,-5.107671977759476,-0.5383015013808112
TRUG,2026-08-17T14:15:05.000Z,2026-08-17T15:35:05.000Z,61.93914388860237,1.5803207622988784,1.4597022035394072,6.327829281528416,-0.763253648013938,-7.632536484808851,80,stop,10.737012494494525,-7.613692433164577,-0.8858960994139782
ITG,2026-08-17T13:45:05.000Z,2026-08-17T16:15:05.000Z,2.1202775636083304,13.343069836785899,12.616809937093128,0.749452716130242,-0.5442974544412241,-5.442974582134942,150,stop,0,-5.419066568867437,-0.7719362976141486
GT,2026-08-17T13:45:05.000Z,2026-08-18T13:30:05.000Z,0.49099836333879043,6.151346960812561,6.037751853004739,1.6256602045147024,-0.18466704619073412,-1.846670469597719,1425,time,0,-2.4603873229184448,-0.1463094184063234
AAL,2026-08-17T13:45:05.000Z,2026-08-18T13:30:05.000Z,-1.7194875252865893,14.592920303007137,14.316890675560098,0.6852637986122241,-0.18915311103387533,-1.8915311103985029,1425,time,0.1170409804084338,-1.870224035629775,-0.17131594965305652
COLD,2026-08-17T14:00:05.000Z,2026-08-18T13:30:05.000Z,-2.2177419354838745,14.573216596633072,14.706897678217924,0.6861903058841028,0.09173066226362724,0.917306626841304,1410,time,0.9385944582648298,-1.6003096851449627,0.09606664282377508
ANGX,2026-08-17T14:00:05.000Z,2026-08-18T13:30:05.000Z,7.093821510297471,4.691018862407149,4.798929116616214,2.1317330532797114,0.23003585568527965,2.3003585654672,1410,time,2.962706858985742,-1.5139325696658212,0.23449063586076768
ALM,2026-08-17T14:00:05.000Z,2026-08-18T13:30:05.000Z,9.874088800530135,16.603323239624146,15.726269184755322,0.6022890631764726,-0.5282400650620702,-5.282400650827042,1410,stop,0.10044230383985386,-5.259930358640153,-0.5059228130682367
IPST,2026-08-17T14:15:05.000Z,2026-08-18T13:30:05.000Z,207.94054815690197,6.791359856472898,7.458498545944998,1.4724591555727173,1.0621997521347084,10.621997521928602,1395,time,41.79781668941565,-2.228712064618932,0.7881337630202978
NMRK,2026-08-17T13:50:05.000Z,2026-08-18T13:35:05.000Z,-1.7704918032786843,15.003013831541116,15.045913678345709,0.6665327453824295,0.028594152667150957,0.2859415267244756,1425,time,2.3127764351547064,0,0.03332663726912344
PHAT,2026-08-17T14:00:05.000Z,2026-08-18T13:35:05.000Z,-1.4613778705636626,9.472150352044999,9.588074535597531,1.0557264788755925,0.12238423011844339,1.2238423087055972,1415,time,1.2441699463687117,-2.4508727524038765,0.23225982535263157
MESO,2026-08-17T14:00:05.000Z,2026-08-18T13:35:05.000Z,9.714652132093615,17.143598148079477,16.94648727069752,0.5833081184468301,-0.11497637501107251,-1.149763752506281,1415,time,0.6789814536895422,-1.5375894010266844,-0.05833081184468547
TH,2026-08-17T14:15:05.000Z,2026-08-18T13:35:05.000Z,3.52637614678899,18.083680089598307,17.90632174092907,0.4776943732254961,-0.08472308520386036,-0.9807646883294154,1400,time,0,-3.338259063460991,-0.11464664957411763
BIAF,2026-08-18T13:40:05.000Z,2026-08-18T14:00:05.000Z,26.539650791383053,0.4973998046134203,0.4665061486541341,20.104551521449732,-0.6211030979194124,-6.211030980057744,20,stop,0,-6.19216258787193,-0.19903506006235183
RANI,2026-08-18T13:40:05.000Z,2026-08-18T14:05:05.000Z,9.310214851111942,0.8756827066781805,0.8304023468526005,11.419661374615968,-0.5170863761288884,-5.170863770662636,25,stop,1.075423009955645,-5.14829245049242,-0.3528675364756335
SGLY,2026-08-18T13:45:05.000Z,2026-08-18T14:15:05.000Z,31.403118040089083,5.921194431516613,5.5488715067696734,1.6888484430132402,-0.6287969917570053,-6.2879699198051116,30,stop,3.3575247491487215,-6.268911379448461,-0.2702157508821177
XOS,2026-08-18T13:40:05.000Z,2026-08-18T14:25:05.000Z,104.30622009569377,4.280856331912892,4.059186673532457,2.3359812206957176,-0.5178161591747311,-5.1781615918276405,45,stop,3.250369956352439,-5.159162438282605,-0.6307149295878425
PFSA,2026-08-18T14:55:05.000Z,2026-08-18T15:15:05.000Z,191.72185430463574,13.242649805136105,12.007596222133415,0.7551358789121443,-0.9326332729043295,-9.326332729297727,20,stop,1.5657757164542208,-9.308180940177301,-0.4304274509799235
SPCQ,2026-08-18T13:35:05.000Z,2026-08-18T15:55:05.000Z,9.79757085020243,13.59272597491747,12.8973016662084,0.7356876035959272,-0.51161504315653,-5.116150432167395,140,stop,0,-5.096299124956605,-0.4193419340496778
AIXC,2026-08-18T13:45:05.000Z,2026-08-18T16:00:05.000Z,112.61616446071527,1.5203041282100547,1.399719484403902,6.577631287237815,0.020658067832843408,0.20658067833191981,135,stop,105.22209616528264,-7.913161977116778,-1.5375213133918404
DFSC,2026-08-18T13:45:05.000Z,2026-08-18T16:45:05.000Z,3.472222222222232,2.250517333655705,2.129247187483824,4.443422755141406,-0.5388545270194617,-5.388545307264615,180,stop,0.42135495703519155,-5.355094664387183,-0.5332107306169664
XOS,2026-08-18T14:55:05.000Z,2026-08-18T17:00:05.000Z,108.13397129186603,4.360873090679575,4.1191697369740465,2.2931187841425618,-0.5542545005724003,-5.542545006001595,125,stop,5.254152197415118,-5.52350608859471,-0.5503485081942152
EYPT,2026-08-18T13:35:05.000Z,2026-08-19T13:30:05.000Z,9.65092402464065,5.361073554434369,5.978801885309989,1.8652980411260809,1.1522474455303773,11.522474455972924,1435,time,11.544822865817462,-4.683270092921877,0.708813255627911
RAMZ,2026-08-18T13:35:05.000Z,2026-08-19T13:30:05.000Z,9.58199356913183,17.073446490515305,16.97634089767366,0.5857048254266081,-0.05687521430326407,-0.5687521432511665,1435,time,6.891130681425661,-0.5473206043502543,-0.04685638603412734
SKDD,2026-08-18T13:35:05.000Z,2026-08-19T13:30:05.000Z,9.546413502109697,10.402086534636679,10.167958848135656,0.961345588256916,-0.22507761850655603,-2.2507761853492387,1435,time,8.632051486723036,-2.23115366194927,-0.3076305882422119
SNDQ,2026-08-18T13:40:05.000Z,2026-08-19T13:30:05.000Z,9.57446808510638,13.402680891007908,13.407314368201016,0.7461193832180373,0.003457127145476769,0.03457127145522751,1430,time,9.754161272833084,0,0.11191790748270591
DVLT,2026-08-18T13:40:05.000Z,2026-08-19T13:30:05.000Z,9.33499843896346,0.3509706637357834,0.333631152655444,28.492409852102643,-0.49404445633610455,-4.940444564732297,1430,time,13.34280642312331,-4.920828297143675,-0.5499035101455814
WEAV,2026-08-18T13:40:05.000Z,2026-08-19T13:30:05.000Z,31.916817359855322,7.301460707816956,7.258306659808933,1.3695889630824154,-0.05910330786411673,-0.591033078652632,1430,time,0,-0.567841278287895,-0.013695889630824354
NCLH,2026-08-18T13:55:05.000Z,2026-08-19T13:30:05.000Z,-1.3476347634763353,17.953594273112373,17.756405697893566,0.25943386446675576,-0.051157394097708524,-1.0983236683370956,1415,time,0,-1.5795960897762251,-0.059669788827354076
KSS,2026-08-18T14:55:05.000Z,2026-08-19T13:30:05.000Z,-2.178423236514526,18.883848010676076,18.7046176128739,0.5295530861387086,-0.09491201028601053,-0.9491201035977778,1355,time,1.0916842224496515,-0.9206175064414235,-0.12709274067328913
SLE,2026-08-18T14:55:05.000Z,2026-08-19T13:30:05.000Z,51.32450331125828,4.5909195968748415,5.078778737899024,1.9895877661548325,0.9706385785885193,10.626610436747384,1355,time,16.53438678477148,-1.980422330566034,0.8555227394465792
KURA,2026-08-18T13:35:05.000Z,2026-08-19T13:35:05.000Z,9.84042553191491,12.41248819147598,12.607428307554976,0.805640242692612,0.15705160242840838,1.570516024441153,1440,time,1.6717986379759298,-1.3090702602848392,0.0886204266961883
ASTN,2026-08-18T13:35:05.000Z,2026-08-19T13:35:05.000Z,9.725685785536164,4.420907658180041,4.578843172353556,2.2619789333322906,0.22640113353193958,2.2640113378073985,1440,time,3.5986352604671534,-2.2825099726598075,0.2835781039999059
DLHC,2026-08-18T13:45:05.000Z,2026-08-19T13:50:05.000Z,1.7777777777777892,4.663203165370238,4.477630514265183,2.1444479890653425,-0.3979508984877592,-3.9795103177822013,1445,time,0,-4.786477394503907,-0.25733375868784236
MSS,2026-08-19T13:50:05.000Z,2026-08-19T13:55:05.000Z,80.2547770700637,2.8405683025801736,2.479503408870796,3.520422300954194,-1.271100903906148,-12.71100903933242,5,stop,0,-12.693526934474997,-1.2321478053339678
TNON,2026-08-19T13:50:05.000Z,2026-08-19T14:00:05.000Z,108.99082568807339,11.412286174250047,10.5278921804292,0.8762486189516073,-0.7749490156946137,-7.749490157514077,10,stop,0,-7.731020417633605,-1.0602608289314457
AEON,2026-08-19T14:00:05.000Z,2026-08-19T14:05:05.000Z,2.693877551020396,0.2536519110833264,0.23784300522890167,39.42410663368848,-0.623251990166783,-6.232519907658573,5,stop,0,-6.210050228303543,-0.11038749857432784
GOVX,2026-08-19T14:00:05.000Z,2026-08-19T14:10:05.000Z,-0.09223674096848766,0.6528389449630552,0.6061749232249415,15.317713579662005,-0.714786119459547,-7.147861214185751,10,stop,0,-7.12870231197511,-0.7046148246644535
CISS,2026-08-19T14:00:05.000Z,2026-08-19T14:15:05.000Z,32.11678832116787,3.650731778319281,3.4393102401822073,2.7391768572018145,-0.579120984379083,-5.791209844356399,15,stop,18.05852255692779,-5.772316103055298,-2.328300328621541
SKK,2026-08-19T13:50:05.000Z,2026-08-19T14:45:05.000Z,57.14285714285712,6.6413308992472135,6.258746218087898,1.505722294345925,-0.4861173038000465,-4.861173038425818,55,stop,30.24497847231895,-5.7417843656975,-0.4182143672545813
BIVIW,2026-08-19T14:30:05.000Z,2026-08-19T15:15:05.000Z,52.268489745183345,0.24976348194945563,0.22804818523664244,40.03786679526927,-0.5809128715598246,-5.809130446361889,45,stop,1.255795293236317,-8.673598630339264,-0.8119428832022049
RIME,2026-08-19T14:50:05.000Z,2026-08-19T15:55:05.000Z,-2.253252935575989,0.30988186474355006,0.2871311168006805,28.555404207198105,-0.6496568035247215,-7.341748753737972,65,stop,1.748451869209533,-7.319519895854809,-0.5711080841439617
RDAC,2026-08-19T14:30:05.000Z,2026-08-19T16:05:05.000Z,120.51282051282053,12.972596962404923,11.607417991253362,0.7708556758930489,-0.9589033919219433,-9.589033919657881,95,stop,41.529102100435054,-10.503656024724894,-0.844086965102889
YJ,2026-08-19T13:50:05.000Z,2026-08-19T16:10:05.000Z,141.3793103448276,4.210843554086311,3.8292315284060225,2.3748210710787974,-0.9062602795626115,-9.062602796296291,140,stop,16.128750384340872,-9.044352970955904,-1.139914114117822
TNON,2026-08-19T14:30:05.000Z,2026-08-19T18:40:05.000Z,119.81651376146787,12.00240213484652,11.047785708063278,0.8331665517697489,-0.7122626455674336,-7.122626455927938,250,stop,38.222330943522785,-7.935096026164745,-1.195594001789587
ZNB,2026-08-19T14:00:05.000Z,2026-08-19T18:55:05.000Z,7.623318385650224,2.420487591798115,2.269544263704395,4.131398992044165,-0.5368649118674128,-5.3686491202792785,295,stop,28.486508690989186,-6.217242852557725,-1.2528467443373952
LCID,2026-08-19T14:00:05.000Z,2026-08-20T13:30:05.000Z,0.5199306759098743,5.811183806759018,5.918683145891377,1.7208197718204983,0.18498698823660092,1.8498698837804146,1410,time,1.8725305696649652,-1.9132729312347552,0.22370657033666497
PSKY,2026-08-19T14:30:05.000Z,2026-08-20T13:30:05.000Z,0.23969319271333056,10.472106083622021,10.497714870081358,0.9549177517709192,0.024454284791331493,0.24454284797007564,1380,time,1.2212817112118302,-1.3569962191680829,0.07639342014167383
IOVA,2026-08-19T14:30:05.000Z,2026-08-20T13:30:05.000Z,9.95732574679944,7.741553691025186,8.038287391698638,1.2917303680419316,0.3832999323813629,3.83299932437925,1380,time,3.855121605896805,-3.378568456205455,0.400436414092999
ADAM,2026-08-19T14:50:05.000Z,2026-08-20T13:30:05.000Z,1.041666666666674,10.212696277467789,10.057010769473393,0.9791733308340591,-0.15244309742546436,-1.524431000047295,1360,time,0,-1.4951612514383816,-0.11750079970008542
KLAR,2026-08-19T14:50:05.000Z,2026-08-20T13:30:05.000Z,-2.1912350597609542,14.742961753908368,14.59509939389914,0.6782897605682562,-0.10029352476771636,-1.0029352478651672,1360,time,0.8616874154065535,-1.4444977709578088,-0.12209215690228703
SAIL,2026-08-19T14:50:05.000Z,2026-08-20T13:30:05.000Z,-0.26041666666667407,19.174042637136612,18.84520165279385,0.5215384239150935,-0.1715032086928118,-1.7150320908635965,1360,time,0.8655314166349015,-1.6900068664132406,-0.09387691630471728
KC,2026-08-19T13:50:05.000Z,2026-08-20T13:35:05.000Z,9.501845018450194,11.892412700719218,11.407683507792155,0.8408722641684205,-0.4075953339651102,-4.075953342064454,1425,time,5.024945856820473,-4.056474601575532,-0.3447576283090523
JTAI,2026-08-19T13:50:05.000Z,2026-08-20T13:35:05.000Z,7.586206896551739,1.5703360294820043,1.6177513240109869,6.368063766118113,0.301943619049832,3.019436199564438,1425,time,7.620277970535283,-3.8422368428945086,0.44576446362826694
WEAV,2026-08-19T14:00:05.000Z,2026-08-20T13:35:05.000Z,0.3434065934065922,7.31148761741663,7.308531763588561,1.367710719915443,-0.00404275296715392,-0.040427529700365054,1415,time,0,-0.2938884470712222,0
PRMB,2026-08-19T14:30:05.000Z,2026-08-20T13:35:05.000Z,1.2798634812286824,23.764861530612517,23.405243979275266,0.4207893228280842,-0.15132322590429584,-1.5132322604699926,1385,time,0.8632007770095207,-1.4932194330499415,-0.13465258330498742
PLRZ,2026-08-20T13:35:05.000Z,2026-08-20T13:40:05.000Z,4.557640750670244,11.782593816331087,11.006067575518252,0.8487095550808721,-0.6590452403488833,-6.590452432778787,5,stop,0,-6.5570775703075235,-0.9675288927921954
HUIZ,2026-08-20T13:40:05.000Z,2026-08-20T13:45:05.000Z,60.273972602739725,2.3504705329730142,2.229553557252361,4.25446729038436,-0.5144373180557198,-5.144373180790762,5,stop,0,-5.125379420121301,-0.7232594393653411
SGLY,2026-08-20T13:40:05.000Z,2026-08-20T13:50:05.000Z,37.08053691275168,4.100821665522169,3.759246347613536,2.438535692312954,-0.8329436043333456,-8.32943604401142,10,stop,0,-8.311057961570034,-0.8291021353864032
CJMB,2026-08-20T13:45:05.000Z,2026-08-20T13:50:05.000Z,29.518072289156617,3.2406505208243295,2.7594266695839282,3.0858001917141253,-1.4849606524150398,-14.849606526469614,5,stop,0,-14.831914695388559,-0.617160038342826
BTCT,2026-08-20T13:40:05.000Z,2026-08-20T13:55:05.000Z,55.37229592446518,1.3102627885400866,1.219754486215099,7.632056779949373,-0.6907645024011286,-6.907645024845219,15,stop,3.7959722198423584,-6.888907273376721,-0.4579234067969633
OMH,2026-08-20T13:45:05.000Z,2026-08-20T13:55:05.000Z,34.14043583535109,0.11142242818857978,0.10287878271512614,89.74853770371621,-0.7667796879014384,-7.66779688106754,10,stop,0,-7.648754678147718,-0.8167116931038159
SOC,2026-08-20T13:35:05.000Z,2026-08-20T14:10:05.000Z,9.205020920502104,5.25124123252143,4.949003863377739,1.904311661016031,-0.5755541464551368,-5.755541514107297,35,stop,0,-5.736571968086601,-0.05712934983048079
BEEM,2026-08-20T13:55:05.000Z,2026-08-20T14:30:05.000Z,11.570247933884303,1.3602759813519956,1.2797421590742442,7.35144936112261,-0.5920403163325374,-5.920403166841762,35,stop,0,-5.901448121741315,-0.5881159488898096
LOOP,2026-08-20T13:45:05.000Z,2026-08-20T14:35:05.000Z,34.483314525229744,0.83777021112724,0.7776428078884321,11.93644732249077,-0.7177075813981919,-7.1770758186669195,50,stop,11.760956353435592,-7.158312665062249,-0.5132672348671026
EVAX,2026-08-20T13:35:05.000Z,2026-08-20T14:55:05.000Z,7.301587301587298,3.4006967998907753,3.229346056092596,2.940573823046139,-0.5038695117724118,-5.038695122825501,80,stop,2.9200839108153964,-5.019465419447499,-0.4116803352264604
TGHL,2026-08-20T13:55:05.000Z,2026-08-20T15:40:05.000Z,6.826137689614931,0.736187080399985,0.6891565455394747,9.285197474782764,-0.4366878035244934,-6.388394487303108,105,stop,9.428706567670474,-6.368908345214419,-0.38533569520348454
BIVI,2026-08-20T13:45:05.000Z,2026-08-20T16:25:05.000Z,33.955223880596996,1.800360470279787,1.6496659027041731,5.554443215431644,-0.8370244184727743,-8.370244185165602,160,stop,20.531417781171825,-8.351686940583637,-0.7776220501604296
COSM,2026-08-20T13:35:05.000Z,2026-08-21T13:30:05.000Z,7.253886010362676,0.20954728195966701,0.20967052199183805,47.721926280856,0.005881251730116707,0.05881251764208573,1435,time,4.7973507202388355,-3.744874133551135,0.13362139358639702
AUPH,2026-08-20T13:35:05.000Z,2026-08-21T13:30:05.000Z,6.493506493506485,17.25345947353975,17.35466471291871,0.5795939077745551,0.05865794017891044,0.5865794018536972,1435,time,2.5881216873930413,-1.5849544490432854,-0.09853096432167519
HIVE,2026-08-20T13:40:05.000Z,2026-08-21T13:30:05.000Z,5.141843971631199,2.9705978669155075,3.2293486146524737,3.36632571804914,0.8710392966713945,8.710392968996425,1430,time,8.732320721479558,-2.376554150993593,0.8752446866927777
MMA,2026-08-20T13:40:05.000Z,2026-08-21T13:30:05.000Z,38.921052631578945,0.529706315806496,0.45140573875847595,18.878385437550687,-1.1051280746945809,-11.051280748603524,1430,stop,73.22806480094968,-14.76408973667308,-0.7192664851706798
SAN,2026-08-20T13:45:05.000Z,2026-08-21T13:30:05.000Z,0.6704304869442623,14.272854921736286,14.537075433340862,0.7006306765328141,0.18512099579935998,1.8512099580175176,1425,time,1.8717003691873568,-1.0008854046342885,0.21719550972517254
STKH,2026-08-20T13:50:05.000Z,2026-08-21T13:30:05.000Z,8.285714285714295,3.8107985153563853,3.867696579533969,2.624121936549591,0.14930745835560355,1.4930745865545318,1420,time,8.901060585510724,-3.4323125410410937,0.02624121936549706
UXRP,2026-08-20T13:55:05.000Z,2026-08-21T13:30:05.000Z,27.66599597585515,12.732806902805057,16.17369725537343,0.7853727800282038,2.702440291478217,27.024403036882987,1415,time,27.073316382702075,0,2.795927096900405
CHWY,2026-08-20T13:35:05.000Z,2026-08-21T13:35:05.000Z,-2.4593580658607728,23.424701875264198,23.71523295479585,0.4268997766425235,0.12402765295977423,1.2402765297877543,1440,time,2.3278764768896343,-0.2762121610286994,0.09818694862778088
MFA,2026-08-20T13:40:05.000Z,2026-08-21T13:35:05.000Z,-0.7692307692307776,9.04185192001329,8.927963840543766,1.1059681222952866,-0.12595658540272542,-1.259565855280632,1435,time,0,-2.232417891809413,-0.1105968122295291
AIRE,2026-08-21T13:40:05.000Z,2026-08-21T13:45:05.000Z,-0.34965034965035446,1.4403319266055141,1.3497215757330114,6.942844038225949,-0.6290935343567167,-6.290935387792701,5,stop,0,-6.271604825035215,-0.555427523058075
HOWL,2026-08-21T13:40:05.000Z,2026-08-21T13:50:05.000Z,123.14471243042671,0.9633928307140011,0.9006196411046001,10.379981748662557,-0.6515845624509157,-6.515845624767387,10,stop,0,-6.497124404342047,-0.32593142690800647
KNRX,2026-08-21T13:40:05.000Z,2026-08-21T13:55:05.000Z,15.727272727272723,0.38347910364834287,0.3584272444174697,26.07704016156837,-0.6532783392854368,-6.5327834013730675,15,stop,5.4033964705045845,-6.513810898872119,-0.3885478984073689
USDEW,2026-08-21T13:45:05.000Z,2026-08-21T13:55:05.000Z,43.434062108341465,1.0502758068311842,0.9692287706797791,9.521308374776888,-0.7716738240592184,-7.716738367604059,10,stop,11.399309818440816,-7.643307244540509,-0.4760654187388429
JATT,2026-08-21T13:50:05.000Z,2026-08-21T14:10:05.000Z,37.73584905660379,19.21401888228759,14.966990211556862,0.48654138866850233,-2.066355227172272,-22.103801899798505,20,stop,7.994064787395172,-22.088137355792504,-1.941300140787324
INV,2026-08-21T13:35:05.000Z,2026-08-21T14:15:05.000Z,8.666666666666668,1.6403340292621353,1.5396763098941875,6.096319294803535,-0.6136415967537401,-6.1364159721313785,40,stop,0,-6.1166827897405796,-0.48770554358428164
GOSS,2026-08-21T13:40:05.000Z,2026-08-21T14:15:05.000Z,0.032391441038037705,0.15793395381642023,0.14906876959974386,63.31760667058869,-0.5613222472938253,-5.613222491080741,35,stop,0.5483597178770339,-5.593448149020985,-0.5508631780341222
AEVA,2026-08-21T13:45:05.000Z,2026-08-21T14:15:05.000Z,2.861685214626397,19.443945525723905,18.266217846138986,0.5142989102065512,-0.6057040621306141,-6.057040624943181,30,stop,0,-6.037589048841974,-0.6120157031457971
SUGP,2026-08-21T13:40:05.000Z,2026-08-21T14:20:05.000Z,39.92805755395683,3.9007804418341228,3.6392693426134604,2.5635895557021913,-0.6704071226622896,-6.704071226774853,40,stop,3.0563001415639945,-6.6853401703251265,-0.9997999267238544
USDEW,2026-08-21T14:15:05.000Z,2026-08-21T14:30:05.000Z,54.574571786659256,1.1202915499824033,1.0186579034214742,8.92624767471248,-0.9072071012870434,-9.072071155274312,15,stop,0,-8.952272288760776,-0.5355748604827486
ELAB,2026-08-21T13:35:05.000Z,2026-08-21T15:10:05.000Z,3.2786885245901676,6.391346198456305,5.938435427201229,1.5646156016294899,-0.708631258851737,-7.086312604447354,95,stop,1.543552774023138,-7.061833054283895,-0.9700616730102833
IOVA,2026-08-21T14:15:05.000Z,2026-08-21T16:05:05.000Z,-1.3904338153504114,8.871776164556081,8.398316950769035,1.1271700067752795,-0.5336690252121641,-5.336690252382369,110,stop,0.5435646092670776,-5.317719426250733,-0.6312152037941576
JUNS,2026-08-21T13:40:05.000Z,2026-08-21T16:55:05.000Z,56.18955512572532,8.091618905829206,6.3787215917297395,1.2358466354083948,-1.9908471627842217,-19.908471628288208,195,stop,29.269558066614,-21.152984659178088,-1.8896095055394362
HOLO,2026-08-21T13:45:05.000Z,2026-08-21T17:40:05.000Z,6.214689265536721,1.8903943203984448,1.8094508322079965,2.86133715804541,-0.2514413846981215,-4.648526607384574,235,stop,0.5081310019769081,-5.3107607928743805,-0.22890697264363258
ADXN,2026-08-21T13:55:05.000Z,2026-08-21T17:45:05.000Z,6.345733041575463,4.890984046578297,4.5590623987618,1.7532356721426947,-0.5819368733082666,-6.786398087900269,230,stop,4.682410558707928,-6.767228096150757,-0.31558242098568634
BEKE,2026-08-21T13:35:05.000Z,2026-08-24T13:30:05.000Z,2.0306062389641166,17.363476239170126,18.13634135581145,0.5759215413876743,0.4451096692608358,4.451096692825965,4315,time,4.472167612831579,-2.0357458051672883,0.4549780176962628
PURR,2026-08-21T13:35:05.000Z,2026-08-24T13:30:05.000Z,8.035714285714302,10.9021806570404,10.98777990709194,0.9172476878212101,0.07851571418900519,0.7851571418995187,4315,time,0.8055208927664204,-4.239341390311068,-0.03668990751284795
PUSA,2026-08-21T13:35:05.000Z,2026-08-24T13:30:05.000Z,2.7027027027026973,3.4407193846973367,3.8790838121392217,2.906368948714536,1.2740487601381207,12.740487625684297,4315,time,12.767115425232634,-4.3804614048929436,0.9881654425629414
SKYQ,2026-08-21T13:35:05.000Z,2026-08-24T13:30:05.000Z,0.9380863039399667,2.7106304436845785,2.689214891172012,3.6891786364278074,-0.07900579881665837,-0.7900579941637578,4315,time,1.4524132718699345,-3.712436858334367,-0.03689178636427748
USDE,2026-08-21T13:45:05.000Z,2026-08-24T13:30:05.000Z,33.00000000000001,5.33106648695382,7.798411677280498,1.8757972770156253,4.600110712413732,46.001107124978084,4305,time,60.7558266431772,-2.4585415934047283,3.5565116372216234
HOWL,2026-08-21T14:15:05.000Z,2026-08-24T13:30:05.000Z,105.98330241187384,0.8891780366797816,0.8369529839584179,11.246341662696986,-0.5873407862568191,-5.8734078628812805,4275,stop,5.366975043424782,-5.8456275948817975,-0.5589431806360405
SDOT,2026-08-21T14:15:05.000Z,2026-08-24T13:30:05.000Z,45.793838862559255,12.342469857736813,21.365714608292365,0.4719073035536566,4.201871673653782,72.14130773576008,4275,time,73.14200679699718,-0.020011049370838307,4.7287471352594155
STUB,2026-08-21T13:55:05.000Z,2026-08-24T13:35:05.000Z,1.171303074670571,6.92147323484,6.728608597667904,1.4447791146855997,-0.2786467997476598,-2.7864680051248376,4300,time,0,-3.34427696223476,-0.2745080317902655
XPON,2026-08-24T13:35:05.000Z,2026-08-24T13:40:05.000Z,143.0858806404658,8.371674252861192,7.548489608026672,1.1945041932946536,-0.9832975101106047,-9.832975101165458,5,stop,0,-9.814933405708759,-0.5375268869825955
BTCT,2026-08-24T13:35:05.000Z,2026-08-24T13:40:05.000Z,49.12280701754388,1.710342303822568,1.5296935466544441,5.846782820780778,-1.0562140500059851,-10.562140500435431,5,stop,0,-10.544222838873129,-0.29233914103904013
LGHL,2026-08-24T13:45:05.000Z,2026-08-24T13:50:05.000Z,33.96381578947369,0.817163675752957,0.7636462685638176,12.237450459492932,-0.6549166191976048,-6.549166192418801,5,stop,0,-6.5303533840740275,0.3781372191983312
AAOZ,2026-08-24T13:40:05.000Z,2026-08-24T14:15:05.000Z,35.00939849624061,14.382883111759131,13.637259307956379,0.6952708939720752,-0.5184105286367989,-5.184105286881923,35,stop,0.32759001011657407,-5.165050052807329,-0.36849357380519976
ZSTK,2026-08-24T13:40:05.000Z,2026-08-24T14:25:05.000Z,1.0615711252653925,4.811016183220113,4.55892077616375,2.0785629470722773,-0.5239961722344602,-5.239961734812348,45,stop,2.8888661248871905,-5.217529387982712,-0.5404263662387923
JMKE,2026-08-24T13:40:05.000Z,2026-08-24T14:35:05.000Z,0.37720033528920727,23.98481289192633,23.495250122853196,0.41693049863034964,-0.204113649420517,-2.041136494493688,55,rotation_for_stronger_continuation,0,-3.0636590547415965,-0.17928011441105163
BTCT,2026-08-24T14:35:05.000Z,2026-08-24T14:40:05.000Z,136.84210526315792,2.7105421040620317,2.399519819082683,3.6139952728048805,-1.1240330676523378,-11.474541735147703,5,stop,0,-11.456826425852295,-1.011918676385367
CYPH,2026-08-24T13:45:05.000Z,2026-08-24T15:45:05.000Z,23.239436619718322,1.7603541293881257,1.6396700477961352,5.680675172467684,-0.6855670660116847,-6.855670661785456,120,stop,11.341233407466046,-6.836927148854944,-0.511260765522092
NCTY,2026-08-24T13:40:05.000Z,2026-08-24T16:35:05.000Z,5.536332179930792,6.1513526423088996,5.827678196312616,1.625658702667848,-0.5261841799650533,-5.261841822724591,175,stop,15.584334266540667,-5.224097218856249,-0.9916518086273864
MVIS,2026-08-24T13:35:05.000Z,2026-08-24T19:00:05.000Z,6.024096385542177,1.7703830196112857,1.6795089432693904,5.648495186495959,-0.5133017827944623,-5.1330178461521925,325,stop,0,-5.105280530262357,-0.28242475932479927
SNAP,2026-08-24T13:35:05.000Z,2026-08-25T13:30:05.000Z,-0.667938931297718,5.211048171902659,5.548851061536773,1.9189997228457758,0.6482436515843667,6.482436517388308,1435,time,6.504484643318564,-0.020114415911764993,0.7100298974529355
ALKT,2026-08-24T13:35:05.000Z,2026-08-25T13:30:05.000Z,1.422963689892054,20.71591454338358,19.715876119969032,0.48272065105669454,-0.4827391988323809,-4.827392106297081,1435,time,0,-4.807485285276314,-0.40548534688762317
LUCY,2026-08-24T13:35:05.000Z,2026-08-25T13:30:05.000Z,35.09284983184677,0.9264856609797124,1.0197783091319794,10.793475193731581,1.052819748938414,10.528197490297424,1435,time,32.75974489441491,0,0.5002775752294593
PSKY,2026-08-24T13:40:05.000Z,2026-08-25T13:30:05.000Z,-0.48309178743960457,10.31209171342007,10.27787507799001,0.9697353623358675,-0.03318108135668302,-0.3318108137608031,1430,time,2.113133713661064,-1.571860665369429,0.08727618261022663
PMI,2026-08-24T13:40:05.000Z,2026-08-25T13:30:05.000Z,27.881619937694712,4.120830272261719,5.968670180890051,2.426695431802909,4.484152693485145,44.84152694860591,1430,time,44.87371732307148,-0.9908263520717386,4.6107213204255295
CAPR,2026-08-24T13:45:05.000Z,2026-08-25T13:30:05.000Z,2.225755166931642,6.441290610170308,7.238543548630432,1.552483904917854,1.2377223551078071,12.377223552083217,1425,time,15.660050925772806,0,2.6392226383603514
AMC,2026-08-24T14:15:05.000Z,2026-08-25T13:30:05.000Z,4.117647058823537,2.660541656509914,2.6689908318922475,3.758633121996334,0.03175735044559547,0.3175735046906683,1395,time,2.986547618815316,-0.3962221934815435,-0.03758633121996269
RUM,2026-08-24T14:25:05.000Z,2026-08-25T13:30:05.000Z,5.856353591160213,9.591926454842035,9.305769914151508,1.017437528890607,-0.2911464036360543,-2.9833062423667185,1385,time,1.7522397189891015,-3.6689861676783564,-0.16279000462249726
VBIO,2026-08-24T13:45:05.000Z,2026-08-25T13:35:05.000Z,-2.446982055464919,0.1203662664724093,0.1450686547753817,83.07973953881925,2.072152108437497,20.72152508821317,1430,time,50.12511835400375,-1.1350908460075027,1.8434584804645588
XHLD,2026-08-24T13:50:05.000Z,2026-08-25T13:35:05.000Z,-0.13054830287205776,7.671589176205721,7.568347953310181,1.3035108835225488,-0.13457605767251365,-1.3457605787305968,1425,time,3.36841321737833,-2.4973857672143773,-0.2998075032101859
PSNYW,2026-08-25T13:35:05.000Z,2026-08-25T13:55:05.000Z,82.26582883180834,5.001050019513613,4.739013059944285,1.9995800761793192,-0.5239638835774344,-5.239638846779883,20,stop,7.577408324407076,-5.219904190020519,-0.5398866205684154
TNMG,2026-08-25T13:50:05.000Z,2026-08-25T13:55:05.000Z,78.55436832181017,0.7115424180562983,0.6418713820779561,14.053975906212749,-0.9791550610005018,-9.791550610385347,5,stop,0,-9.773474678609528,-0.8657249158227049
WVVIP,2026-08-25T13:50:05.000Z,2026-08-25T14:00:05.000Z,291.3207547169811,10.452094911185847,9.118162273717088,0.9567460001110424,-1.276234715315809,-12.762347154360251,10,stop,7.4425758225907135,-12.74476478165385,-2.985047520346452
SWVL,2026-08-25T13:50:05.000Z,2026-08-25T14:00:05.000Z,53.74149659863945,2.2704543625521385,2.099577275946871,4.404404759071982,-0.7526118534605947,-7.5261185348464945,10,stop,0,-7.507500056532146,0.044044047590720226
ILLR,2026-08-25T13:55:05.000Z,2026-08-25T14:15:05.000Z,2.780201969829199,0.8338112799302849,0.7833681936314227,11.993121351607769,-0.6049700553318773,-6.049700635266021,20,stop,0,-6.02189981580522,-0.5864636340936205
DAIC,2026-08-25T13:55:05.000Z,2026-08-25T14:20:05.000Z,139.59537572254334,4.1608329155676005,3.2993137936018337,2.4033649517972235,-2.070544863035641,-20.705448631268634,25,stop,5.267384893356186,-20.688956587197392,-2.066893858545612
SMTG,2026-08-25T13:35:05.000Z,2026-08-25T14:25:05.000Z,9.540034071550242,6.502225608951009,6.067362941360405,1.5379348724453905,-0.6687904612122179,-6.6879049381487015,50,stop,1.3499130348255006,-6.647348691746469,-0.3383456719379865
BEX,2026-08-25T13:35:05.000Z,2026-08-25T14:25:05.000Z,9.869646182495352,23.634733348658813,22.51548083712681,0.42310610624869366,-0.4735625720633772,-4.735625720928717,50,rotation_for_stronger_continuation,0,-4.716504866859728,-0.38079549562382375
WVVIP,2026-08-25T14:25:05.000Z,2026-08-25T14:30:05.000Z,183.01886792452834,7.551539034556438,7.138556586091426,1.261522634942663,-0.5209867065726536,-5.468851403338724,5,stop,0,-5.449737234664386,-0.26491975333795814
AIXI,2026-08-25T13:50:05.000Z,2026-08-25T15:05:05.000Z,177.55255468550234,1.2802609997806382,1.129773775057616,7.810907302300292,-1.1754417624919593,-11.7544176342798,75,stop,16.382518896951392,-11.736747413721439,-0.5467635111610214
OFAL,2026-08-25T13:55:05.000Z,2026-08-25T15:15:05.000Z,43.7018701870187,1.0502116691126056,0.9457090718757362,9.52189000646487,-0.99506223627937,-9.95062236598177,80,stop,7.597357107526026,-9.932442399992137,-1.2854551508727567
EYPT,2026-08-25T14:10:05.000Z,2026-08-25T17:20:05.000Z,7.186858316221767,5.231126575808882,4.95895552211004,1.9116341044135083,-0.5202914684848666,-5.202914702111878,190,stop,0.7431176368563941,-5.1829481064880945,-0.4779085261033771
SMCX,2026-08-25T13:35:05.000Z,2026-08-26T13:30:05.000Z,9.79667282809611,11.902382705993928,12.507383106028078,0.8401679097840534,0.5083019215152081,5.083019215383469,1435,time,7.961576412165439,0,0.4116822757941865
BZ,2026-08-25T13:35:05.000Z,2026-08-26T13:30:05.000Z,4.145077720207246,16.113226326639136,16.706561297625697,0.6206081759634807,0.36822853407931433,3.682285340991158,1435,time,3.7036262090742955,-2.2542122804955156,0.8502332010699671
NCPL,2026-08-25T13:50:05.000Z,2026-08-26T13:30:05.000Z,15.565115369573723,0.297160012168323,0.4164003896612951,33.65190330625766,4.4344627704239254,44.34462772208906,1420,time,140.51015302663475,-2.880607019047454,4.135482397306005
DFNS,2026-08-25T13:55:05.000Z,2026-08-26T13:30:05.000Z,21.480472297910993,13.402684069520255,12.17746756820955,0.7461192062367068,-0.9141575634260579,-9.141575634816563,1415,stop,10.425642529748602,-9.122680674842032,-1.343014571226071
RR,2026-08-25T14:10:05.000Z,2026-08-26T13:30:05.000Z,6.481481481481488,1.7303705272533902,1.9291533933041085,3.207540928902512,0.6376041788222245,11.487878631765964,1400,time,14.426359488614594,-1.755145893613741,0.4490557300463518
ZONE,2026-08-25T14:25:05.000Z,2026-08-26T13:30:05.000Z,-1.0526315789473606,0.15120184601091338,0.15250114200295495,66.1367375422572,0.08593119801535973,0.8593122546584423,1385,time,0.9908304882590535,-2.4482809625526625,-0.04629571627958029
PFXF,2026-08-25T13:35:05.000Z,2026-08-26T13:35:05.000Z,0.3353828954723248,17.974010573692922,17.996191365429254,0.5563588553191022,0.01234047990049715,0.12340479964330461,1440,time,0.1445944754540074,-0.4674002685626566,0.011127177106381225
EIKN,2026-08-25T14:10:05.000Z,2026-08-26T13:35:05.000Z,4.659498207885293,11.752440331799214,12.917202617595976,0.8508871095460063,0.991081214669806,9.910812162519147,1405,time,9.934614728837698,-0.9567402907375566,0.5530766212049052
NEO,2026-08-25T14:25:05.000Z,2026-08-26T13:35:05.000Z,1.5234613040828737,16.693626620886377,16.73657843941421,0.5990310068346292,0.025729471098105833,0.2572947119476905,1390,time,1.0565312326618947,-0.8004648955020399,0.05990310068346183
KLAR,2026-08-25T14:25:05.000Z,2026-08-26T13:35:05.000Z,0.7795889440113557,14.23285557627489,14.487098260763384,0.4676290860509169,0.11889127418248606,1.7863083281214318,1390,time,1.8066959391743742,-0.8631829053312501,0.12625985323374778
EHTH,2026-08-25T13:50:05.000Z,2026-08-26T14:00:05.000Z,-0.40650406504064707,1.241798,1.188572,5,-0.25499007692307685,-4.10678833309567,1450,time,0,-4.171209810291209,-0.1900000000000004
YFOR,2026-08-26T13:50:05.000Z,2026-08-26T14:00:05.000Z,63.478260869565226,1.890378826843737,1.7796413220496003,5.28994498728054,-0.5857953083896976,-5.857953084410545,10,stop,0,-5.8389792181512306,-0.15869834961841534
XPON,2026-08-26T14:00:05.000Z,2026-08-26T14:05:05.000Z,77.03984819734346,9.35187025442923,8.708257233626512,1.0693048265088347,-0.6882185095482773,-6.882185095520227,5,stop,0,-6.863549610573627,-1.0372256817135703
CRMX,2026-08-26T13:50:05.000Z,2026-08-26T14:10:05.000Z,9.826589595375722,7.641540145267864,7.237897681642268,1.3086367154648304,-0.5282213478211325,-5.2822134799037554,20,stop,0,-5.2547017699897,-0.40567738179409574
DAIC,2026-08-26T14:05:05.000Z,2026-08-26T14:10:05.000Z,34.27835051546393,5.221045091933111,4.789041267973057,1.8753888422231042,-0.8101751512523991,-8.274278738322538,5,stop,0,-8.255915900805121,-0.7501555368892401
ADIG,2026-08-26T14:00:05.000Z,2026-08-26T14:15:05.000Z,-0.9878760664571273,22.134670566778578,20.94578038180752,0.45177993259539956,-0.5371167276295566,-5.371167288820806,15,stop,0,-5.352103900550587,-0.5873139123740199
SOAR,2026-08-26T14:00:05.000Z,2026-08-26T14:15:05.000Z,55.05115089514065,0.24314874545744986,0.2302536850943908,41.12708860640764,-0.5303362901365054,-5.303362901913742,15,stop,0,-5.284314929643896,-0.36603108859702793
RDIB,2026-08-26T14:00:05.000Z,2026-08-26T14:15:05.000Z,43.684210526315766,13.692752795178162,12.887383582848006,0.7303133378226728,-0.5881718776364531,-5.881718777642454,15,stop,0,-5.86261073420421,-0.4893099363411899
AEON,2026-08-26T13:50:05.000Z,2026-08-26T14:20:05.000Z,9.768758848513425,0.23505387846255738,0.22135206509956423,42.54343726771941,-0.5829222372624984,-5.829222411735596,30,stop,1.3810116891816104,-5.808829257302528,-0.3956539665897907
PSNYW,2026-08-26T14:00:05.000Z,2026-08-26T14:30:05.000Z,52.81501340482575,5.731211226295601,5.428831181494492,1.7448318655681403,-0.5276023376808967,-5.276023389501801,30,stop,0.5023156985090926,-5.255629471717982,-0.31406973580226527
FGL,2026-08-26T14:15:05.000Z,2026-08-26T14:30:05.000Z,-2.192564346997139,0.20624603684096646,0.19484324236717768,48.48577990268707,-0.5528733831316992,-5.528733860026276,15,stop,0,-5.501214478955174,-0.43637201912418355
LGHL,2026-08-26T14:15:05.000Z,2026-08-26T19:40:05.000Z,2.404688021020296,0.565919395,0.537483959728101,13.15,-0.37392597382547127,-5.024644061173934,325,stop,0,-5.0041393262374445,-0.3287500000000003
VMAR,2026-08-26T13:50:05.000Z,2026-08-27T13:30:05.000Z,9.92759676970203,7.942510217633673,8.37820092437191,1.259047751763774,0.7191299546037041,7.191299810049448,1420,time,55.99602217057489,0,0.20994621260660828
BTDR,2026-08-26T13:50:05.000Z,2026-08-27T13:30:05.000Z,-1.7714791851195733,11.10224661017894,11.177597827823112,0.900718597439595,0.06787024307182464,0.6787024310474936,1420,time,0.7003392425977362,-4.253613045723248,0.22517964935989987
CRE,2026-08-26T13:50:05.000Z,2026-08-27T13:30:05.000Z,129.5719844357977,5.921184630181083,5.468840844720261,1.6888512391280064,-0.6723367562275121,-6.72336756241831,1420,stop,32.912592522204775,-7.619837217730618,-1.2011954438297945
BBWI,2026-08-26T14:00:05.000Z,2026-08-27T13:30:05.000Z,0.5119453924914863,17.683542535663573,18.57564798641041,0.565497551132178,0.5044834477490038,5.04483447786363,1410,time,8.123131784479432,0,0.3788833592585572
AMRX,2026-08-26T14:05:05.000Z,2026-08-27T13:30:05.000Z,0.1953124999999778,17.984217744693478,17.75634995268872,0.5560430851572439,-0.12670431007429506,-1.2670431110187956,1405,time,0.3657776848589034,-1.246747275174842,-0.1612524946956011
PDYN,2026-08-26T14:05:05.000Z,2026-08-27T13:30:05.000Z,1.9624573378839383,5.9912976197102745,6.067480412226403,1.6690874996897371,0.12715574668012689,1.2715574713815085,1405,time,1.3136115961058126,-1.690745914157632,0.16690874996897165
AGEN,2026-08-26T14:10:05.000Z,2026-08-27T13:30:05.000Z,-2.8110047846889863,8.1416886964901,8.278277564931095,1.2282464188105067,0.1677647885120319,1.677647887714978,1400,time,2.804225413436967,-1.1261631328354005,0.33162653307883794
VVOS,2026-08-26T14:10:05.000Z,2026-08-27T13:30:05.000Z,-1.9230769230769162,0.26145727647720324,0.24714336272175444,32.330686306580105,-0.4627786554468571,-5.474666434344521,1400,stop,1.2784970331809475,-5.453004280202678,-0.6854105496994984
SFL,2026-08-26T14:05:05.000Z,2026-08-27T13:35:05.000Z,-1.104746317512273,12.102449175838368,12.037339758632084,0.8262790324362306,-0.053798546251694696,-0.5379854627794632,1410,time,0.7234141031256636,-1.8380508986765243,-0.04957674194617567
LNAI,2026-08-27T13:35:05.000Z,2026-08-27T13:45:05.000Z,4.166666666666674,2.5205206632238157,2.3089791723720445,3.96743424176116,-0.8392769543585222,-8.392769555049146,10,stop,0,-8.352268890132963,-0.5554407938465626
VNRX,2026-08-27T13:35:05.000Z,2026-08-27T13:45:05.000Z,100.47169811320754,0.6816363837603382,0.6328730422532453,14.67057838753816,-0.7153864240181002,-7.153864240356926,10,stop,0,-7.135238804599764,-0.8538276621547212
NMTC,2026-08-27T13:35:05.000Z,2026-08-27T13:50:05.000Z,58.00000000000001,3.2006519598581664,2.769445470665823,3.1243634477614566,-1.3472457932701036,-13.472457942957721,15,stop,0,-13.455132431120386,-1.6559126273135725
OBAI,2026-08-27T13:50:05.000Z,2026-08-27T13:55:05.000Z,36.473880597014926,0.44108834348899,0.33483272649332385,22.67119534433568,-2.4089418493416614,-24.089418494986457,5,stop,0,-24.07416678687193,-0.0770820641707406
CELU,2026-08-27T13:55:05.000Z,2026-08-27T14:00:05.000Z,40.84507042253522,1.2502501926142848,1.049788443683604,7.998399087451087,-1.6033730697160062,-16.033730697654473,5,stop,0,-16.016809579173884,-0.7198559178705963
MERC,2026-08-27T13:35:05.000Z,2026-08-27T14:05:05.000Z,48.595641646489085,0.6152237488608641,0.5476896947417234,16.2542489884897,-1.0977153308546514,-10.977153311162875,30,stop,0,-10.959224019830927,-0.9736295144105309
WKSP,2026-08-27T14:05:05.000Z,2026-08-27T14:10:05.000Z,44.90196078431372,0.7410483171936546,0.6881621483552469,13.494396745274756,-0.7136669446430599,-7.136669446695093,5,stop,0,-7.118067198831534,-1.3845251060651886
PPCB,2026-08-27T13:35:05.000Z,2026-08-27T14:15:05.000Z,213.55140186915884,3.3706741627785197,3.129372860778566,2.96676555400424,-0.7158843909098377,-7.158843909167537,40,stop,9.176972388410753,-7.140238158770195,-1.127370910521611
EPOW,2026-08-27T13:50:05.000Z,2026-08-27T14:40:05.000Z,1.0950605778191846,0.4375982042353111,0.4037156520462644,22.852013212818733,-0.774284530308115,-7.742845345596278,50,stop,4.182328809294522,-7.723570139958047,-0.6444267726014878
VNRX,2026-08-27T14:05:05.000Z,2026-08-27T14:55:05.000Z,81.92806603773583,0.6180240149843444,0.5760843604676879,16.180601005999254,-0.6786088160634749,-6.786088161593364,50,stop,7.520093700053532,-6.767376990262086,-0.2588896160959884
WNW,2026-08-27T13:55:05.000Z,2026-08-27T15:20:05.000Z,33.46774193548385,3.3206709029658454,3.149357807779969,3.0114396421722285,-0.515899046065973,-5.158990462826921,85,stop,7.809539235054452,-5.139651231725839,-0.4517159463258338
MIMI,2026-08-27T13:45:05.000Z,2026-08-27T18:10:05.000Z,41.66666666666665,2.560512701470131,2.159567576498528,3.9054678360743087,-1.5658782896073895,-15.658782896933038,265,stop,20.67895614131736,-15.641894736166496,-2.0698979531193853
MTLS,2026-08-27T13:35:05.000Z,2026-08-28T13:30:05.000Z,6.221889055472274,7.101501788982552,7.41771718546339,1.4081528489020405,0.4452796114211804,4.452796125059386,1435,time,4.484941643070117,-2.2741920481257893,0.3379566837364898
OWL,2026-08-27T13:45:05.000Z,2026-08-28T13:30:05.000Z,2.2881355932203418,12.082443692160094,11.957269004800569,0.8276471424280054,-0.10360047229743,-1.0360047234546352,1425,time,0.9729514230319536,-1.0134017197162115,-0.08276471424279919
CRMG,2026-08-27T13:45:05.000Z,2026-08-28T13:30:05.000Z,36.43815201192253,9.171836564141406,9.428075417464386,1.0902941771265857,0.2793757297316384,2.7937572974728107,1425,time,6.739799946669245,-1.4374063822380045,0.7523029822173459
FNGR,2026-08-27T13:45:05.000Z,2026-08-28T13:30:05.000Z,2.164502164502169,0.16635066990403022,0.3020390918166614,60.11393643136703,8.156766598045552,81.5677182170243,1425,time,81.60431825990557,-1.713650991411575,9.774526063740279
EOSE,2026-08-27T14:05:05.000Z,2026-08-28T13:30:05.000Z,4.041916167664672,3.480698580813643,3.359212235680088,1.9238927451974417,-0.23372669804299823,-3.4902862834263617,1405,time,0.8418258147336433,-3.467653920938729,-0.15391141961579624
GNS,2026-08-27T13:45:05.000Z,2026-08-28T13:35:05.000Z,11.420289855072463,0.1929396626613265,0.1949604075832521,51.82967488657599,0.03179882261954676,0.31798822656235615,1430,time,2.726415743717303,-4.218760699097068,0.31048617936482614
STXS,2026-08-27T14:10:05.000Z,2026-08-28T13:35:05.000Z,2.0689655172413834,1.490557008432742,1.4587947511081227,6.230108878834119,-0.19788232136992434,-2.130898526183572,1405,time,0.6335209934162034,-2.050039566408224,-0.1869032663650252
VNCE,2026-08-27T13:45:05.000Z,2026-08-28T13:45:05.000Z,20.34700315457414,7.67172192773369,7.688088534083504,1.3034883223352796,0.021333680253241585,0.21333680370567518,1440,time,0.36860137180003694,-4.193607781463604,-0.03910464967006
PSQL,2026-08-28T13:45:05.000Z,2026-08-28T13:50:05.000Z,60.061287027579205,15.713195487943288,14.057176957035212,0.6364077886480211,-1.0539030912153533,-10.539030919450704,5,stop,0,-10.521064854133467,-1.648296172598375
QNRX,2026-08-28T13:45:05.000Z,2026-08-28T13:50:05.000Z,55.965082444228884,8.05161046427005,7.458507202609836,1.2419875556897337,-0.7366268702209784,-7.366268702294761,5,stop,0,-7.347728344477044,-0.5837341511741752
WHLR,2026-08-28T13:50:05.000Z,2026-08-28T13:55:05.000Z,24.10714285714284,1.4002833591738828,1.259746380900335,7.1414117218705115,-1.0036324239989751,-10.036324244862806,5,stop,0,-10.018212260741633,-0.7141411721870519
CHGA,2026-08-28T13:50:05.000Z,2026-08-28T13:55:05.000Z,10.941086457536354,0.14593239815567466,0.13606754771388915,68.52487917290604,-0.6759876845821405,-6.759876878924508,5,stop,0,-6.737638988969308,-0.3837393233682729
XLAB,2026-08-28T13:55:05.000Z,2026-08-28T14:00:05.000Z,47.033898305084755,6.961393741443928,6.448703442205257,1.2326620691048322,-0.631973885069515,-7.364765135843738,5,stop,0,-7.346140161551251,-0.4067784828045955
PSQLW,2026-08-28T13:50:05.000Z,2026-08-28T14:05:05.000Z,26.506024096385516,2.131675017205241,1.9790418103094611,4.691144432831256,-0.7754822291037812,-7.7548258663476695,15,stop,0,-9.929985363470673,-1.1904318855210647
EPOW,2026-08-28T13:50:05.000Z,2026-08-28T14:05:05.000Z,7.901785714285703,0.485299016834613,0.4593063283020401,20.605852566758998,-0.5356015077158848,-5.356015081611234,15,stop,0,-5.336713229616796,-0.27405783913789605
MSS,2026-08-28T13:55:05.000Z,2026-08-28T14:15:05.000Z,9.904153354632594,1.730372368414421,1.669606055268087,5.779102897004144,-0.3511747763442402,-3.5117477749610395,20,rotation_for_stronger_continuation,0,-3.488981303471783,-0.2889551448502061
CYAB,2026-08-28T14:15:05.000Z,2026-08-28T14:25:05.000Z,58.54214123006831,0.4891979314066493,0.4354126416236221,20.44162364053711,-1.099458651141868,-10.99458651192002,10,stop,0,-10.976729041401544,-1.2019674700635825
PSQL,2026-08-28T14:15:05.000Z,2026-08-28T14:25:05.000Z,49.13176710929523,14.652949531896285,13.597156379757696,0.6824564553060437,-0.7205328521448962,-7.205328523382662,10,stop,0,-7.185922053469462,-0.8940179564509165
AEMD,2026-08-28T13:45:05.000Z,2026-08-28T14:35:05.000Z,36.866359447004605,2.980598273283729,2.6694655070724393,3.3550311318713137,-1.0438601167841162,-10.438601169439528,50,stop,6.018983783367227,-10.420668765319475,-1.1407105848362473
DWTX,2026-08-28T13:55:05.000Z,2026-08-28T14:45:05.000Z,9.913793103448265,2.5807101967336816,2.459137336500114,3.8749022674077023,-0.4910132882744048,-4.910132984459653,50,stop,0,-5.452382716655824,-0.46623924941484773
QNRX,2026-08-28T14:15:05.000Z,2026-08-28T15:00:05.000Z,31.32880698351115,6.781359031760462,5.998798947581607,0.7496586694428927,-0.5866529514646387,-11.539870998036513,45,stop,4.108925171702671,-11.522159910734276,-0.6372098690264592
XPON,2026-08-28T13:55:05.000Z,2026-08-28T16:15:05.000Z,9.786700125470515,8.781783385694135,8.148332907373826,1.138720867330452,-0.7213232780837925,-7.213232785406945,140,stop,20.81828410028992,-7.194249253782948,-0.6832325203982723
FNGR,2026-08-28T13:50:05.000Z,2026-08-28T18:45:05.000Z,150.28835063437137,0.4346869493188081,0.4114175950517874,23.00506149433729,-0.4066252895941831,-4.066252895996702,295,stop,47.62347961115447,-5.3341719495246025,-0.7263848166836997
KLAR,2026-08-28T13:45:05.000Z,2026-08-31T13:30:05.000Z,5.710206995003575,14.822971611836696,14.297125935402944,0.6746285603748277,-0.3547505116718296,-3.5475051170835723,4305,time,0.9244326424661109,-4.202744416910509,-0.37104570820615557
LCID,2026-08-28T13:45:05.000Z,2026-08-31T13:30:05.000Z,-0.6876227897838927,5.061024468791484,4.968852175655473,1.975884538135772,-0.18212180885196064,-1.821218089428048,4305,time,1.1652884030137756,-2.193715313492539,-0.2371061445762912
XTNT,2026-08-28T14:15:05.000Z,2026-08-31T13:30:05.000Z,10.606060606060597,0.3672792528317749,0.36491730322515453,26.271086874516904,-0.06205098330875542,-0.6430936646732506,4275,time,16.614264676740255,-2.5264843467826203,0.013135543437259756
KLC,2026-08-28T13:45:05.000Z,2026-08-31T13:35:05.000Z,-0.19762845849802257,2.54053096258616,2.5979103556569307,3.93618504492703,0.22585590889215718,2.258559093188958,4310,time,3.915285382414102,-0.020899669950080746,0.31489480359416255
PD,2026-08-28T13:55:05.000Z,2026-08-31T13:35:05.000Z,7.759303246239102,13.63274537744435,13.527255822459649,0.7335279666913026,-0.07737953877509762,-0.7737953879725132,4300,time,3.574148926465104,-0.7536660782526239,-0.044011678001478316
XLABW,2026-08-28T13:50:05.000Z,2026-08-31T13:40:05.000Z,24.895920066611144,0.6060394186519312,0.5465778585580292,16.50057673309948,-0.9811500349992361,-9.811500417937797,4310,stop,7.501258160598012,-9.774845798595566,-2.3084306849606175
SORA,2026-08-31T13:40:05.000Z,2026-08-31T13:45:05.000Z,9.876543209876543,1.8213360486907608,1.6195096842562442,5.49047282473598,-1.108122169242974,-11.081226036216457,5,stop,0,-11.054305372997364,-1.5373323909260748
ZSTK,2026-08-31T13:45:05.000Z,2026-08-31T13:50:05.000Z,-2.7726432532347522,5.33356432851042,4.9678234691006,1.8749182066932328,-0.6857341962391006,-6.85734411141836,5,stop,0,-6.816535924522316,-0.4874787337402413
RDHL,2026-08-31T13:45:05.000Z,2026-08-31T13:50:05.000Z,110.28744326777607,1.400280247960086,1.2697457286383154,7.141427592236216,-0.9322028180237842,-9.322028180568283,5,stop,0,-9.303869575385137,-0.7141427592236198
AXTL,2026-08-31T13:40:05.000Z,2026-08-31T13:55:05.000Z,8.79629629629628,2.3614148307691636,2.409487571426441,4.234748369973441,0.20357596013856238,2.03576008886246,15,rotation_for_stronger_continuation,2.057460154724766,-1.3303393524860319,0.46582232069707885
PFSA,2026-08-31T13:40:05.000Z,2026-08-31T14:00:05.000Z,9.044368600682606,3.2107586857722397,2.919399563898545,3.1145286496972786,-0.9074463324262629,-9.074463402210434,20,stop,5.893974999315299,-9.055762647646858,-0.9343585949091846
VVOS,2026-08-31T13:45:05.000Z,2026-08-31T14:00:05.000Z,90.70698088039128,0.42978599458865296,0.39522084248754713,23.267393832404395,-0.8042410068133897,-8.042410068338326,15,stop,0,-8.023992178167516,-0.2768819866056127
BSEM,2026-08-31T13:45:05.000Z,2026-08-31T14:35:05.000Z,9.631728045325794,3.9008696178796742,3.808450334445802,2.5635309375470907,-0.23691969230866522,-2.369196935223564,50,rotation_for_stronger_continuation,1.2594725518416894,-3.8675893495173974,-0.2563530937547096
TURB,2026-08-31T13:45:05.000Z,2026-08-31T14:40:05.000Z,9.909909909909898,1.2508745628060358,1.1692272066484337,7.9944039172579195,-0.6527219439000868,-6.527221720333485,55,stop,0,-6.465441476770728,-0.5596082742080544
WETO,2026-08-31T13:55:05.000Z,2026-08-31T18:25:05.000Z,68.26923076923077,9.651930869539461,9.058181431099614,1.0360621242510917,-0.5123525346983411,-5.123525347075767,270,stop,38.7287184397219,-6.132771541159043,-1.0259605185396445
SY,2026-08-31T13:40:05.000Z,2026-09-01T13:30:05.000Z,9.583333333333343,2.6405396700394577,2.9294047367878715,3.7871046227516176,1.0939622296343727,10.939622306227172,1430,time,13.991849247810052,-1.5352797194996048,0.6438077858677751
FLYW,2026-08-31T13:45:05.000Z,2026-09-01T13:30:05.000Z,-0.47897817988291624,18.75389201597547,18.495699962347267,0.5332226492379613,-0.13767385084782038,-1.376738510642287,1425,time,0.8324031293960088,-1.4604542659313324,-0.09064785037045553
PURR,2026-08-31T13:50:05.000Z,2026-09-01T13:30:05.000Z,0.5167958656330685,11.68233786079904,11.717588560913358,0.8559930485521164,0.03017435425445157,0.3017435425541359,1420,time,6.057538718988553,-3.101586900811104,-0.19687840116698396
SOFI,2026-08-31T13:50:05.000Z,2026-09-01T13:30:05.000Z,-2.2978959025470647,17.653530612880942,17.516489621869614,0.2911660207473666,-0.039901680032044244,-0.7762809265549211,1420,time,1.4527937370891975,-0.7563960762812627,-0.0494982235270518
S,2026-08-31T14:05:05.000Z,2026-09-01T13:30:05.000Z,-0.2321262766945109,21.514313126686286,21.734454736871747,0.46480684463772176,0.10232332720377156,1.023233272143828,1405,time,2.4434285687775503,-0.8102193440238992,0.11155364271305146
RCAT,2026-08-31T14:05:05.000Z,2026-09-01T13:30:05.000Z,1.648998822143688,8.641741345135163,8.337964823600029,0.9826591423692661,-0.2985087761236339,-3.5152234879853714,1405,time,0,-3.4916729520610645,-0.2751445598633957
AEHL,2026-08-31T14:35:05.000Z,2026-09-01T13:30:05.000Z,77.96610169491525,6.311266161247546,5.298793279825173,1.5469289376134996,-1.5662235988211903,-16.042309982728376,1375,stop,18.04287459376237,-16.023189886316715,-1.531459648237366
GPRK,2026-08-31T13:40:05.000Z,2026-09-01T13:35:05.000Z,9.867751780264511,10.822200947399333,10.887209916781545,0.9240264565091453,0.060070007619557296,0.6007000766127398,1435,time,3.213755263750162,-0.020337336277809204,0.10164291021600746
BIVI,2026-08-31T13:40:05.000Z,2026-09-01T13:35:05.000Z,9.490740740740744,2.3805949046253634,2.3494979372418423,4.20063063048473,-0.13062687370640322,-1.3062687533734278,1435,time,3.755577868411275,-4.225620429158827,-0.1260189189145411
LSPD,2026-08-31T13:50:05.000Z,2026-09-01T13:35:05.000Z,-1.037735849056598,10.51212724231566,10.427709002607278,0.9512822442717079,-0.08030557252725698,-0.8030557256628706,1425,time,1.216430839702931,-0.7812618742385924,-0.047564112213585474
ATTO,2026-08-31T14:45:05.000Z,2026-09-01T13:35:05.000Z,-2.4154589371980673,20.255097864361215,21.495443001562965,0.47813662704330995,0.5930544402712162,6.12361957225659,1370,time,6.146117604443613,-1.5062769205279158,0.40641613298681456
ATER,2026-09-01T13:35:05.000Z,2026-09-01T13:40:05.000Z,9.999999999999986,0.44704728,0.42020606422740975,18.400000000000002,-0.49387837021566056,-6.004111192129442,5,stop,0,-5.983098700432754,-0.3404000000000007
SST,2026-09-01T13:45:05.000Z,2026-09-01T13:55:05.000Z,9.375,2.470512062449934,2.27951888063158,4.047743840977688,-0.7730914753739737,-7.7309147654576345,10,stop,0,-7.711440285825155,-0.6476390145564306
ZEO,2026-09-01T13:45:05.000Z,2026-09-01T13:55:05.000Z,9.29743374000842,0.265284105,0.2525080086653772,27.25,-0.3659328776087998,-5.062018115836204,10,stop,0,-5.5729328374197085,-0.26432500000000125
AMBR,2026-09-01T13:35:05.000Z,2026-09-01T14:00:05.000Z,8.62068965517242,1.2702582705183671,1.0497884471329517,7.872414787807104,-1.735629897884565,-17.35629899071203,25,stop,0,-17.339644671511103,-1.7319312533175637
GDXD,2026-09-01T13:35:05.000Z,2026-09-01T14:20:05.000Z,8.343023255813954,18.66374527049813,17.556471261074336,0.535798139850308,-0.593275354553861,-5.932753546385285,45,stop,0.033512724328477184,-5.91384662885871,-0.766191339985939
SMZ,2026-09-01T13:35:05.000Z,2026-09-01T14:25:05.000Z,8.45619386544656,19.264660865737223,18.13613776604195,0.5190851771584322,-0.5857996131327032,-5.857996190851115,50,stop,1.3254276109106344,-5.837947906663987,-0.6748107303059623
BGIN,2026-09-01T13:45:05.000Z,2026-09-01T14:30:05.000Z,9.162303664921478,2.131713623251177,1.967815033540289,4.6910593563996175,-0.7688580127639622,-7.688583866200485,45,stop,0,-7.586085742818483,-0.5629271227679542
GPRO,2026-09-01T14:30:05.000Z,2026-09-01T14:35:05.000Z,76.90025108422735,1.560312127459499,1.4797038318992173,6.408974091689309,-0.5166164778210806,-5.166164778295243,5,stop,0,-5.147183441447922,-0.1922692227506797
BIAF,2026-09-01T14:30:05.000Z,2026-09-01T15:00:05.000Z,45.06578947368423,6.6313291319686725,6.178760013057358,1.5079933147707334,-0.6824712057899428,-6.824712058545614,30,stop,1.4879500936795687,-6.806013138344779,-0.7539966573853665
CAST,2026-09-01T13:45:05.000Z,2026-09-01T15:00:05.000Z,9.375,1.410301200077309,1.399164801039279,7.090683869778487,-0.0789646850263759,-0.789646852560256,75,rotation_for_stronger_continuation,0.6877112436803889,-4.984835868639637,0.14181367739556983
HKPD,2026-09-01T15:00:05.000Z,2026-09-01T15:05:05.000Z,30.843084308430857,0.43848780160746065,0.39781996651124174,22.62556734626321,-0.9201328417962275,-9.274564753485485,5,stop,0,-9.256312594938576,-0.28055703509366303
FLYE,2026-09-01T14:30:05.000Z,2026-09-01T15:10:05.000Z,44.11764705882351,1.970395951238602,1.8196302973339928,5.075122079764515,-0.7651540990014172,-7.651540991537107,40,stop,3.0249782397253844,-7.632778129901363,-0.8120195327623225
GPRO,2026-09-01T15:00:05.000Z,2026-09-01T15:25:05.000Z,52.93312029217074,1.3502703112485663,1.2697456063328385,7.132443033739672,-0.5743378706201256,-5.9635988620136615,25,stop,0,-5.944758659052651,-0.7132443033739673
LIDR,2026-09-01T14:30:05.000Z,2026-09-01T15:30:05.000Z,28.695652173913054,1.4902997208185218,1.3897208345681962,4.388295114840466,-0.4413698351883989,-6.748903247132354,60,stop,0.6508945177920555,-6.730171080179359,-0.5265954137808562
HMR,2026-09-01T14:35:05.000Z,2026-09-01T15:55:05.000Z,-2.877697841726601,1.360412576915311,1.289545827663878,6.970961153359969,-0.49400935609664104,-5.20921009214138,80,stop,0,-5.175825195248418,-0.7668057268695954
MSTZ,2026-09-01T13:35:05.000Z,2026-09-02T13:30:05.000Z,9.7938144329897,5.331068940655923,5.5488770365715805,1.8757964134793885,0.40856364514536486,4.085636451905625,1435,time,4.106700959622933,-4.89712182607418,0.45019113923505394
CRCD,2026-09-01T13:35:05.000Z,2026-09-02T13:30:05.000Z,9.302325581395344,2.3604891821124783,2.4894110632680224,4.236410003778333,0.5461659470332686,5.461659478573325,1435,time,5.486609253240404,-3.4098517681172336,0.4236410003778328
LITZ,2026-09-01T13:45:05.000Z,2026-09-02T13:30:05.000Z,9.884467265725272,8.5817409201679,8.56788971751135,1.1652647274176013,-0.016140317887988673,-0.16140317897498674,1425,time,2.543296073168233,-1.4186040023859925,0.17478970911264113
CRK,2026-09-01T13:45:05.000Z,2026-09-02T13:30:05.000Z,9.632709632709634,15.833173812154605,15.93616994197385,0.6315853105417238,0.06505084263648313,0.6505084264291824,1425,time,1.1799667587933271,-3.6832401328590336,-0.05684267794875453
SSM,2026-09-01T14:30:05.000Z,2026-09-02T13:30:05.000Z,48.50746268656718,3.9908038393992196,4.369006195023101,2.505760844050297,0.9476846538499087,9.476846541292714,1380,time,19.77536838091214,-4.781087898019654,0.9020739038581045
RDAC,2026-09-01T14:30:05.000Z,2026-09-02T13:35:05.000Z,32.89473684210529,6.081217522293565,5.958394693241089,1.6444075487908485,-0.13372453256766875,-1.337245325743721,1385,time,37.472471085806156,-4.2954806555751235,-0.18664025678776142
UPC,2026-09-02T13:35:05.000Z,2026-09-02T13:45:05.000Z,7.962529274004693,4.65119035001613,4.339124436249977,2.1499872299716816,-0.670937729506673,-6.709377391210635,10,stop,1.4793987088408844,-6.690552882125123,-0.5589966797926387
SST,2026-09-02T13:35:05.000Z,2026-09-02T13:50:05.000Z,8.450704225352123,3.110644562574169,2.9094062904742586,3.21476780255846,-0.6469343177892911,-6.469343187618286,15,stop,1.5866627135627365,-6.450256804915333,-0.9001349847163684
AXTL,2026-09-02T13:40:05.000Z,2026-09-02T13:50:05.000Z,9.183673469387754,2.1605642405859444,2.04957946451028,4.628420508058144,-0.5136842136708458,-5.136842218843969,10,stop,1.3624107472070657,-5.117378067682898,-0.2777052304834875
BRNX,2026-09-02T13:40:05.000Z,2026-09-02T13:55:05.000Z,9.659090909090896,3.8810584088329847,3.6692263614051535,2.576616672073583,-0.5458099850820319,-5.458099959168821,15,stop,0,-5.438166257756705,-0.4122586675317734
CBRG,2026-09-02T13:40:05.000Z,2026-09-02T13:55:05.000Z,9.328358208955233,2.9505906255426595,2.7894371420367614,3.389151959274724,-0.5461736443679615,-5.461736443911445,15,stop,0,-5.442660332221594,-0.23724063714922927
MOVE,2026-09-02T13:40:05.000Z,2026-09-02T13:55:05.000Z,9.289617486338786,14.07292309998772,12.496774321460322,0.710584426053072,-1.1199867751641424,-11.199867769680163,15,stop,3.8874432562823857,-11.176946600305747,-0.7461136473557257
AXTX,2026-09-02T13:40:05.000Z,2026-09-02T13:55:05.000Z,9.072978303747515,5.541108556510731,5.218955162267164,0.7010186878911809,-0.22583554973231554,-5.813879857398583,15,stop,2.8675028086676546,-5.795023743641203,-0.19628523260953035
BIAF,2026-09-02T13:55:05.000Z,2026-09-02T14:00:05.000Z,68.36115326251895,11.112222625292372,10.12797302184118,0.8999099763468175,-0.8857360373611262,-8.857360373710971,5,stop,0,-8.839119395041173,-0.18898109503283322
LGPS,2026-09-02T13:35:05.000Z,2026-09-02T14:00:05.000Z,7.76699029126211,1.1303899853919281,1.0896855731066708,8.846503975170757,-0.36009174508851843,-3.6009176311964874,25,rotation_for_stronger_continuation,0,-3.573101842186266,-0.3538601590068282
FAMI,2026-09-02T14:00:05.000Z,2026-09-02T14:05:05.000Z,52.73799494524012,0.1821364619866373,0.14187156654759447,51.611081263277796,-2.078114790561823,-22.106993294948772,5,stop,0,-22.091382223944432,-0.8309384083387723
LHAI,2026-09-02T14:00:05.000Z,2026-09-02T14:30:05.000Z,47.417153996101355,1.2202443218121428,1.139769727209179,7.899981652676942,-0.6357478208700298,-6.594957515020751,30,stop,0,-6.576086475286758,-0.5529987156873872
MAIA,2026-09-02T13:35:05.000Z,2026-09-02T19:40:05.000Z,8.846153846153836,1.4303450455207696,1.3497183592970177,6.991319983737764,-0.563686962618671,-5.636869682335761,365,stop,0.6750087686510087,-5.617179279389672,-0.4893923988616411
EOSE,2026-09-02T13:35:05.000Z,2026-09-03T13:30:05.000Z,9.868421052631572,3.3506708495457302,3.5492378905505637,2.9844769744685675,0.5926187617672813,5.9261876179737065,1435,time,9.530304968557646,-2.1091552324607354,0.8058087831065119
AAL,2026-09-02T13:55:05.000Z,2026-09-03T13:30:05.000Z,1.3513513513513598,13.132627643088961,13.087361984858115,0.7614622352452145,-0.03446808929630623,-0.34468089297169263,1415,time,1.5029159607286013,-0.6291782980113902,0.03045848940980811
VIOT,2026-09-02T13:55:05.000Z,2026-09-03T13:30:05.000Z,41.339110698442184,1.3802764035544721,1.759501323589973,7.244925707389125,2.7511046708687434,27.51104671029848,1415,time,31.13315531142231,-2.9179955153006087,3.1787111541169786
TGHL,2026-09-02T13:35:05.000Z,2026-09-03T13:35:05.000Z,7.732696897374702,0.918054824001446,0.8937776560413841,10.892594883283039,-0.26444135550237263,-2.6444137458204358,1440,time,7.684200785643158,-4.341224833146051,0.019606670789910297
MMED,2026-09-02T13:45:05.000Z,2026-09-03T13:35:05.000Z,5.48617305976804,23.684740285055682,23.654568351553934,0.39388492399142155,-0.011884269734010265,-0.12738975871644073,1430,time,2.9776966369748026,-0.7799970902456876,-0.1063489294776847
GME,2026-09-02T13:55:05.000Z,2026-09-03T13:35:05.000Z,1.1430090377458901,19.043835086005032,19.06616527620177,0.5251043160147919,0.01172567924973767,0.11725679253096881,1420,time,0.1373930927085043,-1.595451150636762,0.07876564740221781
CCL,2026-09-02T13:55:05.000Z,2026-09-03T13:35:05.000Z,1.764959104606123,23.65473450912762,23.795237982682625,0.42274835068470984,0.05939761171085065,0.5939761171311733,1420,time,0.783206807080794,-1.2882601113533232,0.07186721961640075
SFIX,2026-09-02T14:05:05.000Z,2026-09-03T13:35:05.000Z,1.82724252491695,3.070639376526282,3.1193063123956017,2.3845668735695598,0.11604956311211392,1.5849121274662696,1410,time,1.6075031099730852,-1.6491476307311848,0.09538267494278241
MIMI,2026-09-03T13:45:05.000Z,2026-09-03T13:50:05.000Z,57.59088781401154,1.0202042977044015,0.9484097887774967,8.147188797134895,-0.5849234188250796,-7.037267838260647,5,stop,0,-7.018623413518343,0.3821031545856268
SPWH,2026-09-03T13:35:05.000Z,2026-09-03T14:00:05.000Z,2.34375,1.3203446241107526,1.2496983793613616,7.573780101011749,-0.535059122694143,-5.3505913122470545,25,stop,0,-5.327747227973112,-0.45442680606070596
WCT,2026-09-03T13:35:05.000Z,2026-09-03T14:00:05.000Z,5.000000000000004,1.2906129449374633,1.2596043448826133,7.748255379045798,-0.24026255217167097,-2.4026258357692574,25,rotation_for_stronger_continuation,0,-4.696446380397978,-0.3874127689522897
DRTS,2026-09-03T13:35:05.000Z,2026-09-03T14:30:05.000Z,3.9078855547801883,14.922998993087326,14.565317258506207,0.6701065920203263,-0.23968488818807251,-2.3968488823647665,55,rotation_for_stronger_continuation,0,-3.772693366448132,-0.2479394390475207
COSM,2026-09-03T13:35:05.000Z,2026-09-03T14:35:05.000Z,4.27998216674097,0.23639640782874843,0.22804750009685382,42.301771182707874,-0.34250696791242347,-3.4250742165304144,60,stop,0,-5.286208848740692,-0.4178477525154989
DSS,2026-09-03T13:45:05.000Z,2026-09-03T14:45:05.000Z,63.043478260869556,0.9061813872490517,0.8402314671975979,11.03531824896988,-0.7277783562619131,-7.27778356292021,60,stop,19.181437093805222,-7.259185431820459,-1.7104743285903332
MIMI,2026-09-03T14:30:05.000Z,2026-09-03T15:15:05.000Z,47.776564206584496,0.9490905641765219,0.8915202505482582,10.283860653119886,-0.5920450831094727,-6.065839847245195,45,stop,2.0450562418475426,-6.046900721883874,-0.44529116628009113
TANH,2026-09-03T15:20:05.000Z,2026-09-03T15:25:05.000Z,78.7391304347826,0.4125825772847114,0.3304337700503477,24.23757218600216,-1.9910876453368678,-19.910876454115318,5,stop,0,-19.894823922258976,-1.682087509708551
SUPX,2026-09-03T13:35:05.000Z,2026-09-04T13:30:05.000Z,-2.392344497607646,8.232813824964754,8.997371828534883,1.214651482173022,0.928671512243703,9.28671557289104,1435,time,12.233802396710436,-1.127364555278898,0.08502560375211132
HLN,2026-09-03T13:35:05.000Z,2026-09-04T13:30:05.000Z,-0.4540867810292837,9.87197643276864,9.57806512897265,1.0129683825331,-0.29772285801441917,-2.9772285802911083,1435,time,0,-2.957628948540292,-0.25324209563327393
ALMS,2026-09-03T13:45:05.000Z,2026-09-04T13:30:05.000Z,5.21739130434784,10.912186336697735,11.297000328927519,0.9164066384729461,0.35264609705665073,3.526460970847361,1425,time,8.685827331547324,-1.9444896755854701,0.4032189209280954
BULL,2026-09-03T14:00:05.000Z,2026-09-04T13:30:05.000Z,7.1111111111111125,9.651932908085337,9.707993312750121,1.036061905384733,0.058082049673635186,0.5808204967714042,1410,time,5.263889593441529,-0.6416632676078393,0.18649114296925262
APPS,2026-09-03T14:00:05.000Z,2026-09-04T13:30:05.000Z,7.719836400818014,10.552135286112732,10.727762219903022,0.6815506176423757,0.11969864519940925,1.6643734090618294,1410,time,3.3913961883927035,-2.9580296086946567,0.1840186667634418
CHPT,2026-09-03T14:00:05.000Z,2026-09-04T13:30:05.000Z,43.15992292870905,7.441489950448552,9.268091964970484,1.3115298426350306,2.3956430526627797,24.546186673433994,1410,time,24.571827170729833,0,3.3050552034402774
DKNG,2026-09-03T14:30:05.000Z,2026-09-04T13:30:05.000Z,1.3011152416356753,24.544924557661425,23.965127936501315,0.30378653137580935,-0.17613440444564402,-2.362185387036087,1380,time,0.020678174531174598,-2.342335810854912,-0.17619618819797012
SPWR,2026-09-03T15:25:05.000Z,2026-09-04T13:30:05.000Z,58.4022038567493,0.403780824145949,0.3527028151191079,21.423671166785564,-1.0942784692451488,-12.64993431396303,1325,stop,11.669493209271241,-12.625865592745855,-1.036905684472421
MIST,2026-09-03T13:45:05.000Z,2026-09-04T13:35:05.000Z,3.8135593220339103,1.230262177781391,1.2097184436055117,8.12834869881473,-0.16698663495730323,-1.6698663542536103,1430,time,0,-3.2726502129812873,0
CFND,2026-09-03T14:45:05.000Z,2026-09-04T13:35:05.000Z,5.633802816901423,3.0214259801937047,2.9094038063948715,3.309695084585442,-0.37075923798657423,-3.707592856259593,1370,time,2.9315303564251716,-3.6878606632806177,-0.46335731184196227
CRMU,2026-09-04T13:35:05.000Z,2026-09-04T13:40:05.000Z,9.301059508354626,2.6408824914148195,2.389485741968398,3.7866128401173245,-0.9519421594175776,-9.519422021376608,5,stop,0,-9.499949059846745,-0.30292902720938564
MODD,2026-09-04T13:40:05.000Z,2026-09-04T13:50:05.000Z,8.771929824561408,3.740858379927728,3.469077342492946,1.0306061701219933,-0.280099214102443,-7.2652051971032625,10,stop,0,-7.2405408710757175,-0.3194879127378183
ASTX,2026-09-04T13:35:05.000Z,2026-09-04T13:50:05.000Z,9.657039711191317,12.182443918575874,12.037572088898319,0.8208533579578154,-0.11891852786431396,-1.1891852787982362,15,rotation_for_stronger_continuation,0,-4.206413113829289,-0.33654987676270487
IMRN,2026-09-04T13:50:05.000Z,2026-09-04T13:55:05.000Z,65.76576576576576,1.8503702928870638,1.749649803113192,5.340056262568776,-0.5378530821859586,-5.44326128456815,5,stop,0,-5.424335511270007,-0.5874061888825661
ETHA,2026-09-04T13:50:05.000Z,2026-09-04T14:25:05.000Z,-2.3659305993690816,18.583718191569307,18.486299916194643,0.19238628690845175,-0.01874194027635679,-0.5242130469824894,35,rotation_for_stronger_continuation,0,-0.7733554183710356,-0.005771588607252909
IMRN,2026-09-04T14:25:05.000Z,2026-09-04T14:55:05.000Z,61.261261261261254,1.8003605926172452,1.699659708854898,1.9754434941670271,-0.19892890568519903,-5.593373026231097,30,stop,0,-5.5744717490926465,-0.15803547953336228
GDXD,2026-09-04T13:40:05.000Z,2026-09-04T15:20:05.000Z,9.882964889466827,16.92338784650826,15.986738740340327,0.5908982344577163,-0.5534643031410292,-5.534643031662172,100,stop,0,-5.515372305911203,-0.44317367584328693
SNXX,2026-09-04T13:35:05.000Z,2026-09-08T13:30:05.000Z,9.772565742714988,15.463092244310348,17.946405810976724,0.6467011799433521,1.60596181373248,16.05961813737555,5755,time,16.082861800198533,0,1.6749560560532828
SNDU,2026-09-04T13:35:05.000Z,2026-09-08T13:30:05.000Z,9.633027522935777,23.944790906597902,27.824343622320008,0.4176273678381386,1.6202073890563253,16.202073890956836,5755,time,16.225696472177333,0,1.6370992819255044
TSLZ,2026-09-04T13:35:05.000Z,2026-09-08T13:30:05.000Z,9.237668161434964,12.202452302493377,12.257514735661626,0.8195074031086435,0.04512407161455515,0.4512407162369984,5755,time,3.3398835529424353,-0.7576534634311738,-0.016390148062173537
TSDD,2026-09-04T13:40:05.000Z,2026-09-08T13:30:05.000Z,8.795669824086595,8.051614836116785,8.138246506290805,1.241986881182957,0.10759539785110166,1.075953978640657,5750,time,3.830103279405561,-0.020056052725492268,-0.07451921287097818
UGP,2026-09-04T13:55:05.000Z,2026-09-08T13:30:05.000Z,0.7681564245810124,7.231521478850969,7.347540801635543,1.292014190310086,0.14989861138783567,1.6043556411175643,5735,time,1.6383622934057263,-0.5741734844099011,0.31008340567442083
FCEL,2026-09-04T14:55:05.000Z,2026-09-08T13:30:05.000Z,-0.5453306066803054,14.60294660830861,15.086818649367324,0.22992494619165837,0.11125425300407264,3.3135233185294664,5675,time,3.335308994516706,-0.08865750629564184,0.1494512150245777
CURR,2026-09-04T13:40:05.000Z,2026-09-08T13:35:05.000Z,9.999999999999986,3.3307344405456862,3.2293308333472712,3.002340814970873,-0.30444818867707557,-3.044481900568503,5755,time,1.1788859230662974,-4.825795734088989,-0.3602808977965033
TTMX,2026-09-04T13:35:05.000Z,2026-09-08T13:40:05.000Z,9.876167275680082,8.77200073541747,9.857993492273424,1.1399907771842694,1.1277990250092906,11.277990322464285,5765,time,12.403091351664731,-4.240774102030043,1.1169903160434842
BBCP,2026-09-04T13:40:05.000Z,2026-09-08T13:40:05.000Z,9.502762430939216,9.992962964735753,10.187961891082324,1.0007041704105204,0.2946187655332344,2.9461877397203096,5760,time,8.876616859229047,0,0.2800985838574732
MFI,2026-09-04T15:30:05.000Z,2026-09-08T15:10:05.000Z,4.276315789473717,9.552303510733278,9.52784119745041,0.9889274972423558,-0.024191454251584945,-0.2560881074955502,5740,time,1.0227531941059853,-0.23348829639068258,-0.3263460740899742
GCDT,2026-09-08T15:10:05.000Z,2026-09-08T15:20:05.000Z,73.67014167334935,0.6513303139890355,0.5844829646414498,15.35319297289918,-1.0263202542602898,-10.263202542836206,10,stop,0,-10.245233878391058,0.25332768405283446
PDSB,2026-09-08T15:10:05.000Z,2026-09-08T15:25:05.000Z,39.77272727272727,0.30796232073569546,0.2915414803041445,32.471504862161126,-0.5332093999138788,-5.332094001734687,15,stop,0.2720070631703875,-5.313091775840384,-0.6039699904361964
RIV.RT,2026-09-08T15:10:05.000Z,2026-09-08T15:30:05.000Z,9500,0.243252980764293,0.0969802458648785,41.109465255904865,-6.013193913233663,-60.131939366099566,20,stop,5.404669325900757,-60.12381854675362,-4.633036734340479
NUR,2026-09-08T15:15:05.000Z,2026-09-08T15:30:05.000Z,185.87570621468927,5.071014980472768,4.029193355451608,1.9719918079754195,-2.0544637099133665,-20.544637099928885,15,stop,6.8819559964048205,-20.528730135514493,-1.873392217576649
BNCWZ,2026-09-08T15:15:05.000Z,2026-09-08T16:30:05.000Z,32.51670378619151,0.12003434378595616,0.12881633414638294,57.326577058795905,0.02067944107656719,0.3005226867340828,75,stop,7.385933004184997,-5.77696646413246,0.2883786558819388
XPEV,2026-09-08T15:10:05.000Z,2026-09-09T13:30:05.000Z,-0.5936073059360725,10.90222241456599,10.837781156643256,0.9172441738766134,-0.059108368386908146,-0.591083684337948,1340,time,0.8051347890016824,-0.5707314729046287,-0.09172441738766324
BNC,2026-09-08T15:10:05.000Z,2026-09-09T13:30:05.000Z,42.97994269340975,5.0010033953195,5.098936781007446,1.9995987221277747,0.1958274728752648,1.9582747290194564,1340,time,7.978331009611517,-1.4197829856694932,0.4199157316468334
MOBX,2026-09-08T15:15:05.000Z,2026-09-09T13:30:05.000Z,37.61961079453822,1.2902700172932127,1.2196797714837004,7.750315706384516,-0.5470966908150064,-5.47096691881593,1335,stop,3.0791990958710214,-5.446148197772461,-0.46501894238307173
INDP,2026-09-08T15:15:05.000Z,2026-09-09T13:30:05.000Z,33.606557377049185,1.6403334693474052,1.8995668571728082,6.096321376164218,1.5803700436154728,15.803700446869323,1335,time,15.830106225650642,-1.849225777211816,2.8043078330355424
TDOT,2026-09-08T15:25:05.000Z,2026-09-09T13:30:05.000Z,34.9540490966632,14.26370954910785,14.066660378050656,0.5917449664265159,-0.11660285511161152,-1.3814721225133044,1325,time,4.460904428132784,-1.3580587044410564,0.01775234899279532
OTF,2026-09-08T15:10:05.000Z,2026-09-09T13:35:05.000Z,-1.8453427065026395,11.192295039875834,10.897344470575474,0.8934717994762941,-0.2635300159093498,-2.635300161848056,1345,time,0,-2.611573755288321,-0.24123738585859833
HYPD,2026-09-08T15:25:05.000Z,2026-09-09T13:35:05.000Z,6.666666666666665,3.5415409706538323,3.6992430227744073,2.823629335023997,0.3352029035010167,3.3520293782822703,1330,time,4.474296094813024,-2.0200520408104827,0.5182532803043198
ATER,2026-09-09T13:40:05.000Z,2026-09-09T13:50:05.000Z,9.814687714481817,0.8060656104565351,0.7532234977166246,12.405938001797685,-0.6555559745353342,-6.555559752757861,10,stop,0,-6.533662988885814,-1.1785641101707807
USDE,2026-09-09T13:35:05.000Z,2026-09-09T13:50:05.000Z,8.278580814717484,8.26166070147073,7.868423672310452,1.2104103955881713,-0.4759781880258091,-4.759781881266005,15,rotation_for_stronger_continuation,0.46406285509215106,-4.7407018470391415,-0.4478518463676231
FGL,2026-09-09T13:50:05.000Z,2026-09-09T13:55:05.000Z,9.643328929986804,8.341802850237396,7.918393864414571,1.1201947777896912,-0.4743005347879584,-5.075749132704279,5,stop,0,-5.056495074387812,-0.5152895977832586
IRD,2026-09-09T13:50:05.000Z,2026-09-09T14:05:05.000Z,59.101382488479246,6.9213842091605375,6.388721690597534,1.3760284871700383,-0.732958799590432,-7.695895827571859,15,stop,0.12448074805699871,-7.677426842700685,-0.7155348133284196
LNOK,2026-09-09T13:35:05.000Z,2026-09-09T14:20:05.000Z,8.520900321543401,20.32418985521747,19.24515089955409,0.4920245312835676,-0.5309136363969841,-5.3091363707487504,45,stop,0,-5.285277606977834,-0.5215460031605819
KURA,2026-09-09T14:00:05.000Z,2026-09-09T14:20:05.000Z,-0.35942492012778215,12.492588161709673,12.257526075261206,0.7100324870532689,-0.16690171785293564,-1.8816123881274076,20,rotation_for_stronger_continuation,0,-1.8618092480032766,-0.12070552279905655
GNSS,2026-09-09T13:40:05.000Z,2026-09-09T14:25:05.000Z,9.154929577464799,1.5706725264436379,1.4793596025457227,6.366698884477079,-0.5813618907191965,-5.8136194757712145,45,stop,0,-5.772847294205952,-0.5093359107581659
MGN,2026-09-09T14:20:05.000Z,2026-09-09T15:15:05.000Z,369.0239043824701,0.473094728432629,0.4414109693430327,20.015201571761896,-0.6341568247294133,-6.697127908096788,55,stop,24.858715284568756,-6.678309127920934,-1.018773760002679
OLB,2026-09-09T14:20:05.000Z,2026-09-09T15:40:05.000Z,37.33528550512444,0.37587590541639954,0.34803004269510646,23.154561375050292,-0.6447587374214055,-7.408259566530375,80,stop,1.8155179635791274,-7.389647757716489,-0.7177914026265597
LAC,2026-09-09T13:35:05.000Z,2026-09-09T15:55:05.000Z,9.166666666666657,3.280656638715876,3.109350493588937,3.048170260062469,-0.5221702969418817,-5.2217029696223385,140,stop,0,-5.2019049083623425,-0.5486706468112441
AVO,2026-09-09T13:35:05.000Z,2026-09-09T19:55:05.000Z,8.003108003107995,13.94281000067032,13.237325915136406,0.7172155395030472,-0.5059841490170203,-5.059841491779615,380,stop,0.9122264401764335,-5.040662539592322,-0.5881167423924989
METU,2026-09-09T13:35:05.000Z,2026-09-10T13:30:05.000Z,9.973463069438315,24.88497815928322,25.504858956869626,0.40184885579640073,0.24909838924025682,2.4909838924458154,1435,time,3.596635026110695,-0.9442570444674669,0.2330723363619125
ARBE,2026-09-09T13:40:05.000Z,2026-09-10T13:30:05.000Z,9.070111694253802,0.8125665715551754,0.8037124281001556,10.337270838053614,-0.09152767893351925,-1.0896514531817116,1430,time,9.307967013714258,-1.8418886623074893,-0.29874712721974817
SRPT,2026-09-09T14:05:05.000Z,2026-09-10T13:30:05.000Z,8.882521489971351,22.824587212804392,21.94543164115719,0.38515759222143486,-0.33861344316369596,-3.8517917693337496,1405,time,0.7685255621937559,-3.8317766917324914,-0.58543954017658
VALE,2026-09-09T14:25:05.000Z,2026-09-10T13:30:05.000Z,-1.1889460154241638,15.383078396217739,15.016985471132319,0.6122725823705502,-0.2241486606296384,-2.379841769352432,1385,time,0.5000403807418285,-2.360245373949399,-0.23266358130080889
VTRS,2026-09-09T15:45:05.000Z,2026-09-10T13:30:05.000Z,-0.24081878386513766,16.583379101824818,16.405663207454168,0.4859373337285958,-0.08635878787166625,-1.0716506767374927,1305,time,0,-1.045499236073899,-0.0631718533847172
SUNE,2026-09-09T19:55:05.000Z,2026-09-10T13:30:05.000Z,93.67088607594935,4.600920790166805,3.969197507600098,2.063503436222258,-1.3035631643180052,-13.730366406586286,1055,stop,0,-13.712924411027105,-1.0111166837489058
NETG,2026-09-09T13:35:05.000Z,2026-09-10T13:35:05.000Z,9.067025001054517,18.243715100426975,19.064044009259185,0.5481339703816479,0.4496501418170438,4.496501421538919,1440,time,11.380822864990003,-1.2262584632322993,0.6796861232732443
BLCO,2026-09-09T15:15:05.000Z,2026-09-10T13:35:05.000Z,1.2408347433728206,17.98402561827984,17.574367224099323,0.49126539674440484,-0.2012509935467679,-2.2779015270314176,1340,time,0.3112450065866357,-2.246580531275333,-0.20141881266520656
JILL,2026-09-09T15:55:05.000Z,2026-09-10T13:35:05.000Z,8.215725806451601,21.584457346546174,22.86520730842548,0.43910437700276916,0.5623829141073327,5.933667644807589,1300,time,5.955872009261021,-2.151813868141983,0.20637905719130245
DLXY,2026-09-10T13:35:05.000Z,2026-09-10T13:55:05.000Z,9.317776100999309,0.48129687,0.4697424607649254,20.75,-0.40484794653171535,-4.053785849712051,20,stop,0,-5.276757773222163,-0.27644999999999875
WVVIP,2026-09-10T13:40:05.000Z,2026-09-10T14:05:05.000Z,9.425703720473955,2.930689925631766,2.6991669704948067,3.412165793807463,-0.7899947079995524,-7.89994714596257,25,stop,0,-7.871522797896679,-0.7847981325757178
SMZ,2026-09-10T13:35:05.000Z,2026-09-10T14:40:05.000Z,9.01156668323464,12.993017365672282,12.145255352343197,0.7696441591346801,-0.6524750818949869,-6.5247508678690975,65,stop,0.3615991036219679,-6.488233964033208,-0.500268703437543
KLAR,2026-09-10T14:05:05.000Z,2026-09-10T14:40:05.000Z,-1.6570605187319898,13.662744253641817,13.767205183126748,0.7319173814976968,0.07645676997742643,0.7645676999120223,35,rotation_for_stronger_continuation,0.8582151885550227,-0.09327740756341907,0.11710678103962913
DBI,2026-09-10T13:35:05.000Z,2026-09-10T14:45:05.000Z,8.62068965517242,5.711149017707915,5.38888770111736,1.7509611404852992,-0.5642670424316919,-5.642670425712155,70,stop,0.33007337461579134,-5.623194504506268,-0.6303460105747085
GDXD,2026-09-10T13:35:05.000Z,2026-09-10T15:10:05.000Z,9.403810694529803,17.833585643959022,17.47526640776777,0.5607397299360405,-0.20092383173277154,-2.0092383177727955,95,rotation_for_stronger_continuation,0.09204181575530601,-2.543434915527887,-0.2803698649680211
SKDD,2026-09-10T13:35:05.000Z,2026-09-11T13:30:05.000Z,8.773570204145242,6.991400546637449,6.738619736229541,1.4303285775951888,-0.3615596169941014,-3.615596170204892,1435,time,2.1254604477499273,-3.5958538630483816,-0.12872957198356616
WLTH,2026-09-10T14:05:05.000Z,2026-09-11T13:30:05.000Z,7.980972515856233,10.232086204122197,10.927481017345121,0.9773178013256391,0.6796217299122814,6.796217304568549,1405,time,7.309494671541095,-0.11812062448542937,0.5863906807953843
TNON,2026-09-10T14:40:05.000Z,2026-09-11T13:30:05.000Z,74.99999999999997,4.280856955714614,8.128367673398769,2.3359808802309474,8.826561757250055,88.26561757644605,1370,time,89.91524557126529,-3.7575877301829097,8.205132841811203
PCLA,2026-09-10T15:10:05.000Z,2026-09-11T13:30:05.000Z,30.053908355795155,9.6719501892729,12.63742107836872,1.0131437836971153,3.00444965372443,30.66053972014368,1340,time,30.687190821339684,-3.1219162977885517,3.100219978113172
SKHN,2026-09-10T13:35:05.000Z,2026-09-11T13:35:05.000Z,8.985200845665942,10.35280726314239,10.197713690000603,0.9659215662627337,-0.14980822708639904,-1.498082299802341,1440,time,1.0353977827756378,-3.6976179833390965,-0.019318431325254792
OBIO,2026-09-10T13:40:05.000Z,2026-09-11T13:35:05.000Z,8.25688073394495,5.921270277655245,6.058770559150575,1.6888268057060027,0.23221416118143343,2.3221416190746487,1435,time,2.342904745764951,-2.0480449627992114,0.23643575279883855
JMKE,2026-09-10T14:40:05.000Z,2026-09-11T13:35:05.000Z,-1.6540008940545414,22.03462753044617,21.935526485052982,0.4376307316106299,-0.04336966299879871,-0.44975139814029086,1375,time,1.4312584549843965,-1.9724750502164157,-0.07877353168991341
IMPP,2026-09-10T14:45:05.000Z,2026-09-11T13:35:05.000Z,1.1194029850746245,5.431208489350264,5.7088412824077786,1.7513946877548912,0.4862445989074838,5.111805109339997,1370,time,5.133139543370535,-0.39049300706924805,0.525418406326466
GNLN,2026-09-11T13:35:05.000Z,2026-09-11T13:55:05.000Z,9.689922480620151,2.8608021380267585,2.628251496597849,3.49552303580709,-0.8128861241064673,-8.128861424485352,20,stop,0,-8.067742083902196,-0.7690150678775609
SWRD,2026-09-11T13:55:05.000Z,2026-09-11T14:00:05.000Z,129.14798206278024,5.1210244111675545,4.829032626405146,1.9527342962927667,-0.5701823723412903,-5.7018237235045,5,stop,0,-5.682933487544206,-0.5077109170361194
FTFT,2026-09-11T13:55:05.000Z,2026-09-11T14:00:05.000Z,47.3170731707317,3.030607381007321,2.8594243395605394,3.299668595066486,-0.56484730586991,-5.648473059215061,5,stop,0,-5.629478172478231,-0.46195360330930946
BFRI,2026-09-11T13:35:05.000Z,2026-09-11T14:00:05.000Z,8.56164383561644,1.6003260921579967,1.5596270749170422,6.2487264572163825,-0.254317025816258,-2.54317026013573,25,rotation_for_stronger_continuation,0,-4.394485130412629,-0.24994905828865477
TRUG,2026-09-11T14:00:05.000Z,2026-09-11T14:05:05.000Z,70.42329468859533,0.6337267598675728,0.5663866189993942,15.378367493198771,-1.0355814333146227,-10.626052919439651,5,stop,0,-10.608161770164305,-0.5859158014908736
APURR,2026-09-11T13:55:05.000Z,2026-09-11T14:40:05.000Z,105.1794871794872,0.4033139639135974,0.3872130615736674,24.794578569523402,-0.589671163684729,-5.896711774569938,45,stop,0,-7.243479405006658,-0.8703373570857007
CLIK,2026-09-11T13:35:05.000Z,2026-09-11T14:40:05.000Z,8.799999999999986,1.3817710851221727,1.338543558153453,7.23707870733051,-0.3128410149958766,-3.128414498910839,65,rotation_for_stronger_continuation,0.5955338743464544,-3.746719386416686,-0.36185393536652377
VIOT,2026-09-11T13:35:05.000Z,2026-09-11T14:50:05.000Z,8.823529411764696,1.5003147941725241,1.408926920228593,6.665267861216538,-0.6091246591033923,-6.091246603639252,75,stop,3.978178850152214,-6.019722962362439,-0.5332214288973223
KORU,2026-09-11T13:35:05.000Z,2026-09-14T13:30:05.000Z,9.68351440717996,23.234652254064525,19.356118023011067,0.4303916361697042,-1.6692886936433031,-16.692886937332887,4315,stop,1.4002694870484333,-16.67617923305359,-1.4848511447854786
ACVA,2026-09-11T13:55:05.000Z,2026-09-14T13:30:05.000Z,44.39058171745154,10.432087171543522,10.376680241221306,0.9585809469703346,-0.05311202773698852,-0.5311202773818212,4295,time,0,-0.49929770224316217,-0.028757428409109664
XNCR,2026-09-11T14:00:05.000Z,2026-09-14T13:30:05.000Z,0.6801319043693299,24.46532408223283,24.512968284303987,0.39569264167260404,0.01885246017791988,0.19474175739923327,4290,time,0.6730992698631866,-2.0654706250133215,0.04748311700071284
SNAP,2026-09-11T14:40:05.000Z,2026-09-14T13:30:05.000Z,0.6340579710145011,5.561113750421206,5.708840406648048,1.6921661807157853,0.2499780516572894,2.6564221279532942,4250,time,2.6772739465636297,-0.020027470596550856,0.2369032653002101
TRUG,2026-09-11T14:40:05.000Z,2026-09-14T13:30:05.000Z,44.91776759234296,0.5383080258000295,0.6061615142565563,17.99554273475605,1.2602905361406909,13.009927335406038,4250,time,28.82958580625383,-3.568222073501992,1.4038772775951553
GPRO,2026-09-11T14:50:05.000Z,2026-09-14T13:30:05.000Z,0,1.4102837848696725,1.369704382389966,6.658855061622727,-0.2702123595996201,-2.877392686143422,4240,time,1.3980317537402254,-4.274585407308173,-0.4661198543135896
JVA,2026-09-11T13:35:05.000Z,2026-09-14T13:35:05.000Z,8.45481049562682,3.740914625916086,3.8590990208483773,2.6731430388147497,0.3159237926097873,3.1592379605121255,4320,time,5.589151183387742,-1.8956494068270935,0.29404573426962166
REF,2026-09-11T14:00:05.000Z,2026-09-14T13:35:05.000Z,4.220532319391634,13.753028025535038,14.066228090423996,0.7271125992700282,0.22773171327295202,2.277317142868062,4295,time,2.522876953502484,-3.657580167807939,0.007271125992700078
GPK,2026-09-11T14:15:05.000Z,2026-09-14T13:35:05.000Z,1.1182108626198062,9.511972615433306,9.628072450090503,0.9156987629233404,0.10631247497119953,1.2205652744292312,4280,time,1.3459603989919744,-0.3361302300369351,0.1648257773262003
FTFT,2026-09-14T13:40:05.000Z,2026-09-14T13:50:05.000Z,47.22222222222223,4.250850322947749,4.0291935130893926,2.2872329792039117,-0.5069807655731641,-5.214411071163026,10,stop,0,-5.195438704475497,-0.41170193625670315
BMGL,2026-09-14T13:35:05.000Z,2026-09-14T14:05:05.000Z,68.99563318777294,7.761553453662294,7.298539197713443,1.2884018720384594,-0.5965484341449938,-5.965484341673603,30,stop,14.667766615722133,-5.946663337666114,-0.21902831824653823
LYNX,2026-09-14T13:40:05.000Z,2026-09-14T14:15:05.000Z,-0.3532182103610615,12.763163095451146,12.44698100677415,0.7835048260778593,-0.247730192397804,-2.4773019533824248,35,rotation_for_stronger_continuation,0,-3.002101380242539,-0.3134019304311426
NCT,2026-09-14T13:35:05.000Z,2026-09-14T14:30:05.000Z,55.24489523555318,0.4664936691129268,0.43151299587469033,21.43651813612081,-0.7498638362851715,-7.498638364107892,55,stop,5.038938884588151,-7.479987709003588,-1.1447100684688518
SCNI,2026-09-14T13:35:05.000Z,2026-09-14T14:45:05.000Z,46.68674698795181,2.4404887761889884,2.2595386832870057,4.0975398440384,-0.7414502154483243,-7.414502154955627,70,stop,3.6677580607762605,-7.395599518832274,-0.7375571719269125
FTFT,2026-09-14T14:15:05.000Z,2026-09-14T14:50:05.000Z,62.5,4.69093915920406,4.339130791393335,1.8374051686700636,-0.6464145133968051,-7.499742714003108,35,stop,1.8985716457480484,-7.4812131919358755,-0.4042291371074125
FNB,2026-09-14T14:15:05.000Z,2026-09-14T14:55:05.000Z,0.7099945385035555,18.46377422003182,18.2662833572318,0.5416010763414923,-0.10696126386010084,-1.069612639574834,40,rotation_for_stronger_continuation,0,-1.049483262320161,-0.08665617221463862
OPENL,2026-09-14T13:35:05.000Z,2026-09-14T16:20:05.000Z,34.58950201884252,0.10182349073618197,0.09245089694218397,98.20916427779906,0.8285811272455683,8.285811331244638,165,stop,165.75400042128487,-9.156522398489086,-0.9712886347074345
FTFT,2026-09-14T16:30:05.000Z,2026-09-14T16:50:05.000Z,93.05555555555559,5.5711145138700715,5.288940947488513,1.4667752342034344,-0.4138851989153292,-5.064939262674427,20,stop,0,-5.04592955628892,-0.6013778460234089
ONDS,2026-09-14T13:35:05.000Z,2026-09-15T13:30:05.000Z,-0.7607192254495243,7.181437663970176,7.128568134246637,1.3924788416262137,-0.07361970150675515,-0.7361970151017071,1435,time,3.878921590134987,-0.9947543557828786,0.04177436524878608
ELMT,2026-09-14T14:15:05.000Z,2026-09-15T13:30:05.000Z,36.41136504014823,22.11443464435373,21.915490850780255,0.4409911374652783,-0.08773244981962358,-0.8996105791213066,1395,time,10.696928923074456,-3.999354532807564,-0.17198654361146026
TAK,2026-09-14T14:55:05.000Z,2026-09-15T13:30:05.000Z,2.0536692223439124,18.65373201971382,18.69585390602349,0.3474600868509618,0.014635674275483953,0.22580943194184092,1355,time,0.24803605110912397,-0.44887542946007164,0.024322206079567366
NCT,2026-09-14T14:55:05.000Z,2026-09-15T13:30:05.000Z,47.30415054050447,0.44278923376762386,0.305215582996764,22.342545774821915,-3.073745589757301,-31.069782252894306,1355,stop,19.718357984782653,-31.05071742547795,-2.908999459881813
SMMT,2026-09-14T17:00:05.000Z,2026-09-15T13:30:05.000Z,6.695156695156701,18.743798535023807,18.096272859952677,0.4138802270178185,-0.2679980733983053,-3.454612862281851,1230,time,0,-3.434728205282578,-0.13658047491587944
ALLO,2026-09-14T13:40:05.000Z,2026-09-15T13:35:05.000Z,-0.2808988764045006,1.7803865631839417,1.7596403612233975,5.616757714029906,-0.1165263898987091,-1.1652639033313583,1435,time,2.7866665499503895,-1.1450638645285838,-0.22467030856119763
CRBP,2026-09-14T14:55:05.000Z,2026-09-15T13:35:05.000Z,3.2019704433497553,8.401747644924807,7.618455633653078,1.19022855789885,-0.9322965209896396,-9.322965225513375,1360,stop,0.9313818788935224,-9.304583736182948,-0.904573704003127
JEM,2026-09-14T13:35:05.000Z,2026-09-15T13:40:05.000Z,-2.244389027431415,3.981974660322405,3.8782798228791266,2.5113164658283176,-0.26041055269269536,-2.6041059094756385,1445,time,0.9549367567928124,-2.560906811851693,-0.40181063453253074
CODA,2026-09-14T14:55:05.000Z,2026-09-15T13:45:05.000Z,0.698602794411185,10.132213084875616,10.627724124409177,0.9869512095622509,0.48904521981909627,4.890452217918825,1370,time,6.8868164267683385,-1.0087932815802114,0.3454329233467881
RKTO,2026-09-15T13:45:05.000Z,2026-09-15T14:00:05.000Z,8.777943368107287,0.7375648892156405,0.7269295032846056,13.558129045233375,-0.14419593489883012,-1.4419593565991196,15,rotation_for_stronger_continuation,0,-2.2865634552609038,-0.19388124534683726
SUGP,2026-09-15T14:00:05.000Z,2026-09-15T14:05:05.000Z,51.813325836378965,1.0902188505734671,0.9898016959778221,9.040206942993422,-0.9077918581711941,-9.210733656166788,5,stop,0,-9.192544278678627,-0.6328144860095417
ALAR,2026-09-15T13:50:05.000Z,2026-09-15T14:15:05.000Z,9.589041095890405,2.420887078029084,2.2694479990847363,4.130716992266658,-0.6255519766886294,-6.255520148739811,25,stop,0,-6.232718551743677,-0.7848362285306649
CEPL,2026-09-15T13:45:05.000Z,2026-09-15T14:20:05.000Z,9.042553191489366,6.18131903875465,5.8585672690538395,1.6177776795907954,-0.5221406090704006,-5.221406105675394,35,stop,0,-5.198227704153357,-0.3397333127140669
ENRD,2026-09-15T14:15:05.000Z,2026-09-15T14:50:05.000Z,1.302083333333326,3.9232819073653604,3.6792401398630306,2.5488850666941265,-0.6220344168363285,-6.220347486225215,35,stop,0,-6.200979514335581,-0.6117324160065891
GOVX,2026-09-15T14:45:05.000Z,2026-09-15T14:55:05.000Z,1.115760111576014,0.44183761024545654,0.4183037026968666,22.632739836683132,-0.5326368068877889,-5.326370368406617,10,stop,0,-5.304575640909359,-0.24443359023617717
QCML,2026-09-15T13:50:05.000Z,2026-09-15T15:00:05.000Z,9.212730318257979,19.59403290402345,19.185961437130928,0.4887086898369879,-0.19942807194490245,-2.0826313239921572,70,rotation_for_stronger_continuation,0.5408130959849045,-3.031703105395267,-0.12217717245924575
XHLD,2026-09-15T13:45:05.000Z,2026-09-15T15:35:05.000Z,9.865470852017943,9.842056949377422,9.33812826899488,1.016047766492559,-0.5120156101742239,-5.120156111415495,110,stop,0,-5.101138430307306,-0.7315543918746403
JONER,2026-09-15T14:05:05.000Z,2026-09-15T15:50:05.000Z,9.999999999999986,0.16644098999999998,0.1638852,45,-0.12486855738095123,-1.667171548719943,105,stop,0,-7.534796566639013,-0.6750000000000007
PDSB,2026-09-15T15:50:05.000Z,2026-09-15T17:40:05.000Z,54.823352543222235,0.6190239506709327,0.5861825022713972,11.11940567891704,-0.36517738783765613,-5.305359891800651,110,stop,19.946893685654167,-5.286378763772326,-0.4670150385145142
MYSZ,2026-09-15T15:00:05.000Z,2026-09-15T17:50:05.000Z,30.120481927710863,2.170440925971758,2.0195814141230866,4.320019029571666,-0.6517159619781533,-6.950638925181902,170,stop,12.41955359404927,-6.931353172139532,-0.7344032350271839
MEDS,2026-09-15T17:40:05.000Z,2026-09-15T17:55:05.000Z,263.45776031434184,3.160632158662889,2.9694057294840506,2.0622460057833636,-0.39435593977427513,-6.05025892224476,15,stop,5.0422774096094525,-6.031456654656586,-0.8661433224290125
VEEA,2026-09-15T17:50:05.000Z,2026-09-15T18:05:05.000Z,149.7816593886463,5.731146923248014,5.098979539412803,1.5223183522261923,-0.9623600100911607,-11.03038174210586,15,stop,1.0268987611057767,-11.012576220787661,-0.6545968914572633
FBDT,2026-09-15T17:55:05.000Z,2026-09-15T18:05:05.000Z,87.17828731867104,1.2102421393663594,1.1397717747594482,5.059851170382362,-0.35656955683355107,-5.822831837916912,10,stop,0,-5.803974021523972,-0.6587926223837828
TNON,2026-09-15T13:45:05.000Z,2026-09-15T19:20:05.000Z,9.442446043165464,6.1012298615010625,5.7288248373210555,1.6390138093045026,-0.6103769772854086,-6.103769774843158,335,stop,11.452939069026025,-6.084508696247182,-0.5244844189774387
SMST,2026-09-15T13:45:05.000Z,2026-09-16T13:30:05.000Z,9.253578732106327,21.41461885455176,21.24371657217599,0.46697071911409643,-0.079806361699254,-0.7980636197008226,1425,time,5.582079949997132,-3.850728608118492,0.08405472944054004
MSTZ,2026-09-15T13:45:05.000Z,2026-09-16T13:30:05.000Z,8.930817610062892,4.340875625528429,4.359106067830189,2.303682680435802,0.041997154187249905,0.4199715420213466,1425,time,5.739035069479659,-3.936432191779915,0.13822096082614976
BBNX,2026-09-15T15:00:05.000Z,2026-09-16T13:30:05.000Z,5.55887627017333,17.683818874719414,18.456105506966498,0.5177503348521646,0.39985166244777837,4.367193747675942,1350,time,10.270299295346085,-0.4174374055874619,0.6678979319592919
DOC,2026-09-15T15:00:05.000Z,2026-09-16T13:35:05.000Z,-0.1718213058419238,20.354153371909934,20.275902787357612,0.49130021813831276,-0.038444529260006195,-0.3844452929214573,1355,time,0.0778545184391577,-1.3469161153530695,-0.02456501090691532
ADNT,2026-09-15T15:40:05.000Z,2026-09-16T13:35:05.000Z,-1.1993603411513898,18.563996140131483,18.505865792028473,0.5370493433374083,-0.031218865276696352,-0.3131348857444766,1315,time,0.4094154043924547,-1.691425368553534,-0.053704934333740795
RYDE,2026-09-16T13:35:05.000Z,2026-09-16T13:40:05.000Z,9.67548076923077,0.736366185,0.6613495130434783,10.8,-0.8101800571304335,-10.187414018274293,5,stop,0,-10.099076589183674,-0.6479999999999997
DTSS,2026-09-16T13:35:05.000Z,2026-09-16T13:40:05.000Z,-1.5000000000000124,0.6355479676644934,0.5948634088691975,15.734453467312964,-0.6401492972027412,-6.4014930210229695,5,stop,0,-6.380001152941894,-0.4437115877782265
DLXY,2026-09-16T13:45:05.000Z,2026-09-16T13:50:05.000Z,107.13253012048192,0.8620727277041491,0.7067584793065219,11.599949375296278,-1.8016374186746666,-18.016374188202924,5,stop,0,-17.99995785940257,-1.1588349425920974
ZTG,2026-09-16T13:45:05.000Z,2026-09-16T14:00:05.000Z,189.74739970282317,1.9603929145757468,1.7096577788012877,5.101018231964429,-1.2790044989795928,-12.790044990992092,15,stop,0,-12.772588225250491,-0.9691934640732409
CETX,2026-09-16T13:35:05.000Z,2026-09-16T14:45:05.000Z,9.543568464730278,2.670734909326386,2.5890548542627805,3.744287670785238,-0.36583371349760996,-3.658337210730562,70,stop,0,-5.269519967516456,-0.5242002739099334
BOSC,2026-09-16T13:35:05.000Z,2026-09-16T16:40:05.000Z,-0.10438413361169019,4.833464207290586,4.736717088719831,2.068908729263845,-0.2001609581421586,-2.0016103238092784,185,rotation_for_stronger_continuation,0,-1.9336898605684993,-0.14482361104846753
MEDS,2026-09-16T16:40:05.000Z,2026-09-16T17:00:05.000Z,388.2716049382716,7.931587420108632,7.288541266761647,0.9380381615466035,-0.603201831475221,-8.10740800406103,20,stop,1.9972367635985533,-8.089016562838868,-0.6847678579290202
ZTG,2026-09-16T16:40:05.000Z,2026-09-16T17:00:05.000Z,148.14264487369982,1.6803381397947268,1.5696838390596346,5.832061475351463,-0.6453426843990862,-6.585240084392176,20,stop,2.360349935883632,-6.566424767827139,-0.6415267622886596
CRDU,2026-09-16T13:35:05.000Z,2026-09-17T13:30:05.000Z,9.156193895870723,6.101224533908183,6.878609185989416,1.6390152407819476,1.2741452927111128,12.74145292901184,1435,time,12.764248582619642,-0.3478733455919425,1.507894021519391
NOK,2026-09-16T13:45:05.000Z,2026-09-17T13:30:05.000Z,4.7256097560975485,10.312062889907105,10.68786126370943,0.9697380734183453,0.36442599100481265,3.6442599101110513,1425,time,3.665000050211087,-3.7050093078955904,0.310316183493871
CORZ,2026-09-16T16:40:05.000Z,2026-09-17T13:30:05.000Z,6.452618453865333,17.093442248123335,17.926283987571395,0.5850196731580279,0.4872288022042677,4.872288023434817,1250,time,4.894027427205372,-3.413251934012229,0.46801573852642164
INT,2026-09-16T13:35:05.000Z,2026-09-17T13:35:05.000Z,9.529481834425258,18.544307381125524,19.494623124122086,0.5392490384991789,0.5124568506815288,5.12456854529815,1440,time,5.153563296988839,-4.714694181651646,0.636313865429031
DQ,2026-09-16T16:40:05.000Z,2026-09-17T13:35:05.000Z,1.7317939609236221,11.492712495842754,11.537267965136945,0.8701165994078127,0.038768453427279886,0.3876845375737631,1255,time,0.41145642662121507,-2.8079750185997288,-0.008701165994077442
TURB,2026-09-17T13:35:05.000Z,2026-09-17T13:40:05.000Z,82.42865137101288,1.6403283748241015,1.4897013679709306,6.096340313941593,-0.918273494247343,-9.18273494289357,5,stop,0,-9.164529318114234,-1.21926806278832
AEMD,2026-09-17T13:35:05.000Z,2026-09-17T13:45:05.000Z,481.8181818181818,8.341668608017688,7.82843332841678,1.1988009197875058,-0.6152669252529658,-6.152669252619384,10,stop,0,-6.133887979269426,-0.2517481931553771
SAFE,2026-09-17T13:35:05.000Z,2026-09-17T14:05:05.000Z,-0.14471780028942893,13.835146066618872,13.536947883659419,0.7227968039962925,-0.2155366936005944,-2.1553670739981485,30,rotation_for_stronger_continuation,0,-2.1333064732218077,-0.16624326491914587
SDST,2026-09-17T13:45:05.000Z,2026-09-17T14:15:05.000Z,65.91478696741856,0.2656533038892713,0.2428510142722726,37.64304773253994,-0.8583476764638811,-8.583476765831248,30,stop,21.925831622635084,-8.565037044958125,-0.06399318114531916
TSHA,2026-09-17T14:15:05.000Z,2026-09-17T15:45:05.000Z,3.2544378698224685,5.251202224507794,5.208712069286624,1.7408684662786473,-0.07396977135181998,-0.8091509982774039,90,rotation_for_stronger_continuation,0,-1.3559223481336757,-0.03481736932557311
DTSS,2026-09-17T13:35:05.000Z,2026-09-17T16:35:05.000Z,80.9878213802436,1.0802161679962112,0.9134170174249273,9.257406337694983,-0.598764937533099,-5.9876493755173765,180,stop,101.81145816803277,-15.42433569618592,-0.4899945174541962
AEMD,2026-09-17T15:45:05.000Z,2026-09-17T16:50:05.000Z,382.16783216783216,6.911384099397351,6.408716947228803,1.3119927012671855,-0.6594956348118963,-7.273031637937452,65,stop,4.75470464203116,-7.254467298975175,-0.5379170075195461
SNAP,2026-09-17T13:35:05.000Z,2026-09-18T13:30:05.000Z,3.321678321678334,5.921185175538083,5.628852421769244,1.6888510835491313,-0.4937064879594058,-4.937064879790284,1435,time,1.6688352336985846,-4.917683992404809,-0.4728783033937578
DAIC,2026-09-17T13:35:05.000Z,2026-09-18T13:30:05.000Z,121.39303482587067,4.460892162090689,4.147963817155808,2.241704044071895,-0.5787163892133457,-5.78716389217552,1435,stop,42.124036395191155,-6.969282170340163,-1.2777713051209787
XPEV,2026-09-17T13:45:05.000Z,2026-09-18T13:30:05.000Z,1.934235976789167,10.552118026132549,10.807679712162784,0.9476770420599693,0.2421899426809921,2.4218994271797505,1425,time,2.4438882623261104,-0.4939105685084044,0.24639603093559082
KXIN,2026-09-17T13:45:05.000Z,2026-09-18T13:30:05.000Z,38.93805309734515,1.5803234673370392,1.5895847148345628,4.959257026602193,0.2356066718385214,3.0062491981404897,1425,time,65.15606165097587,-1.286032116658098,0.24176378004685617
NUWE,2026-09-17T14:05:05.000Z,2026-09-18T13:35:05.000Z,12.87116564417179,0.9243242321231123,0.9654004938766048,10.585530739623199,0.561725054381701,5.7409903734462695,1410,time,54.70761777124282,-4.82776828436201,0.20200670671122012
MIRA,2026-09-17T15:25:05.000Z,2026-09-18T13:35:05.000Z,3.0711506392440358,0.7516454803676241,0.78317481089495,3.704423908493226,0.11679800582421128,4.194707658177512,1330,time,4.224667141861205,-1.961759998930912,0.13928633895934572
NUVB,2026-09-17T16:50:05.000Z,2026-09-18T13:35:05.000Z,5.882352941176472,6.131239402116007,6.168751953857678,1.6309916054051428,0.061182656987990754,0.6118265701503071,1245,time,0.632182097972156,-1.1619086687664093,-0.03261983210810193
STIM,2026-09-17T16:50:05.000Z,2026-09-18T13:35:05.000Z,7.246376811594213,2.970680204828007,2.999275248855657,2.0259585841326126,0.057932374911466855,0.9625756411335171,1245,time,0.9869724490822573,-1.706013482893276,0.1012979292066305
ESLA,2026-09-18T13:35:05.000Z,2026-09-18T14:25:05.000Z,9.980988593155882,0.5876237772260662,0.5511663313977754,17.017690056631018,-0.624748829826119,-6.247488728875606,50,stop,0,-6.18146825125695,-0.41352986837613415
GSUI,2026-09-18T13:35:05.000Z,2026-09-18T14:25:05.000Z,9.698681732580038,11.682452417102324,11.647286453030459,0.8559846530542652,-0.03010152555537422,-0.30101525618357766,50,rotation_for_stronger_continuation,0.4070000133539642,-0.9625754343985271,-0.034239386122170146
TRUG,2026-09-18T14:25:05.000Z,2026-09-18T14:40:05.000Z,67.43095362167799,0.6445292847180754,0.5882819681763847,15.468495674030706,-0.8700613726009782,-8.72688299435361,15,stop,2.1520690542388365,-8.70857012224463,-1.418461053308615
IMCC,2026-09-18T14:25:05.000Z,2026-09-18T14:45:05.000Z,310.91954022988506,7.171434534758768,6.778643049564159,1.394421151219111,-0.5477167549741307,-5.477167549823022,20,stop,5.976007494233482,-5.458245945933804,-1.5478074778532136
QNME,2026-09-18T14:40:05.000Z,2026-09-18T14:45:05.000Z,144.80027548209367,0.7130426478817457,0.5626872959527591,12.761981499931954,-1.9188322197334842,-21.086445863462874,5,stop,0,-21.07063978965009,-1.2761981499931965
MRNO,2026-09-18T14:55:05.000Z,2026-09-18T15:00:05.000Z,62.755798090040926,0.35967211204001726,0.3051387798475138,27.803100835954396,-1.5161957338687715,-15.161957340311124,5,stop,0,-15.14493623958163,-0.8924795368341361
ARRY,2026-09-18T13:35:05.000Z,2026-09-18T15:05:05.000Z,-2.948113207547165,4.120867139004637,3.909216360559578,2.4266737171201846,-0.5136073812606514,-5.136073823922928,90,stop,0,-5.1170574515433165,-0.48533474342403693
TNMG,2026-09-18T14:55:05.000Z,2026-09-18T15:05:05.000Z,55.390334572490694,4.190847081709001,3.799237268083052,1.6200555073268688,-0.6344296352879676,-9.3444071327521,10,stop,0,-9.326207186486425,-0.46981609712479244
NCPL,2026-09-18T15:00:05.000Z,2026-09-18T15:05:05.000Z,75.13763097140827,0.9909982486171829,0.9127172507997906,8.560867064822059,-0.670153216016321,-7.899206474544618,5,stop,0,-7.880765553941127,-0.4057850988725651
TGL,2026-09-18T13:35:05.000Z,2026-09-18T15:45:05.000Z,9.954751131221705,2.4606103418493332,2.297415619485137,4.064032289303039,-0.6632286211319386,-6.632286290463334,130,stop,0,-6.527256230607515,-0.5283241976093969
GIPR,2026-09-18T14:25:05.000Z,2026-09-18T17:35:05.000Z,150.28441410693972,1.1102222352787408,1.0497894733532032,3.879453925427894,-0.18014457206301232,-4.182545378956366,190,stop,45.01601110482005,-5.424340583813015,-0.14838911264761823
XRPC,2026-09-18T13:35:05.000Z,2026-09-21T13:30:05.000Z,2.8425655976676234,14.14407763960182,15.736811837114567,0.707009675710216,1.1260784884760588,11.260785171691024,4315,time,11.28332579234279,-0.09953027663255343,1.1665659649218565
MG,2026-09-18T13:35:05.000Z,2026-09-21T13:30:05.000Z,4.73790322580645,20.804170951666233,20.74575846217425,0.48067284306484137,-0.028077297394606036,-0.28077297397569895,4315,time,1.2777680444530093,-0.4045869064515317,-0.11536148233555998
ENRD,2026-09-21T13:30:05.000Z,2026-09-21T13:35:05.000Z,5.597964376590325,4.171075653104148,3.889206428874418,1.8845465100455496,-0.5311956628113839,-6.75771066439326,5,stop,0,-6.738685089419771,-0.6030548832145755
LGHL,2026-09-21T13:30:05.000Z,2026-09-21T13:40:05.000Z,2.9113924050632844,8.172340012459067,7.7381998442133755,1.2236397087367497,-0.5312311490230812,-5.3123116216876305,10,stop,0.9502784688661725,-5.29028420011829,-0.6485290456304753
MARA,2026-09-21T13:30:05.000Z,2026-09-21T13:45:05.000Z,5.211480362537757,13.95280454972637,13.667264984974175,0.7167017901142799,-0.20464671720635066,-2.0464671724925365,15,rotation_for_stronger_continuation,0,-2.098535449864891,-0.04300210740685628
SCNI,2026-09-21T13:30:05.000Z,2026-09-21T14:00:05.000Z,9.615384615384603,1.7204094294507344,1.6296657958428964,5.812569809419896,-0.5274537051059798,-5.274537098811949,30,stop,4.0450005305704195,-5.2551112486984515,-0.17437709428259573
SDST,2026-09-21T13:30:05.000Z,2026-09-21T14:15:05.000Z,2.400000000000002,0.12833061844525784,0.12107350028449336,77.92372567777728,-0.5655016847706268,-5.655016899852435,45,stop,1.3787680416244008,-5.634367334045232,-0.5532584523122193
USAR,2026-09-21T13:35:05.000Z,2026-09-21T14:25:05.000Z,8.230318802862712,16.653330650665467,16.54668136158315,0.4401155945048702,-0.046938015267985404,-0.6404081641053263,50,rotation_for_stronger_continuation,0.6405286220043438,-1.7013452540446838,-0.030808091615340594
BTTC,2026-09-21T14:25:05.000Z,2026-09-21T15:45:05.000Z,108.986301369863,0.7646529312385261,0.7262541650608686,9.523867818911087,-0.3657047734852835,-5.021724838674469,80,stop,21.453794533392177,-5.002652795244877,-1.2666744199151747
VEEE,2026-09-21T13:30:05.000Z,2026-09-22T13:30:05.000Z,67.83216783216784,14.422892273745997,17.116382854670164,0.6933422096656999,1.9013077313780906,19.013077315968548,1440,time,43.45250319633895,0,1.2254823555841252
BB,2026-09-21T13:40:05.000Z,2026-09-22T13:30:05.000Z,2.3153942428035146,8.181642880696192,9.118166696113294,1.1977121872524488,1.1216859873772258,11.446647440781618,1430,time,11.469054968382597,-0.2645297651313494,1.1138723341447783
GLND,2026-09-21T13:45:05.000Z,2026-09-22T13:30:05.000Z,135.41666666666669,2.8305663270455965,2.919411948598267,3.4605630641942158,0.30745587636054833,3.1387931349202085,1425,time,16.93772968234284,-4.259441861284263,0.9343520273324373
GRML,2026-09-21T14:00:05.000Z,2026-09-22T13:30:05.000Z,135.96491228070175,6.731346584876712,13.61727228496196,1.4072290120530109,9.437176102535501,99.62660407113718,1410,time,102.33692959147275,0,12.251687586186527
VICI,2026-09-21T15:50:05.000Z,2026-09-22T13:30:05.000Z,1.3279932546374384,24.054829233848945,24.075063956628192,0.31685866744651714,0.006411547295981744,0.08411917034427785,1300,time,0.10463913880391917,-0.5189362711138679,0.012674346697860273
YSG,2026-09-21T14:20:05.000Z,2026-09-22T13:40:05.000Z,1.6064257028112205,2.5510994019665993,2.6783428236923172,3.698208417879216,0.47057269334580504,4.987787681955007,1400,time,5.052746981714384,-1.2190588082387266,0.5917133468606757
SOFA,2026-09-22T13:40:05.000Z,2026-09-22T13:50:05.000Z,8.794788273615639,13.433119174953278,12.417365121982726,0.7444287357882254,-0.756156505524634,-7.5615651118801654,10,stop,0,-7.541950322619706,-0.5062115403359932
SOFX,2026-09-22T13:40:05.000Z,2026-09-22T13:50:05.000Z,8.672987525911013,8.88178447344808,8.318328882281524,1.1258998715829736,-0.6343945777371348,-6.343945778587583,10,stop,0,-6.325130666337642,-0.48413694478067804
OPEX,2026-09-22T13:40:05.000Z,2026-09-22T14:00:05.000Z,9.445585215605746,5.372194618161993,5.058301493535716,1.861436499996141,-0.5842921192771905,-5.842921690980562,20,stop,0,-5.8113050690037245,-0.5398165849988814
DCOY,2026-09-22T13:55:05.000Z,2026-09-22T14:00:05.000Z,158.984375,6.641328910863217,5.858827626319627,1.505722745242826,-1.1782299823190125,-11.782299823513538,5,stop,0,-11.764647126348427,-0.34631623140585077
LHSW,2026-09-22T13:55:05.000Z,2026-09-22T14:00:05.000Z,137.87528868360278,1.0402081798183753,0.9739049088687441,8.276659432143548,-0.5487695928872341,-6.374038604580863,5,stop,0,-6.3552835962045755,-0.413832971607178
ZEO,2026-09-22T14:00:05.000Z,2026-09-22T14:05:05.000Z,91.53574863738373,0.5991198256145546,0.5424913902708394,16.691151873762234,-0.9451938146954755,-9.451938147035593,5,stop,0,-9.433809932191561,-0.1936173617356438
GRMLW,2026-09-22T14:00:05.000Z,2026-09-22T14:05:05.000Z,62.40977234869516,0.2975167991107871,0.2765151908547138,21.16906973254165,-0.4445845096683377,-7.0589655168523295,5,stop,0,-7.030459850772408,-0.5503958130460829
CWD,2026-09-22T14:05:05.000Z,2026-09-22T14:10:05.000Z,90.75144508670519,0.9937987932052176,0.9079183090489654,10.062399017008707,-0.8641636993541035,-8.641636993668394,5,stop,0,-8.623354525197225,-2.6041488656018537
OPENZ,2026-09-22T14:05:05.000Z,2026-09-22T14:25:05.000Z,60.614525139664806,0.11632752848089893,0.10167826952355095,42.194465869596776,-0.6181176570907041,-12.59311458659022,20,stop,0.2342278931386499,-12.57443416181646,-0.43038355186988664
QNME,2026-09-22T14:00:05.000Z,2026-09-22T15:20:05.000Z,62.601626016260184,1.0502106675030407,0.7946407484604427,9.521899089542266,-2.4335109794461043,-24.335109797564307,80,stop,6.645269816473021,-24.319946026667193,-2.3804747723855675
SKIL,2026-09-22T13:40:05.000Z,2026-09-22T17:25:05.000Z,9.17508417508417,6.54306773771259,6.128481228346846,1.5283348941148491,-0.6336270288929395,-6.33627108850138,225,stop,0,-6.313059168435197,-0.6877507023516838
VTGN,2026-09-22T13:40:05.000Z,2026-09-23T13:30:05.000Z,9.570815450643755,0.2570524496325081,0.38802039163617946,38.90256640605018,5.094992826704783,50.94992830950687,1430,time,50.9808603477004,-3.4827326661569957,3.9680617734171175
OMER,2026-09-22T13:40:05.000Z,2026-09-23T13:30:05.000Z,9.464575446187151,20.274063564165154,20.383407703848473,0.4932410302160393,0.05393301610548689,0.5393301611058741,1430,time,4.419126106610594,-1.993007286804327,0.2466205151080203
VRDN,2026-09-22T13:45:05.000Z,2026-09-23T13:30:05.000Z,2.5718257645968468,22.16447136328298,22.095340705968603,0.3759406683311827,-0.02598902551294138,-0.3118985162393642,1425,time,0.25052993959064906,-2.8174430738621803,-0.12030101386597991
ZONE,2026-09-23T13:30:05.000Z,2026-09-23T13:35:05.000Z,13.308823529411761,0.1552406035803102,0.13927137864326528,64.41613603779544,-1.0286757659628407,-10.286757825431673,5,stop,0,-10.268321053044394,-0.48312102028346615
IPDN,2026-09-23T13:30:05.000Z,2026-09-23T13:40:05.000Z,76.41025641025642,6.901386054105283,6.148768094436493,1.4489842938563553,-1.0905316028342933,-10.905316030264622,10,stop,0,-10.88746591213111,-0.1883679582013258
LGHL,2026-09-23T13:30:05.000Z,2026-09-23T13:45:05.000Z,1.675257731958757,7.932433197649869,7.188320934751515,1.2606471965276802,-0.9380630381246782,-9.380630688687187,15,stop,0,-9.359463599010564,-0.7689947898818836
HAO,2026-09-23T13:35:05.000Z,2026-09-23T13:50:05.000Z,8.771929824561386,3.150702510663282,3.1091901991164264,3.173895318529358,-0.13175573127989804,-1.317557319561622,15,rotation_for_stronger_continuation,1.2472611807594847,-1.2918550870965495,-0.6347790637058708
MSS,2026-09-23T13:30:05.000Z,2026-09-23T14:15:05.000Z,31.410256410256387,2.0604144096184096,1.919615419820779,4.85339257528264,-0.683352771691116,-6.833527718518847,45,stop,16.966761091829774,-6.814862532650146,-0.09706785150565267
ONDS,2026-09-23T13:30:05.000Z,2026-09-23T14:20:05.000Z,0.38860103626943143,7.761561350206076,7.588480084464836,1.288400560965818,-0.22299799987368793,-2.2299799992773996,50,rotation_for_stronger_continuation,2.0413244532263786,-2.4680775112470132,-0.03865201682897457
VTGN,2026-09-23T13:50:05.000Z,2026-09-23T15:05:05.000Z,66.10978520286397,0.41818374529562125,0.3955207699663169,23.59786743784153,-0.44903673062560523,-4.55032023888017,75,stop,29.368969044351047,-5.400435944648308,-0.9902845070290205
WHLR,2026-09-23T15:25:05.000Z,2026-09-23T15:30:05.000Z,258.28877005347596,6.711346515561297,6.078781629552045,1.4019640145417356,-0.8868332070476652,-9.425305108930845,5,stop,0,-9.40715121916924,-1.247747972942145
GLNDW,2026-09-23T13:45:05.000Z,2026-09-23T18:25:05.000Z,9.999999999999986,0.8463752474982504,0.7868157472632016,10.706759780779862,-0.6376892616799699,-7.037008751271637,280,stop,5.82776406180896,-6.991608943333705,-0.23769006713331287
BBNX,2026-09-23T15:30:05.000Z,2026-09-23T18:40:05.000Z,1.1179307321350418,23.106303458859145,21.915586191511622,0.3847905963753878,-0.45817680741712546,-5.153214011352354,190,stop,0,-5.134111827845422,-0.40018222023040195
EDBL,2026-09-23T18:25:05.000Z,2026-09-23T19:05:05.000Z,-1.5748031496062964,1.2602750321836074,1.21963573419947,6.684451509172733,-0.32158781112895335,-3.8174070408575242,40,stop,0,-5.576166343773858,-0.22053354527518287
VSA,2026-09-23T19:00:05.000Z,2026-09-23T19:10:05.000Z,123.48484848484853,4.45089070412806,4.159165505406429,2.2467413073991387,-0.6554310543771101,-6.5543105439786435,10,stop,0,-6.535561609236284,-0.5392179137757935
WHLR,2026-09-23T19:05:05.000Z,2026-09-23T19:10:05.000Z,197.8609625668449,5.59111987731624,5.298934801400296,1.1689198563368954,-0.3415409369634498,-5.2258775044579036,5,stop,0,-5.2068258900572655,-0.24547316983074818
BFRG,2026-09-23T19:15:05.000Z,2026-09-23T19:40:05.000Z,64.7,0.9900981521728041,0.9257140847052219,5.593989891655434,-0.36016382259731616,-6.50279644763392,25,stop,1.0000874969280593,-6.48401898659432,-0.3915792924158801
RUN,2026-09-23T13:30:05.000Z,2026-09-24T13:30:05.000Z,-1.7064846416382062,8.671958567417681,8.198132916314142,1.1531420340350165,-0.5463882750915008,-5.463882782879043,1440,stop,0.09272913978777275,-5.442352655960859,-0.6572909593999601
JDST,2026-09-23T13:35:05.000Z,2026-09-24T13:30:05.000Z,8.29244357212955,22.114429284963,22.965322852848335,0.1259695636867907,0.10718669149041242,3.8476849523035748,1435,time,3.8688347052155514,-0.33656434902260557,0.09573686840196105
SOFI,2026-09-23T14:15:05.000Z,2026-09-24T13:30:05.000Z,-1.3694638694638717,16.933387380369126,16.48666008718873,0.5690382162973998,-0.2542049020827374,-2.638144885873724,1395,time,0.039050778691462895,-2.6184210542726127,-0.25606719733383265
BENF,2026-09-23T14:20:05.000Z,2026-09-24T13:30:05.000Z,186.08582574772436,1.5503101643497958,1.8796162158349026,6.306481259350247,2.1618853607533404,22.11194557669608,1390,time,95.44476129205988,0,1.1698522736094734
ARTL,2026-09-23T19:15:05.000Z,2026-09-24T13:30:05.000Z,73.97590361445782,7.241457556843315,4.838817502654008,1.3809374589087944,-3.3178956511046698,-33.178956519862034,1095,stop,1.2227157649085552,-33.1626269710563,-2.734256168639414
AIXC,2026-09-23T13:40:05.000Z,2026-09-24T13:35:05.000Z,9.929078014184412,1.5704371607865406,1.6986669363263998,5.673240816941461,0.6980599602135709,7.83503509372173,1435,time,8.250112927063501,-3.8484291059612485,0.6040564898635594
ATYR,2026-09-24T13:30:05.000Z,2026-09-24T13:35:05.000Z,8.155650319829434,0.4068855045158766,0.36562640966588045,24.57693839570028,-1.0140222323907095,-10.140222345617182,5,stop,0,-10.122136094496703,-0.24576938395700232
CBRZ,2026-09-24T13:30:05.000Z,2026-09-24T13:35:05.000Z,7.568238213399514,8.711892729413783,8.178309870621057,0.7482824169872828,-0.39927067124040555,-6.124763875836096,5,stop,0,-6.105363621133275,-0.21700190092631289
KYTX,2026-09-24T13:35:05.000Z,2026-09-24T13:40:05.000Z,9.54738330975955,7.761565548871075,7.368521319551354,1.2883998638564291,-0.5063981315450838,-5.06398131723425,5,stop,0,-5.044930000340308,-0.6699679292053435
HUHU,2026-09-24T13:35:05.000Z,2026-09-24T14:00:05.000Z,9.32203389830506,6.511348906786645,6.028739071694741,0.46748269086499333,-0.22561174434667403,-7.4118257522475846,25,stop,0,-7.392460666405764,-0.3225630566968456
LU,2026-09-24T13:30:05.000Z,2026-09-24T14:10:05.000Z,9.016393442622949,1.3503909717387725,1.349688065836862,7.4052625867760735,-0.005205202777442493,-0.052052029124980845,40,rotation_for_stronger_continuation,0,-4.4721101519964,0.2962105034710447
GLND,2026-09-24T14:10:05.000Z,2026-09-24T14:30:05.000Z,61.512027491408936,4.710942127189993,4.369125844434075,0.9903547509384416,-0.33851937957544104,-7.25579456353471,20,stop,0,-7.237238709051175,-0.19807095018768894
APUS,2026-09-24T14:10:05.000Z,2026-09-24T14:35:05.000Z,159.38864628820957,5.951190961442181,5.328933119209931,1.6803359301468763,-1.0456022101185167,-10.456022101523283,25,stop,2.6685253352941363,-10.438094920275343,-1.0082015580881265
ATCH,2026-09-24T14:10:05.000Z,2026-09-24T14:50:05.000Z,11.501272264631023,0.21964497222265367,0.19945987459843065,45.504317384728296,-0.9185090887343693,-9.189874650880432,40,stop,0.4348052075502151,-9.171606351286176,-0.7053169194632876
KRG,2026-09-24T14:50:05.000Z,2026-09-24T15:05:05.000Z,-0.3037667071688954,24.63502319831549,24.595013278991246,0.3684301556775495,-0.014740860805277667,-0.1624107231487426,15,rotation_for_stronger_continuation,0,-0.18276093329828713,-0.00736860311354981
APUS,2026-09-24T15:05:05.000Z,2026-09-24T18:05:05.000Z,137.99126637554588,5.461096434520448,5.088978741644478,1.659290343202255,-0.6174512943237984,-6.813974031364012,180,stop,15.910789635339096,-6.7952734211886305,-0.4646012960966317
GLND,2026-09-24T18:05:05.000Z,2026-09-24T18:30:05.000Z,57.56013745704467,4.590919830354744,4.359127041667857,1.8393031452528572,-0.426337205278722,-5.048940021873048,25,stop,0,-5.029925132386815,-0.27589547178792984
PMAX,2026-09-24T13:30:05.000Z,2026-09-25T13:30:05.000Z,9.469074986316372,1.0110262443231746,1.2897047888142887,9.890931878096739,3.834323162071926,38.3432634089391,1440,time,172.00085214810335,-4.987629609647981,4.06517300189776
TSSI,2026-09-24T13:30:05.000Z,2026-09-25T13:30:05.000Z,8.081896551724155,10.062992100621535,10.1879398671696,0.9937401928072648,0.12416561762031095,1.241656212175178,1440,time,3.6471051125618548,-3.8059465494152622,0.1391236269930154
GRML,2026-09-24T13:35:05.000Z,2026-09-25T13:30:05.000Z,9.606791778373559,12.282458020810175,16.526647170011643,0.814169279693663,3.434121705343543,34.34121705456638,1435,time,34.58218193779465,0,3.049878121732462
UNG,2026-09-24T14:35:05.000Z,2026-09-25T13:30:05.000Z,0.22999080036798514,10.902183209836092,11.027765695278571,0.9172474730004683,0.11519021742523172,1.151902174320246,1375,time,6.767605863550696,-0.5703739208857694,0.14675959568007535
PENN,2026-09-24T14:35:05.000Z,2026-09-25T13:35:05.000Z,-2.859897172236503,15.13302881308326,15.576867324506074,0.2376525463033588,0.1054793523871239,2.93291261719592,1380,time,2.9536135326083013,-1.2755464584616294,0.08317839120617565
ARCT,2026-09-24T18:30:05.000Z,2026-09-25T13:35:05.000Z,5.338345864661642,14.032831538862801,14.35687967415085,0.5713569676812318,0.18514715996093703,2.3092141767014254,1145,time,2.3314500728604193,-0.16270086902683278,0.14283924192030817
INLF,2026-09-25T13:35:05.000Z,2026-09-25T13:55:05.000Z,89.4915254237288,5.611122212036155,5.198958558784027,1.2018965178356262,-0.4953780596221426,-7.345476317874786,20,stop,2.296827320698802,-7.326916016091678,-0.588929293739457
FRVO,2026-09-25T13:35:05.000Z,2026-09-25T13:55:05.000Z,3.470975463794135,17.31347308425055,16.646648680526763,0.5775848641144177,-0.38514768261298105,-3.85147682662454,20,rotation_for_stronger_continuation,0,-3.889878599015373,-0.4100852535212347
JAGX,2026-09-25T13:55:05.000Z,2026-09-25T14:45:05.000Z,43.20113314447591,10.132026543608255,9.3881206611321,0.9489564871153949,-0.7059343129790491,-7.342123308445574,50,stop,14.685842461895504,-7.323574809191147,-1.281091257605782
MGLD,2026-09-25T13:35:05.000Z,2026-09-25T15:00:05.000Z,93.01930193019301,1.940395238606353,1.9195810801407733,5.153589224215012,-0.107267622779315,-1.0726762286084035,85,rotation_for_stronger_continuation,0,-1.0510868198687962,-0.05153589224214983
MGN,2026-09-25T13:35:05.000Z,2026-09-25T15:45:05.000Z,8.92388451443571,4.20153419082605,3.969015343647221,2.3800828321716327,-0.5534141163266696,-5.534141497325621,130,stop,4.009626044262382,-5.510705859102583,-0.9520331328686531
YMAT,2026-09-25T13:35:05.000Z,2026-09-25T16:10:05.000Z,9.090909090909104,1.5807151802894401,1.489562725295818,6.326249650368595,-0.5766531865336417,-5.766532524659603,155,stop,5.01575620321697,-5.73886943205224,-0.31631248251843047
GEN,2026-09-25T13:55:05.000Z,2026-09-25T19:35:05.000Z,-2.015604681404426,22.62452731284325,21.485700214097612,0.2761874359467811,-0.314529736389269,-5.033595102334621,340,stop,0.15678863326622494,-5.014590126703833,-0.30932992826039385
PLUG,2026-09-25T14:50:05.000Z,2026-09-28T13:30:05.000Z,1.2755102040816313,1.990398638260801,1.939603864050306,4.475946592547338,-0.22735469654667673,-2.5519900000976308,4240,time,1.4872076964976388,-2.532087657819093,-0.26855679555283984
AIFF,2026-09-25T15:00:05.000Z,2026-09-28T13:30:05.000Z,35.714285714285744,1.6203253248853546,1.7395838923649256,6.105398845919006,0.7754388891052696,7.838470305423682,4230,time,26.517802845860384,-4.340197848251892,0.7128053152610434
CMCSA,2026-09-25T15:45:05.000Z,2026-09-28T13:30:05.000Z,-2.1915951197469474,21.664346619357882,21.80561715001226,0.43604293479798945,0.06160001678700422,0.6520876587533335,4185,time,1.0877474626054484,-0.25085741247014015,0.04796472282777842
AAL,2026-09-25T19:40:05.000Z,2026-09-28T13:30:05.000Z,3.8951310861423227,13.882778180059718,13.567258515188854,0.427442486697377,-0.13486651015432524,-2.272741527513962,3950,time,0,-2.2529941485989524,-0.1752514195459245
TSUI,2026-09-25T13:35:05.000Z,2026-09-28T13:35:05.000Z,9.249394673123511,22.61692511003839,23.724630951181297,0.4421467385984539,0.48976852498779283,4.897685409283408,4320,time,4.921424484301706,-3.2582904459957374,0.3404529887208092
TELA,2026-09-25T16:30:05.000Z,2026-09-28T13:35:05.000Z,1.5748031496062964,1.3013914016582666,1.2393109978605106,7.240970612907106,-0.44952237953695817,-4.770309971208629,4145,time,0,-4.717366472533946,
CRMT,2026-09-28T13:35:05.000Z,2026-09-28T13:40:05.000Z,8.962264150943366,1.1705610682429264,1.0886121793154688,8.542910687035459,-0.7000820390090589,-7.0008213283965715,5,stop,0,-6.88226103093047,-0.6834328549628346
LOBO,2026-09-28T13:35:05.000Z,2026-09-28T13:45:05.000Z,5.822468297910355,0.5986900803484188,0.5657359683614375,16.70313231310103,-0.5504368927792971,-5.504369133325715,10,stop,0,-5.47697071067822,-0.23384385238341565
SOAR,2026-09-28T13:35:05.000Z,2026-09-28T13:50:05.000Z,95.15320334261838,0.35117024178759115,0.31883619308077343,11.73427405105938,-0.3794165887061013,-9.20751386627324,15,stop,13.022105170309084,-9.189344069509776,-0.12907701456165332
NASA,2026-09-28T13:35:05.000Z,2026-09-28T13:50:05.000Z,-0.4686226568867191,24.455181994188045,24.31503914839763,0.4089112882934339,-0.05730599161726647,-0.5730599176228603,15,rotation_for_stronger_continuation,0,-0.5527744353739483,0.004089112882935453
AMPU,2026-09-28T13:45:05.000Z,2026-09-28T14:00:05.000Z,9.952606635071092,2.3604934756938265,2.229485032375713,4.003214927224381,-0.5244549558835006,-5.5500447117146,15,stop,0,-5.528228611412289,-0.2802250449057073
CSAI,2026-09-28T13:35:05.000Z,2026-09-28T14:15:05.000Z,9.206798866855536,3.8811870584367925,3.2693353351175563,2.576531232681091,-1.5764550749017614,-15.76455125988359,40,stop,15.170949833074033,-15.747425961039795,-1.6747453012427105
JDST,2026-09-28T13:40:05.000Z,2026-09-28T14:20:05.000Z,9.960159362549792,24.89500023562441,24.564975998709265,0.37356563691794853,-0.12328571426156548,-1.3256647270196977,40,rotation_for_stronger_continuation,0,-2.1891955431457277,-0.08965575286030791
NAMI,2026-09-28T13:50:05.000Z,2026-09-28T14:40:05.000Z,40.56603773584906,2.250450436871061,2.0395850872028825,4.418090628389544,-0.9316222252210636,-9.36991751577331,50,stop,0,-9.35148063796788,-1.4137890010846537
SOAR,2026-09-28T14:20:05.000Z,2026-09-28T15:40:05.000Z,114.15041782729803,0.3851770789393843,0.3649267900776747,23.824447026246016,-0.4824519342519801,-5.2573971736507215,80,stop,16.3101400617097,-5.238390351508848,-1.2198116877437961
SHMD,2026-09-28T13:50:05.000Z,2026-09-28T15:45:05.000Z,8.924485125858105,4.770967238083207,4.529089196672512,0.7841829751028062,-0.18967664212547866,-5.069790450036134,115,stop,5.010153077739998,-5.050699911744061,-0.2038875735267296
