symbol,opened_at,closed_at,entry_day_change_pct,entry_price,exit_price,quantity,realized_pnl,return_pct,minutes_held,exit_reason,mfe_pct,mae_pct,nbbo_pnl
NRXS,2026-08-03T13:30:05.000Z,2026-08-03T13:45:05.000Z,9.599999999999987,6.882371672658433,6.328178600820871,1.4529874259695381,-0.805235564939411,-8.052356051028204,15,stop,0,-8.025891348658742,-0.5811949703878163
MUZ,2026-08-03T13:30:05.000Z,2026-08-03T14:40:05.000Z,9.010989010989,14.913008942929645,13.70724906125958,0.6705554884747162,-0.8085289064364868,-8.085289067312765,70,stop,1.9244342853185215,-8.06684249659757,-0.9253665740951078
RUBI,2026-08-03T13:30:05.000Z,2026-08-03T14:45:05.000Z,9.4170403587444,2.461267997404479,2.2595189053947475,4.062945760037498,-0.819695617972353,-8.196957512245115,75,stop,8.074374785886507,-8.177410896201698,-1.0563658976097479
PUSA,2026-08-03T14:05:05.000Z,2026-08-03T14:50:05.000Z,-1.3245033112582627,2.990614497170544,2.719312089861547,3.3437943934679866,-0.9071794684941927,-9.07179469522667,45,stop,0,-9.048792394558891,-0.7356347665629581
SGLY,2026-08-03T14:10:05.000Z,2026-08-03T14:55:05.000Z,8.604206500956014,5.711168327033659,5.2189069341515735,1.7509552193083153,-0.8619276551308682,-8.619276559438449,45,stop,2.4308804261500283,-8.600137465896896,-1.891031636852981
SDST,2026-08-03T13:30:05.000Z,2026-08-03T15:15:05.000Z,9.425925925925904,0.5999364441734361,0.7798433367283428,16.668431016851954,2.9987658973131204,29.987661269585185,105,take_profit,30.013771887895047,-5.923368136502605,3.780400154622024
NNVC,2026-08-03T13:30:05.000Z,2026-08-03T18:05:05.000Z,9.210526315789469,1.6904276794928073,1.5494386492026089,5.91566263795381,-0.8340435388490646,-8.340435500470536,275,stop,0,-8.307227880635558,-0.5324096374158422
TOPS,2026-08-03T13:30:05.000Z,2026-08-03T19:50:05.000Z,9.206349206349195,0.6957596931021042,0.7143431120030277,14.37277846252948,0.2670953629393568,2.670953647525592,380,session_close,9.69304597068672,-7.511169965753539,0.6022194175799864
OWL,2026-08-03T13:45:05.000Z,2026-08-03T19:50:05.000Z,3.592233009708723,10.682137359295515,11.21775531789859,0.9361422403956839,0.5014145957628449,5.01414595775614,365,session_close,5.784073167406212,0,0.47743254260179846
INFQ,2026-08-03T13:45:05.000Z,2026-08-03T19:50:05.000Z,2.1363173957273496,10.052017891075415,10.95777120436212,0.9948251293207693,0.9010661570231605,9.010661571651877,365,session_close,9.03283419074221,0,0.9251873702683167
QUBT,2026-08-03T13:45:05.000Z,2026-08-03T19:50:05.000Z,1.4814814814814836,8.231655649078018,8.688237693481764,1.2148224396099363,0.5546661130646505,5.546661131954479,365,session_close,6.053999002956334,-0.14159544051532968,0.5709665466166705
KIDZ,2026-08-03T13:45:05.000Z,2026-08-03T19:50:05.000Z,-0.2730026552312803,0.5631184003210545,0.547938534123117,17.758254698543855,-0.2695679302327914,-2.6956793081673305,365,session_close,8.893618047357732,-5.881249893836271,-0.24328808937005242
RGTI,2026-08-03T13:45:05.000Z,2026-08-03T19:50:05.000Z,0.936454849498336,15.10302296163279,16.086775376833145,0.6621191019182774,0.6513612656623954,6.513612656879662,365,session_close,7.726777886332803,0,0.6422555288607281
BXMT,2026-08-03T13:45:05.000Z,2026-08-03T19:50:05.000Z,-0.4126547455295615,14.492927063896355,14.597056837396675,0.6899917423071985,0.07184868384353985,0.7184868387264577,365,session_close,1.63578368302304,-0.15819484770241976,0.07589909165379005
QYLD,2026-08-03T14:05:05.000Z,2026-08-03T19:50:05.000Z,0.42289258528336315,17.823584214292477,17.89637536500707,0.5610543803922452,0.04083979396221468,0.40839793971530775,345,session_close,0.4848395511730219,-0.13232026739922187,0.05610543803922674
NWL,2026-08-03T14:05:05.000Z,2026-08-03T19:50:05.000Z,12.767857142857132,6.321266887591218,6.468703402527094,1.5819613658006615,0.2332388705368481,2.332388705582058,345,session_close,4.567646288998994,-4.607729633485036,0.1581961365800666
PBI,2026-08-03T14:10:05.000Z,2026-08-03T19:50:05.000Z,1.93953223046206,17.893647779183443,18.16635700198356,0.5588575407012332,0.152405605580618,1.5240560570180268,340,session_close,2.215044275531408,-0.35570041373838013,0.11736008354725946
OLN,2026-08-03T14:10:05.000Z,2026-08-03T19:50:05.000Z,-0.4321988114532771,18.443716169686482,18.506289422274843,0.5421900827859021,0.03392659700106679,0.33926597011509413,340,session_close,2.4197066697817515,-0.5081197781633073,0.010843801655719076
PYXS,2026-08-03T14:25:05.000Z,2026-08-03T19:50:05.000Z,7.735849056603783,2.8711471653501976,2.979163964713211,3.482928121061315,0.3762147480484767,3.7621477807403956,325,session_close,3.7912662911699035,-0.0399549477658967,0.31346353089551826
PTEN,2026-08-03T14:25:05.000Z,2026-08-03T19:50:05.000Z,-2.0992366412213803,10.272068912573657,10.207924470196131,0.9735137178484823,-0.06244549457826257,-0.624454945965254,325,session_close,0.7586698267858294,-1.285708981293876,-0.06814596024939412
AM,2026-08-03T14:25:05.000Z,2026-08-03T19:50:05.000Z,0.1365498406918686,22.024413053531845,22.015574084181743,0.45404161168202245,-0.004013259889328049,-0.04013259889658672,325,session_close,0.16157954530573448,-1.2005452898525393,0.01816166446728218
AZTR,2026-08-03T14:25:05.000Z,2026-08-03T19:55:05.000Z,5.651846269781435,0.14154036801992617,0.1346344369504579,70.65122054317742,-0.4879124590449837,-4.879124709140254,330,session_close,0.88994538992333,-5.6806182804288285,-0.5864051305083713
RAIN,2026-08-04T13:30:05.000Z,2026-08-04T14:05:05.000Z,-2.5316455696202556,1.550319622284352,1.2797409367785724,6.450282795535162,-1.74530903995645,-17.45309042190214,35,stop,0,-17.436380111479444,-1.2255537311516793
BANL,2026-08-04T14:05:05.000Z,2026-08-04T14:30:05.000Z,1.103752759381904,4.661181686930524,4.238913624589934,2.1453786906001233,-0.9059249026665069,-9.059249149729279,25,stop,0,-9.035942282865184,-0.9439666238640552
IQMX,2026-08-04T13:30:05.000Z,2026-08-04T15:55:05.000Z,1.6000000000000014,10.192287196308548,9.347401936245811,0.9811340430774312,-0.8289456911418803,-8.289456956910893,145,stop,0,-8.263966468817808,-0.8535866174773652
F,2026-08-04T13:30:05.000Z,2026-08-04T19:50:05.000Z,0.485100485100487,14.522914204949755,14.24714724791035,0.6885670367164646,-0.1898840364329397,-1.8988403645971899,380,session_close,0,-3.5317581424184286,-0.02065701110149476
SNAP,2026-08-04T13:30:05.000Z,2026-08-04T19:50:05.000Z,5.753968253968256,5.341082810056099,5.748849306902432,1.872279526456609,0.7634528636203236,7.634528640495851,380,session_close,8.592212595540726,0,0.617852243730681
MBGL,2026-08-04T13:30:05.000Z,2026-08-04T19:50:05.000Z,-2.0657276995305174,20.94507117833199,21.085763961313845,0.4774392893075334,0.06717226231755585,0.6717226300352891,380,session_close,1.4558500139329356,-0.6926268098915167,-0.042969536037677614
VTGN,2026-08-04T13:30:05.000Z,2026-08-04T19:50:05.000Z,7.755102040816331,0.2658651526458658,0.29823607008376246,37.61305229326828,1.2175690103726773,12.175690238357394,380,session_close,17.27749834718646,-1.754706323652666,1.1208689583393934
ARAI,2026-08-04T13:35:05.000Z,2026-08-04T19:50:05.000Z,-1.4758675708017477,0.2555755068489567,0.2521289752989756,39.127378992787776,-0.13485374616671045,-1.3485374997291768,375,session_close,2.631117994815302,-5.624759205682617,-0.019563689496393977
ALP,2026-08-04T13:35:05.000Z,2026-08-04T19:50:05.000Z,-0.46511627906977715,0.19432848285357068,0.1930417506873029,51.45924467589491,-0.0662142653763185,-0.6621428559380877,375,session_close,3.175817078281651,-1.0438422735483233,0.056605169143484346
MTUS,2026-08-04T13:40:05.000Z,2026-08-04T19:50:05.000Z,-2.5672371638141955,19.97428633491351,21.32563068411929,0.5006436676091266,0.6765419911892491,6.765419933145409,370,session_close,10.141607220007142,-4.176801718593781,0.5957659644548592
KIM,2026-08-04T13:45:05.000Z,2026-08-04T19:50:05.000Z,-1.6332152695789026,25.015017049061328,25.064972715296957,0.3997598714076599,0.01997027071043906,0.19970270712849117,365,session_close,1.2591754397804467,-0.020056148878433433,-0.011992796142230588
PFE,2026-08-04T13:45:05.000Z,2026-08-04T19:50:05.000Z,-0.3795445465441416,24.944989511477402,25.30493486745101,0.40088210882099967,0.14429565336302524,1.442956533647744,365,session_close,2.70599628118513,-0.5010605894217535,0.13629991699913901
SRAD,2026-08-04T13:45:05.000Z,2026-08-04T19:50:05.000Z,1.296596434359798,12.512519332339206,12.907411595489526,0.7991995641808861,0.31559772460813934,3.155977246961783,365,session_close,3.4164236338556364,-2.4177331862923035,0.27971984746331024
GPUS,2026-08-04T13:45:05.000Z,2026-08-04T19:50:05.000Z,0.5714285714285783,0.1235331036515907,0.12747262912021654,80.94996014870969,0.318904429690088,3.1890443550554344,365,session_close,4.749250342609468,-3.345745819879653,0.3723698166840652
BCAL,2026-08-04T13:55:05.000Z,2026-08-04T19:50:05.000Z,-0.39627039627038174,21.456789208875136,21.58545185171748,0.4660529370889122,0.059963602590295755,0.5996360480119023,355,session_close,1.2733069634288885,0,-0.018642117483555154
IRT,2026-08-04T13:55:05.000Z,2026-08-04T19:50:05.000Z,1.6408114558472464,17.053429278806583,17.03658105907808,0.586392322285224,-0.009879666692967774,-0.09879666695214188,355,session_close,0.21444790133129388,-3.0107098719707737,0
MFA,2026-08-04T13:55:05.000Z,2026-08-04T19:50:05.000Z,-0.3275109170305823,9.15267434778716,9.068172066265952,1.0925768087402363,-0.09232523307571118,-0.923252355653173,355,session_close,0,-1.0125384588774877,-0.06555460852441541
STVN,2026-08-04T13:55:05.000Z,2026-08-04T19:50:05.000Z,-1.651287032540072,20.304133255893323,19.726027254339694,0.4925105576595539,-0.28472330921151245,-2.847233094206726,355,session_close,0.4229027805545682,-4.305198576450453,-0.28073101786594634
CMTG,2026-08-04T14:05:05.000Z,2026-08-04T19:50:05.000Z,-1.96629213483146,1.7611847724736902,1.7395598041265257,5.677994138795917,-0.12278644352684749,-1.2278648262891216,345,session_close,1.6361274510588109,-1.2028705224344516,-0.05677994138795839
FLGT,2026-08-04T14:40:05.000Z,2026-08-04T19:50:05.000Z,0.9085746734809774,17.80379714106265,18.62580008424432,0.561677932654138,0.46170091376189876,4.6170091507378865,310,session_close,5.70778722586982,-0.5830056377313597,0.39317455285789826
TNON,2026-08-04T14:40:05.000Z,2026-08-04T19:50:05.000Z,7.113155706209939,0.20497561534698835,0.19716069010611043,48.78626341082044,-0.38126100133734003,-3.812612162499724,310,session_close,2.207279458755429,-4.037365777865409,-0.2097809326665292
DBGI,2026-08-05T13:45:05.000Z,2026-08-05T14:00:05.000Z,10.77207582061952,24.07484718503258,21.205715299220792,0.41537127610268726,-1.1917549727165526,-11.917549730473635,15,stop,3.385910650657009,-11.899752314164914,-2.064395242230354
VNRX,2026-08-05T13:30:05.000Z,2026-08-05T15:00:05.000Z,8.658008658008654,0.8566956419269928,0.7767376929896973,11.672756864505706,-0.9333296973296124,-9.333297033873489,90,stop,3.9459005530797286,-9.314351331063841,-0.63499797342911
CTOR,2026-08-05T13:30:05.000Z,2026-08-05T15:05:05.000Z,-0.3030303030303161,0.6632603349999999,0.832925318274069,10.15,1.7221015734418599,25.58048034780255,95,take_profit,25.60678756705692,0,1.07184
CTXR,2026-08-05T13:30:05.000Z,2026-08-05T18:50:05.000Z,2.9397590361445847,0.6443988966598528,0.8119349121964569,15.518323257138888,2.599879054767651,25.998815545768437,320,take_profit,26.02442434482761,-0.17053049990445324,2.408443769507956
FGL,2026-08-05T13:30:05.000Z,2026-08-05T19:50:05.000Z,-2.8687572590011534,0.8417111603922545,0.8301529215327983,11.88055552165197,-0.13731829850228439,-1.373183510370683,380,session_close,3.0400974600147457,-5.466383547868414,-0.23642305488087345
CRCD,2026-08-05T13:30:05.000Z,2026-08-05T19:50:05.000Z,5.789473684210522,6.05124733360233,5.748554166464873,1.6525518518720053,-0.500216153902006,-5.002161545382777,380,session_close,2.6234701317879194,-7.787606548248527,-1.0741587037168028
GME,2026-08-05T13:40:05.000Z,2026-08-05T19:50:05.000Z,-0.676730869338904,19.093829834746927,19.016181030456323,0.5237293976800049,-0.04066696150169053,-0.406669615067474,370,session_close,1.1845196443590833,-0.7532791272979011,-0.010474587953599013
VTIX,2026-08-05T13:45:05.000Z,2026-08-05T19:50:05.000Z,-2.9585798816567976,1.660391227746905,1.7195842418655274,6.022676914221942,0.35650039961544017,3.5650040261261347,365,session_close,18.64673620766013,0,0.18068030742665897
CLSK,2026-08-05T13:55:05.000Z,2026-08-05T19:50:05.000Z,0.635144671841914,14.272862884578764,13.567283952194156,0.700630285571912,-0.49434996889015254,-4.943499689518888,355,session_close,0.19013084929553337,-4.924470236018152,-0.46241598847746346
ARVN,2026-08-05T13:55:05.000Z,2026-08-05T19:50:05.000Z,-2.833333333333321,8.7726187936432,8.398311548169637,1.139910435051961,-0.4266767350308706,-4.266767475919426,355,session_close,0,-6.413350527106953,-0.37617044356714757
MNTN,2026-08-05T14:20:05.000Z,2026-08-05T19:50:05.000Z,0,10.072205822907685,10.377903372322633,0.9928311766165819,0.30350605767444816,3.035060589406201,330,session_close,3.5522921531107476,-0.9154481603024567,0.208494547089483
CWVX,2026-08-05T14:20:05.000Z,2026-08-05T19:50:05.000Z,0.05265929436546468,19.043854719513398,18.71619932367009,0.5251037745413336,-0.17205308510615602,-1.7205308519161004,330,session_close,1.5025596692533005,-2.2256771318418633,-0.13652698138074726
CWK,2026-08-05T14:25:05.000Z,2026-08-05T19:50:05.000Z,-1.6335227272727293,13.873318532019686,14.137156095521412,0.72080806643386,0.19017624400029973,1.9017624578631813,325,session_close,1.9222615509390417,-2.1142636589991493,0.18020201660846347
PRCT,2026-08-05T14:25:05.000Z,2026-08-05T19:50:05.000Z,5.032822757111588,19.223859277172014,19.346119365209248,0.5201869122231406,0.06359809768421773,0.6359809769436617,325,session_close,1.4364478996987673,-3.245234311056544,0.20287289576702427
OLN,2026-08-05T14:25:05.000Z,2026-08-05T19:50:05.000Z,-1.942257217847776,18.70376963243793,18.68625295000902,0.5346515805810234,-0.009365321947151813,-0.09365321950142831,325,session_close,0.5144971813338506,-0.5013408220945204,0.016039547417429745
CALY,2026-08-05T14:45:05.000Z,2026-08-05T19:50:05.000Z,0.4598875830352567,19.67394246427032,19.19614307474605,0.5082865326712533,-0.24285899501373176,-2.4285899503467365,305,session_close,0.18327559814290684,-3.3239014775911735,-0.22872893970206398
CMTG,2026-08-05T14:50:05.000Z,2026-08-05T19:50:05.000Z,-2.8901734104046284,1.6906826883183417,1.679373449896716,5.914769959707364,-0.06689154368339922,-0.6689154919350621,300,session_close,1.1425746424879035,-1.2233335362837439,0
ETH,2026-08-05T14:50:05.000Z,2026-08-05T19:50:05.000Z,0.05595970900951208,17.903742303729636,18.27609001602303,0.5585424438869402,0.20797200120006334,2.079720015942296,300,session_close,2.157413180538792,-0.41188206621068923,0.22900240199364497
UNG,2026-08-05T14:50:05.000Z,2026-08-05T19:50:05.000Z,-0.3070624360286489,9.751965880907482,9.7079263637395,1.025434268211974,-0.04515963005955913,-0.4515963007438728,300,session_close,0.5951017446250262,-0.5328759507785219,-0.020508685364237778
OMH,2026-08-05T13:30:05.000Z,2026-08-06T13:35:05.000Z,0.6363636363636349,0.11164092960087572,0.11047782865115464,89.57287819353522,0.037589285840642195,0.3758928813903064,1445,session_close,4.979419661765938,-2.4551296828813074,-0.11733118074836213
CODX,2026-08-06T13:40:05.000Z,2026-08-06T14:05:05.000Z,1.324503311258285,1.5503961254726293,1.4196122981262769,6.449964427623822,-0.8435510340924687,-8.435510460688473,25,stop,0,-8.410503827393068,-1.0964939526960507
HTZ,2026-08-06T13:45:05.000Z,2026-08-06T18:55:05.000Z,7.371794871794868,1.6803364799401272,2.119575500555118,5.951189014109993,2.6139945064543233,26.13994506603859,310,take_profit,26.165207106349243,-1.2102623601227713,2.618523166208396
AISP,2026-08-06T13:30:05.000Z,2026-08-06T19:50:05.000Z,-1.0471204188481575,1.9105271399630774,1.8978313490858534,5.23415741192356,-0.0664517679202538,-0.6645176931362207,380,session_close,7.300229194316388,-3.1680858490315433,0.20936629647694183
SNOA,2026-08-06T13:30:05.000Z,2026-08-06T19:50:05.000Z,10.619469026548689,1.2603499735690649,1.2195403170492634,7.934303958249261,-0.32379621925985386,-3.2379622625163815,380,session_close,2.3525232715300604,-4.78835044508833,-0.15868607916498512
GCDT,2026-08-06T13:30:05.000Z,2026-08-06T19:50:05.000Z,-2.8858218318695172,0.39016491999999997,0.4092465448294347,14.350000000000001,0.2738213163023881,4.8906561946765255,380,session_close,16.284160041861284,-1.6569711085250738,0.23103500000000032
GVH,2026-08-06T13:30:05.000Z,2026-08-06T19:50:05.000Z,7.954545454545459,0.9601130849809152,0.9586020594995096,10.415437897125157,-0.015737992062553476,-0.15737994878338907,380,session_close,5.195941582243568,-6.958876618397847,0.22913963373675372
OPTU,2026-08-06T13:40:05.000Z,2026-08-06T19:50:05.000Z,0.3698507843387322,0.7914182081679354,0.8054131437720132,12.635542320399265,0.17683360109658788,1.7683363182248353,370,session_close,4.710757403265808,-0.8994243617939324,0.0657048200660757
JOBY,2026-08-06T13:40:05.000Z,2026-08-06T19:50:05.000Z,3.589743589743599,8.091619854008076,8.168364396834301,1.2358464905624371,0.09484447392160829,0.9484447392595956,370,session_close,5.912044246059889,-0.2671882070357845,0
OKLL,2026-08-06T13:40:05.000Z,2026-08-06T19:50:05.000Z,-2.6666666666666727,2.930587588486089,2.8493632623374867,3.4122849759555844,-0.27716054779899124,-2.7716054782911894,370,session_close,4.757148773223663,-3.7735636675925943,-0.44359704687422585
DVLT,2026-08-06T13:40:05.000Z,2026-08-06T19:50:05.000Z,10.23008849557523,0.3122629589853959,0.3134339472477797,32.02429141496742,0.03750006935808403,0.3750006937065279,370,session_close,3.43846130501384,-3.959150014323054,0.1857408902068105
TPVG,2026-08-06T13:45:05.000Z,2026-08-06T19:50:05.000Z,6.70995670995671,4.951215169945993,5.168246862192687,2.019706182242383,0.4383402505731745,4.3834025546714726,365,session_close,5.8326051310987115,-1.6403078266315485,0.4847294837381728
TRIN,2026-08-06T13:50:05.000Z,2026-08-06T19:50:05.000Z,1.1020881670533722,17.453632990824843,17.646364043296348,0.5729466173718781,0.11042460457607056,1.104246047644184,360,session_close,1.698024756971539,-0.6510563782599288,0.1317777219955314
CMPS,2026-08-06T14:00:05.000Z,2026-08-06T19:50:05.000Z,0.2945508100147265,13.632755395445248,13.437182689813401,0.7335274275501231,-0.1434579436611459,-1.4345794372367902,350,session_close,0.34655213259775497,-2.074088379372796,-0.13937021123452276
TCPC,2026-08-06T14:05:05.000Z,2026-08-06T19:50:05.000Z,2.571428571428558,3.600759392793528,3.8691050214675577,2.777191943715016,0.7452473180846567,7.4524731980451175,345,session_close,8.032766859828278,-0.021089795531681332,0.916473341425954
AESI,2026-08-06T14:15:05.000Z,2026-08-06T19:50:05.000Z,0.09372071227740086,10.702178818000188,11.047766037411023,0.9343891709036838,0.3229129554201991,3.2291295565869738,335,session_close,4.37127046702841,-0.5809921424187792,0.308348426398215
ABCL,2026-08-06T14:15:05.000Z,2026-08-06T19:50:05.000Z,3.378378378378377,6.131265158454224,6.4486992873201086,1.630984752474757,0.517730224095365,5.177302247778077,335,session_close,6.177107526063352,0,0.5708446633661648
IMRX,2026-08-06T14:15:05.000Z,2026-08-06T19:50:05.000Z,2.05011389521641,4.491090854378203,4.428559844205856,2.226630504684524,-0.1392334547384848,-1.392334561911327,335,session_close,0,-3.364235088473211,-0.08906522018738094
RNA,2026-08-06T14:15:05.000Z,2026-08-06T19:50:05.000Z,3.066439522998299,12.142983419054437,12.005904423754997,0.8235208385360024,-0.11288740915466758,-1.128874104236521,335,session_close,0.05778300688901172,-2.165723282152965,-0.1482337509364804
NXDR,2026-08-06T14:15:05.000Z,2026-08-06T19:50:05.000Z,1.224489795918382,2.4905097473718465,2.50947552195094,4.015242261507462,0.07615217961219983,0.7615217968573459,335,session_close,3.1917262203866814,-1.6265644980749339,0.12045726784522337
ARDT,2026-08-06T14:15:05.000Z,2026-08-06T19:50:05.000Z,1.344086021505353,11.342525940479481,11.387578298585058,0.8816378293353425,0.03971986320663968,0.39719863407844047,335,session_close,0.41854926997426656,-2.2263642314298004,0.07053102634682595
AQB,2026-08-06T14:05:05.000Z,2026-08-07T13:30:05.000Z,8.091726437013836,1.080417048656688,1.2697432595559996,9.25568445418694,0.6625885447658797,6.625885923867685,1405,session_close,17.547201016406188,-3.7408747582185597,0.7561368908373876
SBFM,2026-08-07T13:30:05.000Z,2026-08-07T13:45:05.000Z,6.428571428571428,1.5003082583966785,1.3597265947086437,6.665296903300769,-0.9370185276407287,-9.370185287006885,15,stop,0,-9.351962012568027,-0.1999589070990222
FEMY,2026-08-07T13:50:05.000Z,2026-08-07T14:00:05.000Z,-1.6949152542372836,2.9308291218579376,2.6789104788210025,3.4120036854631683,-0.859547338478903,-8.595473586574593,10,stop,0,-8.558299082920595,-0.6482807002380024
XBIO,2026-08-07T13:30:05.000Z,2026-08-07T19:50:05.000Z,-1.1102230246251565e-14,2.8607829127234243,2.909391885704413,3.4955465350723873,0.16991492707712294,1.6991493050660678,380,session_close,9.760163416620982,-0.7264764002536395,0.3495546535072389
UAVS,2026-08-07T13:30:05.000Z,2026-08-07T19:50:05.000Z,19.710467706013368,0.8629322450484749,0.9139777473905746,11.588393582971625,0.5915353717807512,5.915354610399596,380,session_close,10.054990464129766,-1.0466922635354203,0.6918270969034062
ZYME,2026-08-07T13:35:05.000Z,2026-08-07T19:50:05.000Z,1.2970168612191912,23.53546111174846,23.875127367701758,0.4248907585898785,0.1443210531593802,1.4432105423409018,375,session_close,2.6111189635658727,0,0.09347596688977333
RKT,2026-08-07T13:40:05.000Z,2026-08-07T19:50:05.000Z,-0.03782148260211837,13.232648242467995,13.577282632498639,0.7557066292722449,0.2604424932213537,2.6044249323018835,370,session_close,3.229525562090352,0,0.21915492248895063
CDE,2026-08-07T13:40:05.000Z,2026-08-07T19:50:05.000Z,9.361022364217252,17.133426791599756,17.466504892423004,0.5836544038470117,0.19440250037048715,1.9440250037228393,370,session_close,2.0227897934006034,-2.179521914336713,0.2626444817311544
EQX,2026-08-07T13:40:05.000Z,2026-08-07T19:50:05.000Z,8.65921787709496,11.682338372567244,11.567684374522536,0.855993011046115,-0.09814302101476564,-0.9814302101875607,370,session_close,0.23678159757563044,-2.245598134559035,-0.09415923121507319
AGBK,2026-08-07T13:50:05.000Z,2026-08-07T19:50:05.000Z,-1.2578616352201255,6.33133268820083,6.1385978297365,1.5794462983220188,-0.304414358759105,-3.0441435943417434,360,session_close,0,-4.28555410942929,-0.30009479668118466
AQN,2026-08-07T13:50:05.000Z,2026-08-07T19:50:05.000Z,-0.9565217391304337,5.70114784180417,5.708807982386274,1.7540327447578596,0.013436137410458486,0.1343613741418014,360,session_close,0.6814795769887416,-1.0725531682549638,0.05262098234273438
GLUE,2026-08-07T13:50:05.000Z,2026-08-07T19:50:05.000Z,1.8459579885423238,16.04413027172809,15.936751301701836,0.6232808935485894,-0.06692726038629063,-0.6692726137699709,360,session_close,0.036584895363600545,-2.456538715735812,-0.02493123574194378
VEL,2026-08-07T13:50:05.000Z,2026-08-07T19:50:05.000Z,0.1098297638659762,18.336165159311708,18.43497468244977,0.5453702807882521,0.053887777378358113,0.5388777984903957,360,session_close,1.547950938608067,-1.1243635597763535,-0.043629622463058126
ZCMD,2026-08-07T13:50:05.000Z,2026-08-07T19:50:05.000Z,5.555555555555536,1.1502396901567753,1.0897475006343875,8.69384013437936,-0.5259094250862175,-5.259094260096591,360,session_close,0,-6.975910398800334,-0.5216304080627605
HRZN,2026-08-07T14:15:05.000Z,2026-08-07T19:50:05.000Z,1.091703056768556,4.641699322407372,4.648445443751103,2.1543832757641344,0.014533730999209975,0.14533731883848938,335,session_close,1.25602012416417,-0.25204826066381747,0.043087665515283646
CRBP,2026-08-07T14:15:05.000Z,2026-08-07T19:50:05.000Z,1.0266940451745254,9.882029833437024,10.017945564180152,1.0119378465112205,0.13753827187520076,1.3753827202913502,335,session_close,1.902141257729828,-0.3241220070865136,0.13155192004645677
VTAK,2026-08-07T14:15:05.000Z,2026-08-07T19:50:05.000Z,3.694126339120807,0.28218317297644707,0.271020497803859,35.43797319652185,-0.3955825835676558,-3.9558259462621383,335,session_close,0,-7.613201293983685,-0.3437483400062611
AZIO,2026-08-07T13:35:05.000Z,2026-08-07T19:55:05.000Z,0,1.4807674535632,1.4387955525010931,6.753253743137421,-0.28261825533340906,-2.8261830200805487,380,session_close,0.6234973908012087,-5.454431981797536,-0.13506507486274977
ATOS,2026-08-07T13:35:05.000Z,2026-08-10T13:30:05.000Z,-2.4793388429752095,2.380714933954983,2.2688550615498837,4.200418771631977,-0.46985830784273647,-4.698583220094774,4315,time,1.2300954485284565,-5.490574788718261,-0.3780376894468791
LITU,2026-08-10T13:30:05.000Z,2026-08-10T13:35:05.000Z,9.945571499257788,22.39472794721972,19.305891640997242,0.4465336663164652,-1.3792694004689314,-13.79269403719617,5,stop,0,-13.77434883107248,-0.6028204495272291
VIVK,2026-08-10T13:35:05.000Z,2026-08-10T13:45:05.000Z,9.523809523809511,1.390279644211306,1.8596276256744237,7.192797534839566,3.375925069635114,33.75925070438345,10,take_profit,33.78603417984751,0,2.373623186497058
GME.WS,2026-08-10T13:35:05.000Z,2026-08-10T14:10:05.000Z,9.15032679738561,1.7110497806062106,1.5692635482862503,5.84436383607923,-0.8286503286247044,-8.28650539142857,35,stop,0,-8.243464462865468,-0.6428800219687147
AWX,2026-08-10T13:30:05.000Z,2026-08-10T14:45:05.000Z,9.23076923076922,2.880739356753307,2.649439807577883,3.4713310077744928,-0.8029172971369111,-8.02917308826255,75,stop,0,-8.009726954727292,-0.2777064806219567
TNXP,2026-08-10T13:45:05.000Z,2026-08-10T15:10:05.000Z,12.302576891105588,13.552731189353945,12.237479748880576,0.7378586542544192,-0.970469657873867,-9.70469658179701,85,stop,1.3079932610579936,-9.686100690797538,-1.0625164621263625
WYHG,2026-08-10T14:00:05.000Z,2026-08-10T15:20:05.000Z,11.28668171557563,4.9611720727201485,9.02819393998542,2.015652706184769,7.257871570361059,72.57871632614243,80,take_profit,82.01344092967457,0,7.051984716491688
SLI,2026-08-10T13:30:05.000Z,2026-08-10T19:50:05.000Z,9.282700421940927,2.6206255604717805,2.5294822809135793,3.8158827641385944,-0.3477920695332056,-3.4779207275148867,380,session_close,0,-5.747694853615936,-0.03815882764138756
GENC,2026-08-10T13:30:05.000Z,2026-08-10T19:50:05.000Z,6.219765031098823,15.563646062886779,15.956498004037968,0.6425229588994582,0.25241639163785795,2.524163936675403,380,session_close,3.7032064002509024,-0.15193138414504315,-0.3855137753396747
TTD,2026-08-10T13:30:05.000Z,2026-08-10T19:50:05.000Z,-2.3188405797101463,13.492970568113094,13.13737027495978,0.7411266410932693,-0.2635448508364975,-2.635448520088504,380,session_close,0,-4.913451524750534,-0.3335069884919708
QNTM,2026-08-10T13:30:05.000Z,2026-08-10T19:50:05.000Z,0,3.4711467489089185,3.4092500243400403,2.880892192772137,-0.17831779056864847,-1.7831779825596286,380,session_close,10.338175739872701,-7.523356625328637,-0.17285353156632866
STDN,2026-08-10T13:35:05.000Z,2026-08-10T19:50:05.000Z,9.834123222748815,9.311873344333746,10.937786058378425,1.073897767696078,1.7460640340812523,17.46064034509279,375,session_close,17.484415814750797,-1.0940155709456056,1.3745891426509793
MPG,2026-08-10T13:35:05.000Z,2026-08-10T19:50:05.000Z,9.518599562363228,5.041060966175722,5.258398825716038,1.9837093907372303,0.4311351529328538,4.311351538864526,375,session_close,5.731710760155195,-0.41778836473188585,0.23804512688846557
SMCL,2026-08-10T13:35:05.000Z,2026-08-10T19:50:05.000Z,9.22014622258327,13.492717339960667,12.677352123068832,0.7411405534670359,-0.6043002281249837,-6.043002282994621,375,session_close,1.8327120757726911,-6.245719959350482,-0.7411405534670354
BOIL,2026-08-10T13:35:05.000Z,2026-08-10T19:50:05.000Z,9.100418410041833,20.874180741919655,20.675529756557562,0.4790607173037904,-0.09516588354066906,-0.9516588354682631,375,session_close,0.36322028163759956,-1.026055798633263,-0.07664971476860671
CSQR,2026-08-10T13:45:05.000Z,2026-08-10T19:50:05.000Z,1.2081784386617223,21.85464741047348,21.705459482536714,0.4575685795877395,-0.06826370827766368,-0.6826370846196737,365,session_close,1.625981800814702,-3.0869745816634264,-0.07321097273403865
RYN,2026-08-10T14:00:05.000Z,2026-08-10T19:50:05.000Z,-1.8357044515832865,21.414405006187977,21.59562226952678,0.46697538340626843,0.0846240010274716,0.846240011274824,350,session_close,1.100170626939878,-0.20736044814294585,0.10273458434937943
GME,2026-08-10T14:00:05.000Z,2026-08-10T19:50:05.000Z,0.13048016701462384,19.20386186595445,18.816229999441497,0.5207285944624646,-0.2018509970181525,-2.0185099706438074,350,session_close,0.7609830515633575,-1.9988784997197917,-0.19266957995111333
GCL,2026-08-10T14:00:05.000Z,2026-08-10T19:50:05.000Z,1.1856171039844599,0.526648309738703,0.5421314968036917,18.988003160772088,0.29399480492882973,2.9399481169265753,350,session_close,23.55493940972586,-3.389037695299635,-0.018988003160771427
BCIC,2026-08-10T14:00:05.000Z,2026-08-10T19:50:05.000Z,-0.6666666666666599,7.482642383957283,7.566540471833253,1.3364262175808992,0.1121236042423526,1.1212361031157498,350,session_close,1.4347554050276434,-1.3717398038071038,0.14700688393389783
CTMX,2026-08-10T14:15:05.000Z,2026-08-10T19:50:05.000Z,-1.3005780346820761,3.42152821726537,3.4392858830376456,2.9226702988243964,0.051899802329080355,0.5189980805263746,335,session_close,0.5398693671856858,-1.5060000676117014,0.05845340597648807
PTEN,2026-08-10T14:15:05.000Z,2026-08-10T19:50:05.000Z,9.473150962512666,10.822181048606247,10.997793268669064,0.9240281558690392,0.16227063585271265,1.6227063590424176,335,session_close,1.8279028091036098,-0.9441816593837693,0.16632506805642677
SERV,2026-08-10T14:15:05.000Z,2026-08-10T19:50:05.000Z,0.5899705014749346,5.131059031373146,4.908956878547297,1.948915404318432,-0.43285830697458433,-4.3285830754983845,335,session_close,0,-5.4776027649389825,-0.38978308086368685
QMLS,2026-08-11T13:30:05.000Z,2026-08-11T13:40:05.000Z,6.218487394957983,6.351353902889357,5.798806999453602,1.5744674481584913,-0.8699671130403696,-8.699671154907469,10,stop,0,-8.680887749595168,-0.9289357944135102
AKAN,2026-08-11T13:35:05.000Z,2026-08-11T13:45:05.000Z,-0.9980039920159611,4.991175012141238,4.459042507684399,2.003536219860241,-1.0661467464442196,-10.661467553480005,10,stop,0,-10.642283847974344,-0.6010608659580718
MTEK,2026-08-11T13:30:05.000Z,2026-08-11T13:50:05.000Z,4.201680672268915,1.2615005116947893,1.2084199886866915,7.927058379614143,-0.5181861604076377,-5.181867717582914,20,stop,0,-10.424134629808613,-0.4463529189807076
TDIC,2026-08-11T13:35:05.000Z,2026-08-11T13:55:05.000Z,11.007462686567159,3.000610113257835,2.72936922409902,3.33265556526713,-0.9039524587831301,-9.039524594027391,20,stop,4.978650377871596,-9.018503005844602,-1.0664497808854811
PSKY,2026-08-11T13:30:05.000Z,2026-08-11T19:50:05.000Z,0.21574973031284195,9.313105366312188,9.328124088115143,1.073755655207939,0.0161264374699174,0.16126438188148454,380,session_close,0.18140709272895794,-1.858728743028637,0.10737556552079397
TRIP,2026-08-11T13:30:05.000Z,2026-08-11T19:50:05.000Z,-2.0408163265306145,10.6022984052842,10.837802024046741,0.9431917100662992,0.22212506090744305,2.2212506171790625,380,session_close,3.8454076571981854,0,0.09431917100662801
NNOX,2026-08-11T13:30:05.000Z,2026-08-11T19:50:05.000Z,1.4084507042253724,1.1106167253170245,1.0894645884561294,9.00400452888057,-0.1904539360910013,-1.904539737131841,380,session_close,0,-7.258735032466978,-0.09004004528880571
RNW,2026-08-11T13:30:05.000Z,2026-08-11T19:50:05.000Z,10.2773246329527,6.771358231991022,6.818621520651841,1.476808589375985,0.06979883065645388,0.6979883066520578,380,session_close,1.0137075259832207,-0.3154202046218191,0.07384042946879887
ASPN,2026-08-11T13:35:05.000Z,2026-08-11T19:50:05.000Z,-0.5564387917328939,6.281419468609412,6.118648673540808,1.5919968394325181,-0.2591305913011356,-2.5913059282544353,375,session_close,0.4550011591076597,-4.320989387284135,-0.2865594310978512
CMRC,2026-08-11T13:45:05.000Z,2026-08-11T19:50:05.000Z,2.220446049250313e-14,2.12064400358395,2.199414458379125,4.715548516355936,0.3714459012420691,3.714459129493234,365,session_close,5.1567352290735835,-1.9165877683977262,0.4715548516355952
DSX,2026-08-11T13:45:05.000Z,2026-08-11T19:50:05.000Z,1.26050420168069,2.4329829317538203,2.3492666708572205,4.110175726453009,-0.3440885434466116,-3.440889773782866,365,session_close,0,-3.821766710331731,-0.2877123008517106
GNK,2026-08-11T13:45:05.000Z,2026-08-11T19:50:05.000Z,-0.31923383878690315,25.00510977115174,24.46498124222562,0.39991826000957026,-0.21600726146966345,-2.1600726166348014,365,session_close,0,-2.8598545565145295,-0.22395422560535927
JBIO,2026-08-11T13:45:05.000Z,2026-08-11T19:50:05.000Z,0.9894155545329131,22.04540377178169,22.40539663677024,0.4536092871226659,0.16329610685670318,1.6329610866522029,365,session_close,1.9260079453014889,-3.1090551975238134,0.18144371484906685
BKD,2026-08-11T13:45:05.000Z,2026-08-11T19:50:05.000Z,-0.9495982468955444,13.582718797644565,12.577482057873398,0.7362296274087463,-0.7400850703793092,-7.4008507040982785,365,session_close,0,-7.382312868160468,-0.6405197758456094
CLSK,2026-08-11T14:00:05.000Z,2026-08-11T19:50:05.000Z,2.329594477998276,11.872380577455106,11.527691786939899,0.8422910581116534,-0.2903282860822795,-2.903282861145378,350,session_close,0.5695523497056598,-3.052299200576869,-0.27795604917684713
CHMI,2026-08-11T14:00:05.000Z,2026-08-11T19:50:05.000Z,1.0752688172043001,2.83057612062664,2.8793615790973615,3.53284969792911,0.17235169222162147,1.7235169234707322,350,session_close,2.805926284567728,-0.3736384458828401,0.21197098187574603
ONDS,2026-08-11T14:00:05.000Z,2026-08-11T19:50:05.000Z,0.26852846401719255,9.341871671846159,9.628073691326392,1.0704493007915759,0.3063647516377532,3.0636475166188397,350,session_close,3.0842676743481956,-0.7693498088050199,0.29972580422164263
GAP,2026-08-11T14:00:05.000Z,2026-08-11T19:50:05.000Z,-1.6271501627150187,21.184279042793534,21.035789376069097,0.4720481624932545,-0.07009427432650628,-0.7009427435527965,350,session_close,0,-1.1059099170676379,-0.0377638529994595
OGI,2026-08-11T14:00:05.000Z,2026-08-11T19:50:05.000Z,9.999999999999986,1.1602351228053114,1.2297217379809169,8.61894265911004,0.5989011517741893,5.989011521009214,350,session_close,6.012994764889146,-1.7440536325417644,0.5171365595466035
SLMT,2026-08-11T13:45:05.000Z,2026-08-11T19:55:05.000Z,-0.7537688442211032,3.9717161105320864,3.8389321127863094,2.517803064940067,-0.33432395649931224,-3.343239900597731,370,session_close,0.4603523756249617,-3.316352600902306,-0.8308750114302246
PLUL,2026-08-11T14:00:05.000Z,2026-08-11T19:55:05.000Z,6.985769728331159,8.311726039990724,8.538079421465067,1.2031195368907668,0.13224262902800454,1.3224262923963817,355,session_close,4.551087923125263,-2.6676293097717574,0.08609358610672224
SCNX,2026-08-12T13:40:05.000Z,2026-08-12T13:50:05.000Z,-2.56660963089711,0.401388682738463,0.368914718404027,24.913507489553677,-0.8090403536614703,-8.090403574132507,10,stop,0,-8.069156937234034,-0.43598638106719
WETH,2026-08-12T13:35:05.000Z,2026-08-12T13:55:05.000Z,8.715596330275233,1.2105520322165801,1.1097281881282508,8.260693109540238,-0.8328748341378215,-8.328749314782938,20,stop,0,-8.306295767598215,-0.6608554487632166
IVDA,2026-08-12T13:30:05.000Z,2026-08-12T16:35:05.000Z,0.3355704697986628,0.303668828775667,0.4158166296471256,32.9305907449409,3.69309348613572,36.93095730648988,185,take_profit,36.95841014595638,-3.6121023089169646,3.6520025136139456
BMBL,2026-08-12T13:30:05.000Z,2026-08-12T19:50:05.000Z,-0.7194244604316502,2.7805959658485233,2.5894296357661566,3.5963513189286433,-0.687501283326468,-6.875012854448656,380,session_close,0,-7.573770818740943,-0.6833067505964419
BMNR,2026-08-12T13:30:05.000Z,2026-08-12T19:50:05.000Z,1.1608623548922115,18.32368162443728,17.926411754030184,0.5457418548863356,-0.21680679596642338,-2.168067960083307,380,session_close,0,-2.585078883959413,-0.11460578952613076
SMMT,2026-08-12T13:30:05.000Z,2026-08-12T19:50:05.000Z,2.0178630499503747,15.47379607490595,15.006985817404423,0.6462538242233428,-0.30167791409704486,-3.0167791745592316,380,session_close,1.1387246170304843,-2.9972999040493664,-0.3360519885961377
FGL,2026-08-12T13:30:05.000Z,2026-08-12T19:50:05.000Z,2.516469038208169,0.7842727533327035,0.7771177633949002,12.750664418316434,-0.0912308756133604,-0.912308875630159,380,session_close,4.797724580817397,-2.941929734860449,-0.11475597976484941
ZBAO,2026-08-12T13:30:05.000Z,2026-08-12T19:50:05.000Z,0.10256410256408444,0.19636147131604972,0.2070466112356192,50.92648562225813,0.5441566244857718,5.441566437629422,380,session_close,9.441021479265643,-3.2396738899000965,0.5347280990337104
KEY,2026-08-12T13:35:05.000Z,2026-08-12T19:50:05.000Z,0.3525782282943979,22.794563930010554,22.91541275485111,0.43870108812712844,0.05301651095643722,0.5301651095919926,375,session_close,0.7696399480512595,-0.45872309876868744,0.07896619586288445
JBI,2026-08-12T13:50:05.000Z,2026-08-12T19:50:05.000Z,-0.8893280632410905,5.03101746820097,4.839029985104427,1.9876695039512349,-0.38160766529135065,-3.8160766546730915,360,session_close,0,-4.591863766348226,-0.4372872908692713
BYND,2026-08-12T13:50:05.000Z,2026-08-12T19:50:05.000Z,-1.8354684896880413,0.41068238131769325,0.4060170109885313,24.349717576483044,-0.11360044990479654,-1.1360044991929936,360,session_close,1.148726825623747,-2.722878269531326,-0.09009395503298911
PSKY,2026-08-12T13:50:05.000Z,2026-08-12T19:50:05.000Z,0.4264392324093702,9.431903736981255,9.438101992216714,1.060231346191,0.00657158449232602,0.06571584494820883,360,session_close,1.4641398689989593,-0.8683690935067712,0.010602313461909318
MYSZ,2026-08-12T13:50:05.000Z,2026-08-12T19:50:05.000Z,-0.6704221507058739,0.3812921922306764,0.4093823435912083,26.226605481508297,0.7367093176485234,7.367093251030365,360,session_close,11.305714789786192,-3.512317457204661,0.48781486195605517
REFI,2026-08-12T13:55:05.000Z,2026-08-12T19:50:05.000Z,1.3685239491691092,10.402324563730174,10.42751421511176,0.9613235855297343,0.024215405984390405,0.24215406111644497,355,session_close,0.650579933890838,-1.9449937606794143,0.0480661792764856
CIFR,2026-08-12T14:00:05.000Z,2026-08-12T19:50:05.000Z,6.362579895409648,18.323666250321676,17.876420417656963,0.545742312872495,-0.24408097514102525,-2.4408097514702405,350,session_close,0.744030958738584,-4.495095244966141,-0.2182969251489979
CORZ,2026-08-12T14:00:05.000Z,2026-08-12T19:50:05.000Z,7.818825910931171,21.32427331918649,21.135765532199965,0.46894915711507784,-0.08840056781695883,-0.8840056782470231,350,session_close,0.5895942099953588,-3.7247380358412574,-0.0844108482807151
GLXY,2026-08-12T14:00:05.000Z,2026-08-12T19:50:05.000Z,6.458022851465484,21.454295263655574,21.29573200225408,0.46610713037258833,-0.07390746675436867,-0.7390746675799965,350,session_close,1.238468721899899,-1.884449051749859,-0.12118785389687403
AMTM,2026-08-12T14:05:05.000Z,2026-08-12T19:50:05.000Z,-1.827909050378962,22.044446471536663,22.415507065777117,0.4536289903849917,0.16832384273695228,1.6832384279621624,345,session_close,1.8850712763411437,-0.5645252726002581,0.14516127692319714
NOK,2026-08-12T14:05:05.000Z,2026-08-12T19:50:05.000Z,8.421610169491522,10.242048502429226,10.287941176095911,0.9763671786488854,0.0448081003085956,0.44808100309035326,345,session_close,2.225643605541494,0,0.00976367178648907
RKT,2026-08-12T14:10:05.000Z,2026-08-12T19:50:05.000Z,-2.7932960893854775,13.932793288443436,13.9772024335766,0.7177311678947781,0.03187382760163455,0.3187382760497801,340,session_close,1.2000946837792625,-1.2401912873189591,0.050241181752634034
MFIC,2026-08-12T14:10:05.000Z,2026-08-12T19:50:05.000Z,-1.0245901639344246,9.682196086674534,9.617657123003486,1.0328235298620927,-0.06665736027237276,-0.6665736067860851,340,session_close,0,-1.2620699434367944,-0.04131294119448192
BLOX,2026-08-12T14:10:05.000Z,2026-08-12T19:50:05.000Z,3.416149068322971,13.364419673517942,13.187191247593429,0.7482554283409235,-0.13261213175433406,-1.3261213749198342,340,session_close,0.19140618977078194,-2.053360192374931,-0.16461619423500373
LEGN,2026-08-12T14:10:05.000Z,2026-08-12T19:50:05.000Z,-2.33623453962436,21.35433962373117,20.63584165120986,0.46828888973273647,-0.33646461782722764,-3.3646461805020773,340,session_close,0,-4.281750875194756,-0.3043877783262783
FSK,2026-08-12T14:10:05.000Z,2026-08-12T19:50:05.000Z,-1.346938775510198,12.103010869513927,12.147509349781238,0.8262406756737631,0.03676645440251881,0.3676645484917944,340,session_close,0.5534914510802569,-0.19012516606002894,0.04131203378369008
CPOP,2026-08-12T14:10:05.000Z,2026-08-12T19:50:05.000Z,1.6666666666666607,0.3676802686122756,0.375344692420344,14.841072262312531,0.11374826758453203,2.084534978446361,340,session_close,7.6478761000300155,-1.463300881655183,0.02374571561970029
IPWR,2026-08-13T13:30:05.000Z,2026-08-13T13:35:05.000Z,8.447488584474883,4.771198796456964,4.279123702932955,2.0959092877190977,-1.0313447587722155,-10.313447720715784,5,stop,0,-10.295081328862732,-0.775486436456065
SMTK,2026-08-13T13:30:05.000Z,2026-08-13T13:50:05.000Z,0.07639419404126269,0.13171039617729843,0.1210728940850003,75.92411025946849,-0.8076428817409703,-8.076433145018214,20,stop,0,-8.055853209199626,-0.9642362002952485
FRGT,2026-08-13T13:45:05.000Z,2026-08-13T13:55:05.000Z,10.950413223140497,2.700555951785901,2.3095342323398245,3.70294123372047,-1.4479304482171533,-14.47930449978236,10,stop,0,-14.462057397019413,-1.4071176688137772
GSUN,2026-08-13T13:30:05.000Z,2026-08-13T16:00:05.000Z,4.902238594502695,0.3754010311211011,0.34138155157420674,26.638138913336675,-0.9062156219295884,-9.062169980007324,150,stop,14.197874928506815,-9.030617475892043,-1.1321209038168085
LGHL,2026-08-13T13:30:05.000Z,2026-08-13T16:30:05.000Z,3.3079847908745075,0.8192488660479077,0.7406429326070025,12.206302747407037,-0.9594878213222153,-9.594878515987897,180,stop,2.4963274042415717,-9.575706393876192,-0.7384813162181256
AVIR,2026-08-13T14:25:05.000Z,2026-08-13T19:05:05.000Z,7.707509881422925,5.472467006982723,4.988950437158966,1.8273292201504678,-0.8835439564658749,-8.835440564681388,280,stop,0,-8.816261594032593,-0.8040248568662065
HYLN,2026-08-13T13:30:05.000Z,2026-08-13T19:50:05.000Z,4.113110539845777,4.071034402534803,4.079165640611929,2.4563781274286813,0.01997339536156895,0.19973395636410504,380,session_close,15.204135761658089,0,-0.491275625485736
SLGB,2026-08-13T13:30:05.000Z,2026-08-13T19:50:05.000Z,0.6239168110918625,0.585209186056186,0.5866782393720937,17.087903781284172,0.025103041711807963,0.2510304607157514,380,session_close,4.817219998509614,-4.854535221437628,0.1982196838628969
MLCO,2026-08-13T13:35:05.000Z,2026-08-13T19:50:05.000Z,-2.1739130434782483,5.431094563730968,5.5088869571527885,1.8412494718103176,0.14323520329878667,1.432352033443135,375,session_close,2.9258455069113953,-0.388403543400595,0.05523748415430774
HCAT,2026-08-13T13:35:05.000Z,2026-08-13T19:50:05.000Z,0,1.8021694112545703,1.7796383542088317,5.548861180681856,-0.12502170780082764,-1.2502185923827096,375,session_close,2.0991693960166646,-4.00458529613651,-0.1664658354204569
UAA,2026-08-13T13:35:05.000Z,2026-08-13T19:50:05.000Z,2.281368821292773,5.391104703928595,5.338923301456463,1.854907396356205,-0.09679166939779779,-0.9679166949606186,375,session_close,0.3504902447477143,-1.6899078933155454,-0.0927453698178109
CSQR,2026-08-13T13:35:05.000Z,2026-08-13T19:50:05.000Z,0.08703220191470518,23.05488050549425,22.84537261733708,0.43374763849994435,-0.09087355173528272,-0.9087355196104412,375,session_close,0.45595332615451234,-3.751398777747461,-0.26458605948496583
FWDI,2026-08-13T13:35:05.000Z,2026-08-13T19:50:05.000Z,-1.8181818181818188,4.340908688208803,4.109089612549599,2.3036651306528584,-0.5340335212162851,-5.340335222643441,375,session_close,0,-6.931928538975263,-0.645026236582801
EVTL,2026-08-13T13:40:05.000Z,2026-08-13T19:50:05.000Z,0.5083514887436413,0.8320732552013286,0.8477743046105765,12.018172583100169,0.18869792153612397,1.8869792186084446,370,session_close,4.24562916520177,-0.9942940900470099,0.21272165472087146
ELMT,2026-08-13T13:45:05.000Z,2026-08-13T19:50:05.000Z,8.535144713526277,18.413973312418285,17.316293579885947,0.5430658444102244,-0.5961123708396635,-5.961123728750431,365,session_close,2.4222186054810635,-6.972820534894453,-0.6679709886245764
YSWY,2026-08-13T13:45:05.000Z,2026-08-13T19:50:05.000Z,0.0914076782449813,22.025509917949883,24.49482683041812,0.4540189948658134,1.1211167826039827,11.211167966902986,365,session_close,12.369702641162327,-2.47671867748821,0.9988417887047909
MTW,2026-08-13T13:45:05.000Z,2026-08-13T19:50:05.000Z,1.6865079365079305,20.5442104380178,20.735676123666114,0.4867551381421536,0.09319690626722729,0.9319690636248545,365,session_close,1.0503667815964235,-1.9675150779695727,0.09735102762843084
CCO,2026-08-13T13:45:05.000Z,2026-08-13T19:50:05.000Z,0,2.4204843308733173,2.309530603967473,4.131404559069544,-0.45839473318456214,-4.5839473319710295,365,session_close,0,-4.564554682882582,-0.41314045590695514
ERAS,2026-08-13T14:25:05.000Z,2026-08-13T19:50:05.000Z,-2.1797631862217504,18.20383345770367,17.926361249498083,0.5493348420732569,-0.1524251516743342,-1.5242515201553006,325,session_close,0.4733428401030748,-1.7789300174388734,-0.181280497884174
YXT,2026-08-13T14:25:05.000Z,2026-08-13T19:50:05.000Z,12.803532008829999,5.131047248743917,5.538827915146375,1.9489198806333383,0.7947318476896623,7.947318483615276,325,session_close,8.94462141950525,-2.9437898624085523,0.6821219582216678
ONDS,2026-08-13T14:25:05.000Z,2026-08-13T19:50:05.000Z,-2.40532241555782,9.5419084775634,8.968201731950492,1.0480083752022589,-0.6012494743123593,-6.012494743183792,325,session_close,0,-7.356059631192746,-0.5449643551051739
SPCB,2026-08-13T13:40:05.000Z,2026-08-13T19:55:05.000Z,3.767441860465137,11.213886166775774,11.0166638454819,0.8917514716058258,-0.1758732952473285,-1.7587330418797966,375,session_close,3.621526268274855,-5.028463446030351,-0.3299480444941558
MDWD,2026-08-13T13:45:05.000Z,2026-08-13T19:55:05.000Z,1.581595974119332,14.203390529338144,13.496656045209074,0.7040572380793557,-0.4975815289513514,-4.975815335565535,370,session_close,0,-5.093083428523116,-0.4928400666555479
EIKN,2026-08-14T13:30:05.000Z,2026-08-14T13:35:05.000Z,3.7754114230396763,10.742280037473384,9.877149731695347,0.9309010693280942,-0.8053507267569152,-8.053507288584125,5,stop,0,-8.026974110388153,-0.7912659089288816
VNRX,2026-08-14T13:30:05.000Z,2026-08-14T14:35:05.000Z,-1.6650808753567947,0.623950697425458,0.5636356776178792,16.026906019457176,-0.9666631540177618,-9.666632324709342,65,stop,0,-9.56016199221963,-0.961614361167431
LFS,2026-08-14T13:30:05.000Z,2026-08-14T15:05:05.000Z,13.888888888888884,2.470605232200236,3.089379101710242,4.047591156750643,2.504543928014447,25.045439556456916,95,take_profit,25.070568123429116,-1.2387746857064674,2.9547415444279697
STRR,2026-08-14T15:10:05.000Z,2026-08-14T17:00:05.000Z,0.0452960986273343,10.262400593469602,9.17758613983395,0.9744308682399038,-1.0570766899353847,-10.57076698337,110,stop,0,-10.547245584608921,-1.7539755628318279
CYCU,2026-08-14T13:45:05.000Z,2026-08-14T17:55:05.000Z,4.042857142857148,0.7304466039900402,0.6668250180335392,13.690254624883341,-0.8709957113834011,-8.709957115136168,250,stop,2.1977507900329263,-8.686001638376473,-0.9391514672669974
AEBI,2026-08-14T13:45:05.000Z,2026-08-14T18:35:05.000Z,-0.8035062089116085,13.644579230271178,12.547231635071425,0.7328917495867631,-0.8042369989507744,-8.04237035587901,290,stop,0,-8.022081236794754,-1.1433111293553484
ONDS,2026-08-14T13:45:05.000Z,2026-08-14T19:50:05.000Z,4.489337822671158,9.321864573358708,9.168165129418115,1.0727467580312535,-0.1648805801984768,-1.6488058020050569,365,session_close,2.232766041636447,-2.809143721172469,-0.12872961096375057
RCAT,2026-08-14T13:45:05.000Z,2026-08-14T19:50:05.000Z,5.13196480938416,10.772157879523188,11.097774349822284,0.9283191084942629,0.30227599141910527,3.0227599144091704,365,session_close,4.435899713140512,-0.11286391880961366,0.29706211471816246
FIRY,2026-08-14T13:45:05.000Z,2026-08-14T19:50:05.000Z,-2.075098814229237,9.964418108018343,9.577938506535464,1.0035707867036996,-0.38785963770510523,-3.8785967960525447,365,session_close,0,-6.166121306410477,-0.4014283146814801
BRUN,2026-08-14T13:45:05.000Z,2026-08-14T19:50:05.000Z,1.6407982261640752,22.964594964689155,22.78541816263424,0.4354529228631225,-0.07802306216407984,-0.7802306216609566,365,session_close,4.290975028412314,-4.200356967637953,-0.2090174029742986
ETHA,2026-08-14T17:05:05.000Z,2026-08-14T19:50:05.000Z,-0.10541110330288816,14.232866836082362,14.167160597326939,0.7025991398794824,-0.04616514683427613,-0.4616514684789172,165,session_close,0,-0.8632613337664186,-0.03512995699397514
USAS,2026-08-14T17:05:05.000Z,2026-08-14T19:50:05.000Z,4.950495049504955,5.311085936878304,5.198955596851333,1.882854111123752,-0.21112507170148756,-2.111250718960845,165,session_close,0,-2.0915861313213213,-0.13179978777866275
SATL,2026-08-14T17:05:05.000Z,2026-08-14T19:50:05.000Z,-1.3582342954159499,5.821169947785898,5.78882895649634,1.7178677289347288,-0.05555754525809014,-0.5555754526950135,165,session_close,0.49526216332280715,-1.9097526576797863,-0.03435735457869349
TSLL,2026-08-14T17:05:05.000Z,2026-08-14T19:50:05.000Z,-0.578703703703709,8.601720320484054,8.718254981474452,1.1625581427137972,0.1354783190427792,1.3547831904378895,165,session_close,1.7238374882154073,-0.3687671686850247,0.1976348842613458
UNG,2026-08-14T17:15:05.000Z,2026-08-14T19:50:05.000Z,0.5516549648946656,10.042151400137689,9.90801154077545,0.9958025497667001,-0.13357681397826454,-1.3357681438700495,155,session_close,0,-1.31596701615031,-0.11949630597200311
JCAP,2026-08-14T17:55:05.000Z,2026-08-14T19:50:05.000Z,9.902822767237396,23.78515655416635,24.105034422464822,0.4204302772070703,0.13448634084113378,1.3448634133225472,115,session_close,1.660041399914558,-0.6102821052944574,0.11351617484590903
AVAH,2026-08-14T17:55:05.000Z,2026-08-14T19:50:05.000Z,9.255978742249793,12.35254902257688,12.34752457718453,0.8095495082447307,-0.004067537296580368,-0.04067537301951127,115,session_close,0.6270040076874928,-1.154004912802542,0.07285945574202657
CIFR,2026-08-14T17:55:05.000Z,2026-08-14T19:50:05.000Z,7.340553549939832,17.85357270778234,17.846426434328993,0.5601119822553755,-0.004002713389693502,-0.04002713389815009,115,session_close,0.26004482675570095,-1.1402351289252377,-0.028005599112766788
PMN,2026-08-14T13:30:05.000Z,2026-08-17T13:40:05.000Z,1.893171061528065,15.123453455172918,14.376787776159889,0.6612246313171877,-0.49371373832258775,-4.937137415248467,4330,time,0,-5.709366962593965,-0.9918369469757806
BRNX,2026-08-17T13:45:05.000Z,2026-08-17T14:50:05.000Z,-2.2535211267605604,3.5007399787515903,3.109314525892959,2.856538913644544,-1.1181220378816186,-11.18122040581314,65,stop,0.26451611101123707,-11.16163957115528,-1.0854847871849262
ARTL,2026-08-17T14:00:05.000Z,2026-08-17T15:45:05.000Z,-2.2932796100336272,0.7767736510678483,0.7134271832979597,12.87376307561823,-0.8155074177468323,-8.155074220502303,105,stop,0,-8.132826207609135,-0.9436468334428163
CAMP,2026-08-17T13:50:05.000Z,2026-08-17T16:35:05.000Z,-1.8382352941176516,5.361495610603376,4.92882660126366,1.8651511641160798,-0.8369156017503177,-8.369156202026215,165,stop,0.531649962377112,-8.60759094329352,-1.0744846519050046
GCTK,2026-08-17T13:50:05.000Z,2026-08-17T17:20:05.000Z,2.4224278715296643,0.3784779204243992,0.34611549029941246,26.42161016743643,-0.8550675128333007,-8.550678488377269,210,stop,5.580795717730624,-8.528349655960099,-0.758300211805425
FAMI,2026-08-17T13:40:05.000Z,2026-08-17T18:50:05.000Z,6.874999999999987,0.13773104650456042,0.12577252030743546,72.60527089849839,-0.8682520340890469,-8.682520390730492,310,stop,4.043353794785265,-8.662568685387406,-0.8785237778718304
DCH,2026-08-17T13:40:05.000Z,2026-08-17T19:50:05.000Z,0.7429420505200346,6.801429895816782,6.798635325726239,1.470279063604065,-0.004108797895900081,-0.041087979047791136,370,session_close,0.7141160745197217,-1.0502188056178419,-0.04410837190812167
ITG,2026-08-17T13:45:05.000Z,2026-08-17T19:50:05.000Z,2.1202775636083304,13.333067836776818,12.457359096462417,0.7500149292762716,-0.6567946289335185,-6.567946334893156,365,session_close,0,-7.673161565674125,-0.9000179151315244
GT,2026-08-17T13:45:05.000Z,2026-08-17T19:50:05.000Z,0.49099836333879043,6.151346960812561,6.058753602301538,1.6256602045147024,-0.15052533813373356,-1.5052533876058969,365,session_close,0,-2.4603873229184448,-0.1463094184063234
AAL,2026-08-17T13:45:05.000Z,2026-08-17T19:50:05.000Z,-1.7194875252865893,14.592920303007137,14.477098284205182,0.6852637986122241,-0.07936863656716425,-0.7936863656967136,365,session_close,0.1170409804084338,-1.2534866168592895,-0.04796846590285675
NMRK,2026-08-17T13:50:05.000Z,2026-08-17T19:50:05.000Z,-1.8032786885245788,14.993011831541109,15.076941352361176,0.6669773965701284,0.055979093291946974,0.5597909330232314,360,session_close,2.3810303924918452,0,0.06669773965701253
ZBAO,2026-08-17T13:50:05.000Z,2026-08-17T19:50:05.000Z,-2.209456473707472,0.22324724326304501,0.21654885539338525,44.793386154091,-0.3000434744555487,-3.0004347519612,360,session_close,0.20280507402348213,-5.70992191291041,-0.5061652635412273
MESO,2026-08-17T13:55:05.000Z,2026-08-17T19:50:05.000Z,9.458159666559784,17.103815481375417,16.9063610695726,0.5846648637723836,-0.11544465677794973,-1.1544465737357095,355,session_close,0.9716224944401608,-1.3085704860364866,-0.09939302684130702
DSX,2026-08-17T13:55:05.000Z,2026-08-17T19:50:05.000Z,8.870967741935498,2.7105452815579683,2.639449324134678,3.6892945731628606,-0.262293929895562,-2.622939299594565,355,session_close,0,-2.9715527021807353,-0.22135767438977183
ANGX,2026-08-17T13:55:05.000Z,2026-08-17T19:50:05.000Z,6.979405034324948,4.691139563925646,4.709016422211877,2.1316781901980653,0.038107708918019664,0.3810770931588106,355,session_close,2.9600576615152363,-1.516466584637599,0.04263356380396033
CAPR,2026-08-17T13:55:05.000Z,2026-08-17T19:50:05.000Z,6.9172932330827,7.121430789899263,7.348525301478771,1.4042122002038684,0.3188888837592847,3.188888838203833,355,session_close,6.29886357579954,-7.041152328693146,0.3650951720530067
ALM,2026-08-17T13:55:05.000Z,2026-08-17T19:50:05.000Z,7.289595758780654,16.21325316994404,16.366709876272424,0.6167793652390052,0.09464892992088941,0.9464892993397582,355,session_close,2.5087305168957963,-1.1302677385174653,0.04934234921912228
CRGO,2026-08-17T13:55:05.000Z,2026-08-17T19:50:05.000Z,8.888888888888879,1.4803648156354787,1.7095350625097563,6.755091569179412,1.5480660025671968,15.480660203066313,355,session_close,18.88961297992493,-6.104226112445654,1.6212219766030582
COLD,2026-08-17T14:00:05.000Z,2026-08-17T19:50:05.000Z,-2.2177419354838745,14.56321459662876,14.437106080362252,0.6866615806402651,-0.08659387311175842,-0.8659387350901229,350,session_close,0,-1.5327288844623088,-0.06179954225762252
PHAT,2026-08-17T14:00:05.000Z,2026-08-17T19:50:05.000Z,-1.4613778705636626,9.472150352044999,9.368091690354095,1.0557264788755925,-0.10985748450344371,-1.0985748517857652,350,session_close,0.7163067036868975,-2.4508727524038765,-0.10557264788755916
TH,2026-08-17T14:15:05.000Z,2026-08-17T19:50:05.000Z,3.52637614678899,18.08369019085317,17.946211160428863,0.5529844786151221,-0.07602376995969717,-0.7602377002335691,335,session_close,0,-3.283014609227608,-0.01658953435845234
TDTH,2026-08-18T13:40:05.000Z,2026-08-18T13:50:05.000Z,8.808290155440424,2.1605442303650517,1.9495663985332983,4.628463388330025,-0.9765031703825198,-9.76503183163744,10,stop,6.917505669842083,-9.744962746237206,-0.4628463388330033
DFSC,2026-08-18T13:30:05.000Z,2026-08-18T14:00:05.000Z,9.72222222222221,2.400842191723533,2.199459831104008,4.165204820626965,-0.8387987792416837,-8.387988236534419,30,stop,0,-8.365489094447764,-0.8746930123316616
ENRD,2026-08-18T13:40:05.000Z,2026-08-18T15:10:05.000Z,10.551948051948056,6.831377553553998,6.2781888746976175,1.4638335999137435,-0.8097761752018632,-8.097761754780867,90,stop,0,-8.071249894059008,-0.6001717759646343
SPCQ,2026-08-18T13:35:05.000Z,2026-08-18T16:50:05.000Z,9.79757085020243,13.59272597491747,12.47750068460803,0.7356876035959272,-0.8204574212973236,-8.204574213938795,195,stop,0,-8.186187060423133,-0.6621188432363336
RANI,2026-08-18T13:40:05.000Z,2026-08-18T17:35:05.000Z,9.310214851111942,0.8765828866782486,0.7876763294747287,11.407934302465904,-1.014240163636182,-10.142401654728316,235,stop,0.9145870223558505,-10.116885468105163,-0.932028232511465
ASTN,2026-08-18T13:30:05.000Z,2026-08-18T19:50:05.000Z,9.725685785536164,4.420909447828439,4.4678228728758835,2.2619780174570323,0.10611713618093722,1.0611713630662198,380,session_close,2.6938021141794444,-2.056351728106398,0.02261978017457089
DEFT,2026-08-18T13:30:05.000Z,2026-08-18T19:50:05.000Z,-1.0752688172043112,0.4629694605484383,0.4323075060241761,21.59968652757128,-0.662288606046709,-6.622889226416731,380,session_close,0,-7.186102623060043,-0.743029216548452
AMX,2026-08-18T13:30:05.000Z,2026-08-18T19:50:05.000Z,0.7601351351351315,23.925225599638765,23.66525256601543,0.4179688888629633,-0.10866063999787941,-1.0866064043603454,380,session_close,0.1035492863298515,-1.5683262758635408,-0.17972662221107427
BBWI,2026-08-18T13:30:05.000Z,2026-08-18T19:50:05.000Z,3.7214247740563478,19.54397424679634,20.015986194165933,0.511666658317717,0.24151277579663852,2.4151277596314222,380,session_close,3.5613317149031376,-0.8901682155299406,0.3325833279065158
DVLT,2026-08-18T13:30:05.000Z,2026-08-18T19:50:05.000Z,12.176084920387154,0.3608758774643742,0.3855212214903486,27.71035861027633,0.682931321033382,6.82931322512888,380,session_close,10.176386073145395,-5.230573347545963,1.0197411968581687
KURA,2026-08-18T13:35:05.000Z,2026-08-18T19:50:05.000Z,9.84042553191491,12.41248819147598,12.29748865608816,0.805640242692612,-0.09264825359938123,-0.9264825360864707,375,session_close,1.6717986379759298,-1.3090702602848392,-0.17724085339237305
EYPT,2026-08-18T13:35:05.000Z,2026-08-18T19:50:05.000Z,9.65092402464065,5.361073554434369,5.4788942974473525,1.8652980411260809,0.21977080114613773,2.197708011589006,375,session_close,2.404862463768853,-4.683270092921877,0
RAMZ,2026-08-18T13:35:05.000Z,2026-08-18T19:50:05.000Z,9.58199356913183,17.073446490515305,18.01410156500996,0.5857048254266081,0.5509462161935441,5.5094621640522865,375,session_close,6.949701163990851,-0.020186261263765992,0.5447054876467465
SKDD,2026-08-18T13:35:05.000Z,2026-08-18T19:50:05.000Z,9.546413502109697,10.402086534636679,11.13773043273617,0.961345588256916,0.7072080159660662,7.072080160551996,375,session_close,8.632051486723036,-0.11619336751749199,0.6921688235449803
LITZ,2026-08-18T13:35:05.000Z,2026-08-18T19:50:05.000Z,9.222661396574438,8.321673704147162,9.07790479665926,1.2016813387757044,0.9087487916737506,9.087487918869305,375,session_close,10.554683193299397,-1.462130197276612,0.9012610040817783
SNDQ,2026-08-18T13:40:05.000Z,2026-08-18T19:50:05.000Z,9.57446808510638,13.402680891007908,14.417113891855585,0.7461193832180373,0.7568881249084921,7.568881249185592,370,session_close,9.754161272833084,0,0.8505760968685632
SXTC,2026-08-18T13:40:05.000Z,2026-08-18T19:50:05.000Z,14.933333333333355,4.340871039384158,5.138886862370651,2.3036851147767443,1.8383771727702964,18.383771730286362,370,session_close,23.70789068089536,0,1.658653282639257
NCLH,2026-08-18T13:55:05.000Z,2026-08-18T19:50:05.000Z,-1.3476347634763353,17.953599174156075,17.706453489401827,0.5569913810580246,-0.1376580162737996,-1.37658016287904,355,session_close,0,-1.4125255426283956,-0.14481775907508698
SMMT,2026-08-18T13:55:05.000Z,2026-08-18T19:50:05.000Z,-0.5086071987480345,12.732575264656996,12.847399917062523,0.7853870711534903,0.09018179744899475,0.9018179749092627,355,session_close,1.7861644688195177,-1.3553838172551624,0.06283096569227986
ADNT,2026-08-18T13:55:05.000Z,2026-08-18T19:50:05.000Z,-1.194029850746281,19.894203584093116,19.465729585760098,0.5026589746990953,-0.21537630068729685,-2.1537630120343945,355,session_close,1.2857836445959059,-2.132297391549265,-0.2563560770965374
PBK,2026-08-18T13:55:05.000Z,2026-08-18T19:50:05.000Z,-2.448622649759491,0.4511927176952752,0.4640000810644268,6.504527824097297,0.08330585138797117,2.8385571989221248,355,session_close,2.9715201019223425,-3.6331964263542127,0.09041293675495243
FBLG,2026-08-18T13:55:05.000Z,2026-08-19T13:35:05.000Z,4.411764705882337,1.080340960544865,1.1497652150028588,9.256336656666736,0.27548930787584386,2.754893179369896,1420,session_close,6.44787543925045,-6.510996353353937,0.5696336656666752
DLHC,2026-08-18T13:45:05.000Z,2026-08-19T13:50:05.000Z,1.7777777777777892,4.6532011629897925,4.4776273470263614,2.149057452706572,-0.3773182176963435,-3.7731834454073048,1445,time,0,-4.581817022774171,-0.2578868943247894
QTEX,2026-08-19T13:50:05.000Z,2026-08-19T14:20:05.000Z,11.420612813370479,1.0102042796454511,1.2897416225374236,9.898987954144776,2.7671368810385206,27.671368823014912,30,take_profit,27.696944666750788,-1.0101204133714958,1.880807711287508
AEON,2026-08-19T13:55:05.000Z,2026-08-19T16:00:05.000Z,-1.1020408163265216,0.24455367623449387,0.22225337197012848,40.890818372055385,-0.911877691315737,-9.118776952255834,125,stop,1.8181381829822651,-9.099710369168857,-0.94457790439448
ZNB,2026-08-19T14:00:05.000Z,2026-08-19T18:50:05.000Z,7.623318385650224,2.420487591798115,3.109376257154421,4.131398992044165,2.8460741130778198,28.46074113928756,290,take_profit,28.486508690989186,-2.498983758606277,1.4459896472154554
GOVX,2026-08-19T14:00:05.000Z,2026-08-19T19:30:05.000Z,-0.09223674096847656,0.6532390249631216,0.5979769919879715,15.30833215785777,-0.8459695565020866,-8.459695588191458,330,stop,0,-8.394940116478411,-0.7501082757350321
KC,2026-08-19T13:50:05.000Z,2026-08-19T19:50:05.000Z,9.501845018450194,11.892412700719218,12.407443547768278,0.8408722641684205,0.4330751544747223,4.330751547311439,360,session_close,5.024945856820473,-1.533857807576633,0.46247974529263125
JTAI,2026-08-19T13:50:05.000Z,2026-08-19T19:50:05.000Z,7.586206896551739,1.5703360294820043,1.679563640270853,6.368063766118113,0.6955683905241185,6.955683926126226,360,session_close,6.983471592011403,-3.8422368428945086,0.6368063766118102
IOVA,2026-08-19T13:55:05.000Z,2026-08-19T19:50:05.000Z,8.036984352773825,7.601522733336105,8.038389530209551,1.3155258952821443,0.5747095840759834,5.7470958411738815,355,session_close,5.768281988304436,-1.5986630258062906,0.5393656170656786
LCID,2026-08-19T14:00:05.000Z,2026-08-19T19:50:05.000Z,0.5199306759098743,5.811183806759018,5.8488080316086215,1.7208197718204983,0.06474451002061855,0.6474451007012203,350,session_close,0.8400387057832193,-1.9132729312347552,0.017208197718204588
WEAV,2026-08-19T14:00:05.000Z,2026-08-19T19:50:05.000Z,0.3434065934065922,7.31148761741663,7.288529133367124,1.367710719915443,-0.03140056474751746,-0.31400564769906864,350,session_close,0,-0.2938884470712222,-0.013677107199155714
BALY,2026-08-19T14:05:05.000Z,2026-08-19T19:50:05.000Z,-2.1885521885521952,8.742079926317977,8.747756456626096,1.1438925283140335,0.006493340606204961,0.06493340664879287,345,session_close,2.0352144476098344,-2.9979127224516344,0.011438925283139056
COTY,2026-08-19T14:10:05.000Z,2026-08-19T19:50:05.000Z,8.941605839416056,2.9906295192150245,2.9893892391190517,3.3437775938341217,-0.004147220794992175,-0.041472208041948115,340,session_close,2.9883501186209527,-1.0241830028837606,0
DNA,2026-08-19T14:10:05.000Z,2026-08-19T19:50:05.000Z,9.954058192955584,7.20151151574458,7.7084347541997715,1.3885973739386805,0.70391227770737,7.039122791748799,340,session_close,7.060857753871774,-1.6873057201800101,0.8470443981025966
EDIT,2026-08-19T14:15:05.000Z,2026-08-19T19:50:05.000Z,10.59027777777779,3.1907454093657153,3.1793543160605524,3.134063874850235,-0.03570041402275928,-0.3570041430358833,335,session_close,2.797295903718844,-3.4708318952883843,-0.0940219162455076
PRME,2026-08-19T14:15:05.000Z,2026-08-19T19:50:05.000Z,11.311475409836081,3.400696135099337,3.5792760852457413,2.9405743980102446,0.5251276293984622,5.251276299085975,335,session_close,5.272563551033804,-1.1967001308733072,0.47049190368163885
PRMB,2026-08-19T14:25:05.000Z,2026-08-19T19:50:05.000Z,1.6638225255972472,23.854830315969565,23.66525830239659,0.41920231091246307,-0.07946902617411948,-0.7946902621481459,325,session_close,0.48279397717339023,-0.7748129562079931,-0.0670723697459934
PSKY,2026-08-19T14:25:05.000Z,2026-08-19T19:50:05.000Z,-0.04793863854265501,10.44210158939187,10.557881876458218,0.9576616269984626,0.11087833808630833,1.1087833811535568,325,session_close,1.512132488430673,-1.0735539051425547,0.08618954642986054
LUXE,2026-08-19T14:25:05.000Z,2026-08-19T19:50:05.000Z,2.251655629139071,7.764050695268914,7.768236634708197,1.2879872520173743,0.005391436635513723,0.05391437541532406,325,session_close,0.5918212867812134,-1.7265561564480558,-0.0386396175605217
IVR,2026-08-19T15:30:05.000Z,2026-08-19T19:50:05.000Z,1.3386880856760541,7.581575384189073,7.548430397698947,1.318987080782082,-0.04371780897317296,-0.4371780904434189,260,session_close,0,-0.8121713637179617,-0.03956961242346324
BITO,2026-08-19T15:30:05.000Z,2026-08-19T19:50:05.000Z,5.727376861397482,9.241848139035604,9.228144654658173,1.0820346590344883,-0.014827645045917107,-0.14827645045961724,260,session_close,0.629223290510228,-0.7774217662388616,0.07574242613241466
CORD,2026-08-19T15:30:05.000Z,2026-08-19T19:50:05.000Z,0.8547008547008739,2.960604017934185,3.039383780725749,3.3776891239559514,0.26609354796889567,2.6609354818931195,260,session_close,4.370594016693374,-3.060322062165044,0.3377689123955925
CRML,2026-08-19T15:30:05.000Z,2026-08-19T19:50:05.000Z,0.9756097560975618,6.221306549423537,6.1787382865896605,1.6073793984331468,-0.06842334870626066,-0.6842334885076665,260,session_close,0.9434264347880639,-1.9498564885020442,-0.048221381952993525
PWCM,2026-08-20T13:30:05.000Z,2026-08-20T13:45:05.000Z,10.909090909090914,1.8404189152767456,1.489698737542992,5.43354551184297,-1.905654047638006,-19.05654059641174,15,stop,0,-19.040171363597015,-1.7387345637897518
CALC,2026-08-20T13:30:05.000Z,2026-08-20T13:45:05.000Z,0.9298531810766786,0.6227086185863423,0.5658130237323248,16.05887285774717,-0.9136791239265614,-9.13679257935766,15,stop,0,-9.090707418640475,-0.6246901541663661
BIVIW,2026-08-20T14:30:05.000Z,2026-08-20T14:45:05.000Z,19.999999999999996,0.30452335467764213,0.266587484674052,32.83820112596938,-1.2457457290665206,-12.457458326553542,15,stop,0,-12.42051031444883,-1.3759206271781164
SOC,2026-08-20T13:30:05.000Z,2026-08-20T19:50:05.000Z,7.740585774058584,5.171046097058618,5.038987834297609,1.9338446820179505,-0.25538016915690503,-2.553801692777896,380,session_close,0.36653904424026607,-5.821763941146408,-0.3867689364035911
HIVE,2026-08-20T13:40:05.000Z,2026-08-20T19:50:05.000Z,5.141843971631199,2.9705978669155075,3.0993747068202575,3.36632571804914,0.4335047880604566,4.335047881740526,370,session_close,6.712525290120808,-2.376554150993593,0.40395908616589793
MFA,2026-08-20T13:40:05.000Z,2026-08-20T19:50:05.000Z,-0.7692307692307776,9.04185192001329,8.907717279676339,1.1059681222952866,-0.1483486363082113,-1.483486364558311,370,session_close,0,-2.1218210794698322,-0.13271617467543528
CHWY,2026-08-20T13:40:05.000Z,2026-08-20T19:50:05.000Z,-2.542726135889939,23.39469159383612,23.945196043509203,0.4274473958643347,0.23531169342448724,2.3531169345191296,370,session_close,2.3736513214398958,0,0.2778408073118186
PLRZ,2026-08-20T13:40:05.000Z,2026-08-20T19:50:05.000Z,-1.2511170688114248,11.084067172222397,10.227933158469133,0.9021958484609301,-0.7724005529343879,-7.72400600294816,370,session_close,0,-7.705359043319049,-0.8931738899763211
AUPH,2026-08-20T13:40:05.000Z,2026-08-20T19:50:05.000Z,8.163265306122458,17.523585310621332,17.296482360994194,0.5706594748303768,-0.12959844996665218,-1.2959845008971271,370,session_close,1.0067271408878753,-3.1020210817922944,-0.15978465295250643
SAN,2026-08-20T13:45:05.000Z,2026-08-20T19:50:05.000Z,0.6704304869442623,14.272854921736286,14.187158592001584,0.7006306765328141,-0.060041477478403514,-0.6004147747917926,365,session_close,0.40037594844943847,-1.0008854046342885,-0.04904414735729645
STDN,2026-08-20T14:00:05.000Z,2026-08-20T19:50:05.000Z,3.550543024227215,12.443483737064566,12.85606816760821,0.803633450823989,0.33156664967403915,3.3156665710479998,350,session_close,3.507990785853754,-1.7156267615690002,0.2651990387719163
SGLY,2026-08-20T14:00:05.000Z,2026-08-20T19:50:05.000Z,16.10738255033557,3.4806995050659544,3.4292640084159727,2.872985726984315,-0.147773447735747,-1.4777344776565848,350,session_close,4.5766804833969,-4.61687384481383,-0.5745971453968632
TGHL,2026-08-20T14:00:05.000Z,2026-08-20T19:50:05.000Z,8.299299883313882,0.7475936303700698,0.7712303940548106,13.37625073402729,0.31617127758804475,3.1617128242572554,350,session_close,7.611938801800755,-7.99814604365624,0.28090126541457217
CAN,2026-08-20T14:00:05.000Z,2026-08-20T19:50:05.000Z,12.78633902540609,0.2715559209687458,0.27274305974633606,36.824827652555925,0.04371618088442675,0.4371618093817508,350,session_close,5.024408594215313,-4.402747296429544,0.03682482765255557
OPRA,2026-08-20T14:10:05.000Z,2026-08-20T19:50:05.000Z,-1.6004415011037665,17.854149911576826,18.19617438986819,0.560093870277194,0.1915658137757483,1.9156581522237124,340,session_close,2.553188422191943,-0.9754029872007797,0.19043191589424602
HELP,2026-08-20T14:30:05.000Z,2026-08-20T19:50:05.000Z,4.8387096774193505,12.372539431593685,12.477491108463164,0.808241512943412,0.0848263020989361,0.8482630219102946,320,session_close,2.3233756497253566,-2.1219526762895735,0.05657690590603792
BEEM,2026-08-20T14:30:05.000Z,2026-08-20T19:50:05.000Z,6.6115702479338845,1.3002619559863986,1.3497201825681238,7.6907579668303105,0.38037125010870143,3.8037125022400122,320,session_close,9.977838959010388,-0.020146400899645478,0.38453789834151664
BULL,2026-08-20T14:30:05.000Z,2026-08-20T19:50:05.000Z,5.092592592592582,9.091818405877632,8.978202502993094,1.0998899838833063,-0.12496499359256184,-1.2496499359367783,320,session_close,0.08998853427470976,-1.999802435122222,-0.1649834975824973
COSM,2026-08-20T13:40:05.000Z,2026-08-20T19:55:05.000Z,5.64766839378239,0.20583590409437943,0.21293233719190918,48.58233638023597,0.33643340634921093,3.3643377199071187,375,session_close,6.541179472482628,-2.155068190797993,0.2520116819011804
UZX,2026-08-20T13:45:05.000Z,2026-08-21T13:35:05.000Z,-0.9288450455947617,0.11872790568730318,0.11373080714671817,84.22619652577048,-0.2048842073111218,-2.0488420900117195,1430,session_close,2.7559606090539646,-4.571718549132675,-0.21120740575565833
KNRX,2026-08-21T13:40:05.000Z,2026-08-21T15:30:05.000Z,15.727272727272723,0.38397920364836285,0.509397954759216,26.043077051993922,3.2662902910830303,32.66290295336531,110,take_profit,32.689477752702835,-6.869956340791883,4.482013560648154
SDEV,2026-08-21T14:00:05.000Z,2026-08-21T16:20:05.000Z,8.482142857142838,1.2202953012109108,1.0897581704618438,8.194737690389156,-1.0697175453446368,-10.697175562303139,140,stop,1.614748394879184,-10.677358265791682,-0.9014211459428072
IOVA,2026-08-21T14:10:05.000Z,2026-08-21T18:40:05.000Z,-1.0567296996663034,8.901784330086072,8.14836723886924,1.1233702849019802,-0.8463663724102739,-8.46366372492814,270,stop,0.204629423028857,-8.445321771559955,-0.8537614165255043
BEKE,2026-08-21T13:35:05.000Z,2026-08-21T19:50:05.000Z,2.0306062389641166,17.363476239170126,17.776437841041137,0.5759215413876743,0.2378334822834757,2.3783348229510297,375,session_close,2.3988500637346144,-2.0357458051672883,0.23036861655507046
ELAB,2026-08-21T13:35:05.000Z,2026-08-21T19:50:05.000Z,3.2786885245901676,6.391346198456305,6.358353340541177,1.5646156016294899,-0.051621140236354904,-0.5162114035239889,375,session_close,2.4823221371111703,-7.061833054283895,-0.3129231203258982
PURR,2026-08-21T13:35:05.000Z,2026-08-21T19:50:05.000Z,8.085317460317466,10.9121826570404,10.617874557066257,0.9164069475530332,-0.2697059875374379,-2.6970598754068678,375,session_close,0.6214828425351371,-4.327114674310872,-0.2749220842659099
INV,2026-08-21T13:35:05.000Z,2026-08-21T19:50:05.000Z,8.666666666666668,1.6403340292621353,1.5196621612425938,6.096319294803535,-0.7356542373475168,-7.356542378982583,375,session_close,0,-7.335946649614089,-0.6705951224283879
PUSA,2026-08-21T13:35:05.000Z,2026-08-21T19:50:05.000Z,2.7027027027026973,3.4407193846973367,3.389099894708383,2.906368948714536,-0.15002528285237657,-1.5002528313855696,375,session_close,1.432276503624208,-4.3804614048929436,-0.1453184474357272
SKYQ,2026-08-21T13:35:05.000Z,2026-08-21T19:50:05.000Z,0.9380863039399667,2.7106304436845785,2.7493655126478167,3.6891786364278074,0.14290058889973617,1.4290058998446633,375,session_close,1.821331138313087,-3.712436858334367,0.2582425045499459
GOSS,2026-08-21T13:40:05.000Z,2026-08-21T19:50:05.000Z,0.032391441038037705,0.15813399381646534,0.15236600362602595,63.237509699078544,-0.36475333561210066,-3.647533367894239,370,session_close,1.875628454042011,-7.16733546211441,-0.3983963111041948
SXTC,2026-08-21T13:40:05.000Z,2026-08-21T19:50:05.000Z,9.779614325068863,4.010835946474813,4.078912009546253,2.493245826009198,0.1697303601040069,1.697303604034795,370,session_close,3.719026544984705,-3.5113863631993314,0.12466229130046003
AEVA,2026-08-21T13:45:05.000Z,2026-08-21T19:50:05.000Z,2.861685214626397,19.443945525723905,18.426182060566326,0.5142989102065512,-0.5234346409785859,-5.234346412928901,365,session_close,0,-7.631915671439615,-0.5451568448189459
HOLO,2026-08-21T13:45:05.000Z,2026-08-21T19:50:05.000Z,6.214689265536721,1.89040817214145,1.7774643805839985,5.2898628523183975,-0.5974571673597555,-5.974571694191797,365,session_close,0.5073945404967306,-6.369427191221455,-0.5289862852318397
STUB,2026-08-21T13:55:05.000Z,2026-08-21T19:50:05.000Z,1.171303074670571,6.92147323484,6.688650259678024,1.4447791146855997,-0.3363777719329866,-3.363777728562693,355,session_close,0,-3.34427696223476,-0.317851405230833
ADXN,2026-08-21T13:55:05.000Z,2026-08-21T19:50:05.000Z,6.345733041575463,4.890985051362585,4.938217957949814,2.0445779106010313,0.09657135746173127,0.9657135748977761,355,session_close,4.682389053174751,-6.767247249516251,-0.020445779106012196
ABUS,2026-08-21T14:00:05.000Z,2026-08-21T19:50:05.000Z,9.85324947589099,5.251114853897856,5.2089382498156835,1.9043575035023452,-0.08031933245613242,-0.803193326667859,350,session_close,0.3596406977867783,-3.068202817507637,-0.019043575035023963
PMI,2026-08-21T14:05:05.000Z,2026-08-21T19:50:05.000Z,-0.9900990099009799,3.020685282368348,3.2692465022236155,3.3105070552395945,0.8228636719898226,8.22863677014325,345,session_close,13.219341980524746,-1.3468891514725745,0.5958912699431256
ZKH,2026-08-21T14:15:05.000Z,2026-08-21T19:50:05.000Z,2.220446049250313e-14,2.9106049562856544,2.8894184394597837,3.4357118653315495,-0.07279076724369046,-0.7279076736304229,335,session_close,0,-1.738640490402854,-0.10307135595994588
NUVB,2026-08-21T14:30:05.000Z,2026-08-21T19:50:05.000Z,3.1478770131771583,7.061485405994465,6.908580616608535,1.416132641106848,-0.21653346323098385,-2.165334637045771,320,session_close,0.12057794523383514,-2.428460814333655,-0.16993591693282184
TIC,2026-08-21T14:30:05.000Z,2026-08-21T19:50:05.000Z,5.044345898004465,9.491996989070415,9.528060577773385,1.0535190845055176,0.03799367895433589,0.3799367903771457,320,session_close,1.980647603934771,-1.0745577478359913,0.06321114507032988
AIRE,2026-08-21T13:40:05.000Z,2026-08-21T19:55:05.000Z,-0.34965034965035446,1.4403319266055141,1.5696803403573931,6.942844038225949,0.6864567194663818,6.864567242922007,375,session_close,13.16835861866117,-6.271604825035215,0.713212844204854
BCTX,2026-08-24T13:30:05.000Z,2026-08-24T13:40:05.000Z,-0.49140049140048436,4.0708484898429536,3.629268771279508,2.4564903378958416,-1.0847363120618692,-10.847363139778286,10,stop,0,-10.829400576879756,-0.6141225844739591
TMCR,2026-08-24T13:30:05.000Z,2026-08-24T13:40:05.000Z,-2.287581699346397,6.011373428587415,5.308868730427581,1.6635133474279906,-1.168625942019756,-11.68625949635793,10,stop,0,-11.667440675902707,-1.0979188093024757
CAPR,2026-08-24T13:35:05.000Z,2026-08-24T13:45:05.000Z,11.049284578696339,7.0114032826958645,6.408715613238888,1.4262480129068835,-0.8595820909664934,-8.595820909979732,10,stop,0,-8.577502369320666,-0.7701739269697168
OLOX,2026-08-24T13:30:05.000Z,2026-08-24T14:10:05.000Z,11.00478468899524,2.3304914710361357,2.0295918459134596,4.290940387994652,-1.2911423541713412,-12.911423571479375,40,stop,2.553475509498737,-12.893909922894398,-1.1156445008786111
CYAB,2026-08-24T13:30:05.000Z,2026-08-24T14:50:05.000Z,7.200267916945746,0.3280802017925342,0.2997644219380069,30.480351561999637,-0.8630749247181797,-8.630749341111773,80,stop,2.9016679932078793,-8.558944318831863,-0.8534498437359908
BEZ,2026-08-24T13:30:05.000Z,2026-08-24T15:25:05.000Z,9.899328859060418,13.153013936578008,11.957551423513602,0.7602820145492214,-0.9088886477506816,-9.088886538315545,115,stop,3.5504110744026596,-9.070270451552421,-1.3989189067705663
VMAR,2026-08-24T13:40:05.000Z,2026-08-24T15:40:05.000Z,0.6706408345752424,0.6803491103972744,0.591870428871989,14.698336199845611,-1.3004894075777131,-13.004894130547221,120,stop,3.1088288761596194,-12.985849330454036,-1.0538707055289294
NCTY,2026-08-24T13:40:05.000Z,2026-08-24T17:25:05.000Z,5.622837370242206,6.1513526423088996,5.648104585694161,1.625658702667848,-0.818109582836432,-8.181095864239795,225,stop,15.584334266540667,-8.150282896490179,-1.4630928324010632
OSPR,2026-08-24T13:30:05.000Z,2026-08-24T19:50:05.000Z,-0.10050251256279452,9.962206360746599,9.847402628939426,1.0037936969199401,-0.1152392623709278,-1.152392629202368,380,session_close,0,-1.4274584925978329,-0.15056905453799097
MVIS,2026-08-24T13:35:05.000Z,2026-08-24T19:50:05.000Z,6.024096385542177,1.7703830196112857,1.6896280769123482,5.648495186495959,-0.45614390512070585,-4.561439067387154,375,session_close,0,-5.105280530262357,-0.28242475932479927
SNAP,2026-08-24T13:35:05.000Z,2026-08-24T19:50:05.000Z,-0.667938931297718,5.211048171902659,5.508897487970859,1.9189997228457758,0.5715727549846803,5.715727551208753,375,session_close,5.73688475399734,-0.020114415911764993,0.5565099196252739
ALKT,2026-08-24T13:35:05.000Z,2026-08-24T19:50:05.000Z,1.422963689892054,20.71591454338358,20.31586761681798,0.48272065105669454,-0.1931109128449765,-1.9311091756427965,375,session_close,0,-2.780058501291316,-0.2027426734438098
PSKY,2026-08-24T13:40:05.000Z,2026-08-24T19:50:05.000Z,-0.48309178743960457,10.31209171342007,10.397896039989147,0.9697353623358675,0.0832074897154491,0.8320748976409128,370,session_close,2.113133713661064,-1.571860665369429,0.11636824348030217
JMKE,2026-08-24T13:40:05.000Z,2026-08-24T19:50:05.000Z,0.37720033528920727,23.98481289192633,23.48524203369206,0.41693049863034964,-0.20828632702480654,-2.0828632705424814,370,session_close,0,-3.8975200521201625,-0.175110809424746
INCR,2026-08-24T13:45:05.000Z,2026-08-24T19:50:05.000Z,18.365429779239072,5.091050351594789,5.348702343219934,1.9642312089398777,0.5060880829956252,5.060880836592676,365,session_close,5.479216058388214,-6.699017453008571,0.41248855387737393
XHLD,2026-08-24T13:50:05.000Z,2026-08-24T19:50:05.000Z,-0.13054830287205776,7.671589176205721,7.537913854584602,1.3035108835225488,-0.17424723659150607,-1.7424723685117032,360,session_close,3.4987643059248397,-2.4973857672143773,-0.31284261204541153
STLA,2026-08-24T13:50:05.000Z,2026-08-24T19:50:05.000Z,-2.957486136783738,5.261058248430405,5.218951819587521,1.9007582743631393,-0.08003414302699506,-0.8003414304611891,360,session_close,0.16996108287266054,-2.1109488469081006,-0.03801516548726269
F,2026-08-24T13:50:05.000Z,2026-08-24T19:50:05.000Z,-2.498265093684937,14.062813452361631,13.947209128982108,0.7110952608216526,-0.08220568648567288,-0.8220568648737174,360,session_close,0,-2.0110730567512225,-0.07110952608216614
ZSTK,2026-08-24T13:40:05.000Z,2026-08-24T19:55:05.000Z,1.0615711252653925,4.811016183220113,4.907985029952417,2.0785629470722773,0.20155585183809638,2.0155585231766993,375,session_close,8.916698685739167,-6.048954568789888,0.22864192417794982
NXGL,2026-08-24T13:55:05.000Z,2026-08-24T19:55:05.000Z,-2.9090909090909056,0.3215931800043048,0.3712186636212891,31.095185972438646,1.18540814619117,11.854081770471321,360,session_close,15.456428520974796,-1.17949640731001,1.2045625919266651
RCON,2026-08-25T13:30:05.000Z,2026-08-25T13:35:05.000Z,7.665505226480818,3.1006470301536266,2.639470779871156,3.2251332978423815,-1.4873548809600885,-14.873548836663975,5,stop,0,-14.856480782038673,-1.257801986158528
FNGR,2026-08-25T13:30:05.000Z,2026-08-25T13:45:05.000Z,0.20470829068577334,0.19714070072260925,0.17446481685526616,50.72519246370896,-1.1502385734556915,-11.502385749987592,15,stop,0,-11.48453903208263,-0.7811679639411189
NCPL,2026-08-25T13:35:05.000Z,2026-08-25T14:25:05.000Z,1.681658193195168,0.26138113607027225,0.3419313502325465,38.258306652392164,3.081715027102711,30.81715132828,50,take_profit,30.8434132400639,0,3.389685969401947
GRML,2026-08-25T13:50:05.000Z,2026-08-25T14:50:05.000Z,2.8070175438596356,8.831775066004838,11.207680769065066,1.1322752134424592,2.6901812671629495,26.90181267718091,60,take_profit,26.928051453092337,0,2.162645657675098
RIME,2026-08-25T13:30:05.000Z,2026-08-25T15:40:05.000Z,-2.8887523048555686,0.31949078011398296,0.29032786354825374,31.29980701511104,-0.9127936605051095,-9.127936823505495,130,stop,3.1641663907829853,-9.105358252781004,-0.8357048473034663
AXTL,2026-08-25T13:30:05.000Z,2026-08-25T19:50:05.000Z,9.818181818181815,3.050646046590128,2.899309923771288,3.2779941763970477,-0.4960789292786663,-4.960789305202965,380,session_close,2.9290173964871435,-6.249366320397076,-0.3933593011676457
COHX,2026-08-25T13:30:05.000Z,2026-08-25T19:50:05.000Z,9.31506849315069,24.004980207738434,23.575025772827676,0.41658022201569345,-0.17911051395175578,-1.7911051423077406,380,session_close,1.228994107508008,-4.7697610988628565,0.033326417761255556
AVXL,2026-08-25T13:30:05.000Z,2026-08-25T19:50:05.000Z,9.0032154340836,3.4108936295493124,3.5592667862858653,2.9317829646639257,0.4349978933336365,4.349979004069902,380,session_close,7.010079950288017,0,0.2638604668197537
BEX,2026-08-25T13:35:05.000Z,2026-08-25T19:50:05.000Z,9.869646182495352,23.634733348658813,23.965170974950382,0.42310610624869366,0.13981017741828697,1.3981017742699464,375,session_close,2.6455413823260665,-4.716504866859728,0.14808713718704247
SMCX,2026-08-25T13:35:05.000Z,2026-08-25T19:50:05.000Z,9.79667282809611,11.902382705993928,12.547467540880831,0.8401679097840534,0.5419795773603209,5.419795773849927,375,session_close,7.961576412165439,0,0.5797158577509975
SMTG,2026-08-25T13:35:05.000Z,2026-08-25T19:50:05.000Z,9.540034071550242,6.492223608747915,6.298484364681953,1.540304233818274,-0.29841737789155315,-2.9841739247075374,375,session_close,1.5060539677089313,-6.349498008547738,-0.20023955039637542
BZ,2026-08-25T13:35:05.000Z,2026-08-25T19:50:05.000Z,4.145077720207246,16.113226326639136,16.126770519474196,0.6206081759634807,0.008405636810263906,0.08405636810715918,375,session_close,1.9038624986834174,-2.2542122804955156,-0.07447298111561906
PFXF,2026-08-25T13:35:05.000Z,2026-08-25T19:50:05.000Z,0.3353828954723248,17.974010573692922,17.956167802763428,0.5563588553191022,-0.009926983610054447,-0.09926983661403521,375,session_close,0.08895858963429149,-0.3561284969232692,0
EHTH,2026-08-25T13:50:05.000Z,2026-08-25T19:50:05.000Z,-0.40650406504064707,1.241798,1.1894307082405344,5,-0.26183645879732764,-4.217053962034528,360,session_close,0,-4.171209810291209,-0.20000000000000018
ILLR,2026-08-25T13:50:05.000Z,2026-08-25T19:50:05.000Z,-0.2618127415534244,0.8142182175151397,0.8385965100933099,12.281719571498115,0.2994073530770209,2.9940735854042675,360,session_close,15.841181112170588,-3.858697439983949,0.12281719571498151
EIKN,2026-08-25T14:10:05.000Z,2026-08-25T19:50:05.000Z,4.659498207885293,11.742438331798624,12.437268794036093,0.8516118800421848,0.5917258762566314,5.917258772020649,340,session_close,8.410192502583147,-0.8723770047079582,0.5450316032269971
EYPT,2026-08-25T14:10:05.000Z,2026-08-25T19:50:05.000Z,7.186858316221767,5.231126575808882,5.048970168955983,1.9116341044135083,-0.34821639967742407,-3.482164008328021,340,session_close,0.7431176368563941,-4.991784695412472,-0.3632104798385676
RR,2026-08-25T14:10:05.000Z,2026-08-25T19:50:05.000Z,6.481481481481488,1.7303901908814194,1.939608580405996,5.779043359755261,1.2090821447206934,12.090821516851392,340,session_close,14.42505918225503,-1.7562623182658887,1.271389539146158
IXHL,2026-08-25T14:10:05.000Z,2026-08-25T19:50:05.000Z,4.41988950276242,3.8017716739506477,3.767246720148336,2.6303522716851035,-0.0908127906637335,-0.9081280193356439,340,session_close,2.0576808066977037,-2.15088335027952,-0.2367317044516586
UZX,2026-08-25T14:10:05.000Z,2026-08-26T13:35:05.000Z,-0.9243697478991564,0.11934793510301787,0.11640735966755765,83.788623411705,-0.1357478046268082,-1.3574781563172922,1405,session_close,1.3842425472682995,-2.805188962949401,0.0864074857528756
RZLVW,2026-08-25T14:10:05.000Z,2026-08-26T14:15:05.000Z,18.589147286821706,0.770303848889422,0.7981327184700927,12.981888007381189,0.3972353360034493,3.9723540361541123,1445,time,5.789423378173941,-2.077602093316222,0.4841660802583423
CRMX,2026-08-26T13:50:05.000Z,2026-08-26T14:40:05.000Z,9.826589595375722,7.641540145267864,7.006327320946681,1.3086367154648304,-0.8312628240408112,-8.312628243071494,50,stop,0,-8.264566216523184,-0.83752749789749
OLOX,2026-08-26T14:00:05.000Z,2026-08-26T15:05:05.000Z,7.070707070707072,1.6103225127209613,1.4497038807136824,6.209936158977992,-0.9974314507075809,-9.974314507711977,65,stop,4.947921093421703,-9.95592568907606,-0.8693910622569199
EXYN,2026-08-26T15:10:05.000Z,2026-08-26T15:25:05.000Z,18.633540372670797,3.840769532993003,3.389310315652364,2.6036448980596383,-1.1754394879109524,-11.754394880049722,15,stop,0,-11.736437948718336,-1.119567306165644
VMAR,2026-08-26T13:50:05.000Z,2026-08-26T16:10:05.000Z,9.99721526037316,7.942510217633673,10.007944424872273,1.259047751763774,2.6004819381413387,26.00482033612191,140,take_profit,26.03068457848705,0,2.732133621327389
CISS,2026-08-26T13:50:05.000Z,2026-08-26T16:10:05.000Z,10.861423220973787,2.980660635269889,2.738949122925316,3.35496092161473,-0.8109326782204388,-8.109326821189317,140,stop,0,-8.074070305829961,-0.7380914027552414
YJ,2026-08-26T14:00:05.000Z,2026-08-26T18:25:05.000Z,8.955223880596996,2.9406052235767435,2.698109737748314,3.4006604857279004,-0.8246448166241299,-8.246448176184462,265,stop,2.3598807438303337,-8.182166774637235,-0.884171726289253
CLGN,2026-08-26T14:00:05.000Z,2026-08-26T19:35:05.000Z,8.62068965517242,0.317760085,0.29176207725,23.400000000000002,-0.6593511594750003,-8.867507691396833,335,stop,0,-9.334112873238942,
BTDR,2026-08-26T13:50:05.000Z,2026-08-26T19:50:05.000Z,-1.7714791851195733,11.10224661017894,10.69784278246214,0.900718597439595,-0.36425404850028,-3.642540486769843,360,session_close,0.24997994365947296,-3.8933256065726396,-0.35128025300144117
NUWE,2026-08-26T13:50:05.000Z,2026-08-26T19:50:05.000Z,4.045037531276052,1.0008018022333107,0.9938845305939215,9.991988397997234,-0.06911729796657286,-0.6911729799000388,360,session_close,8.912673575091667,-2.4382252488811984,0.05095914082978581
ADIG,2026-08-26T14:00:05.000Z,2026-08-26T19:50:05.000Z,-0.9878760664571273,22.114666566776133,21.315524581999576,0.45218859377612564,-0.36136289032357366,-3.613628911670525,350,session_close,0,-5.899553415542758,-0.4974074531537376
BBWI,2026-08-26T14:00:05.000Z,2026-08-26T19:50:05.000Z,0.5119453924914863,17.683542535663573,18.926210487811804,0.565497551132178,0.7027256838102635,7.027256838623034,350,session_close,8.123131784479432,0,0.7408017919831522
NXXT,2026-08-26T14:00:05.000Z,2026-08-26T19:50:05.000Z,3.734622144112487,0.2394501018559956,0.2371438530857946,41.7623542569826,-0.0963143781458645,-0.9631437833290072,350,session_close,1.5660457502162828,-4.113634439762914,-0.3591562466100502
AGEN,2026-08-26T14:10:05.000Z,2026-08-26T19:50:05.000Z,-2.8110047846889863,8.1416886964901,8.138195731913802,1.2282464188105067,-0.004290221231869428,-0.042902212385047066,340,session_close,2.804225413436967,-1.0033384907643939,-0.012282464188103859
AMRX,2026-08-26T14:10:05.000Z,2026-08-26T19:50:05.000Z,0.05580357142855874,17.954676673383904,17.916322931309274,0.556957946066953,-0.02136142140986763,-0.21361421746728423,340,session_close,0.5866066459009334,-0.6387008547689477,-0.02784789730334758
SFL,2026-08-26T14:10:05.000Z,2026-08-26T19:50:05.000Z,-1.1456628477905073,12.092486068791594,11.97753458451142,0.8269598105416122,-0.09506025766181034,-0.9506025777184277,340,session_close,0.8064010217061268,-1.7571743939402085,-0.07442638294874371
PDYN,2026-08-26T14:10:05.000Z,2026-08-26T19:50:05.000Z,1.5358361774743923,5.971335933031001,5.998673387062534,1.674667119545853,0.04578113539870524,0.45781135642216597,340,session_close,1.3173612714344474,-1.3621061340911012,0.06698668478183478
VVOS,2026-08-26T14:10:05.000Z,2026-08-26T19:50:05.000Z,-1.9230769230769162,0.2616582308064707,0.2513612589363875,38.21779241911715,-0.3935275334763289,-3.9352753545517647,340,session_close,1.124279249485971,-3.920469375204927,-0.4662570675132276
SMTK,2026-08-26T14:10:05.000Z,2026-08-26T19:50:05.000Z,10.270270270270277,4.100865436691514,3.9589749763936135,2.438509658751465,-0.3460012579211212,-3.460012587303385,340,session_close,10.220636833346909,-5.141974052716913,-0.43893173857526335
XPEV,2026-08-26T15:10:05.000Z,2026-08-26T19:50:05.000Z,2.025862068965534,11.842383669843846,11.727639606399002,0.8444245918835311,-0.0968927089454704,-0.9689270897128183,280,session_close,0,-1.2867651825188342,-0.10133095102602319
GRO,2026-08-26T15:10:05.000Z,2026-08-26T19:50:05.000Z,0.20080321285140812,2.5106236242814832,2.478732279397222,3.9830740788534045,-0.12702558914827428,-1.2702559067724872,280,session_close,0,-3.211298718841493,-0.11949222236560075
AEON,2026-08-26T13:50:05.000Z,2026-08-26T19:55:05.000Z,9.768758848513448,0.23575401846315533,0.24500175403457142,42.41709218073589,0.28543464543461267,2.8543464734329786,365,session_close,3.964293630186977,-7.5731555201234535,0.40501263102543206
YAAS,2026-08-27T13:30:05.000Z,2026-08-27T13:35:05.000Z,4.761904761904745,2.650534217989337,2.2995349079313843,3.772824334400706,-1.3242587383445033,-13.242587387693364,5,stop,0,-13.225040280945644,0.07545648668801519
LNAI,2026-08-27T13:35:05.000Z,2026-08-27T13:45:05.000Z,4.166666666666674,2.5205206632238157,2.3089791723720445,3.96743424176116,-0.8392769543585222,-8.392769555049146,10,stop,0,-8.352268890132963,-0.5554407938465626
EPOW,2026-08-27T13:55:05.000Z,2026-08-27T14:40:05.000Z,6.919850885368106,0.46269651775838816,0.4022161592749303,21.612438387087078,-1.307128021352672,-13.071280237090441,45,stop,0,-13.053160212008807,-0.8644975354834834
USDE,2026-08-27T13:50:05.000Z,2026-08-27T14:55:05.000Z,4.1806020066889715,6.261259933651586,8.238351136831009,1.597122640397666,3.157657156309876,31.576571571151618,65,take_profit,31.6029056023299,-0.4992594778500892,2.986619337543635
BRNX,2026-08-27T14:15:05.000Z,2026-08-27T16:00:05.000Z,17.62820512820513,7.381491372047317,8.83823167609027,1.3547397797767806,2.7433067735195182,27.433067746740146,105,take_profit,30.190492891338128,-2.7296837710918065,2.3970027907879423
MTLS,2026-08-27T13:30:05.000Z,2026-08-27T19:50:05.000Z,7.6461769115442335,7.222759286715452,7.378072688117908,1.3845123320553752,0.21503331957516658,2.150333345430988,380,session_close,2.4539197036586913,-3.7763862242665036,0.42919882293716505
PURR,2026-08-27T13:30:05.000Z,2026-08-27T19:50:05.000Z,5.795847750865057,12.2524666167844,12.997399209338468,0.8161621908498334,0.6079858167743748,6.0798581694040355,380,session_close,14.834020283930416,-0.9995262228801649,0.7835157032158389
EOSE,2026-08-27T13:30:05.000Z,2026-08-27T19:50:05.000Z,4.790419161676662,3.510751269958889,3.419295676406844,2.8483931788419397,-0.2605014888405862,-2.6050148962309163,380,session_close,0,-3.439470947205636,-0.22787145430735656
TITN,2026-08-27T13:30:05.000Z,2026-08-27T19:50:05.000Z,-1.9138755980861233,18.573928915835992,18.046281201048103,0.5383890517096251,-0.28407975280140246,-2.8407975349686025,380,session_close,1.4863364957137915,-7.020210542123229,0.425327350850603
FNGR,2026-08-27T13:30:05.000Z,2026-08-27T19:50:05.000Z,-0.43290043290045155,0.16216765627713464,0.1728126805635458,61.664571854151724,0.6564208649985904,6.564209245411706,380,session_close,10.872910250816448,0,0.5118159463894596
OWL,2026-08-27T13:45:05.000Z,2026-08-27T19:50:05.000Z,2.2881355932203418,12.082443692160094,12.057582440185076,0.8276471424280054,-0.020576344154306425,-0.20576344163846483,365,session_close,0.9729514230319536,-0.6823428625915229,-0.04965882854567916
VNCE,2026-08-27T13:55:05.000Z,2026-08-27T19:50:05.000Z,19.32176656151419,7.60163153339664,7.628065314377578,1.3155070624731287,0.03477382556829131,0.34773825677822884,355,session_close,1.1624934228280592,-3.3102306036688955,0.026310141249460628
LASE,2026-08-27T14:00:05.000Z,2026-08-27T19:50:05.000Z,13.475177304964546,1.610333825708463,1.5696669921015713,6.2098925236037505,-0.2525366659740739,-2.525366663586062,350,session_close,3.7052053020923736,-4.98864424419081,-0.2483957009441493
GNS,2026-08-27T14:05:05.000Z,2026-08-27T19:50:05.000Z,11.188405797101453,0.1925457253881896,0.19014498252683606,51.935714961729644,-0.12468429694366404,-1.246842980550938,345,session_close,2.884652256295217,-4.07473361061218,-0.21293643134309015
SNAP,2026-08-27T14:15:05.000Z,2026-08-27T19:50:05.000Z,1.6605166051660403,5.521105811349494,5.3489256328923656,1.8112313621641174,-0.3118581391645651,-3.1185813918506144,335,session_close,0.7044637429435285,-3.099122117851094,-0.2897970179462579
TE,2026-08-27T14:25:05.000Z,2026-08-27T19:50:05.000Z,6.873614190687372,4.830970447425844,4.889016181178089,2.0699774728447684,0.12015336126189348,1.2015336128411815,325,session_close,2.670882672091457,-1.2620745270410794,0.08279909891379056
SOFI,2026-08-27T15:00:05.000Z,2026-08-27T19:50:05.000Z,2.866242038216571,19.393880721669646,19.06618228258888,0.5156265599048306,-0.16897001882939822,-1.6897001883414402,290,session_close,0,-1.9793909593386227,-0.1340629055752558
PBR,2026-08-27T15:00:05.000Z,2026-08-27T19:50:05.000Z,-0.5067567567567544,17.68356218919109,18.286337954289927,0.5654969225108096,0.340867840127491,3.4086784022920336,290,session_close,3.8252350039652994,-0.13324345479154287,0.3279882150562692
BANC,2026-08-27T15:00:05.000Z,2026-08-27T19:50:05.000Z,-0.8235919234856559,18.68388389824321,18.746222738817004,0.5352206231854058,0.03336503310056175,0.333650331554756,290,session_close,0.5144331996508988,-0.02078742441540271,0.021408824927416248
OPXS,2026-08-27T14:25:05.000Z,2026-08-27T19:55:05.000Z,2.4878048780487605,10.532269899094777,10.217873262011688,0.949462942201431,-0.29850795606314506,-2.98507957064517,330,session_close,0,-2.9648869815006806,-0.41776369456862916
DFDVW,2026-08-28T13:35:05.000Z,2026-08-28T13:45:05.000Z,6.874999999999987,0.8620708202762702,0.7917185623849862,11.599956746081284,-0.816083148528051,-8.160844357165237,10,stop,0,-8.116597689021244,-1.2759952420689409
EMAT,2026-08-28T13:30:05.000Z,2026-08-28T14:05:05.000Z,7.2555205047318605,3.442331622267042,3.14931455422072,2.905006797563011,-0.8512165744765494,-8.512168500876385,35,stop,0,-8.492256247947406,-0.4067009516588218
RGNX,2026-08-28T13:30:05.000Z,2026-08-28T14:10:05.000Z,7.790821771611545,10.15216175896961,9.287961154932914,0.9850118831610308,-0.8512478644110868,-8.51247866764101,40,stop,0,-8.49239580139547,-0.807709744192044
WHLR,2026-08-28T13:55:05.000Z,2026-08-28T14:40:05.000Z,13.392857142857139,1.2802577990014157,1.1697591877389855,7.810926834399869,-0.8630965678736356,-8.630965681179031,45,stop,2.323141559597053,-8.612156011657602,-0.9373112201279845
DFDVW,2026-08-28T14:15:05.000Z,2026-08-28T14:40:05.000Z,0,0.8038851158776369,0.7553426299667964,12.439587763695405,-0.8606729135898306,-8.606729608503887,25,stop,0,-12.300901450287416,-1.542750531643449
EXYN,2026-08-28T13:35:05.000Z,2026-08-28T14:55:05.000Z,9.955423476968805,3.780874737367491,3.4687338198087914,2.6448905668549316,-0.8255785683804473,-8.255785743804722,80,stop,0,-8.222296663124663,-0.5025292077024375
MSS,2026-08-28T13:55:05.000Z,2026-08-28T14:55:05.000Z,9.904153354632594,1.730372368414421,1.5796722107852899,5.779102897004144,-0.8709117175334928,-8.70911720390109,60,stop,0,-8.690173927835577,-1.0402385214607452
XPON,2026-08-28T13:35:05.000Z,2026-08-28T16:40:05.000Z,8.030112923462983,8.641754385437208,7.8581973870343464,1.1571724383479236,-0.9067105624264195,-9.067105629885585,185,stop,22.775995784832915,-9.046246289464023,-0.91416622629486
HYLN,2026-08-28T13:30:05.000Z,2026-08-28T19:50:05.000Z,9.237536656891487,3.7618019168724963,3.499285612589561,2.6583001665337935,-0.6978471353931635,-6.978472287588909,380,session_close,0,-7.491141827764869,-0.47849402997608337
UMC,2026-08-28T13:30:05.000Z,2026-08-28T19:50:05.000Z,8.96696381751443,20.804168165095774,19.88602039387018,0.480672907460488,-0.4413287586733736,-4.413287587080836,380,session_close,0,-5.643908258085217,-0.4614459911620692
LCID,2026-08-28T13:30:05.000Z,2026-08-28T19:50:05.000Z,-0.5893909626718985,5.081066555728664,4.978989701855886,1.96809072847814,-0.20089650969923248,-2.008965101189065,380,session_close,0.7662455085820641,-2.5795087368200686,-0.13776635099347168
PD,2026-08-28T13:35:05.000Z,2026-08-28T19:50:05.000Z,8.551068883610458,13.742759757916838,13.707234752045657,0.7276558838570107,-0.025849979546219475,-0.258499795506617,375,session_close,2.817776406664496,-2.9307050767937604,0.07276558838570146
AAOZ,2026-08-28T13:35:05.000Z,2026-08-28T19:50:05.000Z,7.749381698268754,13.10264770137221,13.617226669867073,0.7632045235162389,0.39272899646159976,3.92728996629416,375,session_close,4.864301575940577,-2.6151027577145713,0.3129138546416588
XTNT,2026-08-28T13:35:05.000Z,2026-08-28T19:50:05.000Z,7.333333333333325,0.35858151632102564,0.40290962073059267,27.88766147332299,1.2362071695281214,12.362071772233127,375,session_close,19.331304187167287,-5.460827016943881,1.271677363183528
KLC,2026-08-28T13:45:05.000Z,2026-08-28T19:50:05.000Z,-0.19762845849802257,2.54053096258616,2.5692922069815043,3.93618504492703,0.11320958006244529,1.1320958027634669,365,session_close,3.915285382414102,-0.020899669950080746,0.19680925224635182
KLAR,2026-08-28T13:45:05.000Z,2026-08-28T19:50:05.000Z,5.710206995003575,14.822971611836696,14.267140078055684,0.6746285603748277,-0.37497982744561636,-3.749798274842269,365,session_close,0.9244326424661109,-4.000355848777215,-0.3777919938099039
EPOW,2026-08-28T13:50:05.000Z,2026-08-28T19:50:05.000Z,7.901785714285725,0.4857991168346213,0.4986935270322108,20.584640122143572,0.2654267935046785,2.6542679372509266,360,session_close,9.757301222413538,-5.7841020827106515,0.6216561316887361
AGEN,2026-08-28T14:15:05.000Z,2026-08-28T19:50:05.000Z,1.2804097311139628,7.931688353310347,7.688426059580345,1.2607656185018652,-0.30669673621268806,-3.066967370553263,335,session_close,0.23086694627898474,-4.0557361684046445,-0.3277990608104844
NABL,2026-08-28T14:15:05.000Z,2026-08-28T19:50:05.000Z,8.860759493670866,4.31087005794973,4.229114788026211,2.319717333577589,-0.18964911675290028,-1.8964911682446222,335,session_close,0.21178884836563494,-4.195674087094902,-0.06959152000732871
SLGB,2026-08-28T13:30:05.000Z,2026-08-28T19:55:05.000Z,7.0717131474103745,0.5479934399999999,0.5042620317647059,5,-0.21865704117647045,-7.9802795148960355,385,session_close,0,-7.955102528234647,-0.1875
DWTX,2026-08-28T13:55:05.000Z,2026-08-28T19:55:05.000Z,9.913793103448265,2.5807101967336816,2.6686869345591884,3.8749022674077023,0.34090126087918904,3.409012679411115,360,session_close,3.4598926830036625,-6.227363186191425,0.2712431587185389
PASW,2026-08-31T13:30:05.000Z,2026-08-31T13:35:05.000Z,8.339709257842376,0.1428341770118943,0.13097239333215824,70.01125441458018,-0.8304583550127164,-8.30458362829247,5,stop,0,-8.285255853652462,-0.44107090281185535
CVKD,2026-08-31T15:05:05.000Z,2026-08-31T15:55:05.000Z,3.2467532467532534,1.6103690967963622,2.1195754418192783,6.20975647933427,3.162047484756432,31.62047505957681,50,take_profit,31.64683824456691,-5.6117008812539115,3.1669758044604777
AIM,2026-08-31T15:00:05.000Z,2026-08-31T16:00:05.000Z,3.482972136222884,0.2686550035067224,0.24524810047303802,37.222459510106916,-0.8712625004283151,-8.712625012807056,60,stop,2.6223209697642247,-8.693306732378803,-0.9119502579976189
MEDS,2026-08-31T15:05:05.000Z,2026-08-31T16:25:05.000Z,5.663127212159069,1.0302170322798727,0.9455192539086161,9.706692535751754,-0.8221352931110326,-8.221352949661508,80,stop,0,-8.194101789703245,-0.47465726499826033
GMEU,2026-08-31T13:30:05.000Z,2026-08-31T19:50:05.000Z,8.200000000000006,5.431194624515371,5.238350505645777,1.8412155423154755,-0.3550675889068282,-3.550675904691979,380,session_close,0.5303690527790561,-4.993277598472535,-0.38665526388624905
SHMD,2026-08-31T13:30:05.000Z,2026-08-31T19:50:05.000Z,7.820299500831962,3.2631495851569277,3.069168421796684,3.064521664942363,-0.59445947770819,-5.944599176286759,380,session_close,2.3550993553173694,-5.919115263226249,-0.5822591163390491
GME,2026-08-31T13:30:05.000Z,2026-08-31T19:50:05.000Z,4.644655847789592,18.73376660931192,18.346325764224076,0.533795483115339,-0.20681417308228134,-2.068141731280356,380,session_close,0.03327355794524589,-2.689083406545245,-0.19750432875267698
PURR,2026-08-31T13:30:05.000Z,2026-08-31T19:50:05.000Z,5.4263565891472965,12.26246592167351,12.047585535250642,0.8154966596108387,-0.17523423734373497,-1.7523423738374986,380,session_close,0.9584864828757977,-7.685778110973029,0.29357879745990445
ATTO,2026-08-31T15:00:05.000Z,2026-08-31T19:50:05.000Z,-2.0772946859903163,20.356544451657502,21.43461944408592,0.49124249121868785,0.5295962450011048,5.295962657064022,290,session_close,5.322394235011152,-1.2602554046770575,0.33895731894089565
ZDGE,2026-08-31T15:00:05.000Z,2026-08-31T19:50:05.000Z,5.226480836236935,3.0406991201305376,3.0283935167119322,3.288717342955256,-0.040469651378296785,-0.40469651657205186,290,session_close,0,-2.9828377141978946,0.03288717342955216
GPRO,2026-08-31T15:00:05.000Z,2026-08-31T19:50:05.000Z,18.63643940656776,0.713243430104771,0.8438308032050345,14.020458619922444,1.8308948608366171,18.30894861254887,290,session_close,18.332670779178663,-1.8427691794988377,2.1325117560902047
SLI,2026-08-31T15:00:05.000Z,2026-08-31T19:50:05.000Z,4.509803921568634,2.680565464489213,2.6894279731586828,3.7305561491716843,0.03306208621397794,0.3306208629065723,290,session_close,0.3519606454597257,-1.5133174334521438,0.11191668447515113
BMNR,2026-08-31T15:05:05.000Z,2026-08-31T19:50:05.000Z,1.5126050420168013,24.17483894363052,25.15496666946282,0.41365322114070796,0.40543299091984775,4.054329909364464,285,session_close,4.075150443263031,-0.930053532744457,0.430199349986335
TCAN,2026-08-31T13:30:05.000Z,2026-09-01T13:30:05.000Z,7.837866896032675,20.156529190088772,19.695258892816195,0.49611713920997325,-0.22884410028540486,-2.288441094806092,1440,time,0.6125598745043037,-2.264919648533803,-0.1587574845471913
BLSM,2026-09-01T13:30:05.000Z,2026-09-01T13:40:05.000Z,9.781420765027327,20.186535190549584,18.556076540775155,0.4953796926822908,-0.8076961048564394,-8.07696137243867,10,stop,0,-8.057525351408767,-0.5944556312187501
FTCI,2026-09-01T13:30:05.000Z,2026-09-01T13:45:05.000Z,8.936170212765958,2.5808819071170888,2.369012414590376,3.8746443561520723,-0.8209189334594316,-8.209189732488632,15,stop,0,-8.170924308297744,-0.5811966534228112
AMBR,2026-09-01T13:35:05.000Z,2026-09-01T14:00:05.000Z,8.62068965517242,1.2702582705183671,1.0397904619221618,7.872414787807104,-1.8143381845062638,-18.14338185746714,25,stop,0,-18.126886150830046,-1.7319312533175637
ATER,2026-09-01T13:35:05.000Z,2026-09-01T14:05:05.000Z,9.999999999999986,0.44804873,0.38363762021338504,18.400000000000002,-1.1851644200737155,-14.375916161310167,30,stop,0,-14.339674615303565,-0.5520000000000005
ZEO,2026-09-01T13:45:05.000Z,2026-09-01T14:15:05.000Z,9.29743374000842,0.26608526499999996,0.22455476106698877,27.25,-1.131706232174555,-15.607968345414092,30,stop,18.007286123115485,-15.590966677542239,-0.8992500000000012
SST,2026-09-01T13:30:05.000Z,2026-09-01T19:50:05.000Z,8.92857142857142,2.4607257944388694,2.599148985337636,4.063841547179246,0.5625299142675315,5.6252993003770175,380,session_close,9.317340683764108,-7.344410126772427,0.4876609856615115
CAPR,2026-09-01T13:30:05.000Z,2026-09-01T19:50:05.000Z,8.779011099899092,10.822224770388075,9.918007776132903,0.9240244220223579,-0.8355185854994294,-8.355185864641285,380,stop,0,-8.3367772295467,-0.44353172257073226
RGTZ,2026-09-01T13:30:05.000Z,2026-09-01T19:50:05.000Z,8.479532163742686,3.721060365510287,3.7191173817231693,2.6874059475953933,-0.005221586185581416,-0.05221586312135002,380,session_close,1.5839472811570499,-2.715902339209375,0.18811841633167603
BMNZ,2026-09-01T13:30:05.000Z,2026-09-01T19:50:05.000Z,8.347826086956523,6.243721771488924,6.668113063744578,1.6016084639825086,0.679708685717129,6.797088464024398,380,session_close,8.2687577602927,-0.700251758311421,0.8808846551903802
MSTZ,2026-09-01T13:35:05.000Z,2026-09-01T19:50:05.000Z,9.7938144329897,5.331068940655923,5.328926204414057,1.8757964134793885,-0.004019336957524141,-0.040193369579687825,375,session_close,2.7936434700421175,-4.89712182607418,0.018757964134795913
CRCD,2026-09-01T13:35:05.000Z,2026-09-01T19:50:05.000Z,9.302325581395344,2.3604891821124783,2.3892688745022745,4.236410003778333,0.12192257674579611,1.2192257692975483,375,session_close,3.7920452491722934,-3.4098517681172336,0.1270923001133486
GDXD,2026-09-01T13:35:05.000Z,2026-09-01T19:50:05.000Z,8.343023255813954,18.66374527049813,19.136099226962838,0.535798139850308,0.2530863712247241,2.5308637126084257,375,session_close,2.551763981984312,-6.181745698822083,0.14466549775958448
LITZ,2026-09-01T13:45:05.000Z,2026-09-01T19:50:05.000Z,9.884467265725272,8.5817409201679,8.537926141148082,1.1652647274176013,-0.051055816531389374,-0.5105581656147186,365,session_close,2.543296073168233,-1.4186040023859925,-0.034957941822526095
CRK,2026-09-01T13:45:05.000Z,2026-09-01T19:50:05.000Z,9.632709632709634,15.833173812154605,15.976793110128117,0.6315853105417238,0.09070783891038482,0.9070783891935804,365,session_close,1.1799667587933271,-3.6200816017986193,0.10736950279209267
CAST,2026-09-01T13:45:05.000Z,2026-09-01T19:50:05.000Z,9.375,1.410301200077309,1.4095338094278484,7.090683869778487,-0.005441324499948545,-0.05441324515773323,365,session_close,3.523984799840396,-4.984835868639637,0.14181367739556983
KUST,2026-09-01T14:30:05.000Z,2026-09-01T19:50:05.000Z,-1.6397150288363638,0.8737938303709943,0.9242566323885916,11.444347171949847,0.5775138255587539,5.775138283612255,320,session_close,6.913091799167148,-3.512708525071917,0.43145188838250803
ASTN,2026-09-01T14:30:05.000Z,2026-09-01T19:50:05.000Z,10.258780036968563,5.98138826305681,5.937178643939578,1.6718526679064782,-0.07391196966827297,-0.7391197021983349,320,session_close,0,-2.3638034656615514,0.016718526679065704
NBIZ,2026-09-01T14:30:05.000Z,2026-09-01T19:50:05.000Z,9.612817089452609,8.231764570402726,7.86827159873922,1.2148063618183758,-0.4415735744530937,-4.415735758168346,320,session_close,0,-6.216948577985015,-0.3765899721636963
GAME,2026-09-01T13:45:05.000Z,2026-09-01T19:55:05.000Z,9.122807017543867,3.1414016483780385,2.979335772123365,3.1832920523100157,-0.525939930812668,-5.259399886452715,370,session_close,0.5920399141435606,-6.092874130783699,-0.4238279668003031
SMZ,2026-09-01T13:35:05.000Z,2026-09-02T13:35:05.000Z,8.456193865446537,19.254658865719577,17.78528708471799,0.5193548204652993,-0.7631253175188567,-7.631253252778285,1440,time,1.429997468148514,-7.866453912700743,-0.8205806163351728
BGIN,2026-09-01T13:45:05.000Z,2026-09-02T13:40:05.000Z,9.424083769633507,2.131713623251177,1.8895071541167927,4.6910593563996175,-1.136204923213368,-11.362054756913533,1435,stop,0,-11.338935052754795,-0.9851224648439203
MOVE,2026-09-02T13:40:05.000Z,2026-09-02T13:55:05.000Z,9.289617486338786,14.062921099987118,12.516768643423033,0.7110898164600432,-1.0994532665574004,-10.994532683295093,15,stop,4.032440315784758,-10.971554835705732,-0.7466443072830451
BRNX,2026-09-02T13:40:05.000Z,2026-09-02T14:00:05.000Z,9.659090909090896,3.8810584088329847,3.5492460240904524,2.576616672073583,-0.8549533225281029,-8.549533394997438,20,stop,0,-8.530106325622977,-0.5410895011354526
AXTL,2026-09-02T13:40:05.000Z,2026-09-02T14:50:05.000Z,9.183673469387754,2.1605642405859444,1.9792314685932537,4.628420508058144,-0.8392843206740012,-8.392843340937334,70,stop,1.3624107472070657,-8.357272475127864,-0.7868314863698842
XTLB,2026-09-02T13:55:05.000Z,2026-09-02T15:00:05.000Z,15.086206896551735,2.69066088033047,2.5789731601896504,3.716558991472155,-0.5845687033692994,-5.845687099284764,65,stop,0,-10.43092730050763,-0.4573247193177714
AXTX,2026-09-02T13:40:05.000Z,2026-09-02T15:15:05.000Z,9.072978303747515,5.541109432673477,5.088908794022325,1.8046927462786853,-0.8160832124363228,-8.160832124785774,95,stop,2.867486543211273,-8.141139209658698,-0.7940648083626218
MAIA,2026-09-02T13:40:05.000Z,2026-09-02T19:50:05.000Z,9.615384615384603,1.4403203594501763,1.3482562712667379,6.942899810035214,-0.6391917403598601,-6.391917435547654,370,session_close,0,-6.27085209603333,-0.5554319848028157
CBRG,2026-09-02T13:40:05.000Z,2026-09-02T19:50:05.000Z,9.328358208955233,2.9505906255426595,3.009348110781507,3.389151959274724,0.19913804621929643,1.9913804622774909,370,session_close,2.6913043703829853,-5.442660332221594,0.40669823511296777
MMED,2026-09-02T13:45:05.000Z,2026-09-02T19:50:05.000Z,5.48617305976804,23.684740593233027,23.865177870969976,0.42221277282930697,0.07618292335508918,0.761829233580469,365,session_close,2.9776952970659742,-0.7799983812607603,-0.016888510913171118
QFIN,2026-09-02T13:45:05.000Z,2026-09-02T19:50:05.000Z,0.7756563245823411,8.461766722810859,8.508226409728021,1.1817862993789505,0.05490542147213734,0.5490542157339064,365,session_close,1.7518005641722567,-0.6117720389444026,0.011817862993789063
LCID,2026-09-02T13:45:05.000Z,2026-09-02T19:50:05.000Z,-0.219780219780219,4.550930634762358,4.689042432929969,2.197352759969751,0.30348034088798426,3.0348034116943317,365,session_close,5.253197300163315,-0.899390433457925,0.3296029139954637
RIVN,2026-09-02T13:45:05.000Z,2026-09-02T19:50:05.000Z,0.19311232700354175,15.583121236307997,15.606869560584487,0.6417199640356552,0.015239773800615947,0.15239773801641854,365,session_close,0.42917437834071315,-1.1751255318564358,0.07058919604392244
UPC,2026-09-02T13:45:05.000Z,2026-09-02T19:50:05.000Z,2.576112412177989,4.420892104456785,4.748736568327233,2.2619868931473714,0.7415798802658815,7.415798805402699,365,session_close,9.932563047637878,-4.770351763260194,0.7690755436701053
EOSE,2026-09-02T13:45:05.000Z,2026-09-02T19:50:05.000Z,9.868421052631572,3.3506711047217648,3.6492672282423624,2.9844767471350777,0.891153187431897,8.911531874907567,365,session_close,9.530296627091728,-1.2138196633041942,1.0147220940259256
XTNT,2026-09-02T13:50:05.000Z,2026-09-02T19:50:05.000Z,11.114130434782599,0.4120883002509434,0.4131461690955476,24.26664373442216,0.025670926369754477,0.2567092644853025,360,session_close,3.594302420145623,-5.40862243295207,0.1601598486471847
GME,2026-09-02T13:55:05.000Z,2026-09-02T19:50:05.000Z,1.1430090377458901,19.043835086005032,18.986186581069145,0.5251043160147919,-0.030271478753634427,-0.30271478762306697,355,session_close,0,-1.595451150636762,-0.02100417264059118
AAL,2026-09-02T13:55:05.000Z,2026-09-02T19:50:05.000Z,1.3513513513513598,13.132627643088961,13.10737556828592,0.7614622352452145,-0.019228501324102396,-0.19228501324583852,355,session_close,1.5029159607286013,-0.6291782980113902,-0.030458489409809886
CCL,2026-09-02T13:55:05.000Z,2026-09-02T19:50:05.000Z,1.764959104606123,23.65473450912762,23.675259459679186,0.42274835068470984,0.008676888993559142,0.0867688899389026,355,session_close,0.783206807080794,-1.2882601113533232,-0.01690993402738883
CXM,2026-09-02T13:55:05.000Z,2026-09-02T19:50:05.000Z,-1.1842105263157876,7.521506247811858,7.1285675653785985,1.3295209323678463,-0.5224202034320599,-5.2242020346333184,355,session_close,0.11292621329157537,-5.20515751649816,-0.5849892102418526
DGNX,2026-09-02T13:55:05.000Z,2026-09-02T19:50:05.000Z,17.0940170940171,1.3802821811927304,1.3393963098270187,7.244895375090439,-0.29621386036398695,-2.9621386063523127,355,session_close,0,-6.540849575752372,-0.1448979075018091
PZG,2026-09-02T14:00:05.000Z,2026-09-02T19:50:05.000Z,9.022556390977442,1.4603399274793631,1.389667930858058,6.847720681612585,-0.48394209287456624,-4.839420965726069,350,session_close,0,-4.8166817982422945,-0.3423860340806293
CRK,2026-09-02T14:00:05.000Z,2026-09-02T19:50:05.000Z,-2.590511860174771,15.623199399337393,15.496878849784073,0.640073760470527,-0.08085446917729705,-0.8085446925722359,350,session_close,1.195661630424616,-1.620662918429705,-0.02560295041882199
GPUS,2026-09-03T13:30:05.000Z,2026-09-03T13:40:05.000Z,8.366935483870975,0.21593569438229465,0.19716022039093092,46.3100708425393,-0.8694935306423083,-8.69493765033744,10,stop,0,-8.676515680230622,-0.7224371051436123
WCT,2026-09-03T13:35:05.000Z,2026-09-03T15:40:05.000Z,5.000000000000004,1.2906129449374633,1.179120130891037,7.748255379045798,-0.8638747961601746,-8.638749090791785,125,stop,0,-8.570574576316769,-0.6973429841141225
SPWH,2026-09-03T13:35:05.000Z,2026-09-03T17:25:05.000Z,2.34375,1.3203446241107526,1.2093983346184372,7.573780101011749,-0.8402827996379877,-8.402828130347967,230,stop,0,-8.357259316677968,-0.6816402090910589
GPRK,2026-09-03T13:30:05.000Z,2026-09-03T18:20:05.000Z,9.92301112061591,12.922641499171293,11.846920251407374,0.7738355963480253,-0.8324313932676344,-8.324313940249006,290,stop,0,-8.30048174933956,-0.8512191559828288
RCAX,2026-09-03T13:30:05.000Z,2026-09-03T19:50:05.000Z,8.787275267280537,3.2408082164423657,3.0981344902339254,3.085650001113207,-0.4402411834338993,-4.402411888632585,380,session_close,0,-7.430498824972609,0.030856500011132937
MSTP,2026-09-03T13:30:05.000Z,2026-09-03T19:50:05.000Z,8.294650639531342,21.42553367713757,25.98451318128313,0.4667328244887618,2.127825380756233,21.278254128205397,380,session_close,21.910615593541706,0,2.2356502293011697
MSTX,2026-09-03T13:30:05.000Z,2026-09-03T19:50:05.000Z,8.255451713395633,13.92282488815243,16.91660047771654,0.7182450454109808,2.150264484276759,21.50264485558279,380,session_close,22.317131306388905,0,2.305566595769248
DRTS,2026-09-03T13:30:05.000Z,2026-09-03T19:50:05.000Z,4.605722260990919,15.053072659556117,14.597002507059084,0.6643161976072189,-0.302974789548973,-3.0297478980645596,380,session_close,0,-5.002783661434362,-0.29894228892325003
COSM,2026-09-03T13:35:05.000Z,2026-09-03T19:50:05.000Z,4.27998216674097,0.2369965284954198,0.2651949607929215,42.19465524472632,1.1898231292348396,11.898246981304053,375,session_close,13.672551117222964,-5.610431756040157,1.291156450488625
SUPX,2026-09-03T13:35:05.000Z,2026-09-03T19:50:05.000Z,-2.392344497607646,8.222811824763156,8.738192792295974,1.2161289504397537,0.6267697151223116,6.267697455762505,375,session_close,12.370320480563146,-1.0070986242658009,0.012161289504396322
HLN,2026-09-03T13:35:05.000Z,2026-09-03T19:50:05.000Z,-0.4540867810292837,9.87197643276864,9.78803169002322,1.0129683825331,-0.0850333702809867,-0.8503337028518283,375,session_close,0,-1.9446605659572125,-0.08103747060264865
PBK,2026-09-03T13:35:05.000Z,2026-09-03T19:50:05.000Z,1.3346515076618992,0.4127259837337747,0.39115726190931494,24.22912970693593,-0.522591358697656,-5.225918084763111,375,session_close,0,-7.371957408283936,-0.1187227355639866
MIST,2026-09-03T13:45:05.000Z,2026-09-03T19:50:05.000Z,3.8135593220339103,1.240264177783107,1.2097427190244825,8.062798354850967,-0.2460883674666888,-2.460883681505629,365,session_close,0,-4.052699310638075,-0.16125596709701995
ALMS,2026-09-03T13:45:05.000Z,2026-09-03T19:50:05.000Z,5.21739130434784,10.912186336697735,11.247746255040218,0.9164066384729461,0.30750933677449105,3.0750933679898163,365,session_close,8.685827331547324,-1.9444896755854701,0.26575792515715335
DLTH,2026-09-03T13:45:05.000Z,2026-09-03T19:50:05.000Z,10.91160220994476,4.030836444351007,4.4589883557420675,2.4808746577495167,1.0621912266370976,10.62191228302233,365,session_close,11.887447239902604,-3.990150594584674,1.0171586096773026
YQ,2026-09-03T13:45:05.000Z,2026-09-03T19:50:05.000Z,5.4824561403509,2.4205319925217137,2.6291898634938917,4.131323191475165,0.8620331014311916,8.620331051885744,365,session_close,13.198255939821912,-2.500772256211803,0.867577870209784
AIM,2026-09-03T13:45:05.000Z,2026-09-03T19:50:05.000Z,5.029838022165389,0.24765213615416592,0.23897118443461104,40.37921954984,-0.3505300553854676,-3.5053005616518895,365,session_close,4.259145109601592,-4.0185949165286505,-0.44013349309325633
BULL,2026-09-03T14:00:05.000Z,2026-09-03T19:50:05.000Z,7.1111111111111125,9.651932908085337,9.938006980868225,1.036061905384733,0.2963904489286101,2.963904489464972,350,session_close,5.263889593441529,-0.6416632676078393,0.31081857161541926
APPS,2026-09-03T14:00:05.000Z,2026-09-03T19:50:05.000Z,7.719836400818014,10.552145159541006,10.717846592406783,0.9476746047397959,0.15703103989589334,1.570310400022823,350,session_close,3.0122296050068664,-2.958120408898768,0.18953492094795799
GEMI,2026-09-03T14:00:05.000Z,2026-09-03T19:50:05.000Z,5.24475524475525,4.531054597985057,4.749039020056757,2.206991707426265,0.48108981186034827,4.81089815533533,350,session_close,5.052806075582361,-0.46467323510999137,0.5958877610050912
MODD,2026-09-04T13:30:05.000Z,2026-09-04T13:50:05.000Z,9.941520467836252,3.791315842009798,3.4787171156786565,2.637606547647246,-0.8245124473572081,-8.245124894828889,20,stop,0,-8.211287452241589,-0.8440340952471175
WETH,2026-09-04T13:30:05.000Z,2026-09-04T14:05:05.000Z,9.166666666666679,1.321914,1.2082455,5,-0.5683424999999998,-8.59878176643866,35,stop,0,-8.466057549886008,-0.25
GME.WS,2026-09-04T13:30:05.000Z,2026-09-04T14:10:05.000Z,9.642857142857153,3.0918672447931153,2.837202537460365,3.2342907265122576,-0.823659701296272,-8.236599024800316,40,stop,0,-8.146120931203448,-0.38811488718147125
SGRX,2026-09-04T14:05:05.000Z,2026-09-04T14:35:05.000Z,4.524886877828038,2.3204751246578,2.079575904481852,4.309462266550479,-1.0381460993896854,-10.381461004089571,30,stop,0.8414171362892242,-10.363184767742894,-1.120460189303122
ANPA,2026-09-04T13:45:05.000Z,2026-09-04T15:10:05.000Z,-2.646950481502919,3.730766150649765,3.3792912173929506,2.6804145811079825,-0.9420985359955207,-9.420985370407104,85,stop,0,-9.40198705803832,-0.8577326659545559
CRCD,2026-09-04T13:30:05.000Z,2026-09-04T15:45:05.000Z,9.969788519637458,1.8303980237842459,1.6796431723437575,5.4632925910137455,-0.8236178629341981,-8.236178660683382,135,stop,0,-8.216684121703022,-0.4370634072810997
ZTG,2026-09-04T14:05:05.000Z,2026-09-04T17:15:05.000Z,3.1337354715315735,0.7084820438679993,0.9539084774201706,14.114683554851972,3.4641166871452476,34.64116737897481,190,take_profit,34.66819776984538,-3.596709907971485,3.1066418504229194
SOAR,2026-09-04T13:30:05.000Z,2026-09-04T19:50:05.000Z,9.218255761409843,0.2437766860301079,0.23475123512235158,41.02114850305353,-0.3702343619940918,-3.7023437535128503,380,session_close,0.21466940847143512,-7.210158738451744,-0.19279939796435208
BMNZ,2026-09-04T13:30:05.000Z,2026-09-04T19:50:05.000Z,8.92116182572613,5.271257866509662,5.378395723991912,1.8970803859205687,0.2032491280191304,2.032491298954251,380,session_close,4.149714148497496,-0.7826949004295258,0.4173576849025249
ETHA,2026-09-04T13:45:05.000Z,2026-09-04T19:50:05.000Z,-2.8128286014721393,18.493698874192514,18.526286932176777,0.54072471212669,0.01762116827230862,0.17621168272475246,365,session_close,0.4125790428758602,-0.7770153238141009,0.010814494242534778
SNAP,2026-09-04T14:05:05.000Z,2026-09-04T19:50:05.000Z,-2.1052631578947434,5.591121673788079,5.468901746435781,1.7885498799932864,-0.21859643639873982,-2.185964364275611,345,session_close,0,-2.3451765394910784,-0.21462598559919321
UGP,2026-09-04T14:05:05.000Z,2026-09-04T19:50:05.000Z,1.1871508379888374,7.261457480514424,7.268523582256622,1.377134001723355,0.00973096896881722,0.09730968970291637,345,session_close,0.9439223416167541,-0.43321166031525804,0.041314020051700595
FMS,2026-09-04T14:05:05.000Z,2026-09-04T19:50:05.000Z,0.8010680907877266,22.68467833965906,22.665119002451714,0.44082617515338346,-0.00862226780965025,-0.08622267820810303,345,session_close,0.24387235962795017,-0.6818626093923474,0.008816523503066165
AMC,2026-09-04T14:05:05.000Z,2026-09-04T19:50:05.000Z,5.5118110236220375,2.6905392102997667,2.629472657458319,3.7167271009531775,-0.22696771190759746,-2.269677119280631,345,session_close,3.3250134158151035,-2.993422656375022,-0.1486690840381275
BBCP,2026-09-04T14:10:05.000Z,2026-09-04T19:50:05.000Z,16.68508287292816,10.582300734401842,10.497837564636919,0.9449740857891649,-0.07981550663146353,-0.7981550693446403,340,session_close,2.813180924166825,-4.179627337219527,-0.03779896343156608
NNOX,2026-09-04T14:15:05.000Z,2026-09-04T19:50:05.000Z,7.00154342640662,0.7652906887177313,0.8525144273899,13.066929290587158,1.139746425689881,11.397465036235424,335,session_close,11.421713679637957,-3.409252079291214,1.173410250294726
PL,2026-09-04T14:25:05.000Z,2026-09-04T19:50:05.000Z,-1.0626702997275195,18.163633470640093,18.076380847340292,0.5505506382300721,-0.04803698744495325,-0.4803698744573143,325,session_close,1.1361522445026306,-1.7817661381640315,-0.022022025529201628
NCLH,2026-09-04T14:30:05.000Z,2026-09-04T19:50:05.000Z,0.1603592046183433,15.633137989726016,15.566881535807834,0.6396668413617378,-0.042382056597673176,-0.4238205660419905,320,session_close,0.4276941092564046,-0.4678394687879117,-0.038380010481704474
EQX,2026-09-04T14:30:05.000Z,2026-09-04T19:50:05.000Z,-2.400914634146334,12.822580376183629,12.807434944522607,0.7798742299953279,-0.011811531854586393,-0.11811531857622655,320,session_close,0.4478008492192487,-0.7220104960744433,0
FHN,2026-09-04T14:30:05.000Z,2026-09-04T19:50:05.000Z,0.08012820512819374,25.005124974380248,24.974999852451152,0.39991801680655464,-0.012047579017939765,-0.12047579030283476,320,session_close,0.2194551144054424,-0.26044650625410837,0.007998360336131327
IAG,2026-09-04T14:30:05.000Z,2026-09-04T19:50:05.000Z,-1.8147086914995336,20.584184648496635,20.455885434458168,0.48580986636014556,-0.06232902402613942,-0.6232902406840655,320,session_close,0.5626424047445733,-0.8947871953241981,-0.053439085299615385
ASTY,2026-09-04T14:10:05.000Z,2026-09-04T19:55:05.000Z,4.849498327759183,6.34175710122804,6.006428782851031,1.576850015952476,-0.5287624641821034,-5.287624754850271,345,session_close,0,-7.281217080020674,-0.441518004466694
TWG,2026-09-08T13:30:05.000Z,2026-09-08T14:05:05.000Z,19.177772758075463,0.5292187436765655,0.47880014511071606,18.895778096825644,-0.9526986504532231,-9.526986556746566,35,stop,0.22320757485423393,-9.508118198345228,-0.6953646339631838
GMEX,2026-09-08T13:30:05.000Z,2026-09-08T14:35:05.000Z,10.616271357693474,0.8232815230146125,0.7282507191728902,12.146513282726472,-1.1542929211316544,-11.542929263582614,65,stop,2.5773051370923117,-11.524796848007046,-1.0300243263752034
BRFH,2026-09-08T13:55:05.000Z,2026-09-08T16:55:05.000Z,3.2258064516129004,1.2918705,1.1696707206038135,6.15,-0.7515286432865466,-9.459135369697384,180,stop,0,-9.433646793544714,-0.492
TWG,2026-09-08T16:35:05.000Z,2026-09-08T18:10:05.000Z,18.838942850688966,0.5277121271075835,0.475966974249371,18.949725541085595,-0.980556444744648,-9.805564473537927,95,stop,0,-9.780356458827688,-0.7617789667516419
TRUG,2026-09-08T13:30:05.000Z,2026-09-08T19:50:05.000Z,7.560590094836672,0.4104288530170818,0.4296026238829109,24.3647579072593,0.46716428531518644,4.671643020436249,380,session_close,8.666824157569097,-7.4626461546081995,0.5603894318669624
SLDP,2026-09-08T13:30:05.000Z,2026-09-08T19:50:05.000Z,2.9821073558647937,2.6006009660597207,2.5794373797755927,3.8452650208719787,-0.0813795980545632,-0.8137959864020888,380,session_close,1.8995237864241066,-1.561214757265772,-0.11535795062616039
QUBT,2026-09-08T13:40:05.000Z,2026-09-08T19:50:05.000Z,5.555555555555558,8.471696803983884,8.238334180666783,1.1804010732105472,-0.2754614910107343,-2.7546149102899906,370,session_close,1.16037198085146,-2.852991668330518,-0.16525615024947804
XE,2026-09-08T13:50:05.000Z,2026-09-08T19:50:05.000Z,4.573687182382846,18.53371472395003,18.886216355458163,0.5395572419237659,0.19019480807015593,1.9019480808810334,360,session_close,5.483440806049988,0,0.06474686903085036
WDH,2026-09-08T13:50:05.000Z,2026-09-08T19:50:05.000Z,0.4901960784313708,1.0302074143424347,1.0693546769934295,9.706783175908557,0.3799939904835495,3.799939905886026,360,session_close,5.803936646653818,-0.020133260501431494,0.19413566351817124
CRESY,2026-09-08T13:55:05.000Z,2026-09-08T19:50:05.000Z,0.1657000828500399,12.133144204628502,12.067375416657297,0.8241886585952727,-0.05420588913542435,-0.5420588996718245,355,session_close,2.281814101128732,-1.344616052335934,-0.09066075244547989
RGTI,2026-09-08T14:10:05.000Z,2026-09-08T19:50:05.000Z,7.86184210526315,16.403283670876107,15.686858203820327,0.6096340342700309,-0.43675734773500624,-4.367573477545764,340,session_close,0,-5.872505104489589,-0.3413950591912194
QBTS,2026-09-08T14:10:05.000Z,2026-09-08T19:50:05.000Z,9.16767189384804,18.11362524471285,17.716451964569313,0.5520706023527949,-0.21926769200727797,-2.192676920151406,340,session_close,1.3601625956077612,-3.332437524559251,-0.14353835661172454
AEO,2026-09-08T16:35:05.000Z,2026-09-08T19:50:05.000Z,-1.2938470385278955,17.18344240043831,17.236548047544115,0.5819555689841625,0.030905127077731347,0.30905127080037925,195,session_close,0.32914010035758334,-0.892966594600364,0.023278222759365974
TH,2026-09-08T17:00:05.000Z,2026-09-08T19:50:05.000Z,3.790983606557363,20.284145716046034,20.15592357484058,0.4929958663749756,-0.06321298559203793,-0.6321298564919281,170,session_close,0.6697560047919549,-0.6120332489419344,-0.05915950396499525
CLYM,2026-09-08T17:00:05.000Z,2026-09-08T19:50:05.000Z,1.8685567010309212,15.833521539681584,15.946781861551901,0.6315714369026528,0.07153198422769333,0.7153198458502562,170,session_close,0.7356446891899626,-0.9695981989656044,0.0631571436902636
PLUG,2026-09-08T17:25:05.000Z,2026-09-08T19:50:05.000Z,5.990783410138234,2.3104672973346223,2.249548321297113,4.328128775896547,-0.2636651731860971,-2.6366517330838755,145,session_close,0,-3.04991537495094,-0.17312515103586357
SPDN,2026-09-08T17:25:05.000Z,2026-09-08T19:50:05.000Z,0.235017626321965,8.541710433810831,8.528292909684128,1.1707257085005027,-0.01570824043955741,-0.15708240440453844,145,session_close,0,-0.48831477177835314,0
BWAY,2026-09-08T17:40:05.000Z,2026-09-08T19:50:05.000Z,1.5547703180212036,14.413289073206956,14.307032693068024,0.6938041611975332,-0.07372111869417795,-0.7372111916942908,130,session_close,0,-0.9247651422930936,-0.06938041611975265
VVOS,2026-09-08T13:50:05.000Z,2026-09-08T19:55:05.000Z,-0.5901287553648049,0.18633440825121703,0.17845428288740126,53.66693316411846,-0.4667738291087753,-4.667740049054984,365,session_close,1.2695410208906077,-6.673168078787084,-0.489882958121715
IDAI,2026-09-08T13:35:05.000Z,2026-09-09T13:45:05.000Z,3.7151702786377694,3.361171825656051,3.406781682310813,2.97515271458884,0.1356962888384218,1.3569629587698693,1450,time,4.427865698740341,-4.7951081948805925,0.11900610858355343
DXLG,2026-09-09T13:45:05.000Z,2026-09-09T15:10:05.000Z,7.619047619047614,0.6904997749999999,0.634263288608976,12.5,-0.7029560798877996,-8.14431639619636,85,stop,0,-8.124517491696503,-0.9837500000000006
SGLY,2026-09-09T13:45:05.000Z,2026-09-09T19:50:05.000Z,9.493670886075932,1.750386605855541,1.8892002181809897,5.71302358024545,0.7930454404743384,7.9304544413832705,365,session_close,9.690053247497076,-2.307296326447905,0.7426930654319079
GOW,2026-09-09T13:45:05.000Z,2026-09-09T19:50:05.000Z,8.951707891637216,9.304334094211763,8.918035929961524,1.0747678081204473,-0.41518083127218114,-4.151808827356649,365,session_close,0,-6.4951891031913895,-0.2579442739489082
AVO,2026-09-09T13:45:05.000Z,2026-09-09T19:50:05.000Z,8.896658896658916,14.032819337768002,13.307259195513712,0.7126151742847548,-0.5170451672266123,-5.170451673253669,365,session_close,0,-5.364704836909439,-0.4845783185136323
MIMI,2026-09-09T13:45:05.000Z,2026-09-09T19:50:05.000Z,8.756065284516978,0.9913004303771892,0.924548403145215,10.087759158629355,-0.6733783740664234,-6.733783743700691,365,session_close,4.912695297053449,-7.586038306124355,-0.5649145128832433
SSL,2026-09-09T13:45:05.000Z,2026-09-09T19:50:05.000Z,8.646616541353369,14.462901943898716,14.496820578302918,0.6914241718162762,0.02345216370206439,0.23452163705300366,365,session_close,1.8467805225905076,-1.0572009994385567,0.034571208590815417
SRPT,2026-09-09T14:15:05.000Z,2026-09-09T19:50:05.000Z,9.455587392550147,22.944594903740775,22.005587228976903,0.43583249307081756,-0.4092500559049696,-4.092500559296344,335,session_close,0.24147341232942932,-4.0732682693317095,-0.33123269473382244
SAIL,2026-09-09T14:15:05.000Z,2026-09-09T19:50:05.000Z,-0.7026419336706002,17.683544379144873,17.87641485564595,0.56549749216812,0.10906777077462981,1.090677707849904,335,session_close,3.1467425812631955,-1.546886604178055,0.05654974921681166
WVVIP,2026-09-09T14:15:05.000Z,2026-09-09T19:50:05.000Z,3.076923076923066,2.690775348486229,2.6388708175123567,3.716400832703335,-0.19289804213237532,-1.9289804703715872,335,session_close,3.687585868868326,-2.6302957073709554,-0.3344760749433
KURA,2026-09-09T14:15:05.000Z,2026-09-09T19:50:05.000Z,-0.7188498402555865,12.442499935334265,12.067278629185243,0.803697010250671,-0.301564241934321,-3.015642419924531,335,session_close,0,-3.717098153409304,-0.2732569834852274
NETG,2026-09-09T14:15:05.000Z,2026-09-09T19:50:05.000Z,15.815923785650131,19.29408460659451,19.924886315411126,0.5182935691964549,0.32694046911778674,3.2694046993087964,335,session_close,5.3690828796895795,-2.612638105786158,0.5493911833482432
BLCO,2026-09-09T15:15:05.000Z,2026-09-09T19:50:05.000Z,1.2408347433728206,17.984082270914545,17.666025005594808,0.5560472749160289,-0.17685487564828434,-1.7685487673403708,275,session_close,0.31092901068345835,-1.74644591913653,-0.16681418247480906
RBBN,2026-09-09T15:15:05.000Z,2026-09-09T19:50:05.000Z,2.570694087403602,2.001134876966898,1.959451838644534,4.997163374907773,-0.20829695245939495,-2.082969958803711,275,session_close,0,-3.554726759583382,-0.14991490124723406
AMRX,2026-09-09T15:15:05.000Z,2026-09-09T19:50:05.000Z,0.9384164222873803,17.23354085716658,17.17655228507548,0.5802638048425184,-0.03306840567412402,-0.33068405711529425,275,session_close,0.5597174929568016,-0.9489684013402999,-0.023210552193699385
VVOS,2026-09-09T15:15:05.000Z,2026-09-09T19:50:05.000Z,3.005008347245397,0.18614334332269566,0.17725277619517618,53.722038859301655,-0.47761939270583154,-4.77619396365247,275,session_close,0.9437117900364722,-5.932709236639777,-0.7198753207146424
VALE,2026-09-09T15:15:05.000Z,2026-09-09T19:50:05.000Z,-1.3817480719794495,15.353071249506293,15.36692529668215,0.6513354779200111,0.009023632438412785,0.09023632438559723,275,session_close,0.4359306969011767,-0.21540478102943794,0
EZRA,2026-09-09T14:15:05.000Z,2026-09-09T19:55:05.000Z,0.18450184501843658,2.753047230344527,2.7890321665859394,3.632335046584697,0.1309796784728589,1.3097981024269538,340,session_close,4.611354583974414,-2.2900889476072384,-0.2116167523292365
AHMA,2026-09-10T13:30:05.000Z,2026-09-10T13:40:05.000Z,9.375,1.4303348071624649,1.7496495307527733,6.991370041496298,2.392414490365545,23.924145094797307,10,take_profit,33.535168859457976,0,2.1874973120339245
RXT,2026-09-10T13:30:05.000Z,2026-09-10T13:40:05.000Z,8.641975308641946,3.530713890565751,3.1593661421448616,2.8322883998618176,-1.0517639201672895,-10.517639206426486,10,stop,0,-10.499686523915674,-0.5664576799723626
DLXY,2026-09-10T13:35:05.000Z,2026-09-10T15:35:05.000Z,9.317776100999309,0.4821978374093107,0.4611113921958931,20.738361359414107,-0.5484150729496747,-5.484154568995976,120,stop,0,-8.605977503396712,-0.567012012877278
SVRE,2026-09-10T13:40:05.000Z,2026-09-10T16:05:05.000Z,7.539682539682535,2.720969742567414,2.6576890185308413,3.6751601039985906,-0.4212322327371976,-4.212322562389636,145,stop,0,-9.22354036655355,-0.8085352228796907
IMNN,2026-09-10T13:40:05.000Z,2026-09-10T17:05:05.000Z,7.615894039735105,1.6403435876292054,1.4894857270760034,6.0962837636621785,-0.9196723259112987,-9.196723277422473,205,stop,0,-9.165371740593542,-0.42673986345635306
IPDN,2026-09-10T16:20:05.000Z,2026-09-10T19:20:05.000Z,19.424460431654687,0.15023032734653383,0.1376721066827545,66.56445587761486,-0.8359311252754896,-8.359311255983272,180,stop,1.377666340759598,-8.34074422112543,-0.8986201543477996
SKHN,2026-09-10T13:30:05.000Z,2026-09-10T19:50:05.000Z,9.619450317124745,10.414580900099878,10.306700552352078,0.9601921613368641,-0.10358586426973267,-1.0358587520959723,380,session_close,0.5321299093234755,-4.268831404397789,0.17283458904063664
DBI,2026-09-10T13:30:05.000Z,2026-09-10T19:50:05.000Z,9.578544061302674,5.771708159655023,5.848812229386143,1.7325892853757394,0.13358968507500207,1.3358968887250244,380,session_close,3.089065410327918,-6.61343486358531,0.17325892853757274
SKDD,2026-09-10T13:30:05.000Z,2026-09-10T19:50:05.000Z,9.396914446002791,7.0314107476559204,6.998553970186995,1.4221897080864965,-0.04672857075719407,-0.4672857076352567,380,session_close,1.54434517113482,-3.57553777867029,0.17066276497038047
GDXD,2026-09-10T13:30:05.000Z,2026-09-10T19:50:05.000Z,8.91210817455439,17.754388718789997,17.976362739107685,0.5632410127761396,0.12502487201372614,1.2502487347410987,380,session_close,1.2707352800675809,-2.671951855418919,0.016897230383284167
MUZ,2026-09-10T13:35:05.000Z,2026-09-10T19:50:05.000Z,8.031088082901562,8.351671958195524,8.38817043251876,1.1973650365562407,0.04370199704228708,0.43701997044338825,375,session_close,2.01550111938118,-1.5765939904561654,0.09578920292450022
SNDQ,2026-09-10T13:35:05.000Z,2026-09-10T19:50:05.000Z,8.026315789473681,12.332466649978798,12.077564025932045,0.8108677917983061,-0.20669232788438469,-2.06692327886564,375,session_close,1.277387196676294,-3.2634724374421054,-0.17028223627764305
MDCX,2026-09-10T13:35:05.000Z,2026-09-10T19:50:05.000Z,-2.1126760563380254,0.16773742612991713,0.16342840384130122,59.61698697194109,-0.25689092564221816,-2.5689092697049323,375,session_close,0.9911764526511657,-6.46094695737327,-0.13711907003546386
WVVIP,2026-09-10T13:40:05.000Z,2026-09-10T19:50:05.000Z,9.425703720473955,2.930689925631766,3.1267039802663454,3.412165793807463,0.6688324523296192,6.688324579145808,370,session_close,6.800790237993826,-7.871522797896679,0.44358155319496895
OBIO,2026-09-10T13:40:05.000Z,2026-09-10T19:50:05.000Z,8.348623853211002,5.921270277655245,5.878318383828026,1.6888268057060027,-0.07253830965124541,-0.7253830987804076,370,session_close,2.0051393835677223,-2.0480449627992114,-0.10132960834236115
WLTH,2026-09-10T13:40:05.000Z,2026-09-10T19:50:05.000Z,8.03382663847778,10.24227942996387,10.83780377109374,0.9763451600867235,0.5814373081759819,5.8143731110055175,370,session_close,7.202699116740785,-1.7796764012375066,0.5955705476529012
ZSL,2026-09-10T13:40:05.000Z,2026-09-10T19:50:05.000Z,7.695709862892541,24.37488198485539,25.084958101915003,0.4102583965558053,0.2913146892174497,2.91314689236567,370,session_close,2.933831702606504,-1.086700583904221,0.36512997293466753
F,2026-09-10T16:20:05.000Z,2026-09-10T19:50:05.000Z,3.4572490706319625,13.92278676959002,13.877220721627491,0.7182470122607659,-0.03272767780961725,-0.3272767781092062,210,session_close,0.05180881190922637,-0.522788797922269,-0.03591235061303699
JOBY,2026-09-10T16:20:05.000Z,2026-09-10T19:50:05.000Z,0.9345794392523477,6.4913002067905525,6.338730790480482,1.5405234206943497,-0.23503675910733027,-2.3503675912333812,210,session_close,0,-2.7929721475659752,-0.21567327889721
CWH,2026-09-10T16:20:05.000Z,2026-09-10T19:50:05.000Z,-1.213592233009697,6.1214197259328555,6.098759922210486,1.6336079493879365,-0.03701723549243322,-0.37017235767012135,210,session_close,0.793611224881996,-1.820161513526608,-0.016336079493880717
SPDN,2026-09-10T16:20:05.000Z,2026-09-10T19:50:05.000Z,0.46511627906977715,8.65180340613476,8.607754227241115,1.1558283877809943,-0.050913291423719344,-0.509132915137806,210,session_close,0,-0.5987584750022035,-0.011558283877809217
SMZ,2026-09-10T13:35:05.000Z,2026-09-11T13:35:05.000Z,9.01156668323464,12.993017365672282,14.816586939904,0.7696441591346801,1.403499671583158,14.034996821058773,1440,time,14.061265238932341,-6.9500204629762585,1.754788682827071
SKHQ,2026-09-10T13:35:05.000Z,2026-09-11T13:35:05.000Z,8.110992529348993,10.17289286220474,10.066389410385446,0.983004529319369,-0.10469337552651406,-1.0469337804095649,1440,time,1.5443703175028745,-2.977450625967726,-0.04915022646597045
SSM,2026-09-11T13:35:05.000Z,2026-09-11T13:50:05.000Z,9.64467005076144,2.221758747276199,2.0694122958100207,4.500936621221736,-0.7360230183273225,-7.360233635859335,15,stop,0,-9.081037602464647,-0.9551966904565639
GNLN,2026-09-11T13:35:05.000Z,2026-09-11T13:55:05.000Z,9.689922480620151,2.8608021380267585,2.628251496597849,3.49552303580709,-0.8128861241064673,-8.128861424485352,20,stop,0,-8.067742083902196,-0.7690150678775609
VIOT,2026-09-11T13:35:05.000Z,2026-09-11T15:00:05.000Z,8.823529411764696,1.5003147941725241,1.3792650144885987,6.665267861216538,-0.8068292061346105,-8.068292078042766,85,stop,3.978178850152214,-8.019303324865367,-0.7998321433459843
XRTX,2026-09-11T14:00:05.000Z,2026-09-11T15:35:05.000Z,11.374407582938396,2.3705200558600987,2.1794778923761426,4.21848359082461,-0.8059082318127012,-8.05908235248573,95,stop,0,-8.037057327952956,-0.7593270463484281
CLIK,2026-09-11T13:35:05.000Z,2026-09-11T17:05:05.000Z,8.799999999999986,1.3817710851221727,1.2196602797482334,7.23707870733051,-1.1732086577999365,-11.732102887332157,210,stop,0.5955338743464544,-11.70751703114915,-1.0855618060995766
KORU,2026-09-11T13:35:05.000Z,2026-09-11T19:50:05.000Z,9.68351440717996,23.234652254064525,23.125355676191752,0.4303916361697042,-0.04704033297841199,-0.47040332980947763,375,session_close,1.4433086506677295,-1.440315311824747,0.08177441087224402
BFRI,2026-09-11T13:35:05.000Z,2026-09-11T19:50:05.000Z,8.56164383561644,1.6003260921579967,1.5494408866767313,6.2487264572163825,-0.3179677297716752,-3.179677300183744,375,session_close,0.6044960392389997,-5.019357776619082,-0.24994905828865477
OPEN,2026-09-11T13:55:05.000Z,2026-09-11T19:50:05.000Z,-0.7142857142857006,2.790558764655856,2.809428225900864,3.5835117060093387,0.06761893525757569,0.6761893526128648,355,session_close,2.13008362687086,-0.0200233968527308,0.07167023412018558
COHH,2026-09-11T13:55:05.000Z,2026-09-11T19:50:05.000Z,6.6115702479338845,6.481315052463991,6.448677743795861,1.5428967598531829,-0.050355997794385245,-0.5035599782442585,355,session_close,1.6768965349815979,-6.809035649273321,0.1697186435838507
LEGN,2026-09-11T13:55:05.000Z,2026-09-11T19:50:05.000Z,1.2506513809275477,19.45400238694502,18.656207107056073,0.5140330400505497,-0.4100931330592953,-4.1009313354681405,355,session_close,0,-4.081434612539425,-0.390665110438416
REF,2026-09-11T14:00:05.000Z,2026-09-11T19:50:05.000Z,4.220532319391634,13.753028025535038,13.78719481022805,0.7271125992700282,0.02484309962683524,0.24843099737435914,350,session_close,2.522876953502484,-3.657580167807939,-0.1745070238248072
XNCR,2026-09-11T14:00:05.000Z,2026-09-11T19:50:05.000Z,0.6801319043693299,24.46533833115904,24.344856269076086,0.40874153567079496,-0.04924602307657026,-0.49246023272650635,350,session_close,0.7139147902913479,-2.0655276633368302,-0.05722381499391105
LAES,2026-09-11T14:00:05.000Z,2026-09-11T19:50:05.000Z,2.1008403361344463,2.440498939160988,2.3694965723364185,4.097522777154816,-0.29093381529557455,-2.9093381556223536,350,session_close,0.38930813230668715,-2.888710092421698,-0.2048761388577418
FCEL,2026-09-11T14:05:05.000Z,2026-09-11T19:50:05.000Z,4.939063502245022,16.373286636492267,15.8468154814293,0.6107509274382825,-0.32154274622421136,-3.2154274627403474,345,session_close,0.4074524864118967,-3.3792032642922076,-0.32980550081667204
ULCC,2026-09-11T14:05:05.000Z,2026-09-11T19:50:05.000Z,0.4520795660036159,5.571142690165582,5.578741890202315,1.794963896201681,0.013640289705951578,0.1364028972036237,345,session_close,1.415460242539135,-0.738496435178515,0.10769783377210196
GPK,2026-09-11T14:15:05.000Z,2026-09-11T19:50:05.000Z,1.1182108626198062,9.511983072941671,9.518084434376188,1.051305485464259,0.006414394744907925,0.06414394756308384,335,session_close,1.3458489788790162,-0.33623980085343286,0.021026109709284313
SURG,2026-09-11T14:20:05.000Z,2026-09-11T19:50:05.000Z,14.224924012158047,0.1886383802681629,0.17336243086393174,53.011481431622585,-0.8098007081928061,-8.098007087696208,330,stop,5.227790716723768,-8.078091132091181,-0.6573423697521186
JBLU,2026-09-11T14:20:05.000Z,2026-09-11T19:50:05.000Z,2.505694760820054,4.5109083780565085,4.409115797832721,2.2168483948371813,-0.22565871807543897,-2.2565871813970286,330,session_close,0,-2.9020402784795563,-0.1773478715869743
M,2026-09-11T14:30:05.000Z,2026-09-11T19:50:05.000Z,1.9756097560975627,20.92422519141692,21.93560882436037,0.4779149480825707,0.4833553564297302,4.8335535662191065,320,session_close,4.854539651005818,-0.11577581102911738,0.4874732470442229
JOBY,2026-09-11T14:30:05.000Z,2026-09-11T19:50:05.000Z,0.7131537242472286,6.3612751658461555,6.388717500852886,1.5720118589889684,0.04313967606892853,0.43139676073233113,320,session_close,1.55196610082049,-0.49164931606908713,0.04716035576966782
BMM,2026-09-14T13:35:05.000Z,2026-09-14T14:05:05.000Z,16.956920256645304,6.4012869119445845,5.868806149729223,1.5621858753384614,-0.8318339256222957,-8.318339258029047,30,stop,0,-8.29968909772223,-0.7029836439023089
CRBP,2026-09-14T13:30:05.000Z,2026-09-14T19:50:05.000Z,-2.5862068965517127,7.941611281415528,8.168291344086676,1.2591903128590876,0.28543333903379964,2.8543333920360743,380,session_close,8.290366970304785,-1.9090745699215872,0.46590041575786323
HAIN,2026-09-14T13:30:05.000Z,2026-09-14T19:50:05.000Z,1.3400064578624526,0.6306411532427377,0.6034604996615777,15.856878186811336,-0.43100031287437246,-4.310003151776246,380,session_close,17.78489180107339,-5.508862379833568,-0.6501320056592643
DRCT,2026-09-14T13:30:05.000Z,2026-09-14T19:50:05.000Z,0.5847953216374213,1.7303998552529631,1.8794818683827652,5.779011075218338,0.8615466049929719,8.615466111906725,380,session_close,8.645408995666326,-3.490514349594276,1.0980121042914845
ONDS,2026-09-14T13:35:05.000Z,2026-09-14T19:50:05.000Z,-0.7607192254495243,7.181437663970176,7.238550749175325,1.3924788416262137,0.07952876272816622,0.7952876273185593,375,session_close,3.878921590134987,-0.9947543557828786,0.06962394208131073
SOAR,2026-09-14T13:35:05.000Z,2026-09-14T19:50:05.000Z,16.142557651991616,0.2230453703471476,0.22835221337135017,44.8339276327912,0.23792661610568047,2.379266162728684,375,session_close,10.739801330809694,-0.42384665759985785,0.30487070790298
ALLO,2026-09-14T13:40:05.000Z,2026-09-14T19:50:05.000Z,-0.2808988764045006,1.7803865631839417,1.7896094121732526,5.616757714029906,0.05180250820604501,0.5180250839917202,370,session_close,2.7866665499503895,-0.5833880910315892,0
LYNX,2026-09-14T13:40:05.000Z,2026-09-14T19:50:05.000Z,-0.3532182103610615,12.763163095451146,13.517141583305415,0.7835048260778593,0.5907457839927064,5.9074579100457525,370,session_close,6.870059545516294,-3.002101380242539,0.48577299216827363
FNB,2026-09-14T14:15:05.000Z,2026-09-14T19:50:05.000Z,0.7099945385035555,18.46377422003182,18.286333899810547,0.5416010763414923,-0.09610186841822022,-0.9610186850571585,335,session_close,0,-1.4827641237878275,-0.07582415068780968
CODA,2026-09-14T14:55:05.000Z,2026-09-14T19:50:05.000Z,0.698602794411185,10.1222110848722,10.767254890680206,0.9879264397639735,0.6372558305637076,6.372558331371238,295,session_close,6.992433858503522,-0.9109776915244505,0.4544461622914291
TAK,2026-09-14T14:55:05.000Z,2026-09-14T19:50:05.000Z,2.0536692223439124,18.65373311615574,18.626261779260663,0.536085722755664,-0.014726991494460962,-0.14726991494953412,295,session_close,0.03359586955189453,-0.44888128094433544,-0.005360857227557858
BMNR,2026-09-14T14:55:05.000Z,2026-09-14T19:50:05.000Z,-0.5193767479025224,24.914985567706854,25.734849908491483,0.401364872258836,0.32906474640859773,3.290647464180286,295,session_close,4.073911379698902,-0.34110221527484663,0.405378520981424
DQ,2026-09-14T14:55:05.000Z,2026-09-14T19:50:05.000Z,-0.6932409012131546,11.482370767688337,11.487572514437277,0.870900286088394,0.004530202731810857,0.04530202737902718,295,session_close,0.7631632359255791,-0.8044572811415462,0.03483601144353443
PLUG,2026-09-14T14:55:05.000Z,2026-09-14T19:50:05.000Z,-0.952380952380949,2.0904274577296396,2.049584972620918,4.783710601279301,-0.1953786289971839,-1.9537862917797528,295,session_close,0,-2.4123036436005996,-0.09567421202558712
VEEA,2026-09-14T14:55:05.000Z,2026-09-14T19:50:05.000Z,17.948717948717952,1.8504838135850907,2.159550055370106,5.403992061821118,1.6701915171831094,16.70191544049427,295,session_close,18.88782727246685,-4.349338967151672,1.9454371422556012
TSLG,2026-09-14T16:30:05.000Z,2026-09-14T19:50:05.000Z,-1.2448132780083054,4.770955389050628,4.669050854249143,2.096016244957335,-0.21359356037873284,-2.135935603911884,200,session_close,0,-2.325642979292386,-0.1676812995965875
SOUN,2026-09-14T16:30:05.000Z,2026-09-14T19:50:05.000Z,4.712460063897761,6.5613127821667225,6.488695737614126,1.5240852450962061,-0.11067456614510605,-1.1067456614774631,200,session_close,1.0468517522890464,-1.3916846399230631,-0.18289022941154442
PSKY,2026-09-14T16:30:05.000Z,2026-09-14T19:50:05.000Z,4.198113207547172,11.05221702126046,10.90780378520444,0.9047958413673042,-0.1306644954218827,-1.306644954385372,200,session_close,0.25137923627536196,-1.5582124466898994,-0.12667141779142277
SMMT,2026-09-14T17:00:05.000Z,2026-09-14T19:50:05.000Z,6.695156695156701,18.743787629529564,18.466302374402602,0.3245645783123242,-0.09006188481817004,-1.4804118602464456,170,session_close,0,-2.4743538429708667,-0.09087808192745062
JEM,2026-09-14T13:35:05.000Z,2026-09-15T13:40:05.000Z,-2.244389027431415,3.981974660322405,3.8782798228791266,2.5113164658283176,-0.26041055269269536,-2.6041059094756385,1445,time,0.9549367567928124,-2.560906811851693,-0.40181063453253074
CIRC,2026-09-15T13:40:05.000Z,2026-09-15T13:45:05.000Z,9.527606139126977,0.5625422908003795,0.5025275555297837,17.776436856100453,-1.0668481519733322,-10.668484174799996,5,stop,0,-10.620053243531036,-0.43552270297446327
BDRX,2026-09-15T13:45:05.000Z,2026-09-15T14:10:05.000Z,13.392857142857139,1.2802589520773073,1.15976063240611,7.810919797990431,-0.9412027107443347,-9.412027111833943,25,stop,0,-9.3933303010441,-0.7810919797990437
BRNX,2026-09-15T13:40:05.000Z,2026-09-15T14:25:05.000Z,9.05797101449275,3.0306093828190086,2.77939971986564,3.299666415093493,-0.8289080879941859,-8.289080881802672,45,stop,0,-8.269273639808283,-0.8579132679243102
ALAR,2026-09-15T13:50:05.000Z,2026-09-15T15:00:05.000Z,9.589041095890405,2.420887078029084,2.2184376839362403,4.130716992266658,-0.836261152253399,-8.362612033009977,70,stop,0,-8.298077173951956,-0.7848362285306649
JONER,2026-09-15T13:45:05.000Z,2026-09-15T15:50:05.000Z,9.999999999999986,0.16644098999999998,0.16383404976190474,20,-0.06394291398809526,-1.920888417813883,125,stop,0,-8.67634228803853,-0.30000000000000027
PSNYW,2026-09-15T14:20:05.000Z,2026-09-15T16:45:05.000Z,16.58291457286434,4.671201310912143,4.348597555846915,2.1407768981021498,-0.7606193691396808,-7.6061938033712435,145,stop,7.681079559763071,-8.374747412368599,-0.8563107592408592
FBDT,2026-09-15T13:50:05.000Z,2026-09-15T17:35:05.000Z,9.171736078614877,0.7130323999999999,1.0697850632208346,5.050000000000001,1.8016011795773035,50.03316943622601,225,take_profit,50.06330708113686,-3.1600808041822415,1.9190000000000014
CRDF,2026-09-15T13:50:05.000Z,2026-09-15T19:05:05.000Z,8.77862595419845,1.4403019752633055,1.3195450678176082,6.942988450615695,-0.838413813727545,-8.384138154335407,315,stop,2.0619304317252896,-8.352552265389534,-0.6248689605554105
TNON,2026-09-15T13:45:05.000Z,2026-09-15T19:30:05.000Z,9.442446043165464,6.1012298615010625,5.508887398781414,1.6390138093045026,-0.9708574762349418,-9.70857476551321,345,stop,11.452939069026025,-9.690339077892151,-0.7375562141870251
XHLD,2026-09-15T13:40:05.000Z,2026-09-15T19:50:05.000Z,9.641255605381183,9.841987600808665,9.398097757530703,1.0160549272746058,-0.4510164624297255,-4.510164626111595,370,session_close,0,-5.405286232680817,-0.4877063650918103
SMST,2026-09-15T13:40:05.000Z,2026-09-15T19:50:05.000Z,9.125766871165641,21.40430127956423,21.705615589809497,0.46719581580311953,0.14077278498819193,1.4077278501632162,370,session_close,5.679693555782928,-3.804381506915555,0.22892594974352676
VRA,2026-09-15T13:40:05.000Z,2026-09-15T19:50:05.000Z,9.046052631578938,3.330668111098596,4.059177285811523,3.0024006190847645,2.187276397167023,21.87276397445177,370,session_close,21.89746515034303,-2.4219798673362325,1.9815844085959462
MSTZ,2026-09-15T13:40:05.000Z,2026-09-15T19:50:05.000Z,8.805031446540879,4.330866489471288,4.389109421151003,2.3090067597522808,0.13448332295625337,1.3448332295929493,370,session_close,5.983410275026668,-3.7144181161522405,0.23090067597522967
CEPL,2026-09-15T13:45:05.000Z,2026-09-15T19:50:05.000Z,9.042553191489366,6.18131903875465,5.818465312358456,1.6177776795907954,-0.5870166595201084,-5.870166612032669,365,session_close,0,-7.30133869365166,-0.7118221790199488
RKTO,2026-09-15T13:45:05.000Z,2026-09-15T19:50:05.000Z,8.777943368107287,0.7383650492160857,0.7412280916500149,13.543436214781611,0.038775432584133324,0.387754327885491,365,session_close,2.550899558952735,-2.419541558075211,0.0975127407464278
MTEN,2026-09-15T13:45:05.000Z,2026-09-15T19:50:05.000Z,6.930693069306937,1.0902252684757257,1.0797602577663519,9.172416266046298,-0.09598943445500875,-0.959894345872684,365,session_close,7.317270460609437,-2.7723874459435693,-0.3668966506418503
QCML,2026-09-15T13:50:05.000Z,2026-09-15T19:50:05.000Z,9.212730318257979,19.594037994469026,19.234398551179318,0.5103593241066253,-0.18354534319941865,-1.8354534343111257,360,session_close,1.0001103681961165,-3.1338001622858713,-0.030621559446396773
PDM,2026-09-15T13:50:05.000Z,2026-09-15T19:50:05.000Z,1.6304347826086918,9.361906860401547,9.558016928209529,1.068158457622712,0.2094766275540599,2.094766277129688,360,session_close,2.8636595470995285,-0.5544475198861365,0.22431327610077112
QCMU,2026-09-15T13:55:05.000Z,2026-09-15T19:50:05.000Z,8.795737567159234,24.404988437700293,23.975115637949607,0.4097522937346773,-0.17614136571199146,-1.7614136587199876,355,session_close,0.9629652679395084,-3.257483361361535,-0.27043651386488676
CCXIW,2026-09-15T13:55:05.000Z,2026-09-16T14:40:05.000Z,8.823529411764719,5.581343218029104,6.047435039441141,1.7916833836155701,0.8350889716630634,8.350889798470858,1485,time,9.830192491990108,0,0.28666934137849154
PUSA,2026-09-16T14:40:05.000Z,2026-09-16T19:50:05.000Z,-0.7062146892655496,3.530937420021995,3.4391388931212576,2.832109051051304,-0.25998343890875536,-2.5998344343402637,310,session_close,0,-3.1418687681330826,-0.22656872408410322
CDE,2026-09-16T14:40:05.000Z,2026-09-16T19:50:05.000Z,-2.737317930688088,19.37387869037248,18.776240323665682,0.5161589044368563,-0.30847636460881217,-3.0847636462376666,310,session_close,1.2703770554206573,-4.149291441429082,-0.30453375361774526
UNG,2026-09-16T14:40:05.000Z,2026-09-16T19:50:05.000Z,-0.5692599620493288,10.492190676233506,10.347926320047938,0.9530898065172727,-0.1374968873242418,-1.3749688757787235,310,session_close,0,-1.6411317859819752,-0.1143707767820743
NOK,2026-09-16T14:40:05.000Z,2026-09-16T19:50:05.000Z,3.0487804878048808,10.152030365026931,10.117974734300175,0.9850246345181757,-0.03354563520990932,-0.335456352101506,310,session_close,1.16202996574426,-2.1870537916416355,-0.039400985380726894
NXDR,2026-09-16T14:40:05.000Z,2026-09-16T19:50:05.000Z,-0.609756097560965,2.450495041133793,2.459474652976651,4.080808093052289,0.036644072680804024,0.36644072696035923,310,session_close,0.795959940289559,-1.24444410708473,0.04080808093052113
ABTC,2026-09-16T14:45:05.000Z,2026-09-16T19:50:05.000Z,1.5018773466833446,8.131694894126765,8.067883766684176,1.2297559257369524,-0.07847211210047994,-0.784721122390828,305,session_close,0.7170104957497481,-3.0952328807682616,-0.012297559257369528
SNTI,2026-09-16T14:45:05.000Z,2026-09-16T19:50:05.000Z,4.233333333333333,0.31727228628863957,0.31890732116506276,31.51866825002179,0.051534121847197946,0.5153412217465829,305,session_close,3.160601837828869,-3.931098563488411,0.01260746730000939
GRAB,2026-09-16T14:45:05.000Z,2026-09-16T19:50:05.000Z,1.8900343642611617,2.970594115137269,2.889420782373,3.3663299704814684,-0.2732562228882232,-2.732562228903419,305,session_close,0,-3.049696849382022,-0.20197979822888712
AAL,2026-09-16T14:50:05.000Z,2026-09-16T19:50:05.000Z,1.566170712607673,12.982596486448722,12.677463281562975,0.7702619433919157,-0.23503249538869916,-2.3503249539046074,300,session_close,2.2137598888733123,-3.178073714910512,-0.23107858301757567
CMCSA,2026-09-16T14:50:05.000Z,2026-09-16T19:50:05.000Z,-1.1261261261261368,24.16483472567645,23.63526934641556,0.4138244731774945,-0.21914711408567827,-2.1914711409062484,300,session_close,0.06275761657676959,-2.2546594332695014,-0.18208276819809832
ALVO,2026-09-16T14:50:05.000Z,2026-09-16T19:50:05.000Z,8.565737051792844,5.46110693393836,5.278932112465516,1.831130595943914,-0.3335858894095454,-3.335858895944858,300,session_close,0.1628436536624589,-4.5980958984311755,-0.36622611918878256
CCAP,2026-09-16T14:55:05.000Z,2026-09-16T19:50:05.000Z,0.20325203252031798,9.892323700239439,9.857910626891428,1.0108848255387297,-0.03478765364765563,-0.34787653933299895,295,session_close,0.27977551684739144,-1.3376402172953217,0.010108848255390157
CORZ,2026-09-16T16:35:05.000Z,2026-09-16T19:50:05.000Z,6.514962593516227,17.103451711437003,16.7766192724944,0.5846773016917082,-0.19109150850628093,-1.9109150857779855,195,session_close,1.3245764210946032,-3.469777454571721,-0.17540319050751307
DQ,2026-09-16T16:35:05.000Z,2026-09-16T19:50:05.000Z,1.5097690941385356,11.453131520672923,11.237716606500175,0.8731236326924336,-0.18808385239863792,-1.8808385617848096,195,session_close,0.23459504746434767,-2.472088268277284,-0.15716225388463734
FNGR,2026-09-16T16:35:05.000Z,2026-09-16T19:50:05.000Z,1.9430950728660523,0.14783601470518593,0.14316787332260744,67.64251534747558,-0.31576482511525095,-3.1576482847482565,195,session_close,2.410769325675721,-4.894622409577232,-0.3449768282721255
DKNG,2026-09-16T17:10:05.000Z,2026-09-16T19:50:05.000Z,0.020292207792205197,24.664974865644922,24.175156049684468,0.405433212519614,-0.19858881610740062,-1.9858881617702675,160,session_close,0,-3.3852654227024326,-0.194607942009414
HKPD,2026-09-16T17:10:05.000Z,2026-09-16T19:50:05.000Z,2.559576345984116,0.11734608578520525,0.1201596543582997,85.21800429390524,0.23976669874315962,2.3976671690988587,160,session_close,3.9659731158936617,-2.0845056474083523,0.11078340558207778
BTG,2026-09-16T17:55:05.000Z,2026-09-16T19:50:05.000Z,0.287356321839094,5.24105627559389,5.128972991874546,1.3042588661500933,-0.14618561653817105,-2.1385628740772002,115,session_close,0,-3.0729735977818695,-0.13042588661500965
LNAI,2026-09-16T14:55:05.000Z,2026-09-16T19:55:05.000Z,1.3698630136986356,2.2406842227326327,2.178347853661934,4.462922341526925,-0.2782023742152888,-2.782023831750648,300,session_close,0,-4.493458815443563,-0.3570337873221554
NUWE,2026-09-17T14:00:05.000Z,2026-09-17T14:50:05.000Z,9.202453987730074,0.8949454642015718,1.429713826430087,11.173864996310588,5.975429578259982,59.75429700129544,50,take_profit,59.78627270610042,0,3.7991140987455996
WETO,2026-09-17T14:00:05.000Z,2026-09-17T15:00:05.000Z,9.239130434782595,2.0204222031722074,1.8396299624011283,4.949460546151216,-0.8948240627467275,-8.948240644317924,60,stop,0,-8.929925779321346,-0.6929244764611688
RXRX,2026-09-17T13:30:05.000Z,2026-09-17T19:50:05.000Z,3.1347962382445083,3.3006812577308966,3.519293486076654,3.029677574374109,0.6623245657030926,6.623245665837044,380,session_close,8.159489548962107,-0.6265754284045744,0.6968258421060458
MVIS,2026-09-17T13:30:05.000Z,2026-09-17T19:50:05.000Z,1.2269938650306678,1.6705804626447438,1.7095141556690236,5.985943036410669,0.2330548686404386,2.3305488059307726,380,session_close,10.14135751875389,-1.8305291680671965,0.419016012548747
VNRX,2026-09-17T13:30:05.000Z,2026-09-17T19:50:05.000Z,4.256093124772642,0.2878714802406281,0.27701906626172135,34.73772348526931,-0.37698815594693363,-3.7698816047478356,380,session_close,0,-4.401783820347937,-0.46548549470260703
VTAK,2026-09-17T13:30:05.000Z,2026-09-17T19:50:05.000Z,1.5286624203821653,0.16069833909612083,0.15672387306972996,62.228317102421926,-0.247324332203054,-2.4732464870178696,380,session_close,0,-7.9642012282812535,-0.3235872489325917
SLXN,2026-09-17T13:30:05.000Z,2026-09-17T19:50:05.000Z,8.23529411764705,0.370669695072226,0.3854206513101783,26.97819366250167,0.3979541540945629,3.9795420111368927,380,session_close,4.945185746626057,-5.927027583937006,0.24819938169501476
SNAP,2026-09-17T13:35:05.000Z,2026-09-17T19:50:05.000Z,3.321678321678334,5.921185175538083,5.6488684900738315,1.6888510835491313,-0.45990232931480923,-4.599023293330882,375,session_close,1.6688352336985846,-4.748798884043193,-0.3546587275453188
SAFE,2026-09-17T13:35:05.000Z,2026-09-17T19:50:05.000Z,-0.14471780028942893,13.835146066618872,13.547162674249947,0.7227968039962925,-0.2081534756082696,-2.081534889347972,375,session_close,0,-2.5669845833847793,-0.15178732883921953
MDCX,2026-09-17T13:40:05.000Z,2026-09-17T19:50:05.000Z,2.496798975672232,0.16123345,0.17176389994944483,17.55,0.1848093966127567,6.531181928715676,370,session_close,13.686086851084545,-1.0751180973923247,0.2141099999999998
XPEV,2026-09-17T13:45:05.000Z,2026-09-17T19:50:05.000Z,1.934235976789167,10.552118026132549,10.617857920797968,0.9476770420599693,0.062300188921858936,0.6230018893137232,365,session_close,2.2543528538851776,-0.4939105685084044,0.11372124504719672
ATCH,2026-09-17T13:45:05.000Z,2026-09-17T19:50:05.000Z,7.437499999999986,0.17318056294357112,0.17314051125938507,57.74319354904022,-0.002312712151920368,-0.023127124375444313,365,session_close,8.672703680564187,-1.7788156425931456,-0.005774319354905799
UGP,2026-09-17T14:00:05.000Z,2026-09-17T19:50:05.000Z,-0.8597883597883493,7.512637964556792,7.538477211851228,1.3310902929127113,0.03439437124979596,0.34394373076862705,350,session_close,0.76354052616181,-1.2330950192707246,0.05324361171650871
TSHA,2026-09-17T14:15:05.000Z,2026-09-17T19:50:05.000Z,3.2544378698224685,5.251216517043438,5.118950564015427,1.904320626289821,-0.25187678250712114,-2.5187678435792153,335,session_close,0,-4.022239729744714,-0.20947526889188062
WULF,2026-09-17T14:20:05.000Z,2026-09-17T19:50:05.000Z,4.223521767381411,16.053215023311466,16.376721864451863,0.6229281788633505,0.20152152740142243,2.01521527414054,330,session_close,4.091298694590417,-0.08232010405564427,0.18687845365900557
NOK,2026-09-17T14:20:05.000Z,2026-09-17T19:50:05.000Z,4.043392504930976,10.562114055357428,10.62787337061317,0.9467801566238645,0.06225961479730894,0.6225961479973441,330,session_close,0.6427306530375709,-0.872117597619626,0.08521021409614882
LUXE,2026-09-17T14:25:05.000Z,2026-09-17T19:50:05.000Z,0.4540295119182636,8.871783768240375,9.338068071418274,1.1271690405242119,0.5255812306245328,5.25581230740908,325,session_close,5.277588408272149,-1.1472751241384582,0.5635845202621059
AKAN,2026-09-17T14:25:05.000Z,2026-09-17T19:50:05.000Z,9.742647058823529,3.0006535215312122,2.918971246186334,3.3326073434966195,-0.27221495064785417,-2.7221495170557506,325,session_close,6.643435406266529,-4.687429605649296,-0.23328251404476497
UEC,2026-09-17T14:55:05.000Z,2026-09-17T19:50:05.000Z,1.6369047619047672,10.252061268641414,10.127966997406327,0.9754136008118863,-0.1210432399455433,-1.210432399722987,295,session_close,0.857766346242661,-1.2881435760178195,-0.11704963209742658
CYAB,2026-09-17T13:40:05.000Z,2026-09-18T13:45:05.000Z,4.223433242506802,0.30816726503987146,0.29663951353846296,32.4499098199576,-0.46257629838917785,-4.625763002391685,1445,session_close,0.1079721949329926,-6.544259344762715,-0.5849832324711688
BENF,2026-09-18T14:05:05.000Z,2026-09-18T18:25:05.000Z,9.3799682034976,0.6898536321348007,0.6269703580643626,14.495828511308419,-0.9115451571546771,-9.115451617735392,260,stop,14.589524962526035,-9.096658944971436,-1.2219983435032997
CORZ,2026-09-18T13:45:05.000Z,2026-09-18T19:50:05.000Z,2.3337222870478236,17.56354088255129,17.816432818712094,0.5693612730801136,0.14398687472421018,1.4398687477195586,365,session_close,1.4601788965201923,-2.5253500163621934,0.10248502915442081
QUBT,2026-09-18T13:45:05.000Z,2026-09-18T19:50:05.000Z,-0.7109004739336511,8.391696535369508,8.598269975912903,1.1916541492397184,0.24616409754626012,2.4616409765620575,365,session_close,3.316414785228372,-1.5693672288366378,0.3455797032795189
INFQ,2026-09-18T13:45:05.000Z,2026-09-18T19:50:05.000Z,-2.5252525252525193,13.522712323615709,13.14736727235535,0.7394966157271139,-0.27756639513695547,-2.7756639517123065,365,session_close,0,-6.379728437386712,-0.1848741539317782
QBTS,2026-09-18T13:45:05.000Z,2026-09-18T19:50:05.000Z,-2.4307518371961767,17.273457609750558,16.92660695265572,0.5789228899914509,-0.20079978480077684,-2.0079978480917804,365,session_close,0,-4.188261702406226,-0.11578457799829245
XNDU,2026-09-18T13:45:05.000Z,2026-09-18T19:50:05.000Z,0.3916449086161844,7.711669784185773,7.388495548417883,1.296736017486056,-0.4190716714437528,-4.190716729476915,365,session_close,0,-4.56022877051786,-0.2723145636720723
SLXN,2026-09-18T13:45:05.000Z,2026-09-18T19:50:05.000Z,8.684210526315784,0.4160883536508685,0.43557198828386795,24.03335706455299,0.4682571480501668,4.682571492819957,365,session_close,7.0205392899899355,-5.957473559009518,0.49268381982333587
NVST,2026-09-18T13:50:05.000Z,2026-09-18T19:50:05.000Z,-2.1105951878429674,23.21465748731912,23.33532055211237,0.4307623321224413,0.0519771031913825,0.5197710319834079,360,session_close,2.133748959903725,-0.23544386708688192,0.0732295964608145
UNG,2026-09-18T13:50:05.000Z,2026-09-18T19:50:05.000Z,1.0164569215876051,10.44209069511058,10.407858232206594,0.9576626263326316,-0.03278315033046441,-0.32783150332158867,360,session_close,0.5545757701236553,-0.5946193815348888,-0.03830650505330446
MG,2026-09-18T13:55:05.000Z,2026-09-18T19:50:05.000Z,5.5947580645161255,20.974202823422225,20.755290687319917,0.4767761656233109,-0.1043720888592666,-1.0437208886806653,355,session_close,0.31370525560237006,-1.2119784745208695,-0.10489075643712731
CRML,2026-09-18T14:00:05.000Z,2026-09-18T19:50:05.000Z,-2.8384279475982432,6.6913431932228535,6.718642334802854,1.494468256921866,0.040797700532526356,0.4079770053888366,350,session_close,1.1755010093759788,-1.6639886792180092,0.10461277798453139
BTCT,2026-09-18T14:50:05.000Z,2026-09-18T19:50:05.000Z,3.8793103448276023,1.210248112262426,1.2597433570015337,8.26276850864083,0.40896774955776993,4.089677499812976,300,session_close,5.763437020131401,-1.6730546453466055,0.4131384254320416
STUB,2026-09-18T14:50:05.000Z,2026-09-18T19:50:05.000Z,3.4511784511784382,6.151238041104208,5.948802706561763,1.625688996352568,-0.32909689583860485,-3.290968959252088,300,session_close,0.14244220167130006,-3.7592113906016023,-0.3576515791975652
CLF,2026-09-18T15:15:05.000Z,2026-09-18T19:50:05.000Z,-2.468652037617547,12.46250582388876,12.56748375241687,0.8024068465108124,0.0842350085834777,0.8423500860226872,275,session_close,0.8625406289094029,-0.902754433808195,0.09628882158129848
MARA,2026-09-18T15:15:05.000Z,2026-09-18T19:50:05.000Z,8.548109965635753,12.642529023755847,13.217354727558865,0.7909809802332711,0.45467619865739134,4.546761986647581,275,session_close,5.042274176680306,-0.020004096894643553,0.4666787783376307
SGRY,2026-09-18T15:15:05.000Z,2026-09-18T19:50:05.000Z,-1.2359550561797827,13.202877139961679,13.38728799473977,0.7574106654815916,0.13967474823950352,1.396747487863292,275,session_close,1.4172885050331097,-1.1579077676861727,0.1287598131318699
AMC,2026-09-18T15:30:05.000Z,2026-09-18T19:50:05.000Z,0.36900369003689537,2.730549958532317,2.689458172452341,3.6622658984253045,-0.1504890468660837,-1.504890469100335,260,session_close,0,-1.4850473035883494,-0.1464906359370115
PSKY,2026-09-18T15:30:05.000Z,2026-09-18T19:50:05.000Z,-2.4482109227871973,10.372085340426544,10.197958155383999,0.86524064433111,-0.15066191778177423,-1.6788059423678474,260,session_close,0.36554519490576975,-2.1411831192801434,-0.0951764708764209
AMZE,2026-09-18T18:25:05.000Z,2026-09-18T19:50:05.000Z,3.250883392226167,0.14713605015375344,0.1479592536138572,61.76905445184593,0.050848499352096836,0.5594845445718629,85,session_close,0.5871775444180605,-3.3547523863766915,-0.0864766762325857
FLIA,2026-09-18T14:05:05.000Z,2026-09-21T14:05:05.000Z,-0.248508946322068,20.114218654261016,20.07589884998458,0.4971607473985354,-0.01905110253423901,-0.19051102573312884,4320,time,0,-0.6175663911991092,0.019886429895944246
CYAB,2026-09-21T14:05:05.000Z,2026-09-21T15:25:05.000Z,5.712431028886722,0.32686657362195143,0.29563871143149717,30.593522860499437,-0.9553703158081884,-9.553703165308026,80,stop,0.591503241406599,-9.534952833078048,-0.7923722420869357
PSKY,2026-09-21T14:05:05.000Z,2026-09-21T18:15:05.000Z,8.521057786483821,11.092218464283857,10.127972451242329,0.9015329108523734,-0.8692995149151244,-8.692995149224032,250,stop,2.4141386736871384,-8.67471612988988,-1.0457781765887528
SCNI,2026-09-21T14:05:05.000Z,2026-09-21T19:35:05.000Z,9.615384615384603,1.7203628099997392,1.5788429643561583,5.812727361234963,-0.8226162789301912,-8.226162808274282,330,stop,1.7227290562195519,-8.15890748067034,-0.6975272833481956
LCID,2026-09-21T14:05:05.000Z,2026-09-21T19:50:05.000Z,-0.24449877750610804,4.090825698097865,4.279139922349562,2.444494274310134,0.4603330429544286,4.603330431293099,345,session_close,4.6243549802206685,-0.7535324253047038,0.46445391211892506
NOK,2026-09-21T14:05:05.000Z,2026-09-21T19:50:05.000Z,0,10.692139769582356,10.977803484718725,0.9352664868932338,0.2671716992884615,2.6717169929731237,345,session_close,3.1598935077411516,0,0.2805799460679701
IAG,2026-09-21T14:05:05.000Z,2026-09-21T19:50:05.000Z,0.19656019656020263,20.40408640158616,20.205949462783433,0.4900979050252484,-0.09710649861533191,-0.9710649862143471,345,session_close,0,-1.882399407778934,-0.08821762290454416
XXI,2026-09-21T14:10:05.000Z,2026-09-21T19:50:05.000Z,7.056798623063698,6.231349927584359,6.538617943281731,1.6047887022992795,0.4931002401690602,4.931002419510843,340,session_close,4.95318150966515,-1.145015581110509,0.5456281587817546
SOFI,2026-09-21T14:15:05.000Z,2026-09-21T19:50:05.000Z,-0.14740566037735325,16.943389177703928,16.91661429293466,0.5902006909585772,-0.015802555491157822,-0.15802555491377576,335,session_close,0.688237878933462,-0.25608322661340166,-0.011804013819171288
YSG,2026-09-21T14:20:05.000Z,2026-09-21T19:50:05.000Z,1.6064257028112205,2.5511347219374905,2.607597349184717,3.9198239215094457,0.22132355695494904,2.213235810782473,330,session_close,2.699397937330761,-1.2204264114223151,0.23518943529056813
NVTS,2026-09-21T14:20:05.000Z,2026-09-21T19:50:05.000Z,7.349081364829391,12.282468489369698,12.147563058141534,0.8141685856235514,-0.10983576413596967,-1.0983576415842047,330,session_close,0.14273605216634788,-2.0555191294665764,-0.13840865955600457
CHCT,2026-09-21T14:25:05.000Z,2026-09-21T19:50:05.000Z,1.3055751587861764,14.38316100006407,14.39703780207392,0.6952574581065848,0.009647950092015637,0.09647950134039879,325,session_close,0.2561258956620627,-1.064863280494377,0.020857723743198164
COLD,2026-09-21T14:30:05.000Z,2026-09-21T19:50:05.000Z,1.0062456627342176,14.572971724946818,14.687041959632188,0.6862018386272093,0.07827520477373795,0.7827520483697774,320,session_close,0.9402905436137754,-0.9124544221765674,0.10979229418035352
ORBS,2026-09-21T14:35:05.000Z,2026-09-21T19:50:05.000Z,1.4423076923077094,1.0602356712215437,1.0397838983615029,9.43186521807828,-0.19289836508665664,-1.9289836604419723,315,session_close,5.636890966854491,-2.85178777155346,-0.18863730436156523
JBLU,2026-09-21T14:45:05.000Z,2026-09-21T19:50:05.000Z,3.0892448512585657,4.510905400862925,4.539086278153934,2.216849858250962,0.06247277382796017,0.6247277383741558,305,session_close,0.8666685656852025,-0.6851263353253367,0.08867399433003698
MARA,2026-09-21T14:50:05.000Z,2026-09-21T19:50:05.000Z,1.3217522658610203,13.422687934918162,13.187360239860825,0.7450072629192658,-0.17532084198376682,-1.753208419940611,300,session_close,1.0229848577841816,-1.7335420151789571,-0.17880174310062458
DOC,2026-09-21T14:50:05.000Z,2026-09-21T19:50:05.000Z,0.7132316773241776,20.494112196855433,20.6158695875272,0.48794502062617373,0.059410912502724685,0.5941091251098433,300,session_close,0.8094412753826052,-0.6055992846300318,0.06831230288766399
ICL,2026-09-21T14:55:05.000Z,2026-09-21T19:50:05.000Z,-0.4664179104477695,5.351295373742669,5.298888178401501,1.8687063971631668,-0.09793366119141994,-0.9793366219012211,295,session_close,0.1626639093786908,-0.9585599403531653,-0.056061191914896114
MOS,2026-09-21T15:00:05.000Z,2026-09-21T19:50:05.000Z,-2.614379084967322,23.8547733871314,23.835224801510495,0.4192033115313675,-0.008194831828037106,-0.08194831828269987,290,session_close,2.620970665795075,-0.06193052808193267,0.004192033115314686
JOBY,2026-09-21T15:05:05.000Z,2026-09-21T19:50:05.000Z,2.8594771241829964,6.301270305247904,6.428712584742898,1.34393518701821,0.17127416372713128,2.0224855199253327,285,session_close,3.1538036796578517,0,0.16127222244218586
FNGR,2026-09-21T15:25:05.000Z,2026-09-21T19:50:05.000Z,-1.6961130742049413,0.14024059695367008,0.13816154322344926,64.49366047611416,-0.13408578538846058,-1.4824906449219284,265,session_close,2.3241508643939035,-2.025516872698785,-0.10963922280939542
STI,2026-09-22T13:30:05.000Z,2026-09-22T13:35:05.000Z,10.468319559228645,8.041666330967697,7.158554901036749,1.2435233661035394,-1.0981696979922426,-10.981696996431815,5,stop,0,-10.963726853133448,-0.39792747715313226
SCAG,2026-09-22T13:30:05.000Z,2026-09-22T13:40:05.000Z,9.962794543199681,0.26818831,0.2493136224390244,25,-0.4922353652860437,-7.341637900414731,10,stop,0,-14.612236454303318,-0.7910000000000004
SOFX,2026-09-22T13:35:05.000Z,2026-09-22T14:00:05.000Z,9.776889205068118,8.971803401555256,8.238337960975773,1.1146031126985818,-0.8175228631267284,-8.175228632989631,25,stop,0,-8.15670349428743,-0.6353237742381914
SOFA,2026-09-22T13:35:05.000Z,2026-09-22T14:00:05.000Z,8.957654723127039,13.423933633676684,12.337520545411632,0.7449381083071475,-0.8093105108122942,-8.093105328974236,25,stop,0,-8.074634926363277,-0.6480961542272183
IMSR,2026-09-22T13:30:05.000Z,2026-09-22T14:10:05.000Z,9.55555555555554,4.9610257813633805,4.549073959195605,2.0157121584579336,-0.8303762966424862,-8.30376297811869,40,stop,0,-8.28509666100593,-0.4232995532761663
FBGL,2026-09-22T13:40:05.000Z,2026-09-22T16:05:05.000Z,7.879088206144691,0.438588281600231,0.40290565452969607,22.80042677119487,-0.8135791255255875,-8.135791257427918,145,stop,3.513937568860226,-8.114280087553583,-0.8550160039198076
SCNX,2026-09-22T13:30:05.000Z,2026-09-22T17:35:05.000Z,8.697079094190997,0.3344042119776724,0.30732584912330174,29.903928519995173,-0.8097494272355924,-8.097494554338516,245,stop,1.2248015651791677,-8.07532052840154,-0.7834829272238739
SHPU,2026-09-22T13:30:05.000Z,2026-09-22T19:50:05.000Z,9.67529527964115,16.02335992487661,16.73602264776825,0.6240888319599719,0.44476484631085883,4.4476484721860325,380,session_close,6.407146066347247,0,0.19970842622719154
MAZE,2026-09-22T13:30:05.000Z,2026-09-22T19:50:05.000Z,9.468512728896815,24.626817415056447,28.664225927784184,0.4060613930963302,1.6394357251772074,16.39435760082961,380,session_close,16.742653000800267,0,1.3765481225965583
VTGN,2026-09-22T13:35:05.000Z,2026-09-22T19:50:05.000Z,9.871244635193133,0.25946098499569054,0.2597234063992229,38.541439737700514,0.010114098710126277,0.10114098793571817,375,session_close,1.67231886689303,-4.532852982072,0.2697900781639042
GMEU,2026-09-22T13:35:05.000Z,2026-09-22T19:50:05.000Z,9.240506329113906,8.672396946678278,8.828225717592405,1.1530837264633644,0.1796836198558673,1.7968362365356527,375,session_close,3.0856873245893146,-2.679731429582355,0.3113326061451076
VFF,2026-09-22T13:35:05.000Z,2026-09-22T19:50:05.000Z,8.680555555555557,3.140645105710947,2.9893876862866073,3.184059214658198,-0.48161258010348795,-4.816125806424072,375,session_close,0,-4.796629375188354,-0.3820871057589841
OMER,2026-09-22T13:40:05.000Z,2026-09-22T19:50:05.000Z,9.464575446187151,20.274063564165154,21.085755463129267,0.4932410302160393,0.40035974846307265,4.003597485009352,370,session_close,4.419126106610594,-1.993007286804327,0.46857897870523857
AKAN,2026-09-22T13:40:05.000Z,2026-09-22T19:50:05.000Z,8.986928104575153,3.350687762129387,3.138880846415686,2.9844619072359406,-0.6321296716366743,-6.3212967232463395,370,session_close,1.7701511475041176,-7.183234583947873,-0.4178246670130328
VRDN,2026-09-22T13:45:05.000Z,2026-09-22T19:50:05.000Z,2.5718257645968468,22.164479240498423,22.115517936629086,0.4511723414381,-0.022089986106591106,-0.2208998611610784,365,session_close,0.29561154489865515,-2.8174776123654155,0
MASK,2026-09-22T13:55:05.000Z,2026-09-22T19:50:05.000Z,-2.5045330915684394,0.8661038476266877,0.8961824497808613,11.545959464377228,0.34728632121721764,3.472863241122351,355,session_close,6.511476946771455,-3.695151304821609,0.6292547908085577
VEEA,2026-09-22T14:05:05.000Z,2026-09-22T19:50:05.000Z,-2.754820936639124,3.5508065404452434,3.519110497742088,2.8162615519385765,-0.08926434641349983,-0.8926434696490383,345,session_close,7.862818105538016,-6.50011589807149,-0.1408130775969294
VLN,2026-09-22T16:55:05.000Z,2026-09-22T19:50:05.000Z,5.932203389830515,1.8904374958680665,1.8889924228167558,5.289780777731896,-0.0076441196492417025,-0.07644119704931776,175,session_close,0,-2.139054899008863,0.05289780777731856
OMAH,2026-09-22T16:55:05.000Z,2026-09-22T19:50:05.000Z,-0.5485463521667455,18.143662146111954,18.096316668770225,0.5511566471900777,-0.02609477455128103,-0.2609477456119549,175,session_close,0,-0.40599381491315256,-0.02204626588760128
FAMI,2026-09-22T16:55:05.000Z,2026-09-22T19:50:05.000Z,9.715994020926754,0.1478305191560291,0.1391691890687773,67.64503056400578,-0.5858959384770916,-5.8589593926204975,175,session_close,0.4528705221310103,-5.8381173287499255,-0.5749827597940484
SKIL,2026-09-22T13:35:05.000Z,2026-09-22T19:55:05.000Z,8.585858585858585,6.501426490458479,6.008756150555249,1.538123975096465,-0.7580373943498739,-7.580373975865834,380,session_close,0.5933084008276079,-7.558748701991758,-0.5898683502876221
OPEX,2026-09-22T13:40:05.000Z,2026-09-22T19:55:05.000Z,9.445585215605746,5.372194618161993,5.168845704666188,1.861436499996141,-0.37852108981564986,-3.785211220910268,375,session_close,0,-5.8113050690037245,-0.37228729999922905
ZEO,2026-09-23T13:35:05.000Z,2026-09-23T13:40:05.000Z,8.207431604736627,0.5323067259089274,0.483203100923225,18.786161271675894,-0.9224686180052986,-9.22468618104659,5,stop,0,-9.206482564210905,-0.5541917575144382
LGHL,2026-09-23T13:30:05.000Z,2026-09-23T13:45:05.000Z,1.6752577319587791,7.92243119753559,7.198318294706965,1.2622387525199419,-0.9140033671499976,-9.140033971565105,15,stop,0,-9.11880683495635,-0.7699656390371636
GRML,2026-09-23T13:40:05.000Z,2026-09-23T14:15:05.000Z,8.833922261484094,15.433086295767671,14.027192866216406,0.6479585358570852,-0.9109606481831336,-9.109606481866257,35,stop,5.228466223594008,-9.09141741890247,-1.2440803888456031
HAO,2026-09-23T13:35:05.000Z,2026-09-23T15:30:05.000Z,8.771929824561386,3.150702510663282,2.819304221660803,3.173895318529358,-1.0518234780336084,-10.518234834323149,115,stop,1.2472611807594847,-10.496151558074684,-1.364774986967623
EDVA,2026-09-23T13:30:05.000Z,2026-09-23T15:50:05.000Z,8.369470945359915,0.2517583100923252,0.23144931300023516,39.720634933522575,-0.8066862593608795,-8.066862652772922,140,stop,19.32078821542649,-8.04672945448991,-0.8103009526438605
EPOW,2026-09-23T13:30:05.000Z,2026-09-23T18:40:05.000Z,-0.5955572300068046,6.902816195312306,6.288151830171396,1.4486839671947347,-0.8904544109855675,-8.904544866171122,310,stop,7.782096313856579,-8.877770723903511,-1.2313813721155231
HQ,2026-09-23T13:40:05.000Z,2026-09-23T19:45:05.000Z,3.430749682338008,16.333390166969437,14.946864436555963,0.6122427666266437,-0.8488903491873735,-8.488903505271104,365,stop,0,-8.469706244861708,-0.9918332819351612
RUN,2026-09-23T13:30:05.000Z,2026-09-23T19:50:05.000Z,-1.7064846416382062,8.661956567410963,8.348325806133262,1.154473572292811,-0.36207842535318047,-3.620784274740871,380,session_close,0.20830666199507242,-3.832350864698275,-0.4271552217483414
ONDS,2026-09-23T13:30:05.000Z,2026-09-23T19:50:05.000Z,0.38860103626943143,7.761561350206076,7.47849937231998,1.288400560965818,-0.36469721109653963,-3.646972111849379,380,session_close,2.0413244532263786,-3.885318128652937,-0.2319121009738474
OLB,2026-09-23T13:30:05.000Z,2026-09-23T19:50:05.000Z,-2.9563585171281215,0.20869133058501615,0.20564054058730308,47.91757869791455,-0.1461864698062269,-1.4618671456839716,380,session_close,6.5688734537054705,-3.206328967407801,-0.33063129301561034
JDST,2026-09-23T13:35:05.000Z,2026-09-23T19:50:05.000Z,8.29244357212955,22.104446150838488,22.46505779119452,0.4523976728202509,0.16313986688896284,1.63139866927792,375,session_close,2.4680729181754124,-0.2915528866849426,0.11762339493326657
IONL,2026-09-23T13:35:05.000Z,2026-09-23T19:50:05.000Z,8.08656036446469,14.302865542003794,14.315672260272356,0.699160596165583,0.008953952779572666,0.08953952780267899,375,session_close,6.062662446554201,-1.4882719926203825,0.09788248346318085
XNDU,2026-09-23T13:35:05.000Z,2026-09-23T19:50:05.000Z,-2.768166089965396,5.631127943819544,5.3289228154700545,1.7758431523979035,-0.5366689077989697,-5.366689078360844,375,session_close,0,-5.880312916402019,-0.4617192196234541
INFQ,2026-09-23T13:35:05.000Z,2026-09-23T19:50:05.000Z,-0.2844950213371278,14.04280948232703,13.817224053151966,0.7121082154090206,-0.16064123739213287,-1.6064123739552603,375,session_close,2.1875289133529208,-2.512385308445886,-0.14242164308180527
AIXC,2026-09-23T13:40:05.000Z,2026-09-23T19:50:05.000Z,9.929078014184412,1.5704522345146759,1.6388637297545778,6.367592421250928,0.4356165186160437,4.356165296618748,370,session_close,6.975555389570842,-3.849352001040496,0.4457314694875638
FLYE,2026-09-23T13:40:05.000Z,2026-09-23T19:50:05.000Z,8.888888888888879,1.4918393052681658,1.43936227167303,6.703126266921897,-0.35176018230169676,-3.5176063138853046,370,session_close,13.953292019908027,-7.496739419133491,-0.20109378800765576
QUBT,2026-09-23T13:45:05.000Z,2026-09-23T19:50:05.000Z,2.643171806167399,9.331867649094571,9.218134836168755,1.0715968523853325,-0.12187572434423447,-1.2187572434854577,365,session_close,2.0160203506924157,-1.3059298918196127,-0.15002355933394718
ZONE,2026-09-23T13:45:05.000Z,2026-09-23T19:50:05.000Z,5.9558823529411775,0.14513200304125934,0.14426049134560595,64.39668586580673,-0.05612246489336776,-0.6004958778151962,365,session_close,0,-4.362926789799227,0.03219834293290269
NXXT,2026-09-23T13:40:05.000Z,2026-09-23T19:55:05.000Z,8.882189239332106,0.9498555191452092,0.9008191394728976,10.527916733223918,-0.5054544606529007,-5.054544700465729,375,session_close,2.0892104593601024,-5.912006406589542,-0.5242902533145504
GLNDW,2026-09-23T13:40:05.000Z,2026-09-23T19:55:05.000Z,7.8947368421052655,0.8276897831735635,0.9014802984141781,12.081812525113557,0.852664321187796,8.526649360227484,375,session_close,11.732682799839855,-4.891903222281635,0.825518695505437
ATYR,2026-09-24T13:30:05.000Z,2026-09-24T13:35:05.000Z,8.155650319829434,0.4071855645159077,0.3650265307360509,24.55882735060956,-1.0353764318680194,-10.353764340830347,5,stop,0,-10.335721151102728,-0.2455882735060957
CBRZ,2026-09-24T13:30:05.000Z,2026-09-24T13:40:05.000Z,7.568238213399492,8.7019712149558,7.867796200012803,1.1491649067523264,-0.9586046532620888,-9.586046590332616,10,stop,0,-9.560721294112273,-0.6205490496462556
KYTX,2026-09-24T13:35:05.000Z,2026-09-24T14:00:05.000Z,9.54738330975955,7.761565548871075,7.078577401233372,1.2883998638564291,-0.8799618364319711,-8.799618367418722,25,stop,0,-8.781289606839804,-1.095139884277966
ZKIN,2026-09-24T13:35:05.000Z,2026-09-24T14:00:05.000Z,8.235294117647074,1.8706224262470916,1.5896604355483497,5.345814001582161,-1.5019705437897315,-15.019706101910568,25,stop,0,-15.001553617107334,-0.7484139602215034
BTLN,2026-09-24T13:35:05.000Z,2026-09-24T14:05:05.000Z,7.625368731563409,0.7482851629656752,0.6750388539420361,13.363889032351869,-0.9788555458212655,-9.788555573298057,30,stop,0,-9.767020192678554,-1.130585012136967
PMAX,2026-09-24T13:30:05.000Z,2026-09-24T14:10:05.000Z,9.469074986316372,1.0110262443231746,2.7394499593051385,9.890931878096739,17.09572315570933,170.9573732881324,40,take_profit,171.01175814029207,-5.066757130272881,17.70476806179316
GRML,2026-09-24T13:35:05.000Z,2026-09-24T14:25:05.000Z,9.606791778373559,12.282458020810175,15.476901833538385,0.814169279693663,2.600818060996784,26.008180610824354,50,take_profit,26.033404500729638,0,2.2878156759391928
HUHU,2026-09-24T13:35:05.000Z,2026-09-24T14:50:05.000Z,9.322033898305083,6.501454096229596,5.878153070433097,1.5381174424926622,-0.9587101797011637,-9.587101847846181,75,stop,0,-9.558693901876458,-0.9382516399205247
ATCH,2026-09-24T14:50:05.000Z,2026-09-24T14:55:05.000Z,1.8829516539440094,0.20124048824130494,0.18406282094625878,49.69178958424505,-0.8535890287736018,-8.535890289854912,5,stop,0,-8.517415352695823,-0.7702227385557983
LU,2026-09-24T13:30:05.000Z,2026-09-24T19:50:05.000Z,9.016393442622949,1.3503909717387725,1.3696158696293543,7.4052625867760735,0.1423654170837156,1.42365420777567,380,session_close,2.9331526269186003,-4.4721101519964,0.3702631293388041
TSSI,2026-09-24T13:30:05.000Z,2026-09-24T19:50:05.000Z,8.081896551724155,10.062992100621535,10.267919975643155,0.9937401928072648,0.20364506603556698,2.0364507193537595,380,session_close,3.6471051125618548,-3.8059465494152622,0.44718308676326757
PATH,2026-09-24T13:30:05.000Z,2026-09-24T19:50:05.000Z,0.07668711656443339,13.08265302952628,12.637471036690362,0.7643709553169349,-0.34028418515388764,-3.402841853492449,380,session_close,0,-4.2243192438031985,-0.2981046725736043
ORCZ,2026-09-24T13:35:05.000Z,2026-09-24T19:50:05.000Z,9.313725490196067,17.894335392206358,17.39607801147935,0.5588360605882199,-0.27844419180448593,-2.7844419466062837,375,session_close,4.669995221826495,-3.7125457729807576,-0.25147622726469976
KRG,2026-09-24T14:50:05.000Z,2026-09-24T19:50:05.000Z,-0.3037667071688954,24.635033090369845,24.745030630315327,0.40592598168767746,0.0446508593855993,0.4465085942526355,300,session_close,0.6290509497660635,-0.22339361253531642,0.044651857985645194
MAC,2026-09-24T14:50:05.000Z,2026-09-24T19:50:05.000Z,-0.6616674018526836,22.544527030744554,22.735440396482964,0.44356663524887147,0.08468279926462385,0.8468279927898102,300,session_close,1.310619508018518,-0.2862203791481499,0.0931489934022629
UNG,2026-09-24T14:50:05.000Z,2026-09-24T19:50:05.000Z,1.4719411223551138,11.042208447926223,11.617667966243289,0.9056159415100428,0.5211453134816255,5.211453134858544,300,session_close,5.413695592624368,0,0.4980887678305219
PCG,2026-09-24T14:50:05.000Z,2026-09-24T19:50:05.000Z,-2.2965350523771133,12.13242860856361,12.29753855188767,0.8242372835815476,0.13608977117772644,1.3608977118358476,300,session_close,1.7108807983413854,-0.8442547808714229,0.15660508388049443
NIO,2026-09-24T14:55:05.000Z,2026-09-24T19:50:05.000Z,-2.588555858310615,3.5807194901873394,3.619261478741676,2.792734819201901,0.10763755343697681,1.0763755345806234,295,session_close,1.3762739568879745,-0.2993669349614092,0.11170939276807523
WVE,2026-09-24T14:55:05.000Z,2026-09-24T19:50:05.000Z,-2.1518987341772156,3.8707907481190227,3.9291956388812594,2.583451455240389,0.15088620003285652,1.5088620016625314,295,session_close,2.3046777179657196,-1.3121543225684373,0.20667611641923145
LABT,2026-09-24T14:55:05.000Z,2026-09-24T19:55:05.000Z,-1.6853932584269704,1.7706207154171416,1.7987124520133797,5.6477366296438385,0.1586547297648802,1.5865473814712456,300,session_close,3.353585782987367,-2.2941511450447316,-0.11295473259287725
KITT,2026-09-25T13:30:05.000Z,2026-09-25T13:35:05.000Z,9.867751780264511,3.2506620830068993,2.3695253641399314,3.076296378114295,-2.710637696873967,-27.10637698926572,5,stop,0,-27.09177578348214,-1.3228074425891467
GLNDW,2026-09-25T13:40:05.000Z,2026-09-25T13:45:05.000Z,9.532267613972767,1.7003681153966488,1.3697039306485346,5.881079440178924,-1.9446623385256598,-19.446623454885202,5,stop,0,-19.429211381065148,-1.1174050936339945
FRVO,2026-09-25T13:35:05.000Z,2026-09-25T14:10:05.000Z,3.470975463794135,17.31347308425055,15.78682984380331,0.5775848641144177,-0.8817660285849128,-8.817660286981774,35,stop,0,-8.799349944618562,-0.8663772961716241
GIPR,2026-09-25T13:30:05.000Z,2026-09-25T14:30:05.000Z,1.138484509145199,0.546989977147987,0.4448105541898708,18.281869697146135,-1.8680308962498628,-18.680309919183724,60,stop,23.95108289462651,-18.66395755188889,-1.7184957515317372
BENF,2026-09-25T13:40:05.000Z,2026-09-25T14:30:05.000Z,9.655172413793123,1.600327727109249,2.099579625888057,6.248720071965103,3.119685417810307,31.196854208957202,50,take_profit,31.223121641048724,0,2.6869496309449925
MGN,2026-09-25T13:35:05.000Z,2026-09-25T16:00:05.000Z,8.92388451443571,4.20153419082605,3.988628403072879,2.3800828321716327,-0.6762849800408453,-6.762850208636265,145,stop,4.009626044262382,-9.080830322864465,-0.7854273346166387
USDE,2026-09-25T13:30:05.000Z,2026-09-25T19:50:05.000Z,9.353023909985936,15.57336000990229,17.24648943237259,0.6421221855496412,1.0743535214640392,10.743535251265275,380,session_close,11.53662401020281,-6.571221684027007,1.3291929240877582
PL,2026-09-25T13:30:05.000Z,2026-09-25T19:50:05.000Z,1.759364358683313,17.95364021078964,17.4664959940182,0.5569901076840478,-0.2713345097571858,-2.7133450991107666,380,session_close,1.0937046019912522,-3.1951192296083675,-0.11139802153681089
QBTS,2026-09-25T13:30:05.000Z,2026-09-25T19:50:05.000Z,-0.17162471395879564,17.483606157970396,17.41650571040614,0.5719643817555788,-0.03837906600661323,-0.38379066056499994,380,session_close,2.6104102203282853,-1.221751142415306,0
LFS,2026-09-25T13:30:05.000Z,2026-09-25T19:50:05.000Z,4.235294117647048,2.2304984761973947,2.1094897888027044,4.483302747849161,-0.5425185807102352,-5.425185835633867,380,session_close,0.425982079970022,-7.1956326314562835,-0.40349724730642755
TSUI,2026-09-25T13:35:05.000Z,2026-09-25T19:50:05.000Z,9.249394673123511,22.606923109925376,22.863717153762465,0.44234235794540955,0.11359088285723512,1.1359088655649316,375,session_close,1.1637005566632164,-3.082786217905953,-0.026540541476725465
TNON,2026-09-25T13:35:05.000Z,2026-09-25T19:50:05.000Z,0.6756756756756799,3.0007475429263355,3.049349869970652,3.332502896169282,0.1619673956357508,1.6196739762025842,375,session_close,5.307092809225833,-0.6914124773756414,0.1333001158467706
AMZE,2026-09-25T13:35:05.000Z,2026-09-25T19:50:05.000Z,1.5813253012048278,0.1361972,0.1345662238125,32.6,-0.05316982371249981,-1.1975108060224398,375,session_close,1.7642066063032313,-2.4943244060817604,0.009780000000000122
STLU,2026-09-25T13:40:05.000Z,2026-09-25T19:50:05.000Z,9.610983981693355,24.024883881488893,23.382888065240987,0.4162351020120633,-0.26722119406726513,-2.672211942479199,370,session_close,0,-7.137948678329343,-0.2539034122273591
ACTU,2026-09-25T13:40:05.000Z,2026-09-25T19:50:05.000Z,9.564516129032263,0.695484205752489,0.6759481318459808,14.378456669827056,-0.2808985921632678,-2.808988866306592,370,session_close,4.071378474637588,-7.330749617430343,-0.2890069790635241
AMC,2026-09-25T13:40:05.000Z,2026-09-25T19:50:05.000Z,0.687285223367673,2.940591294447475,2.909414588114597,3.400676597468379,-0.10602189561236186,-1.0602189563625097,370,session_close,0,-3.7608522699600244,-0.06801353194936688
WHLR,2026-09-25T13:40:05.000Z,2026-09-25T19:50:05.000Z,19.11764705882353,4.48089995321286,5.028958359208854,2.2316945485599646,1.2230989569537243,12.230989571704892,370,session_close,19.172488914222583,-1.5822703910633673,1.2274320017079798
WT,2026-09-25T13:45:05.000Z,2026-09-25T19:50:05.000Z,3.4597749062109218,24.854983463499842,24.395087433171533,0.40233380213666,-0.18503171846954536,-1.8503171848964532,365,session_close,0,-3.52035423714836,-0.14081683074783058
BB,2026-09-25T13:45:05.000Z,2026-09-25T19:50:05.000Z,-1.2600229095074411,8.631727518741782,8.098376787450764,1.1585166443142614,-0.617895699457827,-6.178956994795896,365,session_close,0.21168973671312763,-6.7394101294172675,-0.6140138214865587
BGS,2026-09-25T13:45:05.000Z,2026-09-25T19:50:05.000Z,-0.33112582781458233,3.0216748478223128,3.0893370053005493,2.6664819946333314,0.1804199246337628,2.2392269481608826,365,session_close,2.2611682467069016,-1.0482546738984966,0.21331855957066637
YMAT,2026-09-25T13:35:05.000Z,2026-09-25T19:55:05.000Z,9.090909090909104,1.5807151802894401,1.5796029468500845,6.326249650368595,-0.007036266406851786,-0.07036267211351559,380,session_close,5.01575620321697,-5.73886943205224,-0.0632624965036861
PMAX,2026-09-28T13:30:05.000Z,2026-09-28T13:40:05.000Z,9.259259259259256,1.7803784752139193,1.519691684464334,5.61678323591083,-1.4642211961056655,-14.642212000359239,10,stop,0,-14.624894584991754,-1.9097063002096828
CRMT,2026-09-28T13:35:05.000Z,2026-09-28T13:45:05.000Z,8.962264150943366,1.1705610682429264,1.0693325816252417,8.542910687035459,-0.8647859201586444,-8.64786036064175,10,stop,0,-8.590843397335412,-0.6834328549628346
LOBO,2026-09-28T13:30:05.000Z,2026-09-28T13:50:05.000Z,8.340775138417577,0.6137392736304972,0.5561449351020875,16.293563681569005,-0.9384170225104863,-9.384170282556244,20,stop,0,-9.358904684512426,-0.7201755147253497
CSAI,2026-09-28T13:35:05.000Z,2026-09-28T14:15:05.000Z,9.206798866855536,3.8811870584367925,3.2693353351175563,2.576531232681091,-1.5764550749017614,-15.76455125988359,40,stop,15.170949833074033,-15.747425961039795,-1.6747453012427105
SDEV,2026-09-28T13:40:05.000Z,2026-09-28T14:20:05.000Z,9.731543624161066,1.650331359346317,1.4996821390430266,6.059389189760515,-0.9128422569516076,-9.128422571026054,40,stop,0,-9.109162138557558,-0.7877205946688655
DLXY,2026-09-28T14:30:05.000Z,2026-09-28T14:50:05.000Z,15.999999999999993,2.920680801597152,2.619411052771614,3.423859230784318,-1.0315052104723914,-10.315052184435594,20,stop,0,-10.294887460236223,-0.9586805846196071
KNDI,2026-09-28T14:45:05.000Z,2026-09-28T15:05:05.000Z,19.047619047619047,0.7048425081823837,1.0197958923046446,14.187566554815616,4.40313525741597,44.03135259397056,20,take_profit,44.713178924229524,-2.6874809567362545,2.0687403480432938
AMPX,2026-09-28T13:40:05.000Z,2026-09-28T15:10:05.000Z,9.282051282051285,10.67213738323381,9.798037547515055,0.9370194217210142,-0.819048522591622,-8.190485226436348,90,stop,0,-8.172096665509187,-0.7215049547251802
AMPU,2026-09-28T14:30:05.000Z,2026-09-28T15:15:05.000Z,7.582938388625582,2.280470119786582,2.0894388003602633,4.385060738339823,-0.8376839386096046,-8.376839396790542,45,stop,0,-8.352230451693332,-0.7016097181343728
SLXN,2026-09-28T13:40:05.000Z,2026-09-28T19:30:05.000Z,1.4598540145985606,0.26597261935107064,0.24699826475484013,37.597854338447846,-0.781649891597735,-7.816499072012658,350,stop,1.4766108851773874,-8.71240784393823,-0.8264125808796976
SCYX,2026-09-28T13:30:05.000Z,2026-09-28T19:50:05.000Z,4.328018223234631,4.610939190445526,4.549018202577237,2.1687555570296597,-0.13429148653611822,-1.342914866381183,380,session_close,8.0040268221107,-3.4903776388769847,-0.2819382224138547
SSPC,2026-09-28T13:30:05.000Z,2026-09-28T19:50:05.000Z,0.43859649122808264,9.171840791745689,9.428058508477168,1.0902936744729737,0.2793525558402397,2.7935255588176506,380,session_close,2.9237228855481634,-2.854833590017569,0.41431159629972925
NEXR,2026-09-28T13:30:05.000Z,2026-09-28T19:50:05.000Z,2.684563758389258,1.5403663291815328,1.509425698254162,6.491962152427277,-0.20086540495271185,-2.008654067621105,380,session_close,0,-5.217351720758212,0
NASA,2026-09-28T13:35:05.000Z,2026-09-28T19:50:05.000Z,-0.44824775876119993,24.455181994188045,24.184994799796083,0.4089112882934339,-0.11048259373920566,-1.1048259401879488,375,session_close,0,-1.4932704008288833,-0.032712903063472965
JDST,2026-09-28T13:40:05.000Z,2026-09-28T19:50:05.000Z,9.960159362549792,24.8849999094863,25.034353530041074,0.40184850449837095,0.06001752906135285,0.6001752907294124,370,session_close,0.783604947651062,-2.1498891357534355,0.08036970089967355
VLY,2026-09-28T14:30:05.000Z,2026-09-28T19:50:05.000Z,-2.0259938837920433,12.832573085148589,12.82742752813568,0.7792669430003808,-0.004009762483484007,-0.040097624839280054,320,session_close,0.6033623524889231,-0.799318145067085,0.023378008290011465
LBRT,2026-09-28T14:45:05.000Z,2026-09-28T19:50:05.000Z,1.5047518479408772,19.243862545497034,18.96619308441857,0.5196461975780705,-0.14428987963297576,-1.4428987965487057,305,session_close,0,-2.878125657921171,-0.12991154939451732
TRT,2026-09-28T14:45:05.000Z,2026-09-28T19:50:05.000Z,1.045856798069189,6.30146828478865,6.328174686090928,1.5869317230560815,0.04238123543525046,0.4238123576174319,305,session_close,3.6266423138716863,-3.038470974309948,0.07934658615280377
LINK,2026-09-28T13:30:05.000Z,2026-09-28T19:55:05.000Z,9.369369369369384,6.101297792350582,5.917774921277174,1.6389955568814798,-0.30079317027544844,-3.0079317109139847,385,session_close,4.895715924961275,-6.085554335933107,-0.3933589336515535
ONCY,2026-09-28T13:35:05.000Z,2026-09-28T19:55:05.000Z,-0.4683155275867046,0.6842357366018172,0.6678186799269142,14.614845391233105,-0.25080119435196135,-2.508012068520927,380,session_close,4.1892379869751695,-2.4166724591060174,-0.28229690782466044
TGHL,2026-09-28T13:40:05.000Z,2026-09-28T19:55:05.000Z,9.289617486338809,0.8059669599999999,0.7785645999999999,5,-0.13492784999999963,-3.348222860152968,375,session_close,0,-3.395543658514233,-0.13000000000000034
NYXH,2026-09-28T13:40:05.000Z,2026-09-28T19:55:05.000Z,8.965517241379327,1.5904098880753959,1.5696561818752268,6.287687171733028,-0.04030122161685196,-0.4030122221714258,375,session_close,2.4893024258364704,-2.5408473864745096,0.11287687171732941
