symbol,opened_at,closed_at,entry_day_change_pct,entry_price,exit_price,quantity,realized_pnl,return_pct,minutes_held,exit_reason,mfe_pct,mae_pct,nbbo_pnl
RUBI,2026-08-03T13:30:05.000Z,2026-08-03T15:05:05.000Z,9.4170403587444,2.461267997404479,2.1595405235978657,4.062945760037498,-1.225902360389404,-12.259025596757391,95,stop,8.074374785886507,-12.240357316723728,-1.1376248128104987
SDST,2026-08-03T13:30:05.000Z,2026-08-03T15:10:05.000Z,9.425925925925904,0.5999364441734361,0.7118569880798077,16.668431016851954,1.8655398654719058,18.6554000833489,100,take_profit,18.67923792843753,-5.923368136502605,3.982088169925932
NNVC,2026-08-03T13:30:05.000Z,2026-08-03T19:50:05.000Z,9.210526315789469,1.6904276794928073,1.5391337818344089,5.91566263795381,-0.8950036577281948,-8.950036697446432,380,session_close,0,-8.89879415237339,-0.5915662637953805
TOPS,2026-08-03T13:30:05.000Z,2026-08-03T19:50:05.000Z,9.206349206349195,0.6957596931021042,0.7143431120030277,14.37277846252948,0.2670953629393568,2.670953647525592,380,session_close,9.69304597068672,-7.511169965753539,0.6022194175799864
MUZ,2026-08-03T13:30:05.000Z,2026-08-03T19:50:05.000Z,9.010989010989,14.913008942929645,13.29733078907296,0.6705554884747162,-1.083401853677297,-10.834018540723052,380,session_close,1.9244342853185215,-11.41961994019357,-1.2740554281019598
OWL,2026-08-03T13:45:05.000Z,2026-08-03T19:50:05.000Z,3.592233009708723,10.682137359295515,11.21775531789859,0.9361422403956839,0.5014145957628449,5.01414595775614,365,session_close,5.784073167406212,0,0.47743254260179846
INFQ,2026-08-03T13:45:05.000Z,2026-08-03T19:50:05.000Z,2.1363173957273496,10.052017891075415,10.95777120436212,0.9948251293207693,0.9010661570231605,9.010661571651877,365,session_close,9.03283419074221,0,0.9251873702683167
QUBT,2026-08-03T13:45:05.000Z,2026-08-03T19:50:05.000Z,1.4814814814814836,8.231655649078018,8.688237693481764,1.2148224396099363,0.5546661130646505,5.546661131954479,365,session_close,6.053999002956334,-0.14159544051532968,0.5709665466166705
KIDZ,2026-08-03T13:45:05.000Z,2026-08-03T19:50:05.000Z,-0.2730026552312803,0.5631184003210545,0.547938534123117,17.758254698543855,-0.2695679302327914,-2.6956793081673305,365,session_close,8.893618047357732,-5.881249893836271,-0.24328808937005242
RGTI,2026-08-03T13:45:05.000Z,2026-08-03T19:50:05.000Z,0.936454849498336,15.10302296163279,16.086775376833145,0.6621191019182774,0.6513612656623954,6.513612656879662,365,session_close,7.726777886332803,0,0.6422555288607281
BXMT,2026-08-03T13:45:05.000Z,2026-08-03T19:50:05.000Z,-0.4126547455295615,14.492927063896355,14.597056837396675,0.6899917423071985,0.07184868384353985,0.7184868387264577,365,session_close,1.63578368302304,-0.15819484770241976,0.07589909165379005
OVID,2026-08-03T14:45:05.000Z,2026-08-03T19:50:05.000Z,4.504504504504503,2.3305151726805065,2.329486053570878,4.290896738443196,-0.004415843830973764,-0.044158438515749264,305,session_close,0.406984147997802,-3.4548229346174852,0.08581793476886368
PYXS,2026-08-03T14:45:05.000Z,2026-08-03T19:50:05.000Z,10.188679245283016,2.9306343735017206,2.979168837029136,3.4122304899854505,0.16561077626333293,1.6561077685519305,305,session_close,1.68446896496659,-1.7277615372135013,0.20473382939912632
OMH,2026-08-03T14:45:05.000Z,2026-08-03T19:50:05.000Z,5.6487202118270075,0.12054044186310713,0.10887719472979861,82.95970539325987,-0.9675795461080574,-9.6757959013905,305,session_close,0.3812480938262697,-9.65687671555635,-0.7300454074606861
GPUS,2026-08-03T14:45:05.000Z,2026-08-03T19:50:05.000Z,2.0000000000000018,0.12282648131738018,0.12166737076637398,81.41566752553359,-0.09436975924605914,-0.9436975956439677,305,session_close,0,-1.6498732973908137,-0.040707833762766654
AMC,2026-08-03T15:10:05.000Z,2026-08-03T19:50:05.000Z,0.35460992907803135,2.8405686189714485,2.879423714663852,3.5204219087601736,0.13678633014251082,1.3678633014847856,280,session_close,1.740193167607762,-1.7802287413059892,0.14081687635040652
PRZO,2026-08-03T15:30:05.000Z,2026-08-03T19:50:05.000Z,11.406351263771896,0.51895139,0.5177170122557173,11.8,-0.014565657382535858,-0.23785999383924952,260,session_close,2.552957802078537,-2.187370574342229,0.029499999999999638
QBTS,2026-08-03T15:30:05.000Z,2026-08-03T19:50:05.000Z,9.817477876106206,19.863973739992957,20.095975486618286,0.5034239438049257,0.11679523425575425,1.1679523425780127,260,session_close,1.238555100944927,-0.37240151925908016,0.0553766338185433
FULT,2026-08-03T15:50:05.000Z,2026-08-03T19:50:05.000Z,0.904233456637904,24.574933911559583,24.695012697233963,0.4069186934280684,0.04886230257504782,0.4886230258299793,240,session_close,0.5496091624355603,-0.10146074715526865,0.036622682408527396
CFFN,2026-08-03T15:50:05.000Z,2026-08-03T19:50:05.000Z,2.262443438914019,9.062294503279059,9.108091577702835,1.1034732827909395,0.05053584805662496,0.5053584873809265,240,session_close,0.6367647476040572,-0.6874032096012561,0.07724312979536663
HUN,2026-08-03T15:50:05.000Z,2026-08-03T19:50:05.000Z,3.5348360655737876,10.122051765976916,10.00798346546245,0.987941992951599,-0.1126928641428637,-1.1269286420553797,240,session_close,0,-1.9961542446964131,-0.08891477936564485
ABR,2026-08-03T15:50:05.000Z,2026-08-03T19:50:05.000Z,0.29940119760480943,5.031023253341109,5.168939618197997,1.9876672178731338,0.27413183723426565,2.7413183742551195,240,session_close,3.1599286795845005,-0.8154057589351282,0.27827341050223886
HAO,2026-08-03T15:50:05.000Z,2026-08-03T19:50:05.000Z,13.01694915254239,0.1684357088729138,0.1585113234576742,59.36983340036755,-0.5892091087038109,-5.892091102087864,240,session_close,0,-6.136293154269435,-0.26716425030165425
NRXS,2026-08-03T13:30:05.000Z,2026-08-03T19:55:05.000Z,9.599999999999987,6.882371672658433,6.498680735112865,1.4529874259695381,-0.5574981077121736,-5.574981355189741,385,session_close,0,-8.025891348658742,-0.20341823963573624
RAIN,2026-08-04T13:30:05.000Z,2026-08-04T14:05:05.000Z,-2.5316455696202556,1.550319622284352,1.2797409367785724,6.450282795535162,-1.74530903995645,-17.45309042190214,35,stop,0,-17.436380111479444,-1.2255537311516793
BANL,2026-08-04T14:05:05.000Z,2026-08-04T14:40:05.000Z,1.103752759381904,4.661181686930524,4.088902197740926,2.1453786906001233,-1.2277562211748876,-12.277562378531849,35,stop,0,-12.254010362480805,-1.2872272143600743
VTGN,2026-08-04T13:30:05.000Z,2026-08-04T15:35:05.000Z,7.755102040816331,0.2658651526458658,0.30773747017240694,37.61305229326828,1.5749456687661259,15.749456861808195,125,take_profit,15.772976238819725,-1.754706323652666,1.6173612486105355
F,2026-08-04T13:30:05.000Z,2026-08-04T19:50:05.000Z,0.485100485100487,14.522914204949755,14.24714724791035,0.6885670367164646,-0.1898840364329397,-1.8988403645971899,380,session_close,0,-3.5317581424184286,-0.02065701110149476
SNAP,2026-08-04T13:30:05.000Z,2026-08-04T19:50:05.000Z,5.753968253968256,5.341082810056099,5.748849306902432,1.872279526456609,0.7634528636203236,7.634528640495851,380,session_close,8.592212595540726,0,0.617852243730681
MBGL,2026-08-04T13:30:05.000Z,2026-08-04T19:50:05.000Z,-2.0657276995305174,20.94507117833199,21.085763961313845,0.4774392893075334,0.06717226231755585,0.6717226300352891,380,session_close,1.4558500139329356,-0.6926268098915167,-0.042969536037677614
IQMX,2026-08-04T13:30:05.000Z,2026-08-04T19:50:05.000Z,1.6000000000000014,10.192287196308548,9.477088590531837,0.9811340430774312,-0.7017056996890468,-7.017057035399697,380,session_close,0,-9.637554136664372,-0.7554732131696227
ARAI,2026-08-04T13:35:05.000Z,2026-08-04T19:50:05.000Z,-1.4758675708017477,0.2555755068489567,0.2521289752989756,39.127378992787776,-0.13485374616671045,-1.3485374997291768,375,session_close,2.631117994815302,-5.624759205682617,-0.019563689496393977
ALP,2026-08-04T13:35:05.000Z,2026-08-04T19:50:05.000Z,-0.46511627906977715,0.19432848285357068,0.1930417506873029,51.45924467589491,-0.0662142653763185,-0.6621428559380877,375,session_close,3.175817078281651,-1.0438422735483233,0.056605169143484346
MTUS,2026-08-04T13:40:05.000Z,2026-08-04T19:50:05.000Z,-2.5672371638141955,19.97428633491351,21.32563068411929,0.5006436676091266,0.6765419911892491,6.765419933145409,370,session_close,10.141607220007142,-4.176801718593781,0.5957659644548592
KIM,2026-08-04T13:45:05.000Z,2026-08-04T19:50:05.000Z,-1.6332152695789026,25.015017049061328,25.064972715296957,0.3997598714076599,0.01997027071043906,0.19970270712849117,365,session_close,1.2591754397804467,-0.020056148878433433,-0.011992796142230588
PFE,2026-08-04T13:45:05.000Z,2026-08-04T19:50:05.000Z,-0.3795445465441416,24.944989511477402,25.30493486745101,0.40088210882099967,0.14429565336302524,1.442956533647744,365,session_close,2.70599628118513,-0.5010605894217535,0.13629991699913901
SRAD,2026-08-04T13:45:05.000Z,2026-08-04T19:50:05.000Z,1.296596434359798,12.512519332339206,12.907411595489526,0.7991995641808861,0.31559772460813934,3.155977246961783,365,session_close,3.4164236338556364,-2.4177331862923035,0.27971984746331024
GPUS,2026-08-04T13:45:05.000Z,2026-08-04T19:50:05.000Z,0.5714285714285783,0.1235331036515907,0.12747262912021654,80.94996014870969,0.318904429690088,3.1890443550554344,365,session_close,4.749250342609468,-3.345745819879653,0.3723698166840652
BCAL,2026-08-04T13:55:05.000Z,2026-08-04T19:50:05.000Z,-0.39627039627038174,21.456789208875136,21.58545185171748,0.4660529370889122,0.059963602590295755,0.5996360480119023,355,session_close,1.2733069634288885,0,-0.018642117483555154
IRT,2026-08-04T13:55:05.000Z,2026-08-04T19:50:05.000Z,1.6408114558472464,17.053429278806583,17.03658105907808,0.586392322285224,-0.009879666692967774,-0.09879666695214188,355,session_close,0.21444790133129388,-3.0107098719707737,0
MFA,2026-08-04T13:55:05.000Z,2026-08-04T19:50:05.000Z,-0.3275109170305823,9.15267434778716,9.068172066265952,1.0925768087402363,-0.09232523307571118,-0.923252355653173,355,session_close,0,-1.0125384588774877,-0.06555460852441541
STVN,2026-08-04T13:55:05.000Z,2026-08-04T19:50:05.000Z,-1.651287032540072,20.304133255893323,19.726027254339694,0.4925105576595539,-0.28472330921151245,-2.847233094206726,355,session_close,0.4229027805545682,-4.305198576450453,-0.28073101786594634
CMTG,2026-08-04T14:05:05.000Z,2026-08-04T19:50:05.000Z,-1.96629213483146,1.7611847724736902,1.7395598041265257,5.677994138795917,-0.12278644352684749,-1.2278648262891216,345,session_close,1.6361274510588109,-1.2028705224344516,-0.05677994138795839
FLGT,2026-08-04T14:40:05.000Z,2026-08-04T19:50:05.000Z,0.9085746734809774,17.80379714106265,18.62580008424432,0.561677932654138,0.46170091376189876,4.6170091507378865,310,session_close,5.70778722586982,-0.5830056377313597,0.39317455285789826
TNON,2026-08-04T14:40:05.000Z,2026-08-04T19:50:05.000Z,7.113155706209939,0.20497561534698835,0.19716069010611043,48.78626341082044,-0.38126100133734003,-3.812612162499724,310,session_close,2.207279458755429,-4.037365777865409,-0.2097809326665292
DBGI,2026-08-05T13:45:05.000Z,2026-08-05T14:05:05.000Z,10.77207582061952,24.07484718503258,20.935776241594635,0.41537127610268726,-1.3038799035526862,-13.038799039146209,20,stop,3.385910650657009,-13.021254759953472,-1.43303090255427
VTIX,2026-08-05T13:45:05.000Z,2026-08-05T14:15:05.000Z,-2.9585798816567976,1.660391227746905,1.9595705730920994,6.022676914221942,1.8018605364225357,18.018605515711535,30,take_profit,18.04446851117456,0,1.3852156902710462
CTOR,2026-08-05T13:30:05.000Z,2026-08-05T14:55:05.000Z,-0.3030303030303161,0.6632603349999999,0.82782480046603,10.15,1.6703293244802055,24.81144383012594,85,take_profit,24.83785872707134,0,2.177175
VNRX,2026-08-05T13:30:05.000Z,2026-08-05T15:10:05.000Z,8.658008658008654,0.8566956419269928,0.746034927858128,11.672756864505706,-1.2917156097784448,-12.917156181622696,100,stop,3.9459005530797286,-12.897887711725886,-0.9781770252455768
CTXR,2026-08-05T13:30:05.000Z,2026-08-05T17:40:05.000Z,2.9397590361445847,0.6443988966598528,0.7416251865295704,15.518323257138888,1.5087889952905658,15.087904460059725,250,take_profit,15.115032605581957,-0.17053049990445324,1.3485422910453693
FGL,2026-08-05T13:30:05.000Z,2026-08-05T19:50:05.000Z,-2.8687572590011534,0.8417111603922545,0.8301529215327983,11.88055552165197,-0.13731829850228439,-1.373183510370683,380,session_close,3.0400974600147457,-5.466383547868414,-0.23642305488087345
CRCD,2026-08-05T13:30:05.000Z,2026-08-05T19:50:05.000Z,5.789473684210522,6.05124733360233,5.748554166464873,1.6525518518720053,-0.500216153902006,-5.002161545382777,380,session_close,2.6234701317879194,-7.787606548248527,-1.0741587037168028
GME,2026-08-05T13:40:05.000Z,2026-08-05T19:50:05.000Z,-0.676730869338904,19.093829834746927,19.016181030456323,0.5237293976800049,-0.04066696150169053,-0.406669615067474,370,session_close,1.1845196443590833,-0.7532791272979011,-0.010474587953599013
CLSK,2026-08-05T13:55:05.000Z,2026-08-05T19:50:05.000Z,0.635144671841914,14.272862884578764,13.567283952194156,0.700630285571912,-0.49434996889015254,-4.943499689518888,355,session_close,0.19013084929553337,-4.924470236018152,-0.46241598847746346
ARVN,2026-08-05T13:55:05.000Z,2026-08-05T19:50:05.000Z,-2.833333333333321,8.7726187936432,8.398311548169637,1.139910435051961,-0.4266767350308706,-4.266767475919426,355,session_close,0,-6.413350527106953,-0.37617044356714757
MNTN,2026-08-05T14:20:05.000Z,2026-08-05T19:50:05.000Z,0,10.072205822907685,10.377903372322633,0.9928311766165819,0.30350605767444816,3.035060589406201,330,session_close,3.5522921531107476,-0.9154481603024567,0.208494547089483
CWVX,2026-08-05T14:20:05.000Z,2026-08-05T19:50:05.000Z,0.05265929436546468,19.043854719513398,18.71619932367009,0.5251037745413336,-0.17205308510615602,-1.7205308519161004,330,session_close,1.5025596692533005,-2.2256771318418633,-0.13652698138074726
CWK,2026-08-05T14:25:05.000Z,2026-08-05T19:50:05.000Z,-1.6335227272727293,13.873318532019686,14.137156095521412,0.72080806643386,0.19017624400029973,1.9017624578631813,325,session_close,1.9222615509390417,-2.1142636589991493,0.18020201660846347
PRCT,2026-08-05T14:25:05.000Z,2026-08-05T19:50:05.000Z,5.032822757111588,19.223859277172014,19.346119365209248,0.5201869122231406,0.06359809768421773,0.6359809769436617,325,session_close,1.4364478996987673,-3.245234311056544,0.20287289576702427
OLN,2026-08-05T14:25:05.000Z,2026-08-05T19:50:05.000Z,-1.942257217847776,18.70376963243793,18.68625295000902,0.5346515805810234,-0.009365321947151813,-0.09365321950142831,325,session_close,0.5144971813338506,-0.5013408220945204,0.016039547417429745
CALY,2026-08-05T14:45:05.000Z,2026-08-05T19:50:05.000Z,0.4598875830352567,19.67394246427032,19.19614307474605,0.5082865326712533,-0.24285899501373176,-2.4285899503467365,305,session_close,0.18327559814290684,-3.3239014775911735,-0.22872893970206398
CMTG,2026-08-05T14:50:05.000Z,2026-08-05T19:50:05.000Z,-2.8901734104046284,1.6906826883183417,1.679373449896716,5.914769959707364,-0.06689154368339922,-0.6689154919350621,300,session_close,1.1425746424879035,-1.2233335362837439,0
ETH,2026-08-05T14:50:05.000Z,2026-08-05T19:50:05.000Z,0.05595970900951208,17.903742303729636,18.27609001602303,0.5585424438869402,0.20797200120006334,2.079720015942296,300,session_close,2.157413180538792,-0.41188206621068923,0.22900240199364497
UNG,2026-08-05T14:50:05.000Z,2026-08-05T19:50:05.000Z,-0.3070624360286489,9.751965880907482,9.7079263637395,1.025434268211974,-0.04515963005955913,-0.4515963007438728,300,session_close,0.5951017446250262,-0.5328759507785219,-0.020508685364237778
OMH,2026-08-05T13:30:05.000Z,2026-08-06T13:35:05.000Z,0.6363636363636349,0.11164092960087572,0.11047782865115464,89.57287819353522,0.037589285840642195,0.3758928813903064,1445,session_close,4.979419661765938,-2.4551296828813074,-0.11733118074836213
GCDT,2026-08-06T13:30:05.000Z,2026-08-06T15:15:05.000Z,-2.8858218318695172,0.39016491999999997,0.4528784146875,14.350000000000001,0.8999386487656257,16.07358618696423,105,take_profit,16.156009105072798,-1.6569711085250738,0.8853949999999999
CODX,2026-08-06T13:40:05.000Z,2026-08-06T16:25:05.000Z,1.324503311258285,1.5503961254726293,1.3595654360336997,6.449964427623822,-1.2308511585800246,-12.308511760551253,165,stop,0,-12.280482538911663,-1.225493241248527
HTZ,2026-08-06T13:45:05.000Z,2026-08-06T18:15:05.000Z,7.371794871794868,1.6803364799401272,1.9696055241877577,5.951189014109993,1.7214947582485955,17.21494758347075,270,take_profit,17.23842358467358,-1.2102623601227713,1.7258448140918983
AISP,2026-08-06T13:30:05.000Z,2026-08-06T19:50:05.000Z,-1.0471204188481575,1.9105271399630774,1.8978313490858534,5.23415741192356,-0.0664517679202538,-0.6645176931362207,380,session_close,7.300229194316388,-3.1680858490315433,0.20936629647694183
SNOA,2026-08-06T13:30:05.000Z,2026-08-06T19:50:05.000Z,10.619469026548689,1.2603499735690649,1.2195403170492634,7.934303958249261,-0.32379621925985386,-3.2379622625163815,380,session_close,2.3525232715300604,-4.78835044508833,-0.15868607916498512
GVH,2026-08-06T13:30:05.000Z,2026-08-06T19:50:05.000Z,7.954545454545459,0.9601130849809152,0.9586020594995096,10.415437897125157,-0.015737992062553476,-0.15737994878338907,380,session_close,5.195941582243568,-6.958876618397847,0.22913963373675372
OPTU,2026-08-06T13:40:05.000Z,2026-08-06T19:50:05.000Z,0.3698507843387322,0.7914182081679354,0.8054131437720132,12.635542320399265,0.17683360109658788,1.7683363182248353,370,session_close,4.710757403265808,-0.8994243617939324,0.0657048200660757
JOBY,2026-08-06T13:40:05.000Z,2026-08-06T19:50:05.000Z,3.589743589743599,8.091619854008076,8.168364396834301,1.2358464905624371,0.09484447392160829,0.9484447392595956,370,session_close,5.912044246059889,-0.2671882070357845,0
OKLL,2026-08-06T13:40:05.000Z,2026-08-06T19:50:05.000Z,-2.6666666666666727,2.930587588486089,2.8493632623374867,3.4122849759555844,-0.27716054779899124,-2.7716054782911894,370,session_close,4.757148773223663,-3.7735636675925943,-0.44359704687422585
DVLT,2026-08-06T13:40:05.000Z,2026-08-06T19:50:05.000Z,10.23008849557523,0.3122629589853959,0.3134339472477797,32.02429141496742,0.03750006935808403,0.3750006937065279,370,session_close,3.43846130501384,-3.959150014323054,0.1857408902068105
TPVG,2026-08-06T13:45:05.000Z,2026-08-06T19:50:05.000Z,6.70995670995671,4.951215169945993,5.168246862192687,2.019706182242383,0.4383402505731745,4.3834025546714726,365,session_close,5.8326051310987115,-1.6403078266315485,0.4847294837381728
TRIN,2026-08-06T13:50:05.000Z,2026-08-06T19:50:05.000Z,1.1020881670533722,17.453632990824843,17.646364043296348,0.5729466173718781,0.11042460457607056,1.104246047644184,360,session_close,1.698024756971539,-0.6510563782599288,0.1317777219955314
CMPS,2026-08-06T14:00:05.000Z,2026-08-06T19:50:05.000Z,0.2945508100147265,13.632755395445248,13.437182689813401,0.7335274275501231,-0.1434579436611459,-1.4345794372367902,350,session_close,0.34655213259775497,-2.074088379372796,-0.13937021123452276
TCPC,2026-08-06T14:05:05.000Z,2026-08-06T19:50:05.000Z,2.571428571428558,3.600759392793528,3.8691050214675577,2.777191943715016,0.7452473180846567,7.4524731980451175,345,session_close,8.032766859828278,-0.021089795531681332,0.916473341425954
AESI,2026-08-06T14:15:05.000Z,2026-08-06T19:50:05.000Z,0.09372071227740086,10.702178818000188,11.047766037411023,0.9343891709036838,0.3229129554201991,3.2291295565869738,335,session_close,4.37127046702841,-0.5809921424187792,0.308348426398215
ABCL,2026-08-06T14:15:05.000Z,2026-08-06T19:50:05.000Z,3.378378378378377,6.131265158454224,6.4486992873201086,1.630984752474757,0.517730224095365,5.177302247778077,335,session_close,6.177107526063352,0,0.5708446633661648
IMRX,2026-08-06T14:15:05.000Z,2026-08-06T19:50:05.000Z,2.05011389521641,4.491090854378203,4.428559844205856,2.226630504684524,-0.1392334547384848,-1.392334561911327,335,session_close,0,-3.364235088473211,-0.08906522018738094
RNA,2026-08-06T14:15:05.000Z,2026-08-06T19:50:05.000Z,3.066439522998299,12.142983419054437,12.005904423754997,0.8235208385360024,-0.11288740915466758,-1.128874104236521,335,session_close,0.05778300688901172,-2.165723282152965,-0.1482337509364804
NXDR,2026-08-06T14:15:05.000Z,2026-08-06T19:50:05.000Z,1.224489795918382,2.4905097473718465,2.50947552195094,4.015242261507462,0.07615217961219983,0.7615217968573459,335,session_close,3.1917262203866814,-1.6265644980749339,0.12045726784522337
ARDT,2026-08-06T14:15:05.000Z,2026-08-06T19:50:05.000Z,1.344086021505353,11.342525940479481,11.387578298585058,0.8816378293353425,0.03971986320663968,0.39719863407844047,335,session_close,0.41854926997426656,-2.2263642314298004,0.07053102634682595
AQB,2026-08-06T14:05:05.000Z,2026-08-07T13:30:05.000Z,8.091726437013836,1.080417048656688,1.2697432595559996,9.25568445418694,0.6625885447658797,6.625885923867685,1405,session_close,17.547201016406188,-3.7408747582185597,0.7561368908373876
SBFM,2026-08-07T13:30:05.000Z,2026-08-07T14:00:05.000Z,6.428571428571428,1.5003082583966785,1.2597441171591652,6.665296903300769,-1.603431425635606,-16.03431427449415,30,stop,0,-16.01725892340862,-0.9331415664621066
FEMY,2026-08-07T13:50:05.000Z,2026-08-07T14:10:05.000Z,-1.6949152542372836,2.9308291218579376,2.3993003431103777,3.4120036854631683,-1.8135781520164116,-18.135781945915987,20,stop,0,-18.111909626496058,-1.5012816216037947
XBIO,2026-08-07T13:30:05.000Z,2026-08-07T19:50:05.000Z,-1.1102230246251565e-14,2.8607829127234243,2.909391885704413,3.4955465350723873,0.16991492707712294,1.6991493050660678,380,session_close,9.760163416620982,-0.7264764002536395,0.3495546535072389
UAVS,2026-08-07T13:30:05.000Z,2026-08-07T19:50:05.000Z,19.710467706013368,0.8629322450484749,0.9139777473905746,11.588393582971625,0.5915353717807512,5.915354610399596,380,session_close,10.054990464129766,-1.0466922635354203,0.6918270969034062
ZYME,2026-08-07T13:35:05.000Z,2026-08-07T19:50:05.000Z,1.2970168612191912,23.53546111174846,23.875127367701758,0.4248907585898785,0.1443210531593802,1.4432105423409018,375,session_close,2.6111189635658727,0,0.09347596688977333
RKT,2026-08-07T13:40:05.000Z,2026-08-07T19:50:05.000Z,-0.03782148260211837,13.232648242467995,13.577282632498639,0.7557066292722449,0.2604424932213537,2.6044249323018835,370,session_close,3.229525562090352,0,0.21915492248895063
CDE,2026-08-07T13:40:05.000Z,2026-08-07T19:50:05.000Z,9.361022364217252,17.133426791599756,17.466504892423004,0.5836544038470117,0.19440250037048715,1.9440250037228393,370,session_close,2.0227897934006034,-2.179521914336713,0.2626444817311544
EQX,2026-08-07T13:40:05.000Z,2026-08-07T19:50:05.000Z,8.65921787709496,11.682338372567244,11.567684374522536,0.855993011046115,-0.09814302101476564,-0.9814302101875607,370,session_close,0.23678159757563044,-2.245598134559035,-0.09415923121507319
AGBK,2026-08-07T13:50:05.000Z,2026-08-07T19:50:05.000Z,-1.2578616352201255,6.33133268820083,6.1385978297365,1.5794462983220188,-0.304414358759105,-3.0441435943417434,360,session_close,0,-4.28555410942929,-0.30009479668118466
AQN,2026-08-07T13:50:05.000Z,2026-08-07T19:50:05.000Z,-0.9565217391304337,5.70114784180417,5.708807982386274,1.7540327447578596,0.013436137410458486,0.1343613741418014,360,session_close,0.6814795769887416,-1.0725531682549638,0.05262098234273438
GLUE,2026-08-07T13:50:05.000Z,2026-08-07T19:50:05.000Z,1.8459579885423238,16.04413027172809,15.936751301701836,0.6232808935485894,-0.06692726038629063,-0.6692726137699709,360,session_close,0.036584895363600545,-2.456538715735812,-0.02493123574194378
VEL,2026-08-07T13:50:05.000Z,2026-08-07T19:50:05.000Z,0.1098297638659762,18.336165159311708,18.43497468244977,0.5453702807882521,0.053887777378358113,0.5388777984903957,360,session_close,1.547950938608067,-1.1243635597763535,-0.043629622463058126
ZCMD,2026-08-07T13:50:05.000Z,2026-08-07T19:50:05.000Z,5.555555555555536,1.1502396901567753,1.0897475006343875,8.69384013437936,-0.5259094250862175,-5.259094260096591,360,session_close,0,-6.975910398800334,-0.5216304080627605
HRZN,2026-08-07T14:15:05.000Z,2026-08-07T19:50:05.000Z,1.091703056768556,4.641699322407372,4.648445443751103,2.1543832757641344,0.014533730999209975,0.14533731883848938,335,session_close,1.25602012416417,-0.25204826066381747,0.043087665515283646
CRBP,2026-08-07T14:15:05.000Z,2026-08-07T19:50:05.000Z,1.0266940451745254,9.882029833437024,10.017945564180152,1.0119378465112205,0.13753827187520076,1.3753827202913502,335,session_close,1.902141257729828,-0.3241220070865136,0.13155192004645677
VTAK,2026-08-07T14:15:05.000Z,2026-08-07T19:50:05.000Z,3.694126339120807,0.28218317297644707,0.271020497803859,35.43797319652185,-0.3955825835676558,-3.9558259462621383,335,session_close,0,-7.613201293983685,-0.3437483400062611
AZIO,2026-08-07T13:35:05.000Z,2026-08-07T19:55:05.000Z,0,1.4807674535632,1.4387955525010931,6.753253743137421,-0.28261825533340906,-2.8261830200805487,380,session_close,0.6234973908012087,-5.454431981797536,-0.13506507486274977
ATOS,2026-08-07T13:35:05.000Z,2026-08-10T13:30:05.000Z,-2.4793388429752095,2.380714933954983,2.2688550615498837,4.200418771631977,-0.46985830784273647,-4.698583220094774,4315,time,1.2300954485284565,-5.490574788718261,-0.3780376894468791
LITU,2026-08-10T13:30:05.000Z,2026-08-10T13:35:05.000Z,9.945571499257788,22.39472794721972,19.305891640997242,0.4465336663164652,-1.3792694004689314,-13.79269403719617,5,stop,0,-13.77434883107248,-0.6028204495272291
VIVK,2026-08-10T13:35:05.000Z,2026-08-10T13:45:05.000Z,9.523809523809511,1.390279644211306,1.8596276256744237,7.192797534839566,3.375925069635114,33.75925070438345,10,take_profit,33.78603417984751,0,2.373623186497058
WYHG,2026-08-10T14:00:05.000Z,2026-08-10T14:25:05.000Z,11.28668171557563,4.9611720727201485,5.71883232344858,2.015652706184769,1.5271799347493933,15.27179947848525,25,take_profit,15.295335782695307,0,1.4109568943293382
TNXP,2026-08-10T13:45:05.000Z,2026-08-10T15:35:05.000Z,12.302576891105588,13.552731189353945,11.917570635469575,0.7378586542544192,-1.2065173657790322,-12.065173661592544,110,stop,1.3079932610579936,-12.047248385155774,-1.3281455776579527
GCL,2026-08-10T14:00:05.000Z,2026-08-10T17:20:05.000Z,1.1856171039844599,0.526648309738703,0.6334701601090198,18.988003160772088,2.028333632471098,20.28333679136206,200,take_profit,20.307990794532536,0,2.496922415641528
STDN,2026-08-10T13:35:05.000Z,2026-08-10T19:45:05.000Z,9.834123222748815,9.311873344333746,10.847762710840959,1.073897767696078,1.6493881621202393,16.493881625245667,370,take_profit,16.517907823587397,-1.0940155709456056,1.2671993658813712
SLI,2026-08-10T13:30:05.000Z,2026-08-10T19:50:05.000Z,9.282700421940927,2.6206255604717805,2.5294822809135793,3.8158827641385944,-0.3477920695332056,-3.4779207275148867,380,session_close,0,-5.747694853615936,-0.03815882764138756
AWX,2026-08-10T13:30:05.000Z,2026-08-10T19:50:05.000Z,9.23076923076922,2.880739356753307,2.729314225167386,3.4713310077744928,-0.5256467546305402,-5.256467622832159,380,session_close,0,-8.009726954727292,-0.2777064806219567
GENC,2026-08-10T13:30:05.000Z,2026-08-10T19:50:05.000Z,6.219765031098823,15.563646062886779,15.956498004037968,0.6425229588994582,0.25241639163785795,2.524163936675403,380,session_close,3.7032064002509024,-0.15193138414504315,-0.3855137753396747
TTD,2026-08-10T13:30:05.000Z,2026-08-10T19:50:05.000Z,-2.3188405797101463,13.492970568113094,13.13737027495978,0.7411266410932693,-0.2635448508364975,-2.635448520088504,380,session_close,0,-4.913451524750534,-0.3335069884919708
QNTM,2026-08-10T13:30:05.000Z,2026-08-10T19:50:05.000Z,0,3.4711467489089185,3.4092500243400403,2.880892192772137,-0.17831779056864847,-1.7831779825596286,380,session_close,10.338175739872701,-7.523356625328637,-0.17285353156632866
MPG,2026-08-10T13:35:05.000Z,2026-08-10T19:50:05.000Z,9.518599562363228,5.041060966175722,5.258398825716038,1.9837093907372303,0.4311351529328538,4.311351538864526,375,session_close,5.731710760155195,-0.41778836473188585,0.23804512688846557
SMCL,2026-08-10T13:35:05.000Z,2026-08-10T19:50:05.000Z,9.22014622258327,13.492717339960667,12.677352123068832,0.7411405534670359,-0.6043002281249837,-6.043002282994621,375,session_close,1.8327120757726911,-6.245719959350482,-0.7411405534670354
GME.WS,2026-08-10T13:35:05.000Z,2026-08-10T19:50:05.000Z,9.15032679738561,1.7110497806062106,1.5384279100691627,5.84436383607923,-1.0088650174830736,-10.08865273784667,375,session_close,0,-11.165647123283772,-0.7597672986902992
BOIL,2026-08-10T13:35:05.000Z,2026-08-10T19:50:05.000Z,9.100418410041833,20.874180741919655,20.675529756557562,0.4790607173037904,-0.09516588354066906,-0.9516588354682631,375,session_close,0.36322028163759956,-1.026055798633263,-0.07664971476860671
CSQR,2026-08-10T13:45:05.000Z,2026-08-10T19:50:05.000Z,1.2081784386617223,21.85464741047348,21.705459482536714,0.4575685795877395,-0.06826370827766368,-0.6826370846196737,365,session_close,1.625981800814702,-3.0869745816634264,-0.07321097273403865
RYN,2026-08-10T14:00:05.000Z,2026-08-10T19:50:05.000Z,-1.8357044515832865,21.414405006187977,21.59562226952678,0.46697538340626843,0.0846240010274716,0.846240011274824,350,session_close,1.100170626939878,-0.20736044814294585,0.10273458434937943
GME,2026-08-10T14:00:05.000Z,2026-08-10T19:50:05.000Z,0.13048016701462384,19.20386186595445,18.816229999441497,0.5207285944624646,-0.2018509970181525,-2.0185099706438074,350,session_close,0.7609830515633575,-1.9988784997197917,-0.19266957995111333
BCIC,2026-08-10T14:00:05.000Z,2026-08-10T19:50:05.000Z,-0.6666666666666599,7.482642383957283,7.566540471833253,1.3364262175808992,0.1121236042423526,1.1212361031157498,350,session_close,1.4347554050276434,-1.3717398038071038,0.14700688393389783
CTMX,2026-08-10T14:15:05.000Z,2026-08-10T19:50:05.000Z,-1.3005780346820761,3.42152821726537,3.4392858830376456,2.9226702988243964,0.051899802329080355,0.5189980805263746,335,session_close,0.5398693671856858,-1.5060000676117014,0.05845340597648807
PTEN,2026-08-10T14:15:05.000Z,2026-08-10T19:50:05.000Z,9.473150962512666,10.822181048606247,10.997793268669064,0.9240281558690392,0.16227063585271265,1.6227063590424176,335,session_close,1.8279028091036098,-0.9441816593837693,0.16632506805642677
SERV,2026-08-10T14:15:05.000Z,2026-08-10T19:50:05.000Z,0.5899705014749346,5.131059031373146,4.908956878547297,1.948915404318432,-0.43285830697458433,-4.3285830754983845,335,session_close,0,-5.4776027649389825,-0.38978308086368685
MTEK,2026-08-11T13:30:05.000Z,2026-08-11T16:20:05.000Z,4.201680672268915,1.2615005116947893,1.1095580241299658,7.927058379614143,-1.2044569692701512,-12.044583902759824,170,stop,0,-12.00954817618367,-0.9512470055536983
PSKY,2026-08-11T13:30:05.000Z,2026-08-11T19:50:05.000Z,0.21574973031284195,9.313105366312188,9.328124088115143,1.073755655207939,0.0161264374699174,0.16126438188148454,380,session_close,0.18140709272895794,-1.858728743028637,0.10737556552079397
TRIP,2026-08-11T13:30:05.000Z,2026-08-11T19:50:05.000Z,-2.0408163265306145,10.6022984052842,10.837802024046741,0.9431917100662992,0.22212506090744305,2.2212506171790625,380,session_close,3.8454076571981854,0,0.09431917100662801
NNOX,2026-08-11T13:30:05.000Z,2026-08-11T19:50:05.000Z,1.4084507042253724,1.1106167253170245,1.0894645884561294,9.00400452888057,-0.1904539360910013,-1.904539737131841,380,session_close,0,-7.258735032466978,-0.09004004528880571
QMLS,2026-08-11T13:30:05.000Z,2026-08-11T19:50:05.000Z,6.218487394957983,6.351353902889357,5.988774423801128,1.5744674481584913,-0.5708695871946787,-5.708695888026083,380,session_close,0,-8.680887749595168,-0.5668082813370567
RNW,2026-08-11T13:30:05.000Z,2026-08-11T19:50:05.000Z,10.2773246329527,6.771358231991022,6.818621520651841,1.476808589375985,0.06979883065645388,0.6979883066520578,380,session_close,1.0137075259832207,-0.3154202046218191,0.07384042946879887
ASPN,2026-08-11T13:35:05.000Z,2026-08-11T19:50:05.000Z,-0.5564387917328939,6.281419468609412,6.118648673540808,1.5919968394325181,-0.2591305913011356,-2.5913059282544353,375,session_close,0.4550011591076597,-4.320989387284135,-0.2865594310978512
AKAN,2026-08-11T13:35:05.000Z,2026-08-11T19:50:05.000Z,-0.9980039920159611,4.991175012141238,5.218864515928379,2.003536219860241,0.45618416771954196,4.561841715293025,375,session_close,5.185652421106446,-10.642283847974344,0.24042434638322874
TDIC,2026-08-11T13:35:05.000Z,2026-08-11T19:50:05.000Z,11.007462686567159,3.000610113257835,2.867034819631921,3.33265556526713,-0.4451604456845941,-4.4516044598972675,375,session_close,4.978650377871596,-9.018503005844602,-0.5332248904427406
CMRC,2026-08-11T13:45:05.000Z,2026-08-11T19:50:05.000Z,2.220446049250313e-14,2.12064400358395,2.199414458379125,4.715548516355936,0.3714459012420691,3.714459129493234,365,session_close,5.1567352290735835,-1.9165877683977262,0.4715548516355952
DSX,2026-08-11T13:45:05.000Z,2026-08-11T19:50:05.000Z,1.26050420168069,2.4329829317538203,2.3492666708572205,4.110175726453009,-0.3440885434466116,-3.440889773782866,365,session_close,0,-3.821766710331731,-0.2877123008517106
GNK,2026-08-11T13:45:05.000Z,2026-08-11T19:50:05.000Z,-0.31923383878690315,25.00510977115174,24.46498124222562,0.39991826000957026,-0.21600726146966345,-2.1600726166348014,365,session_close,0,-2.8598545565145295,-0.22395422560535927
JBIO,2026-08-11T13:45:05.000Z,2026-08-11T19:50:05.000Z,0.9894155545329131,22.04540377178169,22.40539663677024,0.4536092871226659,0.16329610685670318,1.6329610866522029,365,session_close,1.9260079453014889,-3.1090551975238134,0.18144371484906685
BKD,2026-08-11T13:45:05.000Z,2026-08-11T19:50:05.000Z,-0.9495982468955444,13.582718797644565,12.577482057873398,0.7362296274087463,-0.7400850703793092,-7.4008507040982785,365,session_close,0,-7.382312868160468,-0.6405197758456094
SLMT,2026-08-11T13:45:05.000Z,2026-08-11T19:55:05.000Z,-0.7537688442211032,3.9717161105320864,3.8389321127863094,2.517803064940067,-0.33432395649931224,-3.343239900597731,370,session_close,0.4603523756249617,-3.316352600902306,-0.8308750114302246
BAOS,2026-08-12T14:20:05.000Z,2026-08-12T15:20:05.000Z,-0.3015764222069839,0.7360477638952975,0.6462698024286414,13.58607482955363,-1.2197301025307716,-12.197301027250584,60,stop,3.5938205918475186,-12.179612287776731,-1.3260009033644344
WETH,2026-08-12T13:35:05.000Z,2026-08-12T15:55:05.000Z,8.715596330275233,1.2105520322165801,1.1196479135590722,8.260693109540238,-0.9308657676798515,-9.308658764728055,140,stop,0,-14.088781620092028,-0.826069310954022
IVDA,2026-08-12T13:30:05.000Z,2026-08-12T16:35:05.000Z,0.3355704697986628,0.303668828775667,0.4158166296471256,32.9305907449409,3.69309348613572,36.93095730648988,185,take_profit,36.95841014595638,-3.6121023089169646,3.6520025136139456
BMBL,2026-08-12T13:30:05.000Z,2026-08-12T19:50:05.000Z,-0.7194244604316502,2.7805959658485233,2.5894296357661566,3.5963513189286433,-0.687501283326468,-6.875012854448656,380,session_close,0,-7.573770818740943,-0.6833067505964419
BMNR,2026-08-12T13:30:05.000Z,2026-08-12T19:50:05.000Z,1.1608623548922115,18.32368162443728,17.926411754030184,0.5457418548863356,-0.21680679596642338,-2.168067960083307,380,session_close,0,-2.585078883959413,-0.11460578952613076
SMMT,2026-08-12T13:30:05.000Z,2026-08-12T19:50:05.000Z,2.0178630499503747,15.47379607490595,15.006985817404423,0.6462538242233428,-0.30167791409704486,-3.0167791745592316,380,session_close,1.1387246170304843,-2.9972999040493664,-0.3360519885961377
FGL,2026-08-12T13:30:05.000Z,2026-08-12T19:50:05.000Z,2.516469038208169,0.7842727533327035,0.7771177633949002,12.750664418316434,-0.0912308756133604,-0.912308875630159,380,session_close,4.797724580817397,-2.941929734860449,-0.11475597976484941
ZBAO,2026-08-12T13:30:05.000Z,2026-08-12T19:50:05.000Z,0.10256410256408444,0.19636147131604972,0.2070466112356192,50.92648562225813,0.5441566244857718,5.441566437629422,380,session_close,9.441021479265643,-3.2396738899000965,0.5347280990337104
KEY,2026-08-12T13:35:05.000Z,2026-08-12T19:50:05.000Z,0.3525782282943979,22.794563930010554,22.91541275485111,0.43870108812712844,0.05301651095643722,0.5301651095919926,375,session_close,0.7696399480512595,-0.45872309876868744,0.07896619586288445
JBI,2026-08-12T13:50:05.000Z,2026-08-12T19:50:05.000Z,-0.8893280632410905,5.03101746820097,4.839029985104427,1.9876695039512349,-0.38160766529135065,-3.8160766546730915,360,session_close,0,-4.591863766348226,-0.4372872908692713
BYND,2026-08-12T13:50:05.000Z,2026-08-12T19:50:05.000Z,-1.8354684896880413,0.41068238131769325,0.4060170109885313,24.349717576483044,-0.11360044990479654,-1.1360044991929936,360,session_close,1.148726825623747,-2.722878269531326,-0.09009395503298911
PSKY,2026-08-12T13:50:05.000Z,2026-08-12T19:50:05.000Z,0.4264392324093702,9.431903736981255,9.438101992216714,1.060231346191,0.00657158449232602,0.06571584494820883,360,session_close,1.4641398689989593,-0.8683690935067712,0.010602313461909318
MYSZ,2026-08-12T13:50:05.000Z,2026-08-12T19:50:05.000Z,-0.6704221507058739,0.3812921922306764,0.4093823435912083,26.226605481508297,0.7367093176485234,7.367093251030365,360,session_close,11.305714789786192,-3.512317457204661,0.48781486195605517
REFI,2026-08-12T13:55:05.000Z,2026-08-12T19:50:05.000Z,1.3685239491691092,10.402324563730174,10.42751421511176,0.9613235855297343,0.024215405984390405,0.24215406111644497,355,session_close,0.650579933890838,-1.9449937606794143,0.0480661792764856
CIFR,2026-08-12T14:00:05.000Z,2026-08-12T19:50:05.000Z,6.362579895409648,18.323666250321676,17.876420417656963,0.545742312872495,-0.24408097514102525,-2.4408097514702405,350,session_close,0.744030958738584,-4.495095244966141,-0.2182969251489979
CORZ,2026-08-12T14:00:05.000Z,2026-08-12T19:50:05.000Z,7.818825910931171,21.32427331918649,21.135765532199965,0.46894915711507784,-0.08840056781695883,-0.8840056782470231,350,session_close,0.5895942099953588,-3.7247380358412574,-0.0844108482807151
GLXY,2026-08-12T14:00:05.000Z,2026-08-12T19:50:05.000Z,6.458022851465484,21.454295263655574,21.29573200225408,0.46610713037258833,-0.07390746675436867,-0.7390746675799965,350,session_close,1.238468721899899,-1.884449051749859,-0.12118785389687403
CPOP,2026-08-12T14:20:05.000Z,2026-08-12T19:50:05.000Z,2.1111111111111303,0.369381253728909,0.3752785895727117,27.072299568558055,0.15965444261982173,1.5965444332296261,330,session_close,7.1521621642661515,-1.9170582311429318,0.16243379741134767
MFIC,2026-08-12T14:20:05.000Z,2026-08-12T19:50:05.000Z,-1.1782786885245922,9.672030616742424,9.617656682754909,1.0339090492241612,-0.05621770239160882,-0.5621770250953593,330,session_close,0,-1.158294686831296,-0.020678180984482708
SCNX,2026-08-12T13:40:05.000Z,2026-08-12T19:55:05.000Z,-2.56660963089711,0.401388682738463,0.4401026743856479,24.913507489553677,1.0085735374161608,10.085735420932409,375,session_close,10.51631973615983,-8.069156937234034,1.2527984040758788
HYLN,2026-08-13T13:30:05.000Z,2026-08-13T13:45:05.000Z,4.113110539845777,4.071034402534803,4.689057265479757,2.4563781274286813,1.5180978427888399,15.180978636784465,15,take_profit,15.204135761658089,0,0.7614772195028934
FRGT,2026-08-13T13:45:05.000Z,2026-08-13T13:55:05.000Z,10.950413223140497,2.700555951785901,2.3095342323398245,3.70294123372047,-1.4479304482171533,-14.47930449978236,10,stop,0,-14.462057397019413,-1.4071176688137772
SMTK,2026-08-13T13:30:05.000Z,2026-08-13T15:15:05.000Z,0.07639419404126269,0.13171039617729843,0.11563619139093972,75.92411025946849,-1.2204196965327747,-12.204203504726268,105,stop,0,-12.155757360069341,-1.2527478192812307
GSUN,2026-08-13T13:30:05.000Z,2026-08-13T16:05:05.000Z,4.902238594502695,0.3754010311211011,0.3173730425487321,26.638138913336675,-1.545757620452279,-15.457599676557543,155,stop,14.197874928506815,-15.423780522974306,-1.1507676010561454
IPWR,2026-08-13T13:30:05.000Z,2026-08-13T19:50:05.000Z,8.447488584474883,4.771198796456964,4.239091015540901,2.0959092877190977,-1.1152496400895757,-11.15249654470906,380,session_close,7.520147846479941,-11.343035986235828,-1.1737092011226942
SLGB,2026-08-13T13:30:05.000Z,2026-08-13T19:50:05.000Z,0.6239168110918625,0.585209186056186,0.5866782393720937,17.087903781284172,0.025103041711807963,0.2510304607157514,380,session_close,4.817219998509614,-4.854535221437628,0.1982196838628969
LGHL,2026-08-13T13:30:05.000Z,2026-08-13T19:50:05.000Z,3.3079847908745075,0.8192488660479077,0.7711975382226302,12.206302747407037,-0.5865290548502415,-5.8652907335812685,380,session_close,2.4963274042415717,-9.575706393876192,-0.7384813162181256
MLCO,2026-08-13T13:35:05.000Z,2026-08-13T19:50:05.000Z,-2.1739130434782483,5.431094563730968,5.5088869571527885,1.8412494718103176,0.14323520329878667,1.432352033443135,375,session_close,2.9258455069113953,-0.388403543400595,0.05523748415430774
HCAT,2026-08-13T13:35:05.000Z,2026-08-13T19:50:05.000Z,0,1.8021694112545703,1.7796383542088317,5.548861180681856,-0.12502170780082764,-1.2502185923827096,375,session_close,2.0991693960166646,-4.00458529613651,-0.1664658354204569
UAA,2026-08-13T13:35:05.000Z,2026-08-13T19:50:05.000Z,2.281368821292773,5.391104703928595,5.338923301456463,1.854907396356205,-0.09679166939779779,-0.9679166949606186,375,session_close,0.3504902447477143,-1.6899078933155454,-0.0927453698178109
CSQR,2026-08-13T13:35:05.000Z,2026-08-13T19:50:05.000Z,0.08703220191470518,23.05488050549425,22.84537261733708,0.43374763849994435,-0.09087355173528272,-0.9087355196104412,375,session_close,0.45595332615451234,-3.751398777747461,-0.26458605948496583
FWDI,2026-08-13T13:35:05.000Z,2026-08-13T19:50:05.000Z,-1.8181818181818188,4.340908688208803,4.109089612549599,2.3036651306528584,-0.5340335212162851,-5.340335222643441,375,session_close,0,-6.931928538975263,-0.645026236582801
EVTL,2026-08-13T13:40:05.000Z,2026-08-13T19:50:05.000Z,0.5083514887436413,0.8320732552013286,0.8477743046105765,12.018172583100169,0.18869792153612397,1.8869792186084446,370,session_close,4.24562916520177,-0.9942940900470099,0.21272165472087146
ELMT,2026-08-13T13:45:05.000Z,2026-08-13T19:50:05.000Z,8.535144713526277,18.413973312418285,17.316293579885947,0.5430658444102244,-0.5961123708396635,-5.961123728750431,365,session_close,2.4222186054810635,-6.972820534894453,-0.6679709886245764
YSWY,2026-08-13T13:45:05.000Z,2026-08-13T19:50:05.000Z,0.0914076782449813,22.025509917949883,24.49482683041812,0.4540189948658134,1.1211167826039827,11.211167966902986,365,session_close,12.369702641162327,-2.47671867748821,0.9988417887047909
MTW,2026-08-13T13:45:05.000Z,2026-08-13T19:50:05.000Z,1.6865079365079305,20.5442104380178,20.735676123666114,0.4867551381421536,0.09319690626722729,0.9319690636248545,365,session_close,1.0503667815964235,-1.9675150779695727,0.09735102762843084
CCO,2026-08-13T13:45:05.000Z,2026-08-13T19:50:05.000Z,0,2.4204843308733173,2.309530603967473,4.131404559069544,-0.45839473318456214,-4.5839473319710295,365,session_close,0,-4.564554682882582,-0.41314045590695514
ERAS,2026-08-13T14:25:05.000Z,2026-08-13T19:50:05.000Z,-2.1797631862217504,18.20383345770367,17.926361249498083,0.5493348420732569,-0.1524251516743342,-1.5242515201553006,325,session_close,0.4733428401030748,-1.7789300174388734,-0.181280497884174
YXT,2026-08-13T14:25:05.000Z,2026-08-13T19:50:05.000Z,12.803532008829999,5.131047248743917,5.538827915146375,1.9489198806333383,0.7947318476896623,7.947318483615276,325,session_close,8.94462141950525,-2.9437898624085523,0.6821219582216678
ONDS,2026-08-13T14:25:05.000Z,2026-08-13T19:50:05.000Z,-2.40532241555782,9.5419084775634,8.968201731950492,1.0480083752022589,-0.6012494743123593,-6.012494743183792,325,session_close,0,-7.356059631192746,-0.5449643551051739
AVIR,2026-08-13T14:25:05.000Z,2026-08-13T19:50:05.000Z,7.707509881422925,5.472467006982723,5.028643715473424,1.8273292201504678,-0.8110112691583002,-8.11011360951088,325,session_close,0,-8.816261594032593,-0.8405714412692173
SPCB,2026-08-13T13:40:05.000Z,2026-08-13T19:55:05.000Z,3.767441860465137,11.213886166775774,11.0166638454819,0.8917514716058258,-0.1758732952473285,-1.7587330418797966,375,session_close,3.621526268274855,-5.028463446030351,-0.3299480444941558
MDWD,2026-08-13T13:45:05.000Z,2026-08-13T19:55:05.000Z,1.581595974119332,14.203390529338144,13.496656045209074,0.7040572380793557,-0.4975815289513514,-4.975815335565535,370,session_close,0,-5.093083428523116,-0.4928400666555479
LFS,2026-08-14T13:30:05.000Z,2026-08-14T14:20:05.000Z,13.888888888888884,2.470605232200236,2.9894007496386465,4.047591156750643,2.099872148545585,20.998721717123107,50,take_profit,21.022976922023638,-1.2387746857064674,2.1856992246453473
VNRX,2026-08-14T13:30:05.000Z,2026-08-14T18:10:05.000Z,-1.6650808753567947,0.623950697425458,0.5413887325618514,16.026906019457176,-1.3232128516507478,-13.232129590410477,280,stop,0,-13.214296861220864,-1.3558762492460765
CYCU,2026-08-14T13:45:05.000Z,2026-08-14T19:15:05.000Z,4.042857142857148,0.7304466039900402,0.6380556439968975,13.690254624883341,-1.2648557673435339,-12.648557675326325,330,stop,2.1977507900329263,-12.628794970932333,-1.2348609671644777
EIKN,2026-08-14T13:30:05.000Z,2026-08-14T19:50:05.000Z,3.7754114230396763,10.742280037473384,11.007636238308502,0.9309010693280942,0.2470203711102519,2.4702037175483147,380,session_close,3.79546950092835,-8.026974110388153,0.3537424063446757
ONDS,2026-08-14T13:45:05.000Z,2026-08-14T19:50:05.000Z,4.489337822671158,9.321864573358708,9.168165129418115,1.0727467580312535,-0.1648805801984768,-1.6488058020050569,365,session_close,2.232766041636447,-2.809143721172469,-0.12872961096375057
RCAT,2026-08-14T13:45:05.000Z,2026-08-14T19:50:05.000Z,5.13196480938416,10.772157879523188,11.097774349822284,0.9283191084942629,0.30227599141910527,3.0227599144091704,365,session_close,4.435899713140512,-0.11286391880961366,0.29706211471816246
AEBI,2026-08-14T13:45:05.000Z,2026-08-14T19:50:05.000Z,-0.8035062089116085,13.644579230271178,12.797357011549941,0.7328917495867631,-0.6209221741673867,-6.209222024535813,365,session_close,0,-9.341286446147501,-0.9747460269503936
FIRY,2026-08-14T13:45:05.000Z,2026-08-14T19:50:05.000Z,-2.075098814229237,9.964418108018343,9.577938506535464,1.0035707867036996,-0.38785963770510523,-3.8785967960525447,365,session_close,0,-6.166121306410477,-0.4014283146814801
BRUN,2026-08-14T13:45:05.000Z,2026-08-14T19:50:05.000Z,1.6407982261640752,22.964594964689155,22.78541816263424,0.4354529228631225,-0.07802306216407984,-0.7802306216609566,365,session_close,4.290975028412314,-4.200356967637953,-0.2090174029742986
PMN,2026-08-14T13:30:05.000Z,2026-08-17T13:40:05.000Z,1.893171061528065,15.123453455172918,14.376787776159889,0.6612246313171877,-0.49371373832258775,-4.937137415248467,4330,time,0,-5.709366962593965,-0.9918369469757806
STRR,2026-08-14T15:10:05.000Z,2026-08-19T14:35:05.000Z,0.0452960986273343,10.262400593469602,10.246127387518348,0.9744308682399038,-0.015857114204127453,-0.15857114330159341,7165,time,0,-10.547245584608921,-1.451901993677458
UNG,2026-08-19T14:35:05.000Z,2026-08-19T19:50:05.000Z,0.8910891089108919,10.202055180664317,9.997994267733404,0.9801946588129204,-0.20001941692736955,-2.0001941698733843,315,session_close,0.2739136266254105,-2.0785535552309,-0.17643503858632492
PSKY,2026-08-19T14:35:05.000Z,2026-08-19T19:50:05.000Z,0.8149568552253239,10.532112453316554,10.557881928792002,0.9494771389021579,0.024467527845437535,0.24467527848445114,315,session_close,0.6445767360000909,-1.9190115393508567,0
KC,2026-08-19T14:35:05.000Z,2026-08-19T19:50:05.000Z,10.931734317343157,12.0424148818796,12.40744447515675,0.8303982296691123,0.30311992803418136,3.0311992806892523,315,session_close,3.7167388975602345,-1.6808495959076852,0.2989433626808804
PRME,2026-08-19T14:35:05.000Z,2026-08-19T19:50:05.000Z,12.950819672131164,3.450693938386901,3.579276199924213,2.897967822199558,0.3726272564407781,3.72627256526322,315,session_close,3.7472480585614143,-2.628281151741252,0.31877646044195096
EDIT,2026-08-19T14:35:05.000Z,2026-08-19T19:50:05.000Z,14.0625,3.290660360689749,3.1793546100957895,3.0389037161112515,-0.3382474591045361,-3.382474591532414,315,session_close,0,-6.401765530295956,-0.39505748309446176
SAIL,2026-08-19T14:40:05.000Z,2026-08-19T19:50:05.000Z,-0.5729166666666674,19.113929274080217,19.096128995955034,0.5231786643691763,-0.00931272573493295,-0.09312725745679662,310,session_close,1.1827538057616938,-0.5437357886489136,-0.010463573287383454
SOFI,2026-08-19T14:40:05.000Z,2026-08-19T19:50:05.000Z,3.2559456398640885,18.243649186661127,18.45630535381458,0.5481359511769928,0.1165644904563124,1.1656449045782926,310,session_close,2.5562364665499437,0,0.12058990925893909
IOVA,2026-08-19T14:40:05.000Z,2026-08-19T19:50:05.000Z,10.668563300142232,7.791562097270318,8.038389590448745,1.283439684379708,0.3167881999411545,3.1678819997455943,310,session_close,3.1885506350096238,-3.998711598274618,0.2951911274073318
RIME,2026-08-19T14:40:05.000Z,2026-08-19T19:50:05.000Z,-1.6185337987940307,0.31214432930316227,0.29173645010940885,32.03645828781705,-0.6537961705334908,-6.537962499370856,310,session_close,0.8507829383818555,-9.240702647892075,-0.6150999991260875
BALY,2026-08-19T14:40:05.000Z,2026-08-19T19:50:05.000Z,-0.7856341189674598,8.881888639404902,8.747764225428366,1.125886664313906,-0.15100888905510013,-1.5100888946241393,310,session_close,0.4290907276861766,-2.948569274366064,-0.3039893993647542
PRMB,2026-08-19T14:45:05.000Z,2026-08-19T19:50:05.000Z,1.6638225255972472,23.85481253736627,23.665258302390853,0.4192026234009509,-0.07946163257845551,-0.7946163260704712,305,session_close,0.4828688653633284,-0.7747390052920244,-0.15091294442434133
EFC,2026-08-19T15:00:05.000Z,2026-08-19T19:50:05.000Z,1.1756061719323974,13.793257881898823,13.667212602160822,0.7249918764660243,-0.09138180387693841,-0.9138180465937128,290,session_close,0,-0.9661088267892137,-0.06524926888194216
ADAM,2026-08-19T15:00:05.000Z,2026-08-19T19:50:05.000Z,1.041666666666674,10.212650114654021,10.147877907206759,0.9791777582868407,-0.06342350488750073,-0.634235058678076,290,session_close,0,-1.4947159937946486,-0.0391671103314728
KLAR,2026-08-19T15:00:05.000Z,2026-08-19T19:50:05.000Z,-1.626826029216466,14.832985534949648,14.537090954081142,0.6741731105842816,-0.19948416998915286,-1.9948417004204289,290,session_close,0.24954157046224168,-2.042647006132048,-0.19551020206944258
GTE,2026-08-19T15:00:05.000Z,2026-08-19T19:50:05.000Z,2.157894736842114,9.721981479239199,9.777910582524367,1.0285968980187432,0.05752850214809357,0.5752850219330456,290,session_close,2.139672053531605,-0.637539573301571,0.041143875920749196
DAMD,2026-08-19T15:00:05.000Z,2026-08-19T19:50:05.000Z,7.278481012658222,1.7003413591024326,1.6896123040965663,5.881172003999088,-0.06309941792986712,-0.6309941793999467,290,session_close,0,-1.7844275174515034,-0.05881172003999069
CPB,2026-08-19T15:10:05.000Z,2026-08-19T19:50:05.000Z,1.3560804899387602,23.194687593149894,23.96519203402492,0.43113320477018724,0.33219004888411124,3.3219004902768337,280,session_close,4.248008958487115,-0.3651163345476771,0.34490656381615103
RCEL,2026-08-19T15:15:05.000Z,2026-08-19T19:50:05.000Z,1.9289340101522834,10.062246249475027,10.277928815993924,0.9938138761551008,0.21434832745122523,2.1434832856545283,275,session_close,2.3628297760788453,-0.3204677034882808,0.16894835894636806
BITO,2026-08-19T15:15:05.000Z,2026-08-19T19:50:05.000Z,3.092783505154628,9.011802248399,9.22814441609796,1.109655951640686,0.24006537397799796,2.400653739793215,275,session_close,3.19800350315278,-0.019998756622974234,0.23302774984454366
RXRX,2026-08-19T15:15:05.000Z,2026-08-19T19:50:05.000Z,7.928802588996775,3.340669858625909,3.4793005195679094,2.9934116276300937,0.4149786324098287,4.149786324561329,275,session_close,4.17072465315087,-1.8160986027773496,0.4490117441445136
PWCM,2026-08-20T13:30:05.000Z,2026-08-20T13:45:05.000Z,10.909090909090914,1.8404189152767456,1.489698737542992,5.43354551184297,-1.905654047638006,-19.05654059641174,15,stop,0,-19.040171363597015,-1.7387345637897518
BIVIW,2026-08-20T14:30:05.000Z,2026-08-20T14:45:05.000Z,19.999999999999996,0.30452335467764213,0.266587484674052,32.83820112596938,-1.2457457290665206,-12.457458326553542,15,stop,0,-12.42051031444883,-1.3759206271781164
SOC,2026-08-20T13:30:05.000Z,2026-08-20T19:50:05.000Z,7.740585774058584,5.171046097058618,5.038987834297609,1.9338446820179505,-0.25538016915690503,-2.553801692777896,380,session_close,0.36653904424026607,-5.821763941146408,-0.3867689364035911
CALC,2026-08-20T13:30:05.000Z,2026-08-20T19:50:05.000Z,0.9298531810766786,0.6227086185863423,0.5803732302445833,16.05887285774717,-0.6798586187636593,-6.798587184784391,380,session_close,0,-9.090707418640475,-0.5556370008780522
HIVE,2026-08-20T13:40:05.000Z,2026-08-20T19:50:05.000Z,5.141843971631199,2.9705978669155075,3.0993747068202575,3.36632571804914,0.4335047880604566,4.335047881740526,370,session_close,6.712525290120808,-2.376554150993593,0.40395908616589793
MFA,2026-08-20T13:40:05.000Z,2026-08-20T19:50:05.000Z,-0.7692307692307776,9.04185192001329,8.907717279676339,1.1059681222952866,-0.1483486363082113,-1.483486364558311,370,session_close,0,-2.1218210794698322,-0.13271617467543528
CHWY,2026-08-20T13:40:05.000Z,2026-08-20T19:50:05.000Z,-2.542726135889939,23.39469159383612,23.945196043509203,0.4274473958643347,0.23531169342448724,2.3531169345191296,370,session_close,2.3736513214398958,0,0.2778408073118186
PLRZ,2026-08-20T13:40:05.000Z,2026-08-20T19:50:05.000Z,-1.2511170688114248,11.084067172222397,10.227933158469133,0.9021958484609301,-0.7724005529343879,-7.72400600294816,370,session_close,0,-7.705359043319049,-0.8931738899763211
AUPH,2026-08-20T13:40:05.000Z,2026-08-20T19:50:05.000Z,8.163265306122458,17.523585310621332,17.296482360994194,0.5706594748303768,-0.12959844996665218,-1.2959845008971271,370,session_close,1.0067271408878753,-3.1020210817922944,-0.15978465295250643
SAN,2026-08-20T13:45:05.000Z,2026-08-20T19:50:05.000Z,0.6704304869442623,14.272854921736286,14.187158592001584,0.7006306765328141,-0.060041477478403514,-0.6004147747917926,365,session_close,0.40037594844943847,-1.0008854046342885,-0.04904414735729645
STDN,2026-08-20T14:00:05.000Z,2026-08-20T19:50:05.000Z,3.550543024227215,12.443483737064566,12.85606816760821,0.803633450823989,0.33156664967403915,3.3156665710479998,350,session_close,3.507990785853754,-1.7156267615690002,0.2651990387719163
SGLY,2026-08-20T14:00:05.000Z,2026-08-20T19:50:05.000Z,16.10738255033557,3.4806995050659544,3.4292640084159727,2.872985726984315,-0.147773447735747,-1.4777344776565848,350,session_close,4.5766804833969,-4.61687384481383,-0.5745971453968632
TGHL,2026-08-20T14:00:05.000Z,2026-08-20T19:50:05.000Z,8.299299883313882,0.7475936303700698,0.7712303940548106,13.37625073402729,0.31617127758804475,3.1617128242572554,350,session_close,7.611938801800755,-7.99814604365624,0.28090126541457217
CAN,2026-08-20T14:00:05.000Z,2026-08-20T19:50:05.000Z,12.78633902540609,0.2715559209687458,0.27274305974633606,36.824827652555925,0.04371618088442675,0.4371618093817508,350,session_close,5.024408594215313,-4.402747296429544,0.03682482765255557
OPRA,2026-08-20T14:10:05.000Z,2026-08-20T19:50:05.000Z,-1.6004415011037665,17.854149911576826,18.19617438986819,0.560093870277194,0.1915658137757483,1.9156581522237124,340,session_close,2.553188422191943,-0.9754029872007797,0.19043191589424602
HELP,2026-08-20T14:30:05.000Z,2026-08-20T19:50:05.000Z,4.8387096774193505,12.372539431593685,12.477491108463164,0.808241512943412,0.0848263020989361,0.8482630219102946,320,session_close,2.3233756497253566,-2.1219526762895735,0.05657690590603792
BEEM,2026-08-20T14:30:05.000Z,2026-08-20T19:50:05.000Z,6.6115702479338845,1.3002619559863986,1.3497201825681238,7.6907579668303105,0.38037125010870143,3.8037125022400122,320,session_close,9.977838959010388,-0.020146400899645478,0.38453789834151664
BULL,2026-08-20T14:30:05.000Z,2026-08-20T19:50:05.000Z,5.092592592592582,9.091818405877632,8.978202502993094,1.0998899838833063,-0.12496499359256184,-1.2496499359367783,320,session_close,0.08998853427470976,-1.999802435122222,-0.1649834975824973
COSM,2026-08-20T13:40:05.000Z,2026-08-20T19:55:05.000Z,5.64766839378239,0.20583590409437943,0.21293233719190918,48.58233638023597,0.33643340634921093,3.3643377199071187,375,session_close,6.541179472482628,-2.155068190797993,0.2520116819011804
UZX,2026-08-20T13:45:05.000Z,2026-08-21T13:35:05.000Z,-0.9288450455947617,0.11872790568730318,0.11373080714671817,84.22619652577048,-0.2048842073111218,-2.0488420900117195,1430,session_close,2.7559606090539646,-4.571718549132675,-0.21120740575565833
KNRX,2026-08-21T13:40:05.000Z,2026-08-21T15:30:05.000Z,15.727272727272723,0.38397920364836285,0.509397954759216,26.043077051993922,3.2662902910830303,32.66290295336531,110,take_profit,32.689477752702835,-6.869956340791883,4.482013560648154
BEKE,2026-08-21T13:35:05.000Z,2026-08-21T19:50:05.000Z,2.0306062389641166,17.363476239170126,17.776437841041137,0.5759215413876743,0.2378334822834757,2.3783348229510297,375,session_close,2.3988500637346144,-2.0357458051672883,0.23036861655507046
ELAB,2026-08-21T13:35:05.000Z,2026-08-21T19:50:05.000Z,3.2786885245901676,6.391346198456305,6.358353340541177,1.5646156016294899,-0.051621140236354904,-0.5162114035239889,375,session_close,2.4823221371111703,-7.061833054283895,-0.3129231203258982
PURR,2026-08-21T13:35:05.000Z,2026-08-21T19:50:05.000Z,8.085317460317466,10.9121826570404,10.617874557066257,0.9164069475530332,-0.2697059875374379,-2.6970598754068678,375,session_close,0.6214828425351371,-4.327114674310872,-0.2749220842659099
INV,2026-08-21T13:35:05.000Z,2026-08-21T19:50:05.000Z,8.666666666666668,1.6403340292621353,1.5196621612425938,6.096319294803535,-0.7356542373475168,-7.356542378982583,375,session_close,0,-7.335946649614089,-0.6705951224283879
PUSA,2026-08-21T13:35:05.000Z,2026-08-21T19:50:05.000Z,2.7027027027026973,3.4407193846973367,3.389099894708383,2.906368948714536,-0.15002528285237657,-1.5002528313855696,375,session_close,1.432276503624208,-4.3804614048929436,-0.1453184474357272
SKYQ,2026-08-21T13:35:05.000Z,2026-08-21T19:50:05.000Z,0.9380863039399667,2.7106304436845785,2.7493655126478167,3.6891786364278074,0.14290058889973617,1.4290058998446633,375,session_close,1.821331138313087,-3.712436858334367,0.2582425045499459
GOSS,2026-08-21T13:40:05.000Z,2026-08-21T19:50:05.000Z,0.032391441038037705,0.15813399381646534,0.15236600362602595,63.237509699078544,-0.36475333561210066,-3.647533367894239,370,session_close,1.875628454042011,-7.16733546211441,-0.3983963111041948
SXTC,2026-08-21T13:40:05.000Z,2026-08-21T19:50:05.000Z,9.779614325068863,4.010835946474813,4.078912009546253,2.493245826009198,0.1697303601040069,1.697303604034795,370,session_close,3.719026544984705,-3.5113863631993314,0.12466229130046003
AEVA,2026-08-21T13:45:05.000Z,2026-08-21T19:50:05.000Z,2.861685214626397,19.443945525723905,18.426182060566326,0.5142989102065512,-0.5234346409785859,-5.234346412928901,365,session_close,0,-7.631915671439615,-0.5451568448189459
HOLO,2026-08-21T13:45:05.000Z,2026-08-21T19:50:05.000Z,6.214689265536721,1.89040817214145,1.7774643805839985,5.2898628523183975,-0.5974571673597555,-5.974571694191797,365,session_close,0.5073945404967306,-6.369427191221455,-0.5289862852318397
STUB,2026-08-21T13:55:05.000Z,2026-08-21T19:50:05.000Z,1.171303074670571,6.92147323484,6.688650259678024,1.4447791146855997,-0.3363777719329866,-3.363777728562693,355,session_close,0,-3.34427696223476,-0.317851405230833
ADXN,2026-08-21T13:55:05.000Z,2026-08-21T19:50:05.000Z,6.345733041575463,4.890985051362585,4.938217957949814,2.0445779106010313,0.09657135746173127,0.9657135748977761,355,session_close,4.682389053174751,-6.767247249516251,-0.020445779106012196
SDEV,2026-08-21T14:00:05.000Z,2026-08-21T19:50:05.000Z,8.482142857142838,1.2202953012109108,1.1596944249557208,8.194737690389156,-0.4966082847190143,-4.966082897726077,350,session_close,1.614748394879184,-10.677358265791682,-0.49168426142334987
ABUS,2026-08-21T14:00:05.000Z,2026-08-21T19:50:05.000Z,9.85324947589099,5.251114853897856,5.2089382498156835,1.9043575035023452,-0.08031933245613242,-0.803193326667859,350,session_close,0.3596406977867783,-3.068202817507637,-0.019043575035023963
PMI,2026-08-21T14:05:05.000Z,2026-08-21T19:50:05.000Z,-0.9900990099009799,3.020685282368348,3.2692465022236155,3.3105070552395945,0.8228636719898226,8.22863677014325,345,session_close,13.219341980524746,-1.3468891514725745,0.5958912699431256
IOVA,2026-08-21T14:10:05.000Z,2026-08-21T19:50:05.000Z,-1.0567296996663034,8.901784330086072,8.228347568550388,1.1233702849019802,-0.7565188466698073,-7.56518846743585,340,session_close,0.204629423028857,-8.445321771559955,-0.8088266051294255
ZKH,2026-08-21T14:15:05.000Z,2026-08-21T19:50:05.000Z,2.220446049250313e-14,2.9106049562856544,2.8894184394597837,3.4357118653315495,-0.07279076724369046,-0.7279076736304229,335,session_close,0,-1.738640490402854,-0.10307135595994588
NUVB,2026-08-21T14:30:05.000Z,2026-08-21T19:50:05.000Z,3.1478770131771583,7.061485405994465,6.908580616608535,1.416132641106848,-0.21653346323098385,-2.165334637045771,320,session_close,0.12057794523383514,-2.428460814333655,-0.16993591693282184
TIC,2026-08-21T14:30:05.000Z,2026-08-21T19:50:05.000Z,5.044345898004465,9.491996989070415,9.528060577773385,1.0535190845055176,0.03799367895433589,0.3799367903771457,320,session_close,1.980647603934771,-1.0745577478359913,0.06321114507032988
AIRE,2026-08-21T13:40:05.000Z,2026-08-21T19:55:05.000Z,-0.34965034965035446,1.4403319266055141,1.5696803403573931,6.942844038225949,0.6864567194663818,6.864567242922007,375,session_close,13.16835861866117,-6.271604825035215,0.713212844204854
BCTX,2026-08-24T13:30:05.000Z,2026-08-24T13:45:05.000Z,-0.49140049140048436,4.0708484898429536,3.529285285364515,2.4564903378958416,-1.3303447791611944,-13.303447815109697,15,stop,0,-13.285890919114474,-0.8843365216425028
TMCR,2026-08-24T13:30:05.000Z,2026-08-24T13:45:05.000Z,-2.287581699346397,6.011373428587415,5.048802817682609,1.6635133474279906,-1.60124905908206,-16.012490695175398,15,stop,0,-15.992575407402764,-1.8797700825936303
NCTY,2026-08-24T13:40:05.000Z,2026-08-24T13:45:05.000Z,5.622837370242206,6.1513526423088996,7.108561559351707,1.625658702667848,1.556095006261906,15.560950130856435,5,take_profit,15.584334266540667,0,1.446836245374385
OLOX,2026-08-24T13:30:05.000Z,2026-08-24T14:10:05.000Z,11.00478468899524,2.3304914710361357,2.0295918459134596,4.290940387994652,-1.2911423541713412,-12.911423571479375,40,stop,2.553475509498737,-12.893909922894398,-1.1156445008786111
BEZ,2026-08-24T13:30:05.000Z,2026-08-24T15:40:05.000Z,9.899328859060418,13.153013936578008,11.407707029771629,0.7602820145492214,-1.3269254511134239,-13.269254599911505,130,stop,3.5504110744026596,-13.251821559549592,-1.9007050363730524
VMAR,2026-08-24T13:40:05.000Z,2026-08-24T15:40:05.000Z,0.6706408345752424,0.6803491103972744,0.591870428871989,14.698336199845611,-1.3004894075777131,-13.004894130547221,120,stop,3.1088288761596194,-12.985849330454036,-1.0538707055289294
NXGL,2026-08-24T13:55:05.000Z,2026-08-24T16:00:05.000Z,-2.9090909090909056,0.3215931800043048,0.37111686881756817,31.095185972438646,1.5399483136896035,15.399483537741826,125,take_profit,15.42533333419296,-1.17949640731001,1.358859626995569
CYAB,2026-08-24T13:30:05.000Z,2026-08-24T18:20:05.000Z,7.200267916945746,0.3280802017925342,0.2931001498915125,30.480351561999637,-1.0989718808624207,-10.989718928227267,290,stop,2.9016679932078793,-12.003224082822527,-0.9296028632657904
OSPR,2026-08-24T13:30:05.000Z,2026-08-24T19:50:05.000Z,-0.10050251256279452,9.962206360746599,9.847402628939426,1.0037936969199401,-0.1152392623709278,-1.152392629202368,380,session_close,0,-1.4274584925978329,-0.15056905453799097
MVIS,2026-08-24T13:35:05.000Z,2026-08-24T19:50:05.000Z,6.024096385542177,1.7703830196112857,1.6896280769123482,5.648495186495959,-0.45614390512070585,-4.561439067387154,375,session_close,0,-5.105280530262357,-0.28242475932479927
SNAP,2026-08-24T13:35:05.000Z,2026-08-24T19:50:05.000Z,-0.667938931297718,5.211048171902659,5.508897487970859,1.9189997228457758,0.5715727549846803,5.715727551208753,375,session_close,5.73688475399734,-0.020114415911764993,0.5565099196252739
ALKT,2026-08-24T13:35:05.000Z,2026-08-24T19:50:05.000Z,1.422963689892054,20.71591454338358,20.31586761681798,0.48272065105669454,-0.1931109128449765,-1.9311091756427965,375,session_close,0,-2.780058501291316,-0.2027426734438098
CAPR,2026-08-24T13:35:05.000Z,2026-08-24T19:50:05.000Z,11.049284578696339,7.0114032826958645,6.738645014075458,1.4262480129068835,-0.3890209386237766,-3.890209386380235,375,session_close,6.255476965454143,-8.577502369320666,-0.28524960258137533
PSKY,2026-08-24T13:40:05.000Z,2026-08-24T19:50:05.000Z,-0.48309178743960457,10.31209171342007,10.397896039989147,0.9697353623358675,0.0832074897154491,0.8320748976409128,370,session_close,2.113133713661064,-1.571860665369429,0.11636824348030217
JMKE,2026-08-24T13:40:05.000Z,2026-08-24T19:50:05.000Z,0.37720033528920727,23.98481289192633,23.48524203369206,0.41693049863034964,-0.20828632702480654,-2.0828632705424814,370,session_close,0,-3.8975200521201625,-0.175110809424746
INCR,2026-08-24T13:45:05.000Z,2026-08-24T19:50:05.000Z,18.365429779239072,5.091050351594789,5.348702343219934,1.9642312089398777,0.5060880829956252,5.060880836592676,365,session_close,5.479216058388214,-6.699017453008571,0.41248855387737393
XHLD,2026-08-24T13:50:05.000Z,2026-08-24T19:50:05.000Z,-0.13054830287205776,7.671589176205721,7.537913854584602,1.3035108835225488,-0.17424723659150607,-1.7424723685117032,360,session_close,3.4987643059248397,-2.4973857672143773,-0.31284261204541153
STLA,2026-08-24T13:50:05.000Z,2026-08-24T19:50:05.000Z,-2.957486136783738,5.261058248430405,5.218951819587521,1.9007582743631393,-0.08003414302699506,-0.8003414304611891,360,session_close,0.16996108287266054,-2.1109488469081006,-0.03801516548726269
F,2026-08-24T13:50:05.000Z,2026-08-24T19:50:05.000Z,-2.498265093684937,14.062813452361631,13.947209128982108,0.7110952608216526,-0.08220568648567288,-0.8220568648737174,360,session_close,0,-2.0110730567512225,-0.07110952608216614
ZSTK,2026-08-24T13:40:05.000Z,2026-08-24T19:55:05.000Z,1.0615711252653925,4.811016183220113,4.907985029952417,2.0785629470722773,0.20155585183809638,2.0155585231766993,375,session_close,8.916698685739167,-6.048954568789888,0.22864192417794982
RCON,2026-08-25T13:30:05.000Z,2026-08-25T13:35:05.000Z,7.665505226480818,3.1006470301536266,2.639470779871156,3.2251332978423815,-1.4873548809600885,-14.873548836663975,5,stop,0,-14.856480782038673,-1.257801986158528
FNGR,2026-08-25T13:30:05.000Z,2026-08-25T13:55:05.000Z,0.20470829068577334,0.19714070072260925,0.17286375753150837,50.72519246370896,-1.2314526157991208,-12.314526174511387,25,stop,0,-12.296142112590747,-1.1413168304334516
GRML,2026-08-25T13:50:05.000Z,2026-08-25T14:10:05.000Z,2.8070175438596356,8.831775066004838,10.157947970896009,1.1322752134424592,1.5015927089472574,15.015927092571236,20,take_profit,15.039161709493154,0,1.2568254869211302
NCPL,2026-08-25T13:35:05.000Z,2026-08-25T14:15:05.000Z,1.681658193195168,0.26138113607027225,0.30763710862694493,38.258306652392164,1.76967518257782,17.69675243290579,40,take_profit,17.720813608092566,0,2.196026801847312
ILLR,2026-08-25T13:50:05.000Z,2026-08-25T16:00:05.000Z,-0.2618127415534244,0.8142182175151397,0.9429608361082527,12.281719571498115,1.5811807384609529,15.81180767313391,130,take_profit,15.841181112170588,-3.858697439983949,1.4762626924940747
AXTL,2026-08-25T13:30:05.000Z,2026-08-25T19:50:05.000Z,9.818181818181815,3.050646046590128,2.899309923771288,3.2779941763970477,-0.4960789292786663,-4.960789305202965,380,session_close,2.9290173964871435,-6.249366320397076,-0.3933593011676457
COHX,2026-08-25T13:30:05.000Z,2026-08-25T19:50:05.000Z,9.31506849315069,24.004980207738434,23.575025772827676,0.41658022201569345,-0.17911051395175578,-1.7911051423077406,380,session_close,1.228994107508008,-4.7697610988628565,0.033326417761255556
AVXL,2026-08-25T13:30:05.000Z,2026-08-25T19:50:05.000Z,9.0032154340836,3.4108936295493124,3.5592667862858653,2.9317829646639257,0.4349978933336365,4.349979004069902,380,session_close,7.010079950288017,0,0.2638604668197537
RIME,2026-08-25T13:30:05.000Z,2026-08-25T19:50:05.000Z,-2.8887523048555686,0.31949078011398296,0.29713062461459727,31.29980701511104,-0.699868551958646,-6.998685687082546,380,session_close,3.1641663907829853,-9.105358252781004,-0.6823357929294218
BEX,2026-08-25T13:35:05.000Z,2026-08-25T19:50:05.000Z,9.869646182495352,23.634733348658813,23.965170974950382,0.42310610624869366,0.13981017741828697,1.3981017742699464,375,session_close,2.6455413823260665,-4.716504866859728,0.14808713718704247
SMCX,2026-08-25T13:35:05.000Z,2026-08-25T19:50:05.000Z,9.79667282809611,11.902382705993928,12.547467540880831,0.8401679097840534,0.5419795773603209,5.419795773849927,375,session_close,7.961576412165439,0,0.5797158577509975
SMTG,2026-08-25T13:35:05.000Z,2026-08-25T19:50:05.000Z,9.540034071550242,6.492223608747915,6.298484364681953,1.540304233818274,-0.29841737789155315,-2.9841739247075374,375,session_close,1.5060539677089313,-6.349498008547738,-0.20023955039637542
BZ,2026-08-25T13:35:05.000Z,2026-08-25T19:50:05.000Z,4.145077720207246,16.113226326639136,16.126770519474196,0.6206081759634807,0.008405636810263906,0.08405636810715918,375,session_close,1.9038624986834174,-2.2542122804955156,-0.07447298111561906
PFXF,2026-08-25T13:35:05.000Z,2026-08-25T19:50:05.000Z,0.3353828954723248,17.974010573692922,17.956167802763428,0.5563588553191022,-0.009926983610054447,-0.09926983661403521,375,session_close,0.08895858963429149,-0.3561284969232692,0
EHTH,2026-08-25T13:50:05.000Z,2026-08-25T19:50:05.000Z,-0.40650406504064707,1.241798,1.1894307082405344,5,-0.26183645879732764,-4.217053962034528,360,session_close,0,-4.171209810291209,-0.20000000000000018
EIKN,2026-08-25T14:10:05.000Z,2026-08-25T19:50:05.000Z,4.659498207885293,11.742438331798624,12.437268794036093,0.8516118800421848,0.5917258762566314,5.917258772020649,340,session_close,8.410192502583147,-0.8723770047079582,0.5450316032269971
EYPT,2026-08-25T14:10:05.000Z,2026-08-25T19:50:05.000Z,7.186858316221767,5.231126575808882,5.048970168955983,1.9116341044135083,-0.34821639967742407,-3.482164008328021,340,session_close,0.7431176368563941,-4.991784695412472,-0.3632104798385676
RR,2026-08-25T14:10:05.000Z,2026-08-25T19:50:05.000Z,6.481481481481488,1.7303901908814194,1.939608580405996,5.779043359755261,1.2090821447206934,12.090821516851392,340,session_close,14.42505918225503,-1.7562623182658887,1.271389539146158
IXHL,2026-08-25T14:10:05.000Z,2026-08-25T19:50:05.000Z,4.41988950276242,3.8017716739506477,3.767246720148336,2.6303522716851035,-0.0908127906637335,-0.9081280193356439,340,session_close,2.0576808066977037,-2.15088335027952,-0.2367317044516586
UZX,2026-08-25T14:10:05.000Z,2026-08-26T13:35:05.000Z,-0.9243697478991564,0.11934793510301787,0.11640735966755765,83.788623411705,-0.1357478046268082,-1.3574781563172922,1405,session_close,1.3842425472682995,-2.805188962949401,0.0864074857528756
VMAR,2026-08-26T13:50:05.000Z,2026-08-26T14:10:05.000Z,9.99721526037316,7.942510217633673,9.178057728775642,1.259047751763774,1.5556133161006216,15.556133732114697,20,take_profit,15.580587855195915,0,1.3220001393519638
RZLVW,2026-08-25T14:10:05.000Z,2026-08-26T14:15:05.000Z,18.589147286821706,0.770303848889422,0.7981327184700927,12.981888007381189,0.3972353360034493,3.9723540361541123,1445,time,5.789423378173941,-2.077602093316222,0.4841660802583423
CRMX,2026-08-26T13:50:05.000Z,2026-08-26T14:50:05.000Z,9.826589595375722,7.641540145267864,6.697929344500532,1.3086367154648304,-1.2348437389932998,-12.34843739388946,60,stop,0,-12.32134003576395,-1.1385139424544022
BTDR,2026-08-26T13:50:05.000Z,2026-08-26T19:50:05.000Z,-1.7714791851195733,11.10224661017894,10.69784278246214,0.900718597439595,-0.36425404850028,-3.642540486769843,360,session_close,0.24997994365947296,-3.8933256065726396,-0.35128025300144117
CISS,2026-08-26T13:50:05.000Z,2026-08-26T19:50:05.000Z,10.861423220973787,2.980660635269889,2.859147438940473,3.35496092161473,-0.4076720251456893,-4.076720271055394,360,session_close,0,-8.074070305829961,-0.46969452902606257
NUWE,2026-08-26T13:50:05.000Z,2026-08-26T19:50:05.000Z,4.045037531276052,1.0008018022333107,0.9938845305939215,9.991988397997234,-0.06911729796657286,-0.6911729799000388,360,session_close,8.912673575091667,-2.4382252488811984,0.05095914082978581
ADIG,2026-08-26T14:00:05.000Z,2026-08-26T19:50:05.000Z,-0.9878760664571273,22.114666566776133,21.315524581999576,0.45218859377612564,-0.36136289032357366,-3.613628911670525,350,session_close,0,-5.899553415542758,-0.4974074531537376
BBWI,2026-08-26T14:00:05.000Z,2026-08-26T19:50:05.000Z,0.5119453924914863,17.683542535663573,18.926210487811804,0.565497551132178,0.7027256838102635,7.027256838623034,350,session_close,8.123131784479432,0,0.7408017919831522
NXXT,2026-08-26T14:00:05.000Z,2026-08-26T19:50:05.000Z,3.734622144112487,0.2394501018559956,0.2371438530857946,41.7623542569826,-0.0963143781458645,-0.9631437833290072,350,session_close,1.5660457502162828,-4.113634439762914,-0.3591562466100502
YJ,2026-08-26T14:00:05.000Z,2026-08-26T19:50:05.000Z,8.955223880596996,2.9406052235767435,2.67909412296665,3.4006604857279004,-0.8893104664239588,-8.893104674962458,350,session_close,2.3598807438303337,-10.56262911751702,-0.884171726289253
OLOX,2026-08-26T14:00:05.000Z,2026-08-26T19:50:05.000Z,7.070707070707072,1.6103225127209613,1.5196753978021615,6.209936158977992,-0.5629127966412878,-5.629127966771907,350,session_close,4.947921093421703,-10.576919305013465,-0.4967948927182402
AGEN,2026-08-26T14:10:05.000Z,2026-08-26T19:50:05.000Z,-2.8110047846889863,8.1416886964901,8.138195731913802,1.2282464188105067,-0.004290221231869428,-0.042902212385047066,340,session_close,2.804225413436967,-1.0033384907643939,-0.012282464188103859
AMRX,2026-08-26T14:10:05.000Z,2026-08-26T19:50:05.000Z,0.05580357142855874,17.954676673383904,17.916322931309274,0.556957946066953,-0.02136142140986763,-0.21361421746728423,340,session_close,0.5866066459009334,-0.6387008547689477,-0.02784789730334758
SFL,2026-08-26T14:10:05.000Z,2026-08-26T19:50:05.000Z,-1.1456628477905073,12.092486068791594,11.97753458451142,0.8269598105416122,-0.09506025766181034,-0.9506025777184277,340,session_close,0.8064010217061268,-1.7571743939402085,-0.07442638294874371
PDYN,2026-08-26T14:10:05.000Z,2026-08-26T19:50:05.000Z,1.5358361774743923,5.971335933031001,5.998673387062534,1.674667119545853,0.04578113539870524,0.45781135642216597,340,session_close,1.3173612714344474,-1.3621061340911012,0.06698668478183478
VVOS,2026-08-26T14:10:05.000Z,2026-08-26T19:50:05.000Z,-1.9230769230769162,0.2616582308064707,0.2513612589363875,38.21779241911715,-0.3935275334763289,-3.9352753545517647,340,session_close,1.124279249485971,-3.920469375204927,-0.4662570675132276
SMTK,2026-08-26T14:10:05.000Z,2026-08-26T19:50:05.000Z,10.270270270270277,4.100865436691514,3.9589749763936135,2.438509658751465,-0.3460012579211212,-3.460012587303385,340,session_close,10.220636833346909,-5.141974052716913,-0.43893173857526335
XPEV,2026-08-26T15:10:05.000Z,2026-08-26T19:50:05.000Z,2.025862068965534,11.842383669843846,11.727639606399002,0.8444245918835311,-0.0968927089454704,-0.9689270897128183,280,session_close,0,-1.2867651825188342,-0.10133095102602319
GRO,2026-08-26T15:10:05.000Z,2026-08-26T19:50:05.000Z,0.20080321285140812,2.5106236242814832,2.478732279397222,3.9830740788534045,-0.12702558914827428,-1.2702559067724872,280,session_close,0,-3.211298718841493,-0.11949222236560075
EXYN,2026-08-26T15:10:05.000Z,2026-08-26T19:50:05.000Z,18.633540372670797,3.840769532993003,4.079103596796972,2.6036448980596383,0.6205372692570237,6.205372693066585,280,session_close,9.873814706905183,-11.736437948718336,0.5467654285925239
AEON,2026-08-26T13:50:05.000Z,2026-08-26T19:55:05.000Z,9.768758848513448,0.23575401846315533,0.24500175403457142,42.41709218073589,0.28543464543461267,2.8543464734329786,365,session_close,3.964293630186977,-7.5731555201234535,0.40501263102543206
CLGN,2026-08-26T14:00:05.000Z,2026-08-27T13:50:05.000Z,8.62068965517242,0.317760085,0.30508760694096604,23.400000000000002,-0.32864249628622566,-4.419860072527037,1430,session_close,0,-9.334112873238942,-0.4856600000000011
USDE,2026-08-27T13:50:05.000Z,2026-08-27T14:30:05.000Z,4.1806020066889715,6.261259933651586,7.218548986725785,1.597122640397666,1.5289080200696454,15.289080204595573,40,take_profit,15.312254666119141,-0.4992594778500892,1.5811514139936875
EPOW,2026-08-27T13:55:05.000Z,2026-08-27T14:40:05.000Z,6.919850885368106,0.46269651775838816,0.4022161592749303,21.612438387087078,-1.307128021352672,-13.071280237090441,45,stop,0,-13.053160212008807,-0.8644975354834834
BRNX,2026-08-27T14:15:05.000Z,2026-08-27T15:50:05.000Z,17.62820512820513,7.381491372047317,8.568275166834702,1.3547397797767806,1.6077832167929145,16.07783217469536,95,take_profit,16.101199175730272,-2.7296837710918065,1.8424461004964225
OBAI,2026-08-27T14:50:05.000Z,2026-08-27T16:10:05.000Z,17.350746268656714,0.37937940420082034,0.32453124195427263,26.35883727401631,-1.4457337834355957,-14.45733786263063,80,stop,5.567143488896331,-14.439214041209114,-1.1281582353278985
LGPS,2026-08-27T14:50:05.000Z,2026-08-27T19:05:05.000Z,0.6556999884965053,0.8833860605994241,1.0597871449530893,11.32007898194404,1.9968742073840628,19.968742118702632,255,take_profit,19.99283747818412,-5.522620604441075,2.728139034648514
MTLS,2026-08-27T13:50:05.000Z,2026-08-27T19:50:05.000Z,5.022488755622212,7.031429283575423,7.378060407580759,1.422185958212848,0.4929739172399255,4.929739175718157,360,session_close,5.241760978603804,-1.158075837662642,0.5404306641208816
FNGR,2026-08-27T13:50:05.000Z,2026-08-27T19:50:05.000Z,1.7934446505875057,0.16606454363666937,0.17281391815159886,60.217545822861354,0.4064307691284192,4.06430798960696,360,session_close,8.27115533667575,-1.4238702524258962,0.36732702951945306
OWL,2026-08-27T13:50:05.000Z,2026-08-27T19:50:05.000Z,1.9491525423728673,12.042413113646019,12.057582421703511,0.8303983516241683,0.012596568406221082,0.1259656840729315,360,session_close,1.308598906770686,-0.35219779661900263,-0.033215934064966035
VNCE,2026-08-27T13:55:05.000Z,2026-08-27T19:50:05.000Z,19.32176656151419,7.60163153339664,7.628065314377578,1.3155070624731287,0.03477382556829131,0.34773825677822884,355,session_close,1.1624934228280592,-3.3102306036688955,0.026310141249460628
LASE,2026-08-27T14:00:05.000Z,2026-08-27T19:50:05.000Z,13.475177304964546,1.610333825708463,1.5696669921015713,6.2098925236037505,-0.2525366659740739,-2.525366663586062,350,session_close,3.7052053020923736,-4.98864424419081,-0.2483957009441493
EOSE,2026-08-27T14:05:05.000Z,2026-08-27T19:50:05.000Z,4.041916167664672,3.4806998539778458,3.4192955009384103,2.872985438932621,-0.17641381216937616,-1.764138122086591,345,session_close,0.8417889289899172,-2.605793598496897,-0.14364927194663046
GNS,2026-08-27T14:05:05.000Z,2026-08-27T19:50:05.000Z,11.188405797101453,0.1925457253881896,0.19014498252683606,51.935714961729644,-0.12468429694366404,-1.246842980550938,345,session_close,2.884652256295217,-4.07473361061218,-0.21293643134309015
STXS,2026-08-27T14:10:05.000Z,2026-08-27T19:50:05.000Z,2.0689655172413834,1.4905769098464303,1.4696654291892821,6.708811339635455,-0.14029117856124337,-1.4029118872707251,340,session_close,0.6321773865758162,-2.051347343732879,-0.13417622679270913
SNAP,2026-08-27T14:15:05.000Z,2026-08-27T19:50:05.000Z,1.6605166051660403,5.521105811349494,5.3489256328923656,1.8112313621641174,-0.3118581391645651,-3.1185813918506144,335,session_close,0.7044637429435285,-3.099122117851094,-0.2897970179462579
TE,2026-08-27T14:25:05.000Z,2026-08-27T19:50:05.000Z,6.873614190687372,4.830970447425844,4.889016181178089,2.0699774728447684,0.12015336126189348,1.2015336128411815,325,session_close,2.670882672091457,-1.2620745270410794,0.08279909891379056
AMPG,2026-08-27T14:50:05.000Z,2026-08-27T19:50:05.000Z,3.3802816901408406,3.6807632008012283,3.719238215457849,2.7168278531193955,0.10452999146828448,1.0452999162849055,300,session_close,4.054506933950153,-0.5641004234314351,0.19017794971835933
SMCX,2026-08-27T14:50:05.000Z,2026-08-27T19:50:05.000Z,4.537953795379535,12.692547769389002,12.717445497790264,0.7878638851824521,0.019616021030435873,0.19616021033467168,300,session_close,2.5798778666070943,-3.8018196043569374,0.1575727770364903
SOFI,2026-08-27T15:00:05.000Z,2026-08-27T19:50:05.000Z,2.866242038216571,19.393880721669646,19.06618228258888,0.5156265599048306,-0.16897001882939822,-1.6897001883414402,290,session_close,0,-1.9793909593386227,-0.1340629055752558
PBR,2026-08-27T15:00:05.000Z,2026-08-27T19:50:05.000Z,-0.5067567567567544,17.68356218919109,18.286337954289927,0.5654969225108096,0.340867840127491,3.4086784022920336,290,session_close,3.8252350039652994,-0.13324345479154287,0.3279882150562692
BANC,2026-08-27T15:00:05.000Z,2026-08-27T19:50:05.000Z,-0.8235919234856559,18.68388389824321,18.746222738817004,0.5352206231854058,0.03336503310056175,0.333650331554756,290,session_close,0.5144331996508988,-0.02078742441540271,0.021408824927416248
OPXS,2026-08-27T14:25:05.000Z,2026-08-27T19:55:05.000Z,2.4878048780487605,10.532269899094777,10.217873262011688,0.949462942201431,-0.29850795606314506,-2.98507957064517,330,session_close,0,-2.9648869815006806,-0.41776369456862916
XPON,2026-08-28T13:35:05.000Z,2026-08-28T14:15:05.000Z,8.030112923462983,8.641754385437208,10.05798668628378,1.1571724383479236,1.6388249848377174,16.388249858537502,40,take_profit,16.411547369973523,-3.1446668502307817,0.9373096750618171
XTNT,2026-08-28T13:35:05.000Z,2026-08-28T14:35:05.000Z,7.333333333333325,0.35858151632102564,0.41941592608363315,27.88766147332299,1.6965294253890135,16.96529435949637,60,take_profit,16.98874060882607,-5.460827016943881,3.4329711273660592
DFDVW,2026-08-28T13:35:05.000Z,2026-08-28T14:40:05.000Z,6.874999999999987,0.8620708202762702,0.7554110399896862,11.599956746081284,-1.4944152878193395,-14.944176449249058,65,stop,0,-18.220175950965768,-1.9059930793730064
WHLR,2026-08-28T14:45:05.000Z,2026-08-28T18:15:05.000Z,4.910714285714257,1.180243077085648,1.0297864297225843,8.47283087848354,-1.2747937276508756,-12.74793729225538,210,stop,2.521253756288089,-12.72984184382089,-1.2709246317725302
HYLN,2026-08-28T13:30:05.000Z,2026-08-28T19:50:05.000Z,9.237536656891487,3.7618019168724963,3.499285612589561,2.6583001665337935,-0.6978471353931635,-6.978472287588909,380,session_close,0,-7.491141827764869,-0.47849402997608337
UMC,2026-08-28T13:30:05.000Z,2026-08-28T19:50:05.000Z,8.96696381751443,20.804168165095774,19.88602039387018,0.480672907460488,-0.4413287586733736,-4.413287587080836,380,session_close,0,-5.643908258085217,-0.4614459911620692
RGNX,2026-08-28T13:30:05.000Z,2026-08-28T19:50:05.000Z,7.790821771611545,10.15216175896961,9.608036489895644,0.9850118831610308,-0.5359698559660498,-5.359698574475745,380,session_close,0,-9.47740768727926,-0.4728057039172935
EMAT,2026-08-28T13:30:05.000Z,2026-08-28T19:50:05.000Z,7.2555205047318605,3.442331622267042,3.1793433353578737,2.905006797563011,-0.7639827611505857,-7.639830085166817,380,session_close,0,-11.39726398610781,-0.2905006797563008
LCID,2026-08-28T13:30:05.000Z,2026-08-28T19:50:05.000Z,-0.5893909626718985,5.081066555728664,4.978989701855886,1.96809072847814,-0.20089650969923248,-2.008965101189065,380,session_close,0.7662455085820641,-2.5795087368200686,-0.13776635099347168
EXYN,2026-08-28T13:35:05.000Z,2026-08-28T19:50:05.000Z,9.955423476968805,3.780874737367491,3.4591986390850704,2.6448905668549316,-0.8507980779298738,-8.507980841131856,375,session_close,0,-11.660654425024909,-0.6612226417137332
PD,2026-08-28T13:35:05.000Z,2026-08-28T19:50:05.000Z,8.551068883610458,13.742759757916838,13.707234752045657,0.7276558838570107,-0.025849979546219475,-0.258499795506617,375,session_close,2.817776406664496,-2.9307050767937604,0.07276558838570146
AAOZ,2026-08-28T13:35:05.000Z,2026-08-28T19:50:05.000Z,7.749381698268754,13.10264770137221,13.617226669867073,0.7632045235162389,0.39272899646159976,3.92728996629416,375,session_close,4.864301575940577,-2.6151027577145713,0.3129138546416588
KLC,2026-08-28T13:45:05.000Z,2026-08-28T19:50:05.000Z,-0.19762845849802257,2.54053096258616,2.5692922069815043,3.93618504492703,0.11320958006244529,1.1320958027634669,365,session_close,3.915285382414102,-0.020899669950080746,0.19680925224635182
KLAR,2026-08-28T13:45:05.000Z,2026-08-28T19:50:05.000Z,5.710206995003575,14.822971611836696,14.267140078055684,0.6746285603748277,-0.37497982744561636,-3.749798274842269,365,session_close,0.9244326424661109,-4.000355848777215,-0.3777919938099039
AGEN,2026-08-28T14:15:05.000Z,2026-08-28T19:50:05.000Z,1.2804097311139628,7.931688353310347,7.688426059580345,1.2607656185018652,-0.30669673621268806,-3.066967370553263,335,session_close,0.23086694627898474,-4.0557361684046445,-0.3277990608104844
NABL,2026-08-28T14:15:05.000Z,2026-08-28T19:50:05.000Z,8.860759493670866,4.31087005794973,4.229114788026211,2.319717333577589,-0.18964911675290028,-1.8964911682446222,335,session_close,0.21178884836563494,-4.195674087094902,-0.06959152000732871
EPOW,2026-08-28T14:40:05.000Z,2026-08-28T19:50:05.000Z,16.093749999999996,0.5231050484562751,0.4986940057764247,19.11661917197866,-0.4666566065016184,-4.666566065819741,310,session_close,1.9298134425419722,-9.941607065300973,-0.3632157642675953
STDN,2026-08-28T14:45:05.000Z,2026-08-28T19:50:05.000Z,1.3976240391334827,14.553261044915034,13.977028706306797,0.6871312151327231,-0.39594722702664903,-3.959472291672906,305,session_close,1.3518547800233982,-5.107178677144198,-0.4260213533822874
ORIO,2026-08-28T14:45:05.000Z,2026-08-28T19:50:05.000Z,11.388186623764662,0.9759573976833744,1.0497804125514985,10.246334486220222,0.7564153031200076,7.564163665684322,305,session_close,7.586663361779955,-4.913882285969717,0.9498352068726152
SLGB,2026-08-28T13:30:05.000Z,2026-08-28T19:55:05.000Z,7.0717131474103745,0.5479934399999999,0.5042620317647059,5,-0.21865704117647045,-7.9802795148960355,385,session_close,0,-7.955102528234647,-0.1875
AIIR,2026-08-28T14:45:05.000Z,2026-08-31T13:40:05.000Z,0.25062656641603454,8.042107868939835,6.49833026682654,1.2434550742168597,-0.9912918596366536,-9.91291875791482,4255,session_close,0.22248061517886608,-19.175418858726722,
PASW,2026-08-31T13:45:05.000Z,2026-08-31T15:05:05.000Z,7.345065034429998,0.14213029757626383,0.17946398677076641,70.35797533926846,2.6267229777284355,26.26722985126953,80,take_profit,26.292566089706824,0,2.3288489837297863
AIM,2026-08-31T14:55:05.000Z,2026-08-31T16:05:05.000Z,7.198142414860675,0.2778602982181721,0.2320521951349071,35.989308393867596,-1.648601948801701,-16.48601954903867,70,stop,0,-16.46881490864943,-1.4935562983455064
PFSA,2026-08-31T13:40:05.000Z,2026-08-31T18:20:05.000Z,9.044368600682606,3.2107586857722397,2.8093461462478415,3.1145286496972786,-1.2502108546964792,-12.502108654355377,280,stop,5.893974999315299,-12.48174419174235,-1.183520886884967
GPRK,2026-08-31T13:40:05.000Z,2026-08-31T19:50:05.000Z,9.867751780264511,10.822200947399333,11.037768176431387,0.9240264565091453,0.19918982278198405,1.9918982292031502,370,session_close,3.213755263750162,-0.020337336277809204,0.16632476217164616
SY,2026-08-31T13:40:05.000Z,2026-08-31T19:50:05.000Z,9.583333333333343,2.6505416700396522,2.8793934509010133,3.7728137248454154,0.8634151397890583,8.63415140566107,370,session_close,13.561693220049253,-1.906843065738184,0.8300190194659915
BIVI,2026-08-31T13:40:05.000Z,2026-08-31T19:50:05.000Z,9.490740740740744,2.3805949046253634,2.2995146737693974,4.20063063048473,-0.3405881012603436,-3.4058810551275043,370,session_close,3.755577868411275,-4.225620429158827,-0.08401261260969584
AXTL,2026-08-31T13:40:05.000Z,2026-08-31T19:50:05.000Z,8.796296296296301,2.371416832358471,2.289273759110765,4.216887341685517,-0.3463880857853976,-3.4638816814845383,370,session_close,3.3137644369073183,-4.2766345829471035,-0.1265066202505647
ZSTK,2026-08-31T13:45:05.000Z,2026-08-31T19:50:05.000Z,-2.7726432532347522,5.323562326309217,5.2983223984851,1.8784408339976753,-0.04741171107197566,-0.474117259778862,365,session_close,0.30877207184270006,-6.829305341509395,-0.09392204169988361
FLYW,2026-08-31T13:45:05.000Z,2026-08-31T19:50:05.000Z,-0.47897817988291624,18.743890015974895,18.796205940182478,0.5335071842477562,0.02791092141530688,0.27910921459204074,365,session_close,0.9395594184292255,-1.4078721959528528,0.05868579026725307
ZDGE,2026-08-31T13:45:05.000Z,2026-08-31T19:50:05.000Z,2.7874564459930307,2.9706849873872074,3.028369936975437,3.366226971831532,0.1941806331726402,1.9418063454437429,365,session_close,1.9966779670220536,-1.0329263290280943,0.1346490788732595
PURR,2026-08-31T13:50:05.000Z,2026-08-31T19:50:05.000Z,0.5167958656330685,11.68233786079904,12.047585313537622,0.8559930485521164,0.3126492805455945,3.126492805555623,360,session_close,5.9719394141306115,-3.101586900811104,0.3851968718484535
LSPD,2026-08-31T13:50:05.000Z,2026-08-31T19:50:05.000Z,-1.037735849056598,10.51212724231566,10.52785516236805,0.9512822442717079,0.01496169108516344,0.14961691092435117,360,session_close,1.216430839702931,-0.686133649765186,0.028538467328150574
SOFI,2026-08-31T13:50:05.000Z,2026-08-31T19:50:05.000Z,-2.2978959025470647,17.653531192350226,17.88641929602704,0.566458907903828,0.13192154087256142,1.3192154087434405,360,session_close,1.4527904069465025,-0.35987809837023654,0.16427308329211066
AXTX,2026-08-31T13:50:05.000Z,2026-08-31T19:50:05.000Z,8.94454382826475,6.1012226253862964,5.928784013071027,1.6390157535850267,-0.2826296021110673,-2.826296021354431,360,session_close,3.9135987862528587,-3.625873680888503,-0.24585236303775382
ATTO,2026-08-31T14:50:05.000Z,2026-08-31T19:50:05.000Z,-2.70531400966183,20.19504581263463,21.434610706948757,0.4951709428170398,0.6137965174004312,6.137965250559715,300,session_close,6.164651464105586,-1.1638785809912622,0.450605557963506
SHMD,2026-08-31T14:50:05.000Z,2026-08-31T19:50:05.000Z,5.823627287853594,3.2006991726770972,3.0691641763583095,3.12431735071238,-0.41095707122467756,-4.109570728847052,300,session_close,0.29058736298304133,-4.083456945682884,-0.4061612555926093
MEDS,2026-08-31T14:50:05.000Z,2026-08-31T19:50:05.000Z,2.5192587965854774,0.9908095230462293,0.9614220679294112,10.092756898216056,-0.29660044035128025,-2.96600450775511,300,session_close,2.9461239799174477,-7.893497309732678,-0.23818906279789864
SORA,2026-08-31T13:40:05.000Z,2026-08-31T19:55:05.000Z,9.876543209876543,1.8213360486907608,1.8786080463670762,5.49047282473598,0.314450346860152,3.144504701232071,375,session_close,5.966167055626581,-11.054305372997364,-1.0431898366998364
BSEM,2026-08-31T13:45:05.000Z,2026-08-31T19:55:05.000Z,9.631728045325794,3.9008696178796742,3.6290408933541256,2.5635309375470907,-0.6968413450352096,-6.9684134860498546,370,session_close,1.2594725518416894,-6.943826490332839,-0.6408827343867731
TURB,2026-08-31T13:45:05.000Z,2026-09-01T15:30:05.000Z,9.909909909909898,1.2508745628060358,1.0897799799553503,7.9944039172579195,-0.6923050595824216,-6.923053015504034,1545,session_close,0,-12.860966845880405,-0.531884430898371
XXII,2026-09-01T16:30:05.000Z,2026-09-01T16:40:05.000Z,5.312499999999987,3.410684532368385,2.78937884237129,2.931962749297574,-1.821645138998109,-18.216451392696214,10,stop,0,-18.198239282405304,-1.1434654722260547
CPOP,2026-09-01T15:05:05.000Z,2026-09-01T19:50:05.000Z,0.37783375314861534,0.3210981708520101,0.2960272919959941,31.143122521931485,-0.7807854519454077,-7.807854772106701,285,session_close,0.40543025970394275,-7.940926846251606,-0.6135195136820499
IREZ,2026-09-01T15:05:05.000Z,2026-09-01T19:50:05.000Z,2.743902439024404,13.512774701764089,13.215680771427337,0.740040458725658,-0.2198615284910186,-2.198615287339664,285,session_close,0,-3.4987240755399385,-0.1480080917451314
NHP,2026-09-01T15:45:05.000Z,2026-09-01T19:50:05.000Z,0.12453300124533051,16.113750418206088,15.886688452558205,0.620587986292546,-0.14091192802504665,-1.4091192910083614,245,session_close,0,-1.636803421679478,-0.13032347712143455
MPT,2026-09-01T15:45:05.000Z,2026-09-01T19:50:05.000Z,1.5113350125944391,4.040842328785347,4.019194738668936,2.4747315457104224,-0.05357197414969046,-0.5357197424458215,245,session_close,0.7215740888216748,-1.01073799624406,-0.049494630914209026
HR,2026-09-01T15:45:05.000Z,2026-09-01T19:50:05.000Z,1.9695378151260545,19.434025480031085,19.27613311196232,0.5145614322367593,-0.08124532305271737,-0.8124532317352535,245,session_close,0.030742575567033192,-0.8440118605361757,-0.0463105289013086
NIO,2026-09-01T15:45:05.000Z,2026-09-01T19:50:05.000Z,-2.8368794326241398,4.120838295061067,4.029192702383641,2.4266907063368484,-0.222395508027042,-2.22395508184016,245,session_close,0,-2.6897026072076113,-0.1456014423802099
MSDL,2026-09-01T15:45:05.000Z,2026-09-01T19:50:05.000Z,-0.2931596091205191,15.333144084578837,15.216783430294534,0.6521819617943125,-0.07588831978680678,-0.7588831986606847,245,session_close,0,-0.9335598999738348,-0.04565273732560193
NOK,2026-09-01T15:50:05.000Z,2026-09-01T19:50:05.000Z,-2.268244575936884,9.921986044848065,9.928011900673557,1.0078627357856276,0.006073235537729657,0.060732355379802455,240,session_close,0.48391476197313654,-1.330238162515851,0.010078627357856362
ODD,2026-09-01T16:05:05.000Z,2026-09-01T19:50:05.000Z,2.708333333333335,14.813619733971972,14.166883997596484,0.6750544479376656,-0.4365818354805148,-4.3658184021852104,225,session_close,0,-4.344783689134157,-0.4185337577213524
CALY,2026-09-01T16:05:05.000Z,2026-09-01T19:50:05.000Z,0.09548058561426043,15.75345186620704,15.496872274815713,0.634781509660999,-0.16287198037158904,-1.6287198105560599,225,session_close,0,-2.2436471016567205,-0.15234756231863855
MIRA,2026-09-01T16:05:05.000Z,2026-09-01T19:50:05.000Z,17.216307452609712,0.9053823007928548,0.8651791960057317,11.04505796991875,-0.4440456229444924,-4.440456230690252,225,session_close,0.7309287139090292,-6.205367693145236,-0.10824156810520513
DAMD,2026-09-01T16:05:05.000Z,2026-09-01T19:50:05.000Z,4.2424242424242475,1.7303534034815422,1.6996188447443603,5.779166250743496,-0.17762012458541526,-1.7762012474066107,225,session_close,1.1354094764068456,-1.7541736514904982,-0.057791662507435504
WOOF,2026-09-01T16:25:05.000Z,2026-09-01T19:50:05.000Z,-1.6917293233082664,2.6305827153664354,2.5994616396536956,3.8014390856501237,-0.1183048736018859,-1.1830487416703297,205,session_close,0,-2.6831589424704094,-0.07602878171300276
PLUG,2026-09-01T16:25:05.000Z,2026-09-01T19:50:05.000Z,-2.083333333333326,2.1204479229698943,2.059585688374808,4.715984706739022,-0.2870253675683892,-2.8702536825258465,205,session_close,0,-3.3223132813950618,-0.23579923533695357
GOAI,2026-09-01T17:10:05.000Z,2026-09-01T19:50:05.000Z,9.782608695652172,2.55124493521157,2.578779772387799,3.9196544617080886,0.10792704739021157,1.0792706257325912,160,session_close,3.086926845065885,-1.6166591706785693,-0.039196544617080775
WCT,2026-09-01T17:10:05.000Z,2026-09-01T19:50:05.000Z,8.66141732283463,1.400850429607161,1.3097031636864853,7.1385190839017865,-0.650656497220215,-6.506566582289311,160,session_close,0,-8.626933115268487,-0.6424667175511605
MOS,2026-09-01T17:10:05.000Z,2026-09-01T19:50:05.000Z,2.487562189054726,24.744962862927977,24.915010774529136,0.4041226513124716,0.06872021288640928,0.6872021289468937,160,session_close,1.7176713476050542,-0.10088058352020202,0.07274207723624393
UCL,2026-09-01T17:10:05.000Z,2026-09-01T19:55:05.000Z,8.929045973956962,0.41748405973986036,0.39245023043247546,23.953007794204666,-0.7096768128433342,-7.096768882887236,165,session_close,0,-8.786936622854213,-0.6922419252525138
ALP,2026-09-01T17:10:05.000Z,2026-09-01T19:55:05.000Z,-1.7078916372202713,0.16814391512304033,0.17374709945138553,59.4728618797655,0.3272313013646251,3.272313065991613,165,session_close,6.040114427886301,-0.14506330655014166,0.3281788817747806
SMZ,2026-09-01T15:05:05.000Z,2026-09-02T13:35:05.000Z,1.677681748856119,18.064042938010044,17.785210963295892,0.5535859265232501,-0.15435745706644097,-1.5435745789080144,1350,time,1.1401493159462373,-1.7938561102963213,-0.18821921501790406
DDC,2026-09-02T13:45:05.000Z,2026-09-02T14:40:05.000Z,1.4890510948905034,0.34937622123022666,0.3045276553285843,28.622440087813033,-1.2836753905440934,-12.836753956443058,55,stop,0,-12.816047146128106,-1.1420353595037387
SST,2026-09-02T13:35:05.000Z,2026-09-02T15:55:05.000Z,8.450704225352123,3.110644562574169,2.6894253757183257,3.21476780255846,-1.3541218797240213,-13.54121881759675,140,stop,1.5866627135627365,-13.522745981176032,-1.6395315793048137
GELS,2026-09-02T13:40:05.000Z,2026-09-02T17:00:05.000Z,14.774436090225574,0.6144244518009611,0.7878419904273143,16.275393932386752,2.822438918304665,28.224389197860454,200,take_profit,28.250104254520725,-7.930096476164506,2.491762811048412
BRNX,2026-09-02T13:40:05.000Z,2026-09-02T19:40:05.000Z,9.659090909090896,3.8810584088329847,3.339228563705712,2.576616672073583,-1.3960878123819778,-13.960878400956558,360,stop,0.7457138779758399,-13.941001444388945,-1.2625421693160561
EOSE,2026-09-02T13:35:05.000Z,2026-09-02T19:50:05.000Z,9.868421052631572,3.3506708495457302,3.6492672282421514,2.9844769744685675,0.8911540168791657,8.911540169244127,375,session_close,9.530304968557646,-2.1091552324607354,1.1341012502980554
MAIA,2026-09-02T13:35:05.000Z,2026-09-02T19:50:05.000Z,8.846153846153836,1.4303450455207696,1.3482459933996784,6.991319983737764,-0.5739807437401128,-5.739807494575546,375,session_close,0,-5.617179279389672,-0.4893923988616411
UPC,2026-09-02T13:35:05.000Z,2026-09-02T19:50:05.000Z,7.962529274004693,4.65119035001613,4.74875208753377,2.1499872299716816,0.20975648979677622,2.0975649280254074,375,session_close,4.489380873933624,-9.48553632113981,0.23649859529688477
LGPS,2026-09-02T13:35:05.000Z,2026-09-02T19:50:05.000Z,7.76699029126211,1.1303899853919281,1.0497626895531755,8.846503975170757,-0.7132696931447936,-7.132697288608547,375,session_close,0,-9.76565493488991,-0.796185357765367
CBRG,2026-09-02T13:40:05.000Z,2026-09-02T19:50:05.000Z,9.328358208955233,2.9505906255426595,3.009348110781507,3.389151959274724,0.19913804621929643,1.9913804622774909,370,session_close,2.6913043703829853,-5.442660332221594,0.40669823511296777
MOVE,2026-09-02T13:40:05.000Z,2026-09-02T19:50:05.000Z,9.289617486338786,14.062921099987118,14.516563782261082,0.7110898164600432,0.32258069167663467,3.225806921965732,370,session_close,6.663472640927637,-10.971554835705732,0.32710131557162114
AXTL,2026-09-02T13:40:05.000Z,2026-09-02T19:50:05.000Z,9.183673469387754,2.1605642405859444,1.9894974296456513,4.628420508058144,-0.7917691360041578,-7.917691486641462,370,session_close,1.3624107472070657,-10.67148276615999,-0.6942630762087205
AXTX,2026-09-02T13:40:05.000Z,2026-09-02T19:50:05.000Z,9.072978303747515,5.541109432673477,5.178900681736482,1.8046927462786853,-0.653675505454658,-6.536755054885036,370,session_close,2.867486543211273,-9.765362681393619,-0.7218770985114737
MMED,2026-09-02T13:45:05.000Z,2026-09-02T19:50:05.000Z,5.48617305976804,23.684740593233027,23.865177870969976,0.42221277282930697,0.07618292335508918,0.761829233580469,365,session_close,2.9776952970659742,-0.7799983812607603,-0.016888510913171118
QFIN,2026-09-02T13:45:05.000Z,2026-09-02T19:50:05.000Z,0.7756563245823411,8.461766722810859,8.508226409728021,1.1817862993789505,0.05490542147213734,0.5490542157339064,365,session_close,1.7518005641722567,-0.6117720389444026,0.011817862993789063
LCID,2026-09-02T13:45:05.000Z,2026-09-02T19:50:05.000Z,-0.219780219780219,4.550930634762358,4.689042432929969,2.197352759969751,0.30348034088798426,3.0348034116943317,365,session_close,5.253197300163315,-0.899390433457925,0.3296029139954637
RIVN,2026-09-02T13:45:05.000Z,2026-09-02T19:50:05.000Z,0.19311232700354175,15.583121236307997,15.606869560584487,0.6417199640356552,0.015239773800615947,0.15239773801641854,365,session_close,0.42917437834071315,-1.1751255318564358,0.07058919604392244
XTNT,2026-09-02T13:45:05.000Z,2026-09-02T19:50:05.000Z,6.277173913043477,0.3930385540476335,0.4131427195963458,25.442795264820184,0.5115061680259385,5.115061955544397,365,session_close,8.615298831030893,-0.8239787202252491,0.5648300548790068
GME,2026-09-02T13:55:05.000Z,2026-09-02T19:50:05.000Z,1.1430090377458901,19.043835086005032,18.986186581069145,0.5251043160147919,-0.030271478753634427,-0.30271478762306697,355,session_close,0,-1.595451150636762,-0.02100417264059118
AAL,2026-09-02T13:55:05.000Z,2026-09-02T19:50:05.000Z,1.3513513513513598,13.132627452581035,13.107375850230971,0.6731745080738079,-0.016998734990079718,-0.1922814184841672,355,session_close,1.5029174331765205,-0.6291768564926081,-0.026926980322953042
TGHL,2026-09-02T13:35:05.000Z,2026-09-02T19:55:05.000Z,7.732696897374702,0.9186549440223343,0.8852456389241273,10.885479193531724,-0.363676295516885,-3.6367632173103175,380,session_close,7.5594276642762415,-4.4146003117083605,-0.2960850340640633
GPUS,2026-09-03T13:30:05.000Z,2026-09-03T13:55:05.000Z,8.366935483870975,0.21593569438229465,0.18986120074749008,46.3100708425393,-1.2075116474111398,-12.07511972922922,25,stop,0,-12.057151763061825,-1.0419765939571342
MSTX,2026-09-03T13:30:05.000Z,2026-09-03T15:00:05.000Z,8.255451713395633,13.92282488815243,16.046784398090725,0.7182450454109808,1.5255233946667153,15.255233955759003,90,take_profit,15.278329857166284,0,1.5729566494500489
MSTP,2026-09-03T13:30:05.000Z,2026-09-03T15:10:05.000Z,8.294650639531342,21.42553367713757,24.664493718748503,0.4667328244887618,1.5117289686273085,15.117289914076279,100,take_profit,15.142989536472973,0,1.4422044276702728
GPRK,2026-09-03T13:30:05.000Z,2026-09-03T19:50:05.000Z,9.92301112061591,12.922641499171293,11.90751859984952,0.7738355963480253,-0.7855382341632003,-7.855382348778077,380,session_close,0,-8.68739954786555,-0.8047890202019463
RCAX,2026-09-03T13:30:05.000Z,2026-09-03T19:50:05.000Z,8.787275267280537,3.2408082164423657,3.0981344902339254,3.085650001113207,-0.4402411834338993,-4.402411888632585,380,session_close,0,-7.430498824972609,0.030856500011132937
DRTS,2026-09-03T13:30:05.000Z,2026-09-03T19:50:05.000Z,4.605722260990919,15.053072659556117,14.597002507059084,0.6643161976072189,-0.302974789548973,-3.0297478980645596,380,session_close,0,-5.002783661434362,-0.29894228892325003
COSM,2026-09-03T13:35:05.000Z,2026-09-03T19:50:05.000Z,4.27998216674097,0.2369965284954198,0.2651949607929215,42.19465524472632,1.1898231292348396,11.898246981304053,375,session_close,13.672551117222964,-5.610431756040157,1.291156450488625
SUPX,2026-09-03T13:35:05.000Z,2026-09-03T19:50:05.000Z,-2.392344497607646,8.222811824763156,8.738192792295974,1.2161289504397537,0.6267697151223116,6.267697455762505,375,session_close,12.370320480563146,-1.0070986242658009,0.012161289504396322
WCT,2026-09-03T13:35:05.000Z,2026-09-03T19:50:05.000Z,5.000000000000004,1.2906129449374633,1.3494761129912207,7.748255379045798,0.45608685850020303,4.560869181163349,375,session_close,4.601461289807096,-8.570574576316769,0.23244766137137418
SPWH,2026-09-03T13:35:05.000Z,2026-09-03T19:50:05.000Z,2.34375,1.3203446241107526,1.219620197358565,7.573780101011749,-0.7628646590215341,-7.62864671184049,375,session_close,0,-8.357259316677968,-0.6059024080809419
HLN,2026-09-03T13:35:05.000Z,2026-09-03T19:50:05.000Z,-0.4540867810292837,9.87197643276864,9.78803169002322,1.0129683825331,-0.0850333702809867,-0.8503337028518283,375,session_close,0,-1.9446605659572125,-0.08103747060264865
PBK,2026-09-03T13:35:05.000Z,2026-09-03T19:50:05.000Z,1.3346515076618992,0.4127259837337747,0.39115726190931494,24.22912970693593,-0.522591358697656,-5.225918084763111,375,session_close,0,-7.371957408283936,-0.1187227355639866
MIST,2026-09-03T13:45:05.000Z,2026-09-03T19:50:05.000Z,3.8135593220339103,1.240264177783107,1.2097427190244825,8.062798354850967,-0.2460883674666888,-2.460883681505629,365,session_close,0,-4.052699310638075,-0.16125596709701995
ALMS,2026-09-03T13:45:05.000Z,2026-09-03T19:50:05.000Z,5.21739130434784,10.912186336697735,11.247746255040218,0.9164066384729461,0.30750933677449105,3.0750933679898163,365,session_close,8.685827331547324,-1.9444896755854701,0.26575792515715335
DLTH,2026-09-03T13:45:05.000Z,2026-09-03T19:50:05.000Z,10.91160220994476,4.030836444351007,4.4589883557420675,2.4808746577495167,1.0621912266370976,10.62191228302233,365,session_close,11.887447239902604,-3.990150594584674,1.0171586096773026
YQ,2026-09-03T13:45:05.000Z,2026-09-03T19:50:05.000Z,5.4824561403509,2.4205319925217137,2.6291898634938917,4.131323191475165,0.8620331014311916,8.620331051885744,365,session_close,13.198255939821912,-2.500772256211803,0.867577870209784
AIM,2026-09-03T13:45:05.000Z,2026-09-03T19:50:05.000Z,5.029838022165389,0.24765213615416592,0.23897118443461104,40.37921954984,-0.3505300553854676,-3.5053005616518895,365,session_close,4.259145109601592,-4.0185949165286505,-0.44013349309325633
BULL,2026-09-03T14:00:05.000Z,2026-09-03T19:50:05.000Z,7.1111111111111125,9.651932908085337,9.938006980868225,1.036061905384733,0.2963904489286101,2.963904489464972,350,session_close,5.263889593441529,-0.6416632676078393,0.31081857161541926
APPS,2026-09-03T14:00:05.000Z,2026-09-03T19:50:05.000Z,7.719836400818014,10.552145159541006,10.717846592406783,0.9476746047397959,0.15703103989589334,1.570310400022823,350,session_close,3.0122296050068664,-2.958120408898768,0.18953492094795799
GEMI,2026-09-03T14:00:05.000Z,2026-09-03T19:50:05.000Z,5.24475524475525,4.531054597985057,4.749039020056757,2.206991707426265,0.48108981186034827,4.81089815533533,350,session_close,5.052806075582361,-0.46467323510999137,0.5958877610050912
SGRX,2026-09-04T14:05:05.000Z,2026-09-04T15:10:05.000Z,4.524886877828038,2.3204751246578,1.9895710269072868,4.309462266550479,-1.4260187231027686,-14.260187245028611,65,stop,0.8414171362892242,-14.241700811446334,-1.5945010386236778
NIKI,2026-09-04T15:15:05.000Z,2026-09-04T16:05:05.000Z,17.66513056835639,7.6815435698768475,6.558671368485125,1.301821685583394,-1.4617793819105078,-14.617793822000339,50,stop,0.5006341469435682,-14.600497408814784,-1.5882224564117404
ZTG,2026-09-04T14:05:05.000Z,2026-09-04T17:10:05.000Z,3.1337354715315735,0.7084820438679993,0.8794225780964228,14.114683554851972,2.4127715473315394,24.12771582680679,185,take_profit,24.152758367420613,-3.596709907971485,3.208267572017853
CRCD,2026-09-04T13:30:05.000Z,2026-09-04T19:50:05.000Z,9.969788519637458,1.8303980237842459,1.699630819412452,5.4632925910137455,-0.7144194987920013,-7.144195015106051,380,session_close,0,-9.855671905244034,-0.27316462955068666
MODD,2026-09-04T13:30:05.000Z,2026-09-04T19:50:05.000Z,9.941520467836252,3.791315842009798,3.598986932605817,2.637606547647246,-0.5072879907457939,-5.072880166639617,380,session_close,0,-9.266330125204325,-0.39564098214708565
GME.WS,2026-09-04T13:30:05.000Z,2026-09-04T19:50:05.000Z,9.642857142857153,3.0918672447931153,2.9691555869797255,3.2342907265122576,-0.39688517690079195,-3.9688527384234673,380,session_close,0,-8.146120931203448,-0.12937162906048982
SOAR,2026-09-04T13:30:05.000Z,2026-09-04T19:50:05.000Z,9.218255761409843,0.2437766860301079,0.23475123512235158,41.02114850305353,-0.3702343619940918,-3.7023437535128503,380,session_close,0.21466940847143512,-7.210158738451744,-0.19279939796435208
BMNZ,2026-09-04T13:30:05.000Z,2026-09-04T19:50:05.000Z,8.92116182572613,5.271257866509662,5.378395723991912,1.8970803859205687,0.2032491280191304,2.032491298954251,380,session_close,4.149714148497496,-0.7826949004295258,0.4173576849025249
ETHA,2026-09-04T13:45:05.000Z,2026-09-04T19:50:05.000Z,-2.8128286014721393,18.493698874192514,18.526286932176777,0.54072471212669,0.01762116827230862,0.17621168272475246,365,session_close,0.4125790428758602,-0.7770153238141009,0.010814494242534778
ANPA,2026-09-04T13:45:05.000Z,2026-09-04T19:50:05.000Z,-2.646950481502919,3.730766150649765,3.9488883828190957,2.6804145811079825,0.5846580115704944,5.846580122191298,365,session_close,8.556790655309122,-9.40198705803832,0.4556704787883561
SNAP,2026-09-04T14:05:05.000Z,2026-09-04T19:50:05.000Z,-2.1052631578947434,5.591121673788079,5.468901746435781,1.7885498799932864,-0.21859643639873982,-2.185964364275611,345,session_close,0,-2.3451765394910784,-0.21462598559919321
UGP,2026-09-04T14:05:05.000Z,2026-09-04T19:50:05.000Z,1.1871508379888374,7.261457480514424,7.268523582256622,1.377134001723355,0.00973096896881722,0.09730968970291637,345,session_close,0.9439223416167541,-0.43321166031525804,0.041314020051700595
FMS,2026-09-04T14:05:05.000Z,2026-09-04T19:50:05.000Z,0.8010680907877266,22.68467833965906,22.665119002451714,0.44082617515338346,-0.00862226780965025,-0.08622267820810303,345,session_close,0.24387235962795017,-0.6818626093923474,0.008816523503066165
AMC,2026-09-04T14:05:05.000Z,2026-09-04T19:50:05.000Z,5.5118110236220375,2.6905392102997667,2.629472657458319,3.7167271009531775,-0.22696771190759746,-2.269677119280631,345,session_close,3.3250134158151035,-2.993422656375022,-0.1486690840381275
NNOX,2026-09-04T14:15:05.000Z,2026-09-04T19:50:05.000Z,7.00154342640662,0.7652906887177313,0.8525144273899,13.066929290587158,1.139746425689881,11.397465036235424,335,session_close,11.421713679637957,-3.409252079291214,1.173410250294726
SOUN,2026-09-04T15:15:05.000Z,2026-09-04T19:50:05.000Z,-0.29673590504450953,6.731347831738976,6.708650967600286,1.4855865793034824,-0.03371815675671267,-0.33718156758550244,275,session_close,0,-1.8027271026882397,0.014855865793036216
INFQ,2026-09-04T17:35:05.000Z,2026-09-04T19:50:05.000Z,1.1453396524486514,12.82262259092069,12.857398746851088,0.7798716619588526,0.027120938521979922,0.27120938547331364,135,session_close,0.29149582165646226,-0.5663630073001635,0.07798716619588575
ATER,2026-09-04T17:35:05.000Z,2026-09-04T19:50:05.000Z,3.915857605177986,0.6452761947322967,0.6097505247520529,15.497239603665081,-0.5505498197645692,-5.505498307586283,135,session_close,2.033827588068382,-6.3966709246760285,-0.5656492455337752
SFNC,2026-09-04T17:35:05.000Z,2026-09-04T19:50:05.000Z,3.2419495213228844,23.744899852011663,23.68514995059193,0.42114306857998257,-0.025163256831257308,-0.25163256864471384,135,session_close,0,-0.48389276319449337,-0.01263429205739719
BULL,2026-09-04T17:35:05.000Z,2026-09-04T19:50:05.000Z,-2.4500000000000077,9.761953084875897,9.748046299076808,1.0243851730111793,-0.014245905176828621,-0.14245905177145435,135,session_close,0.08243140541794869,-0.42976118109903094,-0.01024385173011133
WETH,2026-09-04T13:30:05.000Z,2026-09-04T19:55:05.000Z,9.166666666666679,1.321914,1.2296708469442943,5,-0.4612157652785287,-6.977999556378535,385,session_close,0,-11.491973002782341,-0.34999999999999964
TWG,2026-09-08T13:30:05.000Z,2026-09-08T14:20:05.000Z,19.177772758075463,0.5292187436765655,0.464201622195113,18.895778096825644,-1.2285491000078823,-12.28549106741163,50,stop,0.22320757485423393,-12.266901815601772,-0.9428993270316006
GMEX,2026-09-08T13:30:05.000Z,2026-09-08T14:40:05.000Z,10.616271357693474,0.8232815230146125,0.7229468277665484,12.146513282726472,-1.2187167085489239,-12.1871671406724,70,stop,2.5773051370923117,-12.168562054906518,-1.320325993832368
TRUG,2026-09-08T13:30:05.000Z,2026-09-08T19:50:05.000Z,7.560590094836672,0.4104288530170818,0.4296026238829109,24.3647579072593,0.46716428531518644,4.671643020436249,380,session_close,8.666824157569097,-7.4626461546081995,0.5603894318669624
SLDP,2026-09-08T13:30:05.000Z,2026-09-08T19:50:05.000Z,2.9821073558647937,2.6006009660597207,2.5794373797755927,3.8452650208719787,-0.0813795980545632,-0.8137959864020888,380,session_close,1.8995237864241066,-1.561214757265772,-0.11535795062616039
QUBT,2026-09-08T13:40:05.000Z,2026-09-08T19:50:05.000Z,5.555555555555558,8.471696803983884,8.238334180666783,1.1804010732105472,-0.2754614910107343,-2.7546149102899906,370,session_close,1.16037198085146,-2.852991668330518,-0.16525615024947804
XE,2026-09-08T13:50:05.000Z,2026-09-08T19:50:05.000Z,4.573687182382846,18.53371472395003,18.886216355458163,0.5395572419237659,0.19019480807015593,1.9019480808810334,360,session_close,5.483440806049988,0,0.06474686903085036
WDH,2026-09-08T13:50:05.000Z,2026-09-08T19:50:05.000Z,0.4901960784313708,1.0302074143424347,1.0693546769934295,9.706783175908557,0.3799939904835495,3.799939905886026,360,session_close,5.803936646653818,-0.020133260501431494,0.19413566351817124
CRESY,2026-09-08T13:55:05.000Z,2026-09-08T19:50:05.000Z,0.1657000828500399,12.133144204628502,12.067375416657297,0.8241886585952727,-0.05420588913542435,-0.5420588996718245,355,session_close,2.281814101128732,-1.344616052335934,-0.09066075244547989
RGTI,2026-09-08T14:10:05.000Z,2026-09-08T19:50:05.000Z,7.86184210526315,16.403283670876107,15.686858203820327,0.6096340342700309,-0.43675734773500624,-4.367573477545764,340,session_close,0,-5.872505104489589,-0.3413950591912194
QBTS,2026-09-08T14:10:05.000Z,2026-09-08T19:50:05.000Z,9.16767189384804,18.11362524471285,17.716451964569313,0.5520706023527949,-0.21926769200727797,-2.192676920151406,340,session_close,1.3601625956077612,-3.332437524559251,-0.14353835661172454
AEO,2026-09-08T16:35:05.000Z,2026-09-08T19:50:05.000Z,-1.2938470385278955,17.18344240043831,17.236548047544115,0.5819555689841625,0.030905127077731347,0.30905127080037925,195,session_close,0.32914010035758334,-0.892966594600364,0.023278222759365974
TWG,2026-09-08T16:35:05.000Z,2026-09-08T19:50:05.000Z,18.838942850688966,0.5277121271075835,0.5120874144451414,18.949725541085595,-0.2960840166116034,-2.9608401739944794,195,session_close,0,-9.780356458827688,-0.15728272199101312
SPDN,2026-09-08T17:35:05.000Z,2026-09-08T19:50:05.000Z,0.2937720329024618,8.541709751797413,8.52829290968404,1.1707258019959206,-0.015707443243430357,-0.157074432440753,135,session_close,0,-0.48830682626082034,0
BWAY,2026-09-08T17:40:05.000Z,2026-09-08T19:50:05.000Z,1.5547703180212036,14.413289073206956,14.307032693068024,0.6938041611975332,-0.07372111869417795,-0.7372111916942908,130,session_close,0,-0.9247651422930936,-0.06938041611975265
PRVA,2026-09-08T19:10:05.000Z,2026-09-08T19:50:05.000Z,1.2826718296224726,20.94422613112965,20.795771810368063,0.47745855749057803,-0.07088078584407097,-0.7088078587011517,40,session_close,0.5527722444625072,-0.6886200054691205,-0.13368839609736227
MRAM,2026-09-08T19:10:05.000Z,2026-09-08T19:50:05.000Z,2.6878436163714214,16.84370126008472,16.666426017589572,0.5936937376234644,-0.10524720130505111,-1.0524720176274218,40,session_close,0,-1.2687310038627886,-0.10686487277222234
ONDS,2026-09-08T19:10:05.000Z,2026-09-08T19:50:05.000Z,0.7874015748031482,7.691539456245413,7.658463570630399,1.3001298448129432,-0.04300294603169818,-0.43002946033328077,40,session_close,0,-0.6700798525263174,-0.052005193792517446
WULF,2026-09-08T19:10:05.000Z,2026-09-08T19:50:05.000Z,8.509993943064798,17.923584510634566,17.756446737818294,0.5579241135616446,-0.09325019374118595,-0.9325019374171734,40,session_close,0.2031707962423912,-1.13584707631319,-0.06695089362739814
VVOS,2026-09-08T13:50:05.000Z,2026-09-08T19:55:05.000Z,-0.5901287553648049,0.18633440825121703,0.17845428288740126,53.66693316411846,-0.4667738291087753,-4.667740049054984,365,session_close,1.2695410208906077,-6.673168078787084,-0.489882958121715
IDAI,2026-09-08T13:35:05.000Z,2026-09-09T13:45:05.000Z,3.7151702786377694,3.361171825656051,3.406781682310813,2.97515271458884,0.1356962888384218,1.3569629587698693,1450,time,4.427865698740341,-4.7951081948805925,0.11900610858355343
BRFH,2026-09-08T13:55:05.000Z,2026-09-09T13:45:05.000Z,3.2258064516129004,1.2918705,1.1990584790874523,6.15,-0.5707939286121677,-7.184313049376668,1430,time,0,-9.433646793544714,
SGLY,2026-09-09T13:45:05.000Z,2026-09-09T19:50:05.000Z,9.493670886075932,1.750386605855541,1.8892002181809897,5.71302358024545,0.7930454404743384,7.9304544413832705,365,session_close,9.690053247497076,-2.307296326447905,0.7426930654319079
GOW,2026-09-09T13:45:05.000Z,2026-09-09T19:50:05.000Z,8.951707891637216,9.304334094211763,8.918035929961524,1.0747678081204473,-0.41518083127218114,-4.151808827356649,365,session_close,0,-6.4951891031913895,-0.2579442739489082
AVO,2026-09-09T13:45:05.000Z,2026-09-09T19:50:05.000Z,8.896658896658916,14.032819337768002,13.307259195513712,0.7126151742847548,-0.5170451672266123,-5.170451673253669,365,session_close,0,-5.364704836909439,-0.4845783185136323
MIMI,2026-09-09T13:45:05.000Z,2026-09-09T19:50:05.000Z,8.756065284516978,0.9913004303771892,0.924548403145215,10.087759158629355,-0.6733783740664234,-6.733783743700691,365,session_close,4.912695297053449,-7.586038306124355,-0.5649145128832433
SSL,2026-09-09T13:45:05.000Z,2026-09-09T19:50:05.000Z,8.646616541353369,14.462901943898716,14.496820578302918,0.6914241718162762,0.02345216370206439,0.23452163705300366,365,session_close,1.8467805225905076,-1.0572009994385567,0.034571208590815417
SRPT,2026-09-09T14:15:05.000Z,2026-09-09T19:50:05.000Z,9.455587392550147,22.944594903740775,22.005587228976903,0.43583249307081756,-0.4092500559049696,-4.092500559296344,335,session_close,0.24147341232942932,-4.0732682693317095,-0.33123269473382244
SAIL,2026-09-09T14:15:05.000Z,2026-09-09T19:50:05.000Z,-0.7026419336706002,17.683544379144873,17.87641485564595,0.56549749216812,0.10906777077462981,1.090677707849904,335,session_close,3.1467425812631955,-1.546886604178055,0.05654974921681166
WVVIP,2026-09-09T14:15:05.000Z,2026-09-09T19:50:05.000Z,3.076923076923066,2.690775348486229,2.6388708175123567,3.716400832703335,-0.19289804213237532,-1.9289804703715872,335,session_close,3.687585868868326,-2.6302957073709554,-0.3344760749433
KURA,2026-09-09T14:15:05.000Z,2026-09-09T19:50:05.000Z,-0.7188498402555865,12.442499935334265,12.067278629185243,0.803697010250671,-0.301564241934321,-3.015642419924531,335,session_close,0,-3.717098153409304,-0.2732569834852274
NETG,2026-09-09T14:15:05.000Z,2026-09-09T19:50:05.000Z,15.815923785650131,19.29408460659451,19.924886315411126,0.5182935691964549,0.32694046911778674,3.2694046993087964,335,session_close,5.3690828796895795,-2.612638105786158,0.5493911833482432
BLCO,2026-09-09T15:15:05.000Z,2026-09-09T19:50:05.000Z,1.2408347433728206,17.984082270914545,17.666025005594808,0.5560472749160289,-0.17685487564828434,-1.7685487673403708,275,session_close,0.31092901068345835,-1.74644591913653,-0.16681418247480906
RBBN,2026-09-09T15:15:05.000Z,2026-09-09T19:50:05.000Z,2.570694087403602,2.001134876966898,1.959451838644534,4.997163374907773,-0.20829695245939495,-2.082969958803711,275,session_close,0,-3.554726759583382,-0.14991490124723406
AMRX,2026-09-09T15:15:05.000Z,2026-09-09T19:50:05.000Z,0.9384164222873803,17.23354085716658,17.17655228507548,0.5802638048425184,-0.03306840567412402,-0.33068405711529425,275,session_close,0.5597174929568016,-0.9489684013402999,-0.023210552193699385
VVOS,2026-09-09T15:15:05.000Z,2026-09-09T19:50:05.000Z,3.005008347245397,0.18614334332269566,0.17725277619517618,53.722038859301655,-0.47761939270583154,-4.77619396365247,275,session_close,0.9437117900364722,-5.932709236639777,-0.7198753207146424
VALE,2026-09-09T15:15:05.000Z,2026-09-09T19:50:05.000Z,-1.3817480719794495,15.353071249506293,15.36692529668215,0.6513354779200111,0.009023632438412785,0.09023632438559723,275,session_close,0.4359306969011767,-0.21540478102943794,0
EZRA,2026-09-09T14:15:05.000Z,2026-09-09T19:55:05.000Z,0.18450184501843658,2.753047230344527,2.7890321665859394,3.632335046584697,0.1309796784728589,1.3097981024269538,340,session_close,4.611354583974414,-2.2900889476072384,-0.2116167523292365
DXLG,2026-09-09T13:45:05.000Z,2026-09-10T13:30:05.000Z,7.619047619047614,0.6904997749999999,0.603599658599747,12.5,-1.0862514550031621,-12.585104231243664,1425,stop,0,-12.55609026085489,-1.2350000000000003
AHMA,2026-09-10T13:30:05.000Z,2026-09-10T13:40:05.000Z,9.375,1.4303348071624649,1.7496495307527733,6.991370041496298,2.392414490365545,23.924145094797307,10,take_profit,33.535168859457976,0,2.1874973120339245
IMNN,2026-09-10T13:40:05.000Z,2026-09-10T18:00:05.000Z,7.615894039735105,1.6403435876292054,1.4392899495855926,6.0962837636621785,-1.225680029230489,-12.256800316706595,260,stop,0,-12.21351362849309,-0.8534797269127061
RXT,2026-09-10T13:30:05.000Z,2026-09-10T19:45:05.000Z,8.641975308641946,3.530713890565751,3.089377259575801,2.8322883998618176,-1.2499926203869303,-12.499926209518815,375,stop,0,-12.482288404715014,-0.7080720999654542
SKHN,2026-09-10T13:30:05.000Z,2026-09-10T19:50:05.000Z,9.619450317124745,10.414580900099878,10.306700552352078,0.9601921613368641,-0.10358586426973267,-1.0358587520959723,380,session_close,0.5321299093234755,-4.268831404397789,0.17283458904063664
DBI,2026-09-10T13:30:05.000Z,2026-09-10T19:50:05.000Z,9.578544061302674,5.771708159655023,5.848812229386143,1.7325892853757394,0.13358968507500207,1.3358968887250244,380,session_close,3.089065410327918,-6.61343486358531,0.17325892853757274
SKDD,2026-09-10T13:30:05.000Z,2026-09-10T19:50:05.000Z,9.396914446002791,7.0314107476559204,6.998553970186995,1.4221897080864965,-0.04672857075719407,-0.4672857076352567,380,session_close,1.54434517113482,-3.57553777867029,0.17066276497038047
GDXD,2026-09-10T13:30:05.000Z,2026-09-10T19:50:05.000Z,8.91210817455439,17.754388718789997,17.976362739107685,0.5632410127761396,0.12502487201372614,1.2502487347410987,380,session_close,1.2707352800675809,-2.671951855418919,0.016897230383284167
MUZ,2026-09-10T13:35:05.000Z,2026-09-10T19:50:05.000Z,8.031088082901562,8.351671958195524,8.38817043251876,1.1973650365562407,0.04370199704228708,0.43701997044338825,375,session_close,2.01550111938118,-1.5765939904561654,0.09578920292450022
SNDQ,2026-09-10T13:35:05.000Z,2026-09-10T19:50:05.000Z,8.026315789473681,12.332466649978798,12.077564025932045,0.8108677917983061,-0.20669232788438469,-2.06692327886564,375,session_close,1.277387196676294,-3.2634724374421054,-0.17028223627764305
MDCX,2026-09-10T13:35:05.000Z,2026-09-10T19:50:05.000Z,-2.1126760563380254,0.16773742612991713,0.16342840384130122,59.61698697194109,-0.25689092564221816,-2.5689092697049323,375,session_close,0.9911764526511657,-6.46094695737327,-0.13711907003546386
WVVIP,2026-09-10T13:40:05.000Z,2026-09-10T19:50:05.000Z,9.425703720473955,2.930689925631766,3.1267039802663454,3.412165793807463,0.6688324523296192,6.688324579145808,370,session_close,6.800790237993826,-7.871522797896679,0.44358155319496895
OBIO,2026-09-10T13:40:05.000Z,2026-09-10T19:50:05.000Z,8.348623853211002,5.921270277655245,5.878318383828026,1.6888268057060027,-0.07253830965124541,-0.7253830987804076,370,session_close,2.0051393835677223,-2.0480449627992114,-0.10132960834236115
WLTH,2026-09-10T13:40:05.000Z,2026-09-10T19:50:05.000Z,8.03382663847778,10.24227942996387,10.83780377109374,0.9763451600867235,0.5814373081759819,5.8143731110055175,370,session_close,7.202699116740785,-1.7796764012375066,0.5955705476529012
ZSL,2026-09-10T13:40:05.000Z,2026-09-10T19:50:05.000Z,7.695709862892541,24.37488198485539,25.084958101915003,0.4102583965558053,0.2913146892174497,2.91314689236567,370,session_close,2.933831702606504,-1.086700583904221,0.36512997293466753
DLXY,2026-09-10T13:35:05.000Z,2026-09-11T13:30:05.000Z,9.317776100999309,0.4821978374093107,0.4114116251785198,20.738361359414107,-1.4679900485063202,-14.679910762582798,1435,stop,0,-14.578629756408223,-1.3127382740509113
SMZ,2026-09-10T13:35:05.000Z,2026-09-11T13:35:05.000Z,9.01156668323464,12.993017365672282,14.816586939904,0.7696441591346801,1.403499671583158,14.034996821058773,1440,time,14.061265238932341,-6.9500204629762585,1.754788682827071
SKHQ,2026-09-10T13:35:05.000Z,2026-09-11T13:35:05.000Z,8.110992529348993,10.17289286220474,10.066389410385446,0.983004529319369,-0.10469337552651406,-1.0469337804095649,1440,time,1.5443703175028745,-2.977450625967726,-0.04915022646597045
SVRE,2026-09-10T13:40:05.000Z,2026-09-11T13:45:05.000Z,7.539682539682535,2.720969742567414,2.48936492467557,3.6751601039985906,-0.8511847866099639,-8.511848341000277,1445,time,0,-9.22354036655355,-0.9922932280796193
LBGJ,2026-09-11T13:45:05.000Z,2026-09-11T19:15:05.000Z,6.185567010309279,2.0804218861459747,2.399476572347306,4.806717359038421,1.5336056986464952,15.33605699526584,330,take_profit,15.361216683124335,-0.02027887462557887,1.3458808605307588
JBLU,2026-09-11T13:45:05.000Z,2026-09-11T19:50:05.000Z,2.1640091116173377,4.490901863092253,4.409115788022287,2.226724231151779,-0.18211503512909058,-1.821150351605566,365,session_close,0.2025904191431671,-2.469478658700641,-0.13360345386910844
HOFT,2026-09-11T13:45:05.000Z,2026-09-11T19:50:05.000Z,1.671309192200554,12.882619176571447,12.616761995293617,0.7762396649410178,-0.2063688893172666,-2.0636888945791627,365,session_close,2.851755674782952,-4.677769080276639,-0.12419834639056404
ULCC,2026-09-11T13:45:05.000Z,2026-09-11T19:50:05.000Z,1.3562386980108476,5.62119821220588,5.57874315565876,1.7789801381025576,-0.07552670235934784,-0.7552670257194141,365,session_close,0.5123780857180904,-1.6223980860139764,0.0355796027620503
LAES,2026-09-11T13:45:05.000Z,2026-09-11T19:50:05.000Z,0.42016806722688926,2.4005154584078805,2.3694960821832503,4.165771952540254,-0.12921964746185868,-1.2921964787180984,365,session_close,2.0614131610275033,-1.2712044115774868,-0.0833154390508053
AEO,2026-09-11T13:45:05.000Z,2026-09-11T19:50:05.000Z,1.342050929112193,14.742957031938166,15.016993653678544,0.6782899778590993,0.18587629409286277,1.8587629411570716,365,session_close,1.8791546869577402,-0.9696632204005851,0.28488179070082253
LEGN,2026-09-11T13:50:05.000Z,2026-09-11T19:50:05.000Z,1.354872329338197,19.484160214185874,18.656207201307037,0.5132374123960811,-0.4249364619154733,-4.249364631461135,360,session_close,0,-4.229898569535607,-0.4259870522887468
OPEN,2026-09-11T13:55:05.000Z,2026-09-11T19:50:05.000Z,-0.7142857142857006,2.790558764655856,2.809428225900864,3.5835117060093387,0.06761893525757569,0.6761893526128648,355,session_close,2.13008362687086,-0.0200233968527308,0.07167023412018558
COHH,2026-09-11T13:55:05.000Z,2026-09-11T19:50:05.000Z,6.6115702479338845,6.481315052463991,6.448677743795861,1.5428967598531829,-0.050355997794385245,-0.5035599782442585,355,session_close,1.6768965349815979,-6.809035649273321,0.1697186435838507
REF,2026-09-11T14:00:05.000Z,2026-09-11T19:50:05.000Z,4.220532319391634,13.753028025535038,13.78719481022805,0.7271125992700282,0.02484309962683524,0.24843099737435914,350,session_close,2.522876953502484,-3.657580167807939,-0.1745070238248072
XNCR,2026-09-11T14:00:05.000Z,2026-09-11T19:50:05.000Z,0.6801319043693299,24.46533833115904,24.344856269076086,0.40874153567079496,-0.04924602307657026,-0.49246023272650635,350,session_close,0.7139147902913479,-2.0655276633368302,-0.05722381499391105
XRTX,2026-09-11T14:00:05.000Z,2026-09-11T19:50:05.000Z,11.374407582938396,2.3705200558600987,2.289249262805364,4.21848359082461,-0.3428395069147011,-3.4283950837634714,350,session_close,0,-9.724450771476755,-0.3374786872659694
FCEL,2026-09-11T14:05:05.000Z,2026-09-11T19:50:05.000Z,4.939063502245022,16.373286636492267,15.8468154814293,0.6107509274382825,-0.32154274622421136,-3.2154274627403474,345,session_close,0.4074524864118967,-3.3792032642922076,-0.32980550081667204
KORU,2026-09-11T14:05:05.000Z,2026-09-11T19:50:05.000Z,8.26641473783656,22.94459118253553,23.125355444545722,0.4358325637692766,0.07878295174976367,0.787829517519507,345,session_close,2.725735283270181,0,0.12639144349308928
SURG,2026-09-11T14:10:05.000Z,2026-09-11T19:50:05.000Z,9.118541033434635,0.17993709122778676,0.17336229115283863,55.57497856074554,-0.3653943732064301,-3.6539437367168084,340,session_close,10.316332583543897,-3.632987052964687,-0.30010488422802695
GPK,2026-09-11T14:20:05.000Z,2026-09-11T19:50:05.000Z,1.3312034078807322,9.531957387471673,9.518084458612064,1.0491024647330671,-0.014554123859682185,-0.14554123875797823,330,session_close,1.1334777122517625,-0.5450862331797923,-0.010491024647331315
SNAP,2026-09-11T14:40:05.000Z,2026-09-11T19:50:05.000Z,0.6340579710145011,5.5611138601063175,5.658866346457745,1.798200909185976,0.1757786098323265,1.7577860984410516,310,session_close,2.4974518304688553,-0.020029442560209887,0.1798200909185983
JOBY,2026-09-11T14:40:05.000Z,2026-09-11T19:50:05.000Z,0.5546751188589605,6.351271649475329,6.388717493766542,1.5744878429670064,0.058958026606150175,0.5895802660921652,310,session_close,1.7119146609585245,0,0.06297951371868038
GPRO,2026-09-11T14:55:05.000Z,2026-09-11T19:50:05.000Z,-0.7142857142857117,1.4002835957212036,1.3697172667079607,7.141410515237751,-0.21828670342739007,-2.182867035409356,295,session_close,2.1221704210204084,-3.5909579941415637,-0.21424231545713113
ONDS,2026-09-11T19:15:05.000Z,2026-09-11T19:50:05.000Z,0.13793103448276334,7.27145597559214,7.188561308399492,1.37524039656192,-0.11400009498288598,-1.1400009498908898,35,session_close,0,-1.1202154818176768,-0.08251442379371454
STLA,2026-09-11T19:15:05.000Z,2026-09-11T19:50:05.000Z,2.651515151515138,5.431102448785496,5.398915749411945,0.6010016653037624,-0.019344259924135923,-0.5926365719863917,35,session_close,0,-0.5726728427384198,-0.012020033306074929
HAIN,2026-09-14T13:30:05.000Z,2026-09-14T14:55:05.000Z,1.3400064578624526,0.6306411532427377,0.7276498464561032,15.856878186811336,1.5382550313460879,15.382550395664746,85,take_profit,15.406360060340884,0,1.4651755444613688
VEEA,2026-09-14T14:55:05.000Z,2026-09-14T19:25:05.000Z,17.948717948717952,1.8504838135850907,2.1495637406621415,5.403992061821118,1.616225551774421,16.162255777726543,270,take_profit,16.185831198092583,-4.349338967151672,1.8913972216373907
BMM,2026-09-14T13:35:05.000Z,2026-09-14T19:30:05.000Z,16.956920256645304,6.4012869119445845,5.618780112225651,1.5621858753384614,-1.2224210698772202,-12.224210701426339,355,stop,0,-12.205153786916334,-1.077908253983539
CRBP,2026-09-14T13:30:05.000Z,2026-09-14T19:50:05.000Z,-2.5862068965517127,7.941611281415528,8.168291344086676,1.2591903128590876,0.28543333903379964,2.8543333920360743,380,session_close,8.290366970304785,-1.9090745699215872,0.46590041575786323
DRCT,2026-09-14T13:30:05.000Z,2026-09-14T19:50:05.000Z,0.5847953216374213,1.7303998552529631,1.8794818683827652,5.779011075218338,0.8615466049929719,8.615466111906725,380,session_close,8.645408995666326,-3.490514349594276,1.0980121042914845
ONDS,2026-09-14T13:35:05.000Z,2026-09-14T19:50:05.000Z,-0.7607192254495243,7.181437663970176,7.238550749175325,1.3924788416262137,0.07952876272816622,0.7952876273185593,375,session_close,3.878921590134987,-0.9947543557828786,0.06962394208131073
SOAR,2026-09-14T13:35:05.000Z,2026-09-14T19:50:05.000Z,16.142557651991616,0.2230453703471476,0.22835221337135017,44.8339276327912,0.23792661610568047,2.379266162728684,375,session_close,10.739801330809694,-0.42384665759985785,0.30487070790298
ALLO,2026-09-14T13:40:05.000Z,2026-09-14T19:50:05.000Z,-0.2808988764045006,1.7803865631839417,1.7896094121732526,5.616757714029906,0.05180250820604501,0.5180250839917202,370,session_close,2.7866665499503895,-0.5833880910315892,0
LYNX,2026-09-14T13:40:05.000Z,2026-09-14T19:50:05.000Z,-0.3532182103610615,12.763163095451146,13.517141583305415,0.7835048260778593,0.5907457839927064,5.9074579100457525,370,session_close,6.870059545516294,-3.002101380242539,0.48577299216827363
FNB,2026-09-14T14:15:05.000Z,2026-09-14T19:50:05.000Z,0.7099945385035555,18.46377422003182,18.286333899810547,0.5416010763414923,-0.09610186841822022,-0.9610186850571585,335,session_close,0,-1.4827641237878275,-0.07582415068780968
CODA,2026-09-14T14:55:05.000Z,2026-09-14T19:50:05.000Z,0.698602794411185,10.1222110848722,10.767254890680206,0.9879264397639735,0.6372558305637076,6.372558331371238,295,session_close,6.992433858503522,-0.9109776915244505,0.4544461622914291
TAK,2026-09-14T14:55:05.000Z,2026-09-14T19:50:05.000Z,2.0536692223439124,18.65373311615574,18.626261779260663,0.536085722755664,-0.014726991494460962,-0.14726991494953412,295,session_close,0.03359586955189453,-0.44888128094433544,-0.005360857227557858
BMNR,2026-09-14T14:55:05.000Z,2026-09-14T19:50:05.000Z,-0.5193767479025224,24.914985567706854,25.734849908491483,0.401364872258836,0.32906474640859773,3.290647464180286,295,session_close,4.073911379698902,-0.34110221527484663,0.405378520981424
DQ,2026-09-14T14:55:05.000Z,2026-09-14T19:50:05.000Z,-0.6932409012131546,11.482370767688337,11.487572514437277,0.870900286088394,0.004530202731810857,0.04530202737902718,295,session_close,0.7631632359255791,-0.8044572811415462,0.03483601144353443
PLUG,2026-09-14T14:55:05.000Z,2026-09-14T19:50:05.000Z,-0.952380952380949,2.0904274577296396,2.049584972620918,4.783710601279301,-0.1953786289971839,-1.9537862917797528,295,session_close,0,-2.4123036436005996,-0.09567421202558712
TSLG,2026-09-14T16:30:05.000Z,2026-09-14T19:50:05.000Z,-1.2448132780083054,4.770955389050628,4.669050854249143,2.096016244957335,-0.21359356037873284,-2.135935603911884,200,session_close,0,-2.325642979292386,-0.1676812995965875
SOUN,2026-09-14T16:30:05.000Z,2026-09-14T19:50:05.000Z,4.712460063897761,6.5613127821667225,6.488695737614126,1.5240852450962061,-0.11067456614510605,-1.1067456614774631,200,session_close,1.0468517522890464,-1.3916846399230631,-0.18289022941154442
PSKY,2026-09-14T16:30:05.000Z,2026-09-14T19:50:05.000Z,4.198113207547172,11.05221702126046,10.90780378520444,0.9047958413673042,-0.1306644954218827,-1.306644954385372,200,session_close,0.25137923627536196,-1.5582124466898994,-0.12667141779142277
SMMT,2026-09-14T17:00:05.000Z,2026-09-14T19:50:05.000Z,6.695156695156701,18.743813141814215,18.466300040353374,0.5335093727871272,-0.14805584070058342,-1.4805584080528238,170,session_close,0,-2.474486585547131,-0.14938262438039374
JEM,2026-09-14T13:35:05.000Z,2026-09-15T13:40:05.000Z,-2.244389027431415,3.981974660322405,3.8782798228791266,2.5113164658283176,-0.26041055269269536,-2.6041059094756385,1445,time,0.9549367567928124,-2.560906811851693,-0.40181063453253074
CIRC,2026-09-15T13:40:05.000Z,2026-09-15T14:30:05.000Z,9.527606139126977,0.5625422908003795,0.4888625163681363,17.776436856100453,-1.3060998117508915,-13.061001368001572,50,stop,0,-13.695377584992684,-0.607631784164246
BRNX,2026-09-15T13:40:05.000Z,2026-09-15T14:50:05.000Z,9.05797101449275,3.0306093828190086,2.6494208094284426,3.299666415093493,-1.2577951334342519,-12.577951337166141,70,stop,0,-12.558839980392788,-1.2208765735845937
VRA,2026-09-15T13:40:05.000Z,2026-09-15T16:10:05.000Z,9.046052631578938,3.330668111098596,3.8391291707244264,3.0024006190847645,1.526603800201089,15.266038003952263,150,take_profit,15.292183787516578,-2.4219798673362325,1.5012003095423836
JONER,2026-09-15T13:45:05.000Z,2026-09-15T16:50:05.000Z,9.999999999999986,0.16644098999999998,0.1328404,20,-0.6720117999999997,-20.187689342631277,185,stop,0,-20.091799502033712,-0.30000000000000027
FBDT,2026-09-15T13:50:05.000Z,2026-09-15T17:30:05.000Z,9.171736078614877,0.7130323999999999,0.8678263344178216,5.050000000000001,0.7817093688099999,21.70924272414855,220,take_profit,21.73359864152038,-3.1600808041822415,1.0605000000000002
ALAR,2026-09-15T13:50:05.000Z,2026-09-15T19:20:05.000Z,9.589041095890405,2.420887078029084,2.0695571440868856,4.130716992266658,-1.4512445280269617,-14.512446166147766,330,stop,0,-14.49415304057684,-1.3631366074479967
TNON,2026-09-15T13:45:05.000Z,2026-09-15T19:40:05.000Z,9.442446043165464,6.1012298615010625,5.3189116573046755,1.6390138093045026,-1.2822303399481778,-12.822303403660259,355,stop,11.452939069026025,-12.804465316585523,-1.1800899426992402
XHLD,2026-09-15T13:40:05.000Z,2026-09-15T19:50:05.000Z,9.641255605381183,9.841987600808665,9.398097757530703,1.0160549272746058,-0.4510164624297255,-4.510164626111595,370,session_close,0,-5.405286232680817,-0.4877063650918103
SMST,2026-09-15T13:40:05.000Z,2026-09-15T19:50:05.000Z,9.125766871165641,21.40430127956423,21.705615589809497,0.46719581580311953,0.14077278498819193,1.4077278501632162,370,session_close,5.679693555782928,-3.804381506915555,0.22892594974352676
MSTZ,2026-09-15T13:40:05.000Z,2026-09-15T19:50:05.000Z,8.805031446540879,4.330866489471288,4.389109421151003,2.3090067597522808,0.13448332295625337,1.3448332295929493,370,session_close,5.983410275026668,-3.7144181161522405,0.23090067597522967
CEPL,2026-09-15T13:45:05.000Z,2026-09-15T19:50:05.000Z,9.042553191489366,6.18131903875465,5.818465312358456,1.6177776795907954,-0.5870166595201084,-5.870166612032669,365,session_close,0,-7.30133869365166,-0.7118221790199488
RKTO,2026-09-15T13:45:05.000Z,2026-09-15T19:50:05.000Z,8.777943368107287,0.7383650492160857,0.7412280916500149,13.543436214781611,0.038775432584133324,0.387754327885491,365,session_close,2.550899558952735,-2.419541558075211,0.0975127407464278
MTEN,2026-09-15T13:45:05.000Z,2026-09-15T19:50:05.000Z,6.930693069306937,1.0902252684757257,1.0797602577663519,9.172416266046298,-0.09598943445500875,-0.959894345872684,365,session_close,7.317270460609437,-2.7723874459435693,-0.3668966506418503
BDRX,2026-09-15T13:45:05.000Z,2026-09-15T19:50:05.000Z,13.392857142857139,1.2802589520773073,1.27973203840766,7.810919797990431,-0.004115680414079884,-0.041156804159997985,365,session_close,6.228509302224161,-10.174422281207518,0.15621839595980802
QCML,2026-09-15T13:50:05.000Z,2026-09-15T19:50:05.000Z,9.212730318257979,19.594037994469026,19.234398551179318,0.5103593241066253,-0.18354534319941865,-1.8354534343111257,360,session_close,1.0001103681961165,-3.1338001622858713,-0.030621559446396773
CRDF,2026-09-15T13:50:05.000Z,2026-09-15T19:50:05.000Z,8.77862595419845,1.4403019752633055,1.2996980035130012,6.942988450615695,-0.9762117519730579,-9.762117539594435,360,session_close,2.0619304317252896,-9.74114995833818,-0.763728729567724
PDM,2026-09-15T13:50:05.000Z,2026-09-15T19:50:05.000Z,1.6304347826086918,9.361906860401547,9.558016928209529,1.068158457622712,0.2094766275540599,2.094766277129688,360,session_close,2.8636595470995285,-0.5544475198861365,0.22431327610077112
QCMU,2026-09-15T13:55:05.000Z,2026-09-15T19:50:05.000Z,8.795737567159234,24.404988437700293,23.975115637949607,0.4097522937346773,-0.17614136571199146,-1.7614136587199876,355,session_close,0.9629652679395084,-3.257483361361535,-0.27043651386488676
PSNYW,2026-09-15T14:20:05.000Z,2026-09-15T19:55:05.000Z,16.58291457286434,4.671201310912143,4.5986873535194865,2.1407768981021498,-0.1552362047761627,-1.5523620706146954,335,session_close,7.681079559763071,-8.374747412368599,-0.19266992082919288
CCXIW,2026-09-15T13:55:05.000Z,2026-09-16T14:40:05.000Z,8.823529411764719,5.581343218029104,6.047435039441141,1.7916833836155701,0.8350889716630634,8.350889798470858,1485,time,9.830192491990108,0,0.28666934137849154
PUSA,2026-09-16T14:40:05.000Z,2026-09-16T19:50:05.000Z,-0.7062146892655496,3.530937420021995,3.4391388931212576,2.832109051051304,-0.25998343890875536,-2.5998344343402637,310,session_close,0,-3.1418687681330826,-0.22656872408410322
CDE,2026-09-16T14:40:05.000Z,2026-09-16T19:50:05.000Z,-2.737317930688088,19.37387869037248,18.776240323665682,0.5161589044368563,-0.30847636460881217,-3.0847636462376666,310,session_close,1.2703770554206573,-4.149291441429082,-0.30453375361774526
UNG,2026-09-16T14:40:05.000Z,2026-09-16T19:50:05.000Z,-0.5692599620493288,10.492190676233506,10.347926320047938,0.9530898065172727,-0.1374968873242418,-1.3749688757787235,310,session_close,0,-1.6411317859819752,-0.1143707767820743
NOK,2026-09-16T14:40:05.000Z,2026-09-16T19:50:05.000Z,3.0487804878048808,10.152030365026931,10.117974734300175,0.9850246345181757,-0.03354563520990932,-0.335456352101506,310,session_close,1.16202996574426,-2.1870537916416355,-0.039400985380726894
NXDR,2026-09-16T14:40:05.000Z,2026-09-16T19:50:05.000Z,-0.609756097560965,2.450495041133793,2.459474652976651,4.080808093052289,0.036644072680804024,0.36644072696035923,310,session_close,0.795959940289559,-1.24444410708473,0.04080808093052113
ABTC,2026-09-16T14:45:05.000Z,2026-09-16T19:50:05.000Z,1.5018773466833446,8.131694894126765,8.067883766684176,1.2297559257369524,-0.07847211210047994,-0.784721122390828,305,session_close,0.7170104957497481,-3.0952328807682616,-0.012297559257369528
SNTI,2026-09-16T14:45:05.000Z,2026-09-16T19:50:05.000Z,4.233333333333333,0.31727228628863957,0.31890732116506276,31.51866825002179,0.051534121847197946,0.5153412217465829,305,session_close,3.160601837828869,-3.931098563488411,0.01260746730000939
GRAB,2026-09-16T14:45:05.000Z,2026-09-16T19:50:05.000Z,1.8900343642611617,2.970594115137269,2.889420782373,3.3663299704814684,-0.2732562228882232,-2.732562228903419,305,session_close,0,-3.049696849382022,-0.20197979822888712
AAL,2026-09-16T14:50:05.000Z,2026-09-16T19:50:05.000Z,1.566170712607673,12.982596486448722,12.677463281562975,0.7702619433919157,-0.23503249538869916,-2.3503249539046074,300,session_close,2.2137598888733123,-3.178073714910512,-0.23107858301757567
CMCSA,2026-09-16T14:50:05.000Z,2026-09-16T19:50:05.000Z,-1.1261261261261368,24.16483472567645,23.63526934641556,0.4138244731774945,-0.21914711408567827,-2.1914711409062484,300,session_close,0.06275761657676959,-2.2546594332695014,-0.18208276819809832
ALVO,2026-09-16T14:50:05.000Z,2026-09-16T19:50:05.000Z,8.565737051792844,5.46110693393836,5.278932112465516,1.831130595943914,-0.3335858894095454,-3.335858895944858,300,session_close,0.1628436536624589,-4.5980958984311755,-0.36622611918878256
CCAP,2026-09-16T14:55:05.000Z,2026-09-16T19:50:05.000Z,0.20325203252031798,9.892323700239439,9.857910626891428,1.0108848255387297,-0.03478765364765563,-0.34787653933299895,295,session_close,0.27977551684739144,-1.3376402172953217,0.010108848255390157
CORZ,2026-09-16T16:35:05.000Z,2026-09-16T19:50:05.000Z,6.514962593516227,17.103451711437003,16.7766192724944,0.5846773016917082,-0.19109150850628093,-1.9109150857779855,195,session_close,1.3245764210946032,-3.469777454571721,-0.17540319050751307
DQ,2026-09-16T16:35:05.000Z,2026-09-16T19:50:05.000Z,1.5097690941385356,11.453131520672923,11.237716606500175,0.8731236326924336,-0.18808385239863792,-1.8808385617848096,195,session_close,0.23459504746434767,-2.472088268277284,-0.15716225388463734
FNGR,2026-09-16T16:35:05.000Z,2026-09-16T19:50:05.000Z,1.9430950728660523,0.14783601470518593,0.14316787332260744,67.64251534747558,-0.31576482511525095,-3.1576482847482565,195,session_close,2.410769325675721,-4.894622409577232,-0.3449768282721255
DKNG,2026-09-16T17:10:05.000Z,2026-09-16T19:50:05.000Z,0.020292207792205197,24.664974865644922,24.175156049684468,0.405433212519614,-0.19858881610740062,-1.9858881617702675,160,session_close,0,-3.3852654227024326,-0.194607942009414
HKPD,2026-09-16T17:10:05.000Z,2026-09-16T19:50:05.000Z,2.559576345984116,0.11734608578520525,0.1201596543582997,85.21800429390524,0.23976669874315962,2.3976671690988587,160,session_close,3.9659731158936617,-2.0845056474083523,0.11078340558207778
BTG,2026-09-16T17:55:05.000Z,2026-09-16T19:50:05.000Z,0.287356321839094,5.241060106433814,5.12897252520505,1.9080109352401802,-0.21386433068910293,-2.1386433078904643,115,session_close,0,-3.073044444502737,-0.1908010935240192
LNAI,2026-09-16T14:55:05.000Z,2026-09-16T19:55:05.000Z,1.3698630136986356,2.2406842227326327,2.178347853661934,4.462922341526925,-0.2782023742152888,-2.782023831750648,300,session_close,0,-4.493458815443563,-0.3570337873221554
NUWE,2026-09-17T14:00:05.000Z,2026-09-17T14:10:05.000Z,9.202453987730074,0.8949454642015718,1.0297929570233058,11.173864996310588,1.506767679881016,15.06767710611713,10,take_profit,15.090811809289129,0,0.8939091997048472
RXRX,2026-09-17T13:30:05.000Z,2026-09-17T19:50:05.000Z,3.1347962382445083,3.3006812577308966,3.519293486076654,3.029677574374109,0.6623245657030926,6.623245665837044,380,session_close,8.159489548962107,-0.6265754284045744,0.6968258421060458
MVIS,2026-09-17T13:30:05.000Z,2026-09-17T19:50:05.000Z,1.2269938650306678,1.6705804626447438,1.7095141556690236,5.985943036410669,0.2330548686404386,2.3305488059307726,380,session_close,10.14135751875389,-1.8305291680671965,0.419016012548747
VNRX,2026-09-17T13:30:05.000Z,2026-09-17T19:50:05.000Z,4.256093124772642,0.2878714802406281,0.27701906626172135,34.73772348526931,-0.37698815594693363,-3.7698816047478356,380,session_close,0,-4.401783820347937,-0.46548549470260703
VTAK,2026-09-17T13:30:05.000Z,2026-09-17T19:50:05.000Z,1.5286624203821653,0.16069833909612083,0.15672387306972996,62.228317102421926,-0.247324332203054,-2.4732464870178696,380,session_close,0,-7.9642012282812535,-0.3235872489325917
SLXN,2026-09-17T13:30:05.000Z,2026-09-17T19:50:05.000Z,8.23529411764705,0.370669695072226,0.3854206513101783,26.97819366250167,0.3979541540945629,3.9795420111368927,380,session_close,4.945185746626057,-5.927027583937006,0.24819938169501476
SNAP,2026-09-17T13:35:05.000Z,2026-09-17T19:50:05.000Z,3.321678321678334,5.921185175538083,5.6488684900738315,1.6888510835491313,-0.45990232931480923,-4.599023293330882,375,session_close,1.6688352336985846,-4.748798884043193,-0.3546587275453188
SAFE,2026-09-17T13:35:05.000Z,2026-09-17T19:50:05.000Z,-0.14471780028942893,13.835146066618872,13.547162674249947,0.7227968039962925,-0.2081534756082696,-2.081534889347972,375,session_close,0,-2.5669845833847793,-0.15178732883921953
MDCX,2026-09-17T13:40:05.000Z,2026-09-17T19:50:05.000Z,2.496798975672232,0.16123345,0.17176389994944483,17.55,0.1848093966127567,6.531181928715676,370,session_close,13.686086851084545,-1.0751180973923247,0.2141099999999998
XPEV,2026-09-17T13:45:05.000Z,2026-09-17T19:50:05.000Z,1.934235976789167,10.552118026132549,10.617857920797968,0.9476770420599693,0.062300188921858936,0.6230018893137232,365,session_close,2.2543528538851776,-0.4939105685084044,0.11372124504719672
ATCH,2026-09-17T13:45:05.000Z,2026-09-17T19:50:05.000Z,7.437499999999986,0.17318056294357112,0.17314051125938507,57.74319354904022,-0.002312712151920368,-0.023127124375444313,365,session_close,8.672703680564187,-1.7788156425931456,-0.005774319354905799
UGP,2026-09-17T14:00:05.000Z,2026-09-17T19:50:05.000Z,-0.8597883597883493,7.512637964556792,7.538477211851228,1.3310902929127113,0.03439437124979596,0.34394373076862705,350,session_close,0.76354052616181,-1.2330950192707246,0.05324361171650871
WETO,2026-09-17T14:00:05.000Z,2026-09-17T19:50:05.000Z,9.239130434782595,2.0204222031722074,1.839625464183002,4.949460546151216,-0.8948463264998712,-8.94846328184978,350,session_close,0,-10.909710001510021,-0.6929244764611688
TSHA,2026-09-17T14:15:05.000Z,2026-09-17T19:50:05.000Z,3.2544378698224685,5.251216517043438,5.118950564015427,1.904320626289821,-0.25187678250712114,-2.5187678435792153,335,session_close,0,-4.022239729744714,-0.20947526889188062
WULF,2026-09-17T14:20:05.000Z,2026-09-17T19:50:05.000Z,4.223521767381411,16.053215023311466,16.376721864451863,0.6229281788633505,0.20152152740142243,2.01521527414054,330,session_close,4.091298694590417,-0.08232010405564427,0.18687845365900557
NOK,2026-09-17T14:20:05.000Z,2026-09-17T19:50:05.000Z,4.043392504930976,10.562114055357428,10.62787337061317,0.9467801566238645,0.06225961479730894,0.6225961479973441,330,session_close,0.6427306530375709,-0.872117597619626,0.08521021409614882
LUXE,2026-09-17T14:25:05.000Z,2026-09-17T19:50:05.000Z,0.4540295119182636,8.871783768240375,9.338068071418274,1.1271690405242119,0.5255812306245328,5.25581230740908,325,session_close,5.277588408272149,-1.1472751241384582,0.5635845202621059
AKAN,2026-09-17T14:25:05.000Z,2026-09-17T19:50:05.000Z,9.742647058823529,3.0006535215312122,2.918971246186334,3.3326073434966195,-0.27221495064785417,-2.7221495170557506,325,session_close,6.643435406266529,-4.687429605649296,-0.23328251404476497
VFC,2026-09-17T14:40:05.000Z,2026-09-17T19:50:05.000Z,1.178318931657496,12.892604455281226,12.90740568933778,0.7756384701430601,0.011480406539854889,0.11480406544614744,310,session_close,0.7554373133574099,-0.6407119334789546,0.015512769402860727
PRE,2026-09-17T14:40:05.000Z,2026-09-17T19:50:05.000Z,5.97184377838329,23.395400706317343,24.374922730404958,0.2546002588664682,0.24938656089811362,4.186814478553125,310,session_close,6.217458345519522,-0.6642361388381035,0.24187024592314454
CYAB,2026-09-17T13:40:05.000Z,2026-09-18T13:45:05.000Z,4.223433242506802,0.30816726503987146,0.29663951353846296,32.4499098199576,-0.46257629838917785,-4.625763002391685,1445,session_close,0.1079721949329926,-6.544259344762715,-0.5849832324711688
BENF,2026-09-18T14:05:05.000Z,2026-09-18T18:35:05.000Z,9.3799682034976,0.6898536321348007,0.5954541104493943,14.495828511308419,-1.3683992779011904,-13.683992848349636,270,stop,14.589524962526035,-13.662844949170761,-1.4829232567068509
CORZ,2026-09-18T13:45:05.000Z,2026-09-18T19:50:05.000Z,2.3337222870478236,17.56354088255129,17.816432818712094,0.5693612730801136,0.14398687472421018,1.4398687477195586,365,session_close,1.4601788965201923,-2.5253500163621934,0.10248502915442081
QUBT,2026-09-18T13:45:05.000Z,2026-09-18T19:50:05.000Z,-0.7109004739336511,8.391696535369508,8.598269975912903,1.1916541492397184,0.24616409754626012,2.4616409765620575,365,session_close,3.316414785228372,-1.5693672288366378,0.3455797032795189
INFQ,2026-09-18T13:45:05.000Z,2026-09-18T19:50:05.000Z,-2.5252525252525193,13.522712323615709,13.14736727235535,0.7394966157271139,-0.27756639513695547,-2.7756639517123065,365,session_close,0,-6.379728437386712,-0.1848741539317782
QBTS,2026-09-18T13:45:05.000Z,2026-09-18T19:50:05.000Z,-2.4307518371961767,17.273457609750558,16.92660695265572,0.5789228899914509,-0.20079978480077684,-2.0079978480917804,365,session_close,0,-4.188261702406226,-0.11578457799829245
XNDU,2026-09-18T13:45:05.000Z,2026-09-18T19:50:05.000Z,0.3916449086161844,7.711669784185773,7.388495548417883,1.296736017486056,-0.4190716714437528,-4.190716729476915,365,session_close,0,-4.56022877051786,-0.2723145636720723
SLXN,2026-09-18T13:45:05.000Z,2026-09-18T19:50:05.000Z,8.684210526315784,0.4160883536508685,0.43557198828386795,24.03335706455299,0.4682571480501668,4.682571492819957,365,session_close,7.0205392899899355,-5.957473559009518,0.49268381982333587
NVST,2026-09-18T13:50:05.000Z,2026-09-18T19:50:05.000Z,-2.1105951878429674,23.21465748731912,23.33532055211237,0.4307623321224413,0.0519771031913825,0.5197710319834079,360,session_close,2.133748959903725,-0.23544386708688192,0.0732295964608145
UNG,2026-09-18T13:50:05.000Z,2026-09-18T19:50:05.000Z,1.0164569215876051,10.44209069511058,10.407858232206594,0.9576626263326316,-0.03278315033046441,-0.32783150332158867,360,session_close,0.5545757701236553,-0.5946193815348888,-0.03830650505330446
MG,2026-09-18T13:55:05.000Z,2026-09-18T19:50:05.000Z,5.5947580645161255,20.974202823422225,20.755290687319917,0.4767761656233109,-0.1043720888592666,-1.0437208886806653,355,session_close,0.31370525560237006,-1.2119784745208695,-0.10489075643712731
CRML,2026-09-18T14:00:05.000Z,2026-09-18T19:50:05.000Z,-2.8384279475982432,6.6913431932228535,6.718642334802854,1.494468256921866,0.040797700532526356,0.4079770053888366,350,session_close,1.1755010093759788,-1.6639886792180092,0.10461277798453139
BTCT,2026-09-18T14:50:05.000Z,2026-09-18T19:50:05.000Z,3.8793103448276023,1.210248112262426,1.2597433570015337,8.26276850864083,0.40896774955776993,4.089677499812976,300,session_close,5.763437020131401,-1.6730546453466055,0.4131384254320416
STUB,2026-09-18T14:50:05.000Z,2026-09-18T19:50:05.000Z,3.4511784511784382,6.151238041104208,5.948802706561763,1.625688996352568,-0.32909689583860485,-3.290968959252088,300,session_close,0.14244220167130006,-3.7592113906016023,-0.3576515791975652
CLF,2026-09-18T15:15:05.000Z,2026-09-18T19:50:05.000Z,-2.468652037617547,12.46250582388876,12.56748375241687,0.8024068465108124,0.0842350085834777,0.8423500860226872,275,session_close,0.8625406289094029,-0.902754433808195,0.09628882158129848
MARA,2026-09-18T15:15:05.000Z,2026-09-18T19:50:05.000Z,8.548109965635753,12.642529023755847,13.217354727558865,0.7909809802332711,0.45467619865739134,4.546761986647581,275,session_close,5.042274176680306,-0.020004096894643553,0.4666787783376307
SGRY,2026-09-18T15:15:05.000Z,2026-09-18T19:50:05.000Z,-1.2359550561797827,13.202877139961679,13.38728799473977,0.7574106654815916,0.13967474823950352,1.396747487863292,275,session_close,1.4172885050331097,-1.1579077676861727,0.1287598131318699
AMC,2026-09-18T15:30:05.000Z,2026-09-18T19:50:05.000Z,0.36900369003689537,2.730549958532317,2.689458172452341,3.6622658984253045,-0.1504890468660837,-1.504890469100335,260,session_close,0,-1.4850473035883494,-0.1464906359370115
PSKY,2026-09-18T15:30:05.000Z,2026-09-18T19:50:05.000Z,-2.4482109227871973,10.372084406119505,10.197958307356917,0.7939558103395425,-0.1382484278443142,-1.6787956204815935,260,session_close,0.365554235734189,-2.1411743042553333,-0.08733513913734825
TSLG,2026-09-18T18:35:05.000Z,2026-09-18T19:50:05.000Z,-1.7598343685300222,4.750952511252834,4.769044128572507,1.8168147654032736,0.03286911747640874,0.38079979281676496,75,session_close,0.6114034749529873,-1.0724693865524881,0.07267259061613096
FLIA,2026-09-18T14:05:05.000Z,2026-09-21T14:05:05.000Z,-0.248508946322068,20.114218654261016,20.07589884998458,0.4971607473985354,-0.01905110253423901,-0.19051102573312884,4320,time,0,-0.6175663911991092,0.019886429895944246
CYAB,2026-09-21T14:05:05.000Z,2026-09-21T16:10:05.000Z,5.712431028886722,0.32686657362195143,0.28474007843750915,30.593522860499437,-1.2887978934579545,-12.887978944327633,125,stop,0.591503241406599,-12.869646827394766,-1.1136042321221797
LCID,2026-09-21T14:05:05.000Z,2026-09-21T19:50:05.000Z,-0.24449877750610804,4.090825698097865,4.279139922349562,2.444494274310134,0.4603330429544286,4.603330431293099,345,session_close,4.6243549802206685,-0.7535324253047038,0.46445391211892506
PSKY,2026-09-21T14:05:05.000Z,2026-09-21T19:50:05.000Z,8.521057786483821,11.092218464283857,9.908016539716261,0.9015329108523734,-1.0675970080924073,-10.675970081013466,345,session_close,2.4141386736871384,-10.658088533781719,-1.2170694296507047
NOK,2026-09-21T14:05:05.000Z,2026-09-21T19:50:05.000Z,0,10.692139769582356,10.977803484718725,0.9352664868932338,0.2671716992884615,2.6717169929731237,345,session_close,3.1598935077411516,0,0.2805799460679701
IAG,2026-09-21T14:05:05.000Z,2026-09-21T19:50:05.000Z,0.19656019656020263,20.40408640158616,20.205949462783433,0.4900979050252484,-0.09710649861533191,-0.9710649862143471,345,session_close,0,-1.882399407778934,-0.08821762290454416
SCNI,2026-09-21T14:05:05.000Z,2026-09-21T19:50:05.000Z,9.615384615384603,1.7203628099997392,1.6395909381558464,5.812727361234963,-0.46950486948515946,-4.695048705679997,345,session_close,1.7227290562195519,-8.15890748067034,-0.40689091528644816
XXI,2026-09-21T14:10:05.000Z,2026-09-21T19:50:05.000Z,7.056798623063698,6.231349927584359,6.538617943281731,1.6047887022992795,0.4931002401690602,4.931002419510843,340,session_close,4.95318150966515,-1.145015581110509,0.5456281587817546
SOFI,2026-09-21T14:15:05.000Z,2026-09-21T19:50:05.000Z,-0.14740566037735325,16.943389177703928,16.91661429293466,0.5902006909585772,-0.015802555491157822,-0.15802555491377576,335,session_close,0.688237878933462,-0.25608322661340166,-0.011804013819171288
YSG,2026-09-21T14:20:05.000Z,2026-09-21T19:50:05.000Z,1.6064257028112205,2.5511347219374905,2.607597349184717,3.9198239215094457,0.22132355695494904,2.213235810782473,330,session_close,2.699397937330761,-1.2204264114223151,0.23518943529056813
NVTS,2026-09-21T14:20:05.000Z,2026-09-21T19:50:05.000Z,7.349081364829391,12.282468489369698,12.147563058141534,0.8141685856235514,-0.10983576413596967,-1.0983576415842047,330,session_close,0.14273605216634788,-2.0555191294665764,-0.13840865955600457
CHCT,2026-09-21T14:25:05.000Z,2026-09-21T19:50:05.000Z,1.3055751587861764,14.38316100006407,14.39703780207392,0.6952574581065848,0.009647950092015637,0.09647950134039879,325,session_close,0.2561258956620627,-1.064863280494377,0.020857723743198164
COLD,2026-09-21T14:30:05.000Z,2026-09-21T19:50:05.000Z,1.0062456627342176,14.572971724946818,14.687041959632188,0.6862018386272093,0.07827520477373795,0.7827520483697774,320,session_close,0.9402905436137754,-0.9124544221765674,0.10979229418035352
ORBS,2026-09-21T14:35:05.000Z,2026-09-21T19:50:05.000Z,1.4423076923077094,1.0602356712215437,1.0397838983615029,9.43186521807828,-0.19289836508665664,-1.9289836604419723,315,session_close,5.636890966854491,-2.85178777155346,-0.18863730436156523
JBLU,2026-09-21T14:45:05.000Z,2026-09-21T19:50:05.000Z,3.0892448512585657,4.510905400862925,4.539086278153934,2.216849858250962,0.06247277382796017,0.6247277383741558,305,session_close,0.8666685656852025,-0.6851263353253367,0.08867399433003698
MARA,2026-09-21T14:50:05.000Z,2026-09-21T19:50:05.000Z,1.3217522658610203,13.422687934918162,13.187360239860825,0.7450072629192658,-0.17532084198376682,-1.753208419940611,300,session_close,1.0229848577841816,-1.7335420151789571,-0.17880174310062458
DOC,2026-09-21T14:50:05.000Z,2026-09-21T19:50:05.000Z,0.7132316773241776,20.494112196855433,20.6158695875272,0.48794502062617373,0.059410912502724685,0.5941091251098433,300,session_close,0.8094412753826052,-0.6055992846300318,0.06831230288766399
ICL,2026-09-21T14:55:05.000Z,2026-09-21T19:50:05.000Z,-0.4664179104477695,5.351295373742669,5.298888178401501,1.8687063971631668,-0.09793366119141994,-0.9793366219012211,295,session_close,0.1626639093786908,-0.9585599403531653,-0.056061191914896114
MOS,2026-09-21T15:00:05.000Z,2026-09-21T19:50:05.000Z,-2.614379084967322,23.8547733871314,23.835224801510495,0.4192033115313675,-0.008194831828037106,-0.08194831828269987,290,session_close,2.620970665795075,-0.06193052808193267,0.004192033115314686
JOBY,2026-09-21T15:05:05.000Z,2026-09-21T19:50:05.000Z,2.8594771241829964,6.301268842797596,6.428712785586508,1.1532130959220876,0.1469700238201189,2.0225123854948954,285,session_close,3.153827620441163,0,0.1383855715106499
CCU,2026-09-21T16:10:05.000Z,2026-09-21T19:50:05.000Z,-0.9786476868327565,11.184412941081279,11.10743516151191,0.7788697965219306,-0.05995566750990404,-0.6882594551442452,220,session_close,0,-1.2911982224014573,-0.031154791860878106
SCAG,2026-09-22T13:30:05.000Z,2026-09-22T13:40:05.000Z,9.962794543199681,0.26818831,0.2493136224390244,25,-0.4922353652860437,-7.341637900414731,10,stop,0,-14.612236454303318,-0.7910000000000004
MAZE,2026-09-22T13:30:05.000Z,2026-09-22T13:40:05.000Z,9.468512728896815,24.626817415056447,28.744240334273016,0.4060613930963302,1.6719264865438388,16.719265221413636,10,take_profit,16.742653000800267,0,1.2466084768057328
STI,2026-09-22T13:30:05.000Z,2026-09-22T14:00:05.000Z,10.468319559228645,8.041666330967697,6.908602778667789,1.2435233661035394,-1.4089910025652153,-14.089910046834289,30,stop,0,-14.072535273065945,-0.8704663562724786
FBGL,2026-09-22T13:40:05.000Z,2026-09-22T16:50:05.000Z,7.879088206144691,0.438588281600231,0.3786209914773639,22.80042677119487,-1.3672798071134291,-13.67279807478457,190,stop,3.513937568860226,-13.654783794433111,-1.541308849732772
SCNX,2026-09-22T13:30:05.000Z,2026-09-22T17:50:05.000Z,8.697079094190997,0.3344042119776724,0.2911371142041066,29.903928519995173,-1.3173390620889642,-13.173391079632399,260,stop,1.2248015651791677,-13.099180694708801,-1.2598206764678022
SHPU,2026-09-22T13:30:05.000Z,2026-09-22T19:50:05.000Z,9.67529527964115,16.02335992487661,16.73602264776825,0.6240888319599719,0.44476484631085883,4.4476484721860325,380,session_close,6.407146066347247,0,0.19970842622719154
IMSR,2026-09-22T13:30:05.000Z,2026-09-22T19:50:05.000Z,9.55555555555554,4.9610257813633805,4.669051993667748,2.0157121584579336,-0.5885351138091024,-5.885351146379108,380,session_close,0,-9.696095173913521,-0.221728337430374
VTGN,2026-09-22T13:35:05.000Z,2026-09-22T19:50:05.000Z,9.871244635193133,0.25946098499569054,0.2597234063992229,38.541439737700514,0.010114098710126277,0.10114098793571817,375,session_close,1.67231886689303,-4.532852982072,0.2697900781639042
SOFX,2026-09-22T13:35:05.000Z,2026-09-22T19:50:05.000Z,9.776889205068118,8.971803401555256,8.40825758615508,1.1146031126985818,-0.6281299199932958,-6.281299201256295,375,session_close,0,-8.49108442816744,-0.4681333073334031
GMEU,2026-09-22T13:35:05.000Z,2026-09-22T19:50:05.000Z,9.240506329113906,8.672396946678278,8.828225717592405,1.1530837264633644,0.1796836198558673,1.7968362365356527,375,session_close,3.0856873245893146,-2.679731429582355,0.3113326061451076
SOFA,2026-09-22T13:35:05.000Z,2026-09-22T19:50:05.000Z,8.957654723127039,13.423933633676684,12.536713539676818,0.7449381083071475,-0.6609240584763503,-6.609240765121884,375,session_close,0,-8.521597803544656,-0.4842097703996462
VFF,2026-09-22T13:35:05.000Z,2026-09-22T19:50:05.000Z,8.680555555555557,3.140645105710947,2.9893876862866073,3.184059214658198,-0.48161258010348795,-4.816125806424072,375,session_close,0,-4.796629375188354,-0.3820871057589841
OMER,2026-09-22T13:40:05.000Z,2026-09-22T19:50:05.000Z,9.464575446187151,20.274063564165154,21.085755463129267,0.4932410302160393,0.40035974846307265,4.003597485009352,370,session_close,4.419126106610594,-1.993007286804327,0.46857897870523857
AKAN,2026-09-22T13:40:05.000Z,2026-09-22T19:50:05.000Z,8.986928104575153,3.350687762129387,3.138880846415686,2.9844619072359406,-0.6321296716366743,-6.3212967232463395,370,session_close,1.7701511475041176,-7.183234583947873,-0.4178246670130328
VRDN,2026-09-22T13:45:05.000Z,2026-09-22T19:50:05.000Z,2.5718257645968468,22.164479240498423,22.115517936629086,0.4511723414381,-0.022089986106591106,-0.2208998611610784,365,session_close,0.29561154489865515,-2.8174776123654155,0
MASK,2026-09-22T13:55:05.000Z,2026-09-22T19:50:05.000Z,-2.5045330915684394,0.8661038476266877,0.8961824497808613,11.545959464377228,0.34728632121721764,3.472863241122351,355,session_close,6.511476946771455,-3.695151304821609,0.6292547908085577
VEEA,2026-09-22T14:05:05.000Z,2026-09-22T19:50:05.000Z,-2.754820936639124,3.5508065404452434,3.519110497742088,2.8162615519385765,-0.08926434641349983,-0.8926434696490383,345,session_close,7.862818105538016,-6.50011589807149,-0.1408130775969294
VLN,2026-09-22T16:55:05.000Z,2026-09-22T19:50:05.000Z,5.932203389830515,1.8904374958680665,1.8889924228167558,5.289780777731896,-0.0076441196492417025,-0.07644119704931776,175,session_close,0,-2.139054899008863,0.05289780777731856
OMAH,2026-09-22T16:55:05.000Z,2026-09-22T19:50:05.000Z,-0.5485463521667455,18.143662146111954,18.096316668770225,0.5511566471900777,-0.02609477455128103,-0.2609477456119549,175,session_close,0,-0.40599381491315256,-0.02204626588760128
FAMI,2026-09-22T16:55:05.000Z,2026-09-22T19:50:05.000Z,9.715994020926754,0.1478305191560291,0.1391691890687773,67.64503056400578,-0.5858959384770916,-5.8589593926204975,175,session_close,0.4528705221310103,-5.8381173287499255,-0.5749827597940484
SKIL,2026-09-22T13:35:05.000Z,2026-09-22T19:55:05.000Z,8.585858585858585,6.501426490458479,6.008756150555249,1.538123975096465,-0.7580373943498739,-7.580373975865834,380,session_close,0.5933084008276079,-7.558748701991758,-0.5898683502876221
OPEX,2026-09-22T13:40:05.000Z,2026-09-22T19:55:05.000Z,9.445585215605746,5.372194618161993,5.168845704666188,1.861436499996141,-0.37852108981564986,-3.785211220910268,375,session_close,0,-5.8113050690037245,-0.37228729999922905
ZEO,2026-09-23T13:35:05.000Z,2026-09-23T13:45:05.000Z,8.207431604736627,0.5323067259089274,0.46790522736829454,18.786161271675894,-1.209856937721928,-12.098569378522432,10,stop,0,-12.08076523908691,-0.817198015317901
EDVA,2026-09-23T13:30:05.000Z,2026-09-23T14:10:05.000Z,8.369470945359915,0.2517583100923252,0.30033971961591516,39.720634933522575,1.929684432242474,19.296844463952002,40,take_profit,19.32078821542649,0,1.521300317953914
GRML,2026-09-23T13:40:05.000Z,2026-09-23T14:20:05.000Z,8.833922261484094,15.433086295767671,12.467504713450904,0.6479585358570852,-1.9215739000427106,-19.21573900050077,40,stop,5.228466223594008,-19.199570578311743,-1.6911717785869929
HAO,2026-09-23T13:35:05.000Z,2026-09-23T15:55:05.000Z,8.771929824561386,3.150702510663282,2.749110116350235,3.173895318529358,-1.274612220267176,-12.746122268093925,140,stop,1.2472611807594847,-12.717878292448715,-1.5869476592646787
RUN,2026-09-23T13:30:05.000Z,2026-09-23T19:50:05.000Z,-1.7064846416382062,8.661956567410963,8.348325806133262,1.154473572292811,-0.36207842535318047,-3.620784274740871,380,session_close,0.20830666199507242,-3.832350864698275,-0.4271552217483414
ONDS,2026-09-23T13:30:05.000Z,2026-09-23T19:50:05.000Z,0.38860103626943143,7.761561350206076,7.47849937231998,1.288400560965818,-0.36469721109653963,-3.646972111849379,380,session_close,2.0413244532263786,-3.885318128652937,-0.2319121009738474
OLB,2026-09-23T13:30:05.000Z,2026-09-23T19:50:05.000Z,-2.9563585171281215,0.20869133058501615,0.20564054058730308,47.91757869791455,-0.1461864698062269,-1.4618671456839716,380,session_close,6.5688734537054705,-3.206328967407801,-0.33063129301561034
EPOW,2026-09-23T13:30:05.000Z,2026-09-23T19:50:05.000Z,-0.5955572300068046,6.902816195312306,6.238433248661662,1.4486839671947347,-0.9624809228903839,-9.624810046395648,380,session_close,7.782096313856579,-9.746981178047509,-1.30381557047526
JDST,2026-09-23T13:35:05.000Z,2026-09-23T19:50:05.000Z,8.29244357212955,22.104446150838488,22.46505779119452,0.4523976728202509,0.16313986688896284,1.63139866927792,375,session_close,2.4680729181754124,-0.2915528866849426,0.11762339493326657
IONL,2026-09-23T13:35:05.000Z,2026-09-23T19:50:05.000Z,8.08656036446469,14.302865542003794,14.315672260272356,0.699160596165583,0.008953952779572666,0.08953952780267899,375,session_close,6.062662446554201,-1.4882719926203825,0.09788248346318085
XNDU,2026-09-23T13:35:05.000Z,2026-09-23T19:50:05.000Z,-2.768166089965396,5.631127943819544,5.3289228154700545,1.7758431523979035,-0.5366689077989697,-5.366689078360844,375,session_close,0,-5.880312916402019,-0.4617192196234541
INFQ,2026-09-23T13:35:05.000Z,2026-09-23T19:50:05.000Z,-0.2844950213371278,14.04280948232703,13.817224053151966,0.7121082154090206,-0.16064123739213287,-1.6064123739552603,375,session_close,2.1875289133529208,-2.512385308445886,-0.14242164308180527
AIXC,2026-09-23T13:40:05.000Z,2026-09-23T19:50:05.000Z,9.929078014184412,1.5704522345146759,1.6388637297545778,6.367592421250928,0.4356165186160437,4.356165296618748,370,session_close,6.975555389570842,-3.849352001040496,0.4457314694875638
FLYE,2026-09-23T13:40:05.000Z,2026-09-23T19:50:05.000Z,8.888888888888879,1.4918393052681658,1.43936227167303,6.703126266921897,-0.35176018230169676,-3.5176063138853046,370,session_close,13.953292019908027,-7.496739419133491,-0.20109378800765576
QUBT,2026-09-23T13:45:05.000Z,2026-09-23T19:50:05.000Z,2.643171806167399,9.331867449577754,9.218137396689137,0.9419489851763854,-0.10712790790248894,-1.2187276930702924,365,session_close,2.0160225318112346,-1.305927781724625,-0.1318728579246944
NXXT,2026-09-23T13:40:05.000Z,2026-09-23T19:55:05.000Z,8.882189239332106,0.9498555191452092,0.9008191394728976,10.527916733223918,-0.5054544606529007,-5.054544700465729,375,session_close,2.0892104593601024,-5.912006406589542,-0.5242902533145504
GLNDW,2026-09-23T13:40:05.000Z,2026-09-23T19:55:05.000Z,7.8947368421052655,0.8276897831735635,0.9014802984141781,12.081812525113557,0.852664321187796,8.526649360227484,375,session_close,11.732682799839855,-4.891903222281635,0.825518695505437
HQ,2026-09-23T13:40:05.000Z,2026-09-23T19:55:05.000Z,3.430749682338008,16.33337889158456,14.956608411455504,0.5566460740208057,-0.7663738825915782,-8.429183509839525,375,session_close,0,-8.469643058958965,-0.9407318650951613
LGHL,2026-09-23T13:30:05.000Z,2026-09-24T13:35:05.000Z,1.6752577319587791,7.92243119753559,7.188411144005475,1.2622387525199419,-0.9265085566924729,-9.265085871095282,1445,time,0,-11.264612784686545,-1.1360148772679466
ZKIN,2026-09-24T13:35:05.000Z,2026-09-24T14:00:05.000Z,8.235294117647074,1.8706224262470916,1.5896604355483497,5.345814001582161,-1.5019705437897315,-15.019706101910568,25,stop,0,-15.001553617107334,-0.7484139602215034
GRML,2026-09-24T13:35:05.000Z,2026-09-24T14:05:05.000Z,9.606791778373559,12.282458020810175,14.23715077273039,0.814169279693663,1.5914507898533052,15.91450789905716,30,take_profit,15.937705432195749,0,1.489929781839404
BTLN,2026-09-24T13:35:05.000Z,2026-09-24T14:10:05.000Z,7.625368731563409,0.7482851629656752,0.6528723798399716,13.363889032351869,-1.2750858459597574,-12.750858609511182,35,stop,0,-12.693711925173135,-1.130585012136967
KYTX,2026-09-24T13:35:05.000Z,2026-09-24T14:30:05.000Z,9.54738330975955,7.761565548871075,6.798621980421484,1.2883998638564291,-1.2406563624918765,-12.406563629288057,55,stop,0,-12.388809226908293,-1.4430078475192012
ATCH,2026-09-24T14:00:05.000Z,2026-09-24T14:55:05.000Z,6.61577608142494,0.21044258675521402,0.18406283664673065,47.51889885652214,-1.2535366772653502,-12.535366778763365,55,stop,4.731653130822044,-12.517707162503001,-1.3447848376395761
HUHU,2026-09-24T13:35:05.000Z,2026-09-24T16:40:05.000Z,9.322033898305083,6.501454096229596,5.717349487710435,1.5381174424926622,-1.2060449751022013,-12.06044981497121,185,stop,0,-12.019681822913842,-0.9382516399205247
ORCZ,2026-09-24T13:35:05.000Z,2026-09-24T19:50:05.000Z,9.313725490196067,17.894335392206358,17.39607801147935,0.5588360605882199,-0.27844419180448593,-2.7844419466062837,375,session_close,4.669995221826495,-3.7125457729807576,-0.25147622726469976
KHC,2026-09-24T14:00:05.000Z,2026-09-24T19:50:05.000Z,0.10508617065994041,23.83479867315912,23.81523198617134,0.41955462407579636,-0.008209294003566708,-0.0820929400583283,350,session_close,0.525287956310172,-0.6494649914263517,0.012586638722273946
DKNG,2026-09-24T14:00:05.000Z,2026-09-24T19:50:05.000Z,-2.1882352941176464,20.804171911450005,21.38571592225974,0.4806728208849262,0.27953240014465,2.7953240017675087,350,session_close,3.1523873737509644,-0.5968606295820189,0.2547565950690096
IOVA,2026-09-24T14:00:05.000Z,2026-09-24T19:50:05.000Z,2.3552502453385804,10.442103449016635,10.637869731064313,0.9576614564147846,0.18747782278268724,1.874778228385722,350,session_close,2.852840449607097,-2.701595999254358,0.19153229128295557
LBTYA,2026-09-24T14:00:05.000Z,2026-09-24T19:50:05.000Z,0.5801687763713037,9.551914387934188,9.508064273308321,1.0469105556170981,-0.045907147866839824,-0.45907147871067255,350,session_close,0.39872229292508,-1.2763345962165218,-0.07328373889319728
OPTU,2026-09-24T14:00:05.000Z,2026-09-24T19:50:05.000Z,-0.4901960784313597,1.0202084968588965,1.0397170000391325,9.801917962631075,0.19122074774640072,1.9122074791868935,350,session_close,4.88052229464917,0,0.09801917962631101
KRG,2026-09-24T14:50:05.000Z,2026-09-24T19:50:05.000Z,-0.3037667071688954,24.635033090369845,24.745030630315327,0.40592598168767746,0.0446508593855993,0.4465085942526355,300,session_close,0.6290509497660635,-0.22339361253531642,0.044651857985645194
MAC,2026-09-24T14:50:05.000Z,2026-09-24T19:50:05.000Z,-0.6616674018526836,22.544527030744554,22.735440396482964,0.44356663524887147,0.08468279926462385,0.8468279927898102,300,session_close,1.310619508018518,-0.2862203791481499,0.0931489934022629
UNG,2026-09-24T14:50:05.000Z,2026-09-24T19:50:05.000Z,1.4719411223551138,11.042208447926223,11.617667966243289,0.9056159415100428,0.5211453134816255,5.211453134858544,300,session_close,5.413695592624368,0,0.4980887678305219
TSSI,2026-09-24T14:50:05.000Z,2026-09-24T19:50:05.000Z,10.183189655172441,10.242053219250002,10.267920430624475,0.9763667289077506,0.025255884555659896,0.25255884558240493,300,session_close,1.835049835483682,-1.9727804076456246,-0.0195273345781537
CCL,2026-09-24T14:50:05.000Z,2026-09-24T19:50:05.000Z,-1.0550458715596345,21.58432220284738,21.78563645411226,0.4632992366146772,0.09326873893067546,0.9326873893604384,300,session_close,2.203811603080452,-0.5759838167676001,0.07412787785834851
NIO,2026-09-24T14:55:05.000Z,2026-09-24T19:50:05.000Z,-2.588555858310615,3.5807194901873394,3.619261478741676,2.792734819201901,0.10763755343697681,1.0763755345806234,295,session_close,1.3762739568879745,-0.2993669349614092,0.11170939276807523
WVE,2026-09-24T14:55:05.000Z,2026-09-24T19:50:05.000Z,-2.1518987341772156,3.8707907481190227,3.9291956388812594,2.583451455240389,0.15088620003285652,1.5088620016625314,295,session_close,2.3046777179657196,-1.3121543225684373,0.20667611641923145
LABT,2026-09-24T14:55:05.000Z,2026-09-24T19:55:05.000Z,-1.6853932584269704,1.7706207154171416,1.7987124520133797,5.6477366296438385,0.1586547297648802,1.5865473814712456,300,session_close,3.353585782987367,-2.2941511450447316,-0.11295473259287725
KITT,2026-09-25T13:30:05.000Z,2026-09-25T13:35:05.000Z,9.867751780264511,3.2506620830068993,2.3695253641399314,3.076296378114295,-2.710637696873967,-27.10637698926572,5,stop,0,-27.09177578348214,-1.3228074425891467
GLNDW,2026-09-25T13:40:05.000Z,2026-09-25T13:45:05.000Z,9.532267613972767,1.7003681153966488,1.3697039306485346,5.881079440178924,-1.9446623385256598,-19.446623454885202,5,stop,0,-19.429211381065148,-1.1174050936339945
GIPR,2026-09-25T13:30:05.000Z,2026-09-25T14:10:05.000Z,1.138484509145199,0.546989977147987,0.6778642330292415,18.281869697146135,2.3926260927320553,23.926262152669516,40,take_profit,23.95108289462651,0,2.2998592079009814
BENF,2026-09-25T13:40:05.000Z,2026-09-25T14:25:05.000Z,9.655172413793123,1.600327727109249,1.9796034760076375,6.248720071965103,2.369987984950956,23.699879872949083,45,take_profit,23.724657547274507,0,2.936898433823597
WHLR,2026-09-25T13:40:05.000Z,2026-09-25T15:35:05.000Z,19.11764705882353,4.48089995321286,5.168962739132907,2.2316945485599646,1.5355459684047523,15.35545968676891,115,take_profit,15.378608180998254,-1.5822703910633673,1.4059675655927784
FRVO,2026-09-25T13:35:05.000Z,2026-09-25T18:35:05.000Z,3.470975463794135,17.31347308425055,15.216938055112209,0.5775848641144177,-1.2109268999159852,-12.109269000715312,300,stop,0,-12.091583670493634,-1.2244799119225647
USDE,2026-09-25T13:30:05.000Z,2026-09-25T19:50:05.000Z,9.353023909985936,15.57336000990229,17.24648943237259,0.6421221855496412,1.0743535214640392,10.743535251265275,380,session_close,11.53662401020281,-6.571221684027007,1.3291929240877582
PL,2026-09-25T13:30:05.000Z,2026-09-25T19:50:05.000Z,1.759364358683313,17.95364021078964,17.4664959940182,0.5569901076840478,-0.2713345097571858,-2.7133450991107666,380,session_close,1.0937046019912522,-3.1951192296083675,-0.11139802153681089
QBTS,2026-09-25T13:30:05.000Z,2026-09-25T19:50:05.000Z,-0.17162471395879564,17.483606157970396,17.41650571040614,0.5719643817555788,-0.03837906600661323,-0.38379066056499994,380,session_close,2.6104102203282853,-1.221751142415306,0
LFS,2026-09-25T13:30:05.000Z,2026-09-25T19:50:05.000Z,4.235294117647048,2.2304984761973947,2.1094897888027044,4.483302747849161,-0.5425185807102352,-5.425185835633867,380,session_close,0.425982079970022,-7.1956326314562835,-0.40349724730642755
TSUI,2026-09-25T13:35:05.000Z,2026-09-25T19:50:05.000Z,9.249394673123511,22.606923109925376,22.863717153762465,0.44234235794540955,0.11359088285723512,1.1359088655649316,375,session_close,1.1637005566632164,-3.082786217905953,-0.026540541476725465
MGN,2026-09-25T13:35:05.000Z,2026-09-25T19:50:05.000Z,8.92388451443571,4.20153419082605,3.8479917136616404,2.3800828321716327,-0.8414603803424422,-8.414604311357527,375,session_close,4.009626044262382,-9.080830322864465,-0.9282323045469365
TNON,2026-09-25T13:35:05.000Z,2026-09-25T19:50:05.000Z,0.6756756756756799,3.0007475429263355,3.049349869970652,3.332502896169282,0.1619673956357508,1.6196739762025842,375,session_close,5.307092809225833,-0.6914124773756414,0.1333001158467706
AMZE,2026-09-25T13:35:05.000Z,2026-09-25T19:50:05.000Z,1.5813253012048278,0.1361972,0.1345662238125,32.6,-0.05316982371249981,-1.1975108060224398,375,session_close,1.7642066063032313,-2.4943244060817604,0.009780000000000122
STLU,2026-09-25T13:40:05.000Z,2026-09-25T19:50:05.000Z,9.610983981693355,24.024883881488893,23.382888065240987,0.4162351020120633,-0.26722119406726513,-2.672211942479199,370,session_close,0,-7.137948678329343,-0.2539034122273591
ACTU,2026-09-25T13:40:05.000Z,2026-09-25T19:50:05.000Z,9.564516129032263,0.695484205752489,0.6759481318459808,14.378456669827056,-0.2808985921632678,-2.808988866306592,370,session_close,4.071378474637588,-7.330749617430343,-0.2890069790635241
AMC,2026-09-25T13:40:05.000Z,2026-09-25T19:50:05.000Z,0.687285223367673,2.940591294447475,2.909414588114597,3.400676597468379,-0.10602189561236186,-1.0602189563625097,370,session_close,0,-3.7608522699600244,-0.06801353194936688
WT,2026-09-25T13:45:05.000Z,2026-09-25T19:50:05.000Z,3.4597749062109218,24.854983463499842,24.395087433171533,0.40233380213666,-0.18503171846954536,-1.8503171848964532,365,session_close,0,-3.52035423714836,-0.14081683074783058
GENI,2026-09-25T14:10:05.000Z,2026-09-25T19:50:05.000Z,7.758620689655182,6.261280271562172,6.398715710565142,1.5971174515512403,0.2195005380932493,2.195005382959485,340,session_close,4.132057937302291,-0.49958267647340904,0.2395676177326873
LION,2026-09-25T14:10:05.000Z,2026-09-25T19:50:05.000Z,-2.2768670309653904,10.752270645888682,10.857803301394302,0.2612684919526922,0.02757235775571625,0.981491807462752,340,session_close,1.9319580110341406,-2.346208109866932,0.0339649039538501
YMAT,2026-09-25T13:35:05.000Z,2026-09-25T19:55:05.000Z,9.090909090909104,1.5807151802894401,1.5796029468500845,6.326249650368595,-0.007036266406851786,-0.07036267211351559,380,session_close,5.01575620321697,-5.73886943205224,-0.0632624965036861
PMAX,2026-09-28T13:30:05.000Z,2026-09-28T13:40:05.000Z,9.259259259259256,1.7803784752139193,1.519691684464334,5.61678323591083,-1.4642211961056655,-14.642212000359239,10,stop,0,-14.624894584991754,-1.9097063002096828
CSAI,2026-09-28T13:35:05.000Z,2026-09-28T13:55:05.000Z,9.206798866855536,3.8811870584367925,4.469094925018645,2.576531232681091,1.5147629801870506,15.147630292744543,20,take_profit,15.170949833074033,0,1.3913268656477875
LOBO,2026-09-28T13:30:05.000Z,2026-09-28T14:00:05.000Z,8.340775138417577,0.6137392736304972,0.5337636865305294,16.293563681569005,-1.3030873213841934,-13.030873293619011,30,stop,0,-12.976075843965651,-1.2317934143266172
CRMT,2026-09-28T13:35:05.000Z,2026-09-28T14:45:05.000Z,8.962264150943366,1.1705610682429264,1.0790399400369357,8.542910687035459,-0.7818568242405001,-7.818569290312097,70,rotation_for_stronger_continuation,0,-11.153716946942838,-0.6834328549628346
KNDI,2026-09-28T14:45:05.000Z,2026-09-28T15:05:05.000Z,19.047619047619047,0.7048423855730167,1.0197959013633744,13.078302369097415,4.05377046087597,43.97600439180368,20,take_profit,44.71320409750461,-2.687464028942743,1.917103933855616
DLXY,2026-09-28T14:30:05.000Z,2026-09-28T16:20:05.000Z,15.999999999999993,2.920680801597152,2.5494453455347865,3.423859230784318,-1.2710579430335567,-12.710579528559174,110,stop,0,-12.691588940306254,-1.2668279153901985
AMPU,2026-09-28T14:30:05.000Z,2026-09-28T19:20:05.000Z,7.582938388625582,2.280470119786582,1.9895769245089963,4.385060738339823,-1.2755843296619613,-12.755843312904672,290,stop,0,-12.73729119563145,-1.096265184584956
SCYX,2026-09-28T13:30:05.000Z,2026-09-28T19:50:05.000Z,4.328018223234631,4.610939190445526,4.549018202577237,2.1687555570296597,-0.13429148653611822,-1.342914866381183,380,session_close,8.0040268221107,-3.4903776388769847,-0.2819382224138547
SSPC,2026-09-28T13:30:05.000Z,2026-09-28T19:50:05.000Z,0.43859649122808264,9.171840791745689,9.428058508477168,1.0902936744729737,0.2793525558402397,2.7935255588176506,380,session_close,2.9237228855481634,-2.854833590017569,0.41431159629972925
NEXR,2026-09-28T13:30:05.000Z,2026-09-28T19:50:05.000Z,2.684563758389258,1.5403663291815328,1.509425698254162,6.491962152427277,-0.20086540495271185,-2.008654067621105,380,session_close,0,-5.217351720758212,0
NASA,2026-09-28T13:35:05.000Z,2026-09-28T19:50:05.000Z,-0.44824775876119993,24.455181994188045,24.184994799796083,0.4089112882934339,-0.11048259373920566,-1.1048259401879488,375,session_close,0,-1.4932704008288833,-0.032712903063472965
JDST,2026-09-28T13:40:05.000Z,2026-09-28T19:50:05.000Z,9.960159362549792,24.8849999094863,25.034353530041074,0.40184850449837095,0.06001752906135285,0.6001752907294124,370,session_close,0.783604947651062,-2.1498891357534355,0.08036970089967355
SDEV,2026-09-28T13:40:05.000Z,2026-09-28T19:50:05.000Z,9.731543624161066,1.650331359346317,1.579640773365903,6.059389189760515,-0.4283417725075562,-4.283417725784103,370,session_close,5.433371919273244,-10.92697889578641,-0.3635633513856291
AMPX,2026-09-28T13:40:05.000Z,2026-09-28T19:50:05.000Z,9.282051282051285,10.67213738323381,9.568076170047503,0.9370194217210142,-1.0345267995244352,-10.345267995901317,370,session_close,0,-11.264260757384903,-0.9557598101554348
SLXN,2026-09-28T13:40:05.000Z,2026-09-28T19:50:05.000Z,1.4598540145985606,0.26597261935107064,0.241123061890929,37.597854338447846,-0.9342900417612955,-9.34290060411875,370,session_close,1.4766108851773874,-9.501962800806963,-1.0038627108365592
VLY,2026-09-28T14:30:05.000Z,2026-09-28T19:50:05.000Z,-2.0259938837920433,12.832573085148589,12.82742752813568,0.7792669430003808,-0.004009762483484007,-0.040097624839280054,320,session_close,0.6033623524889231,-0.799318145067085,0.023378008290011465
LBRT,2026-09-28T14:45:05.000Z,2026-09-28T19:50:05.000Z,1.5047518479408772,19.243862545497034,18.96619308441857,0.5196461975780705,-0.14428987963297576,-1.4428987965487057,305,session_close,0,-2.878125657921171,-0.12991154939451732
TRT,2026-09-28T14:45:05.000Z,2026-09-28T19:50:05.000Z,1.045856798069189,6.301336346040152,6.328528985498289,0.581684115440646,0.015817526429702567,0.4315376606618497,305,session_close,3.6288120710068705,-3.03644077276386,0.029084205772032412
LINK,2026-09-28T13:30:05.000Z,2026-09-28T19:55:05.000Z,9.369369369369384,6.101297792350582,5.917774921277174,1.6389955568814798,-0.30079317027544844,-3.0079317109139847,385,session_close,4.895715924961275,-6.085554335933107,-0.3933589336515535
ONCY,2026-09-28T13:35:05.000Z,2026-09-28T19:55:05.000Z,-0.4683155275867046,0.6842357366018172,0.6678186799269142,14.614845391233105,-0.25080119435196135,-2.508012068520927,380,session_close,4.1892379869751695,-2.4166724591060174,-0.28229690782466044
TGHL,2026-09-28T13:40:05.000Z,2026-09-28T19:55:05.000Z,9.289617486338809,0.8059669599999999,0.7785645999999999,5,-0.13492784999999963,-3.348222860152968,375,session_close,0,-3.395543658514233,-0.13000000000000034
NYXH,2026-09-28T13:40:05.000Z,2026-09-28T19:55:05.000Z,8.965517241379327,1.5904098880753959,1.5696561818752268,6.287687171733028,-0.04030122161685196,-0.4030122221714258,375,session_close,2.4893024258364704,-2.5408473864745096,0.11287687171732941
