symbol,opened_at,closed_at,entry_day_change_pct,entry_price,exit_price,quantity,realized_pnl,return_pct,minutes_held,exit_reason,mfe_pct,mae_pct,nbbo_pnl
NNVC,2026-08-03T13:30:05.000Z,2026-08-03T13:35:05.000Z,9.210526315789469,1.6904276794928073,1.569534736313655,5.91566263795381,-0.7151618671571843,-7.151618767590509,5,stop,0,-7.124095337159886,-0.4140963846567658
TOPS,2026-08-03T13:30:05.000Z,2026-08-03T13:35:05.000Z,9.206349206349195,0.6957596931021042,0.6430858406499803,14.37277846252948,-0.7570696120623415,-7.57069617201781,5,stop,0,-7.511169965753539,-0.3463839609469588
NRXS,2026-08-03T13:30:05.000Z,2026-08-03T13:45:05.000Z,9.599999999999987,6.882371672658433,6.328178600820871,1.4529874259695381,-0.805235564939411,-8.052356051028204,15,stop,0,-8.025891348658742,-0.5811949703878163
SDST,2026-08-03T13:30:05.000Z,2026-08-03T14:00:05.000Z,9.425925925925904,0.5999364441734361,0.5642712243821542,16.668431016851954,-0.5944832557918454,-5.944833013173545,30,stop,5.311155229194986,-5.923368136502605,-0.09501005679605612
MUZ,2026-08-03T13:30:05.000Z,2026-08-03T14:25:05.000Z,9.010989010989,14.913008942929645,14.057185250282856,0.6705554884747162,-0.5738772742710029,-5.738772744802386,55,stop,1.9244342853185215,-5.7198982860803715,-0.7174943726679466
PUSA,2026-08-03T14:05:05.000Z,2026-08-03T14:25:05.000Z,-1.3245033112582627,2.990614497170544,2.829385660512191,3.3437943934679866,-0.5391160800835672,-5.391160806947658,20,stop,0,-5.370618557574147,-0.4681312150855188
RUBI,2026-08-03T13:30:05.000Z,2026-08-03T14:45:05.000Z,9.4170403587444,2.461267997404479,2.2595189053947475,4.062945760037498,-0.819695617972353,-8.196957512245115,75,stop,8.074374785886507,-8.177410896201698,-1.0563658976097479
NNVC,2026-08-03T14:00:05.000Z,2026-08-03T18:40:05.000Z,6.25,1.6303895010854967,1.5385512275875837,6.133503620005057,-0.5632903829544643,-5.632903881972258,280,stop,0.5894603043079316,-5.544043372784002,-0.5520153258004541
KIDZ,2026-08-03T13:45:05.000Z,2026-08-03T19:30:05.000Z,-0.2730026552312803,0.5631184003210545,0.5304542762258614,17.758254698543855,-0.5800578351872833,-5.800578364438123,345,stop,8.893618047357732,-5.774700365414209,-0.6126597870997621
OWL,2026-08-03T13:45:05.000Z,2026-08-03T19:50:05.000Z,3.592233009708723,10.682137359295515,11.21775531789859,0.9361422403956839,0.5014145957628449,5.01414595775614,365,session_close,5.784073167406212,0,0.47743254260179846
INFQ,2026-08-03T13:45:05.000Z,2026-08-03T19:50:05.000Z,2.1363173957273496,10.052017891075415,10.95777120436212,0.9948251293207693,0.9010661570231605,9.010661571651877,365,session_close,9.03283419074221,0,0.9251873702683167
QUBT,2026-08-03T13:45:05.000Z,2026-08-03T19:50:05.000Z,1.4814814814814836,8.231655649078018,8.688237693481764,1.2148224396099363,0.5546661130646505,5.546661131954479,365,session_close,6.053999002956334,-0.14159544051532968,0.5709665466166705
RGTI,2026-08-03T13:45:05.000Z,2026-08-03T19:50:05.000Z,0.936454849498336,15.10302296163279,16.086775376833145,0.6621191019182774,0.6513612656623954,6.513612656879662,365,session_close,7.726777886332803,0,0.6422555288607281
BXMT,2026-08-03T13:45:05.000Z,2026-08-03T19:50:05.000Z,-0.4126547455295615,14.492927063896355,14.597056837396675,0.6899917423071985,0.07184868384353985,0.7184868387264577,365,session_close,1.63578368302304,-0.15819484770241976,0.07589909165379005
MYGN,2026-08-03T14:00:05.000Z,2026-08-03T19:50:05.000Z,5.4195804195804165,3.030610487023424,3.0793746768596297,3.299665212614848,0.1609055008238744,1.6090550087187354,350,session_close,1.9596551002140306,-2.98984272018471,0.19797991275689064
QYLD,2026-08-03T14:00:05.000Z,2026-08-03T19:50:05.000Z,0.4510854243022111,17.833636170978746,17.89637539016568,0.5607381408985413,0.03518027312830749,0.35180273156537534,350,session_close,0.42820111551633566,-0.18861083996701833,0.05046643268086903
PTRN,2026-08-03T14:00:05.000Z,2026-08-03T19:50:05.000Z,4.257167680278018,24.044999677927205,24.555073524118676,0.4158868836501082,0.21213302232399542,2.1213302267569074,350,session_close,3.763777642731947,0,0.14556040927753777
QBTS,2026-08-03T14:00:05.000Z,2026-08-03T19:50:05.000Z,7.411504424778781,19.433887913580605,20.095975386733922,0.5145650754121549,0.3406870905525797,3.406870905592922,350,session_close,3.4790366674231965,-0.5860274284129163,0.3550499020343878
NWL,2026-08-03T14:05:05.000Z,2026-08-03T19:50:05.000Z,12.767857142857132,6.321266887591218,6.468703402527094,1.5819613658006615,0.2332388705368481,2.332388705582058,345,session_close,4.567646288998994,-4.607729633485036,0.1581961365800666
AMZG,2026-08-03T13:50:05.000Z,2026-08-03T19:55:05.000Z,9.760178471834923,19.71395341063069,19.674513879353416,0.5072549270328781,-0.02000589656026474,-0.20005896562587364,365,session_close,0.5886520422977659,-3.2157599108905033,-0.005072549270328963
RAIN,2026-08-04T13:30:05.000Z,2026-08-04T13:45:05.000Z,-2.5316455696202556,1.550319622284352,1.4596936608001683,6.450282795535162,-0.5845630801902628,-5.845630809384261,15,stop,0,-5.825871064656251,-0.2580113118214058
BANL,2026-08-04T14:05:05.000Z,2026-08-04T14:30:05.000Z,1.103752759381904,4.661181686930524,4.238913624589934,2.1453786906001233,-0.9059249026665069,-9.059249149729279,25,stop,0,-9.035942282865184,-0.9439666238640552
ARAI,2026-08-04T13:40:05.000Z,2026-08-04T14:55:05.000Z,-0.23932987634622815,0.2542164239583856,0.24086000177379874,39.336556865942434,-0.5253956607895369,-5.253957229283221,75,stop,0.7409340483535143,-5.120213617872449,-0.3304270776739173
IQMX,2026-08-04T13:30:05.000Z,2026-08-04T15:15:05.000Z,1.6000000000000014,10.192287196308548,9.677828683410878,0.9811340430774312,-0.5047527607548942,-5.0475276352495,105,stop,0,-5.026224108893729,-0.5101897024002646
VTGN,2026-08-04T13:30:05.000Z,2026-08-04T15:35:05.000Z,7.755102040816331,0.2658651526458658,0.30773747017240694,37.61305229326828,1.5749456687661259,15.749456861808195,125,take_profit,15.772976238819725,-1.754706323652666,1.6173612486105355
F,2026-08-04T13:30:05.000Z,2026-08-04T19:50:05.000Z,0.485100485100487,14.522914204949755,14.24714724791035,0.6885670367164646,-0.1898840364329397,-1.8988403645971899,380,session_close,0,-3.5317581424184286,-0.02065701110149476
SNAP,2026-08-04T13:30:05.000Z,2026-08-04T19:50:05.000Z,5.753968253968256,5.341082810056099,5.748849306902432,1.872279526456609,0.7634528636203236,7.634528640495851,380,session_close,8.592212595540726,0,0.617852243730681
MBGL,2026-08-04T13:30:05.000Z,2026-08-04T19:50:05.000Z,-2.0657276995305174,20.94507117833199,21.085763961313845,0.4774392893075334,0.06717226231755585,0.6717226300352891,380,session_close,1.4558500139329356,-0.6926268098915167,-0.042969536037677614
ALP,2026-08-04T13:35:05.000Z,2026-08-04T19:50:05.000Z,-0.46511627906977715,0.19432848285357068,0.1930417506873029,51.45924467589491,-0.0662142653763185,-0.6621428559380877,375,session_close,3.175817078281651,-1.0438422735483233,0.056605169143484346
MTUS,2026-08-04T13:40:05.000Z,2026-08-04T19:50:05.000Z,-2.5672371638141955,19.97428633491351,21.32563068411929,0.5006436676091266,0.6765419911892491,6.765419933145409,370,session_close,10.141607220007142,-4.176801718593781,0.5957659644548592
KIM,2026-08-04T13:45:05.000Z,2026-08-04T19:50:05.000Z,-1.6332152695789026,25.015017049061328,25.064972715296957,0.3997598714076599,0.01997027071043906,0.19970270712849117,365,session_close,1.2591754397804467,-0.020056148878433433,-0.011992796142230588
PFE,2026-08-04T13:45:05.000Z,2026-08-04T19:50:05.000Z,-0.3795445465441416,24.944989511477402,25.30493486745101,0.40088210882099967,0.14429565336302524,1.442956533647744,365,session_close,2.70599628118513,-0.5010605894217535,0.13629991699913901
SRAD,2026-08-04T13:45:05.000Z,2026-08-04T19:50:05.000Z,1.296596434359798,12.512519332339206,12.907411595489526,0.7991995641808861,0.31559772460813934,3.155977246961783,365,session_close,3.4164236338556364,-2.4177331862923035,0.27971984746331024
GPUS,2026-08-04T13:45:05.000Z,2026-08-04T19:50:05.000Z,0.5714285714285783,0.1235331036515907,0.12747262912021654,80.94996014870969,0.318904429690088,3.1890443550554344,365,session_close,4.749250342609468,-3.345745819879653,0.3723698166840652
BCAL,2026-08-04T13:55:05.000Z,2026-08-04T19:50:05.000Z,-0.39627039627038174,21.456789208875136,21.58545185171748,0.4660529370889122,0.059963602590295755,0.5996360480119023,355,session_close,1.2733069634288885,0,-0.018642117483555154
IRT,2026-08-04T13:55:05.000Z,2026-08-04T19:50:05.000Z,1.6408114558472464,17.053429278806583,17.03658105907808,0.586392322285224,-0.009879666692967774,-0.09879666695214188,355,session_close,0.21444790133129388,-3.0107098719707737,0
MFA,2026-08-04T13:55:05.000Z,2026-08-04T19:50:05.000Z,-0.3275109170305823,9.15267434778716,9.068172066265952,1.0925768087402363,-0.09232523307571118,-0.923252355653173,355,session_close,0,-1.0125384588774877,-0.06555460852441541
STVN,2026-08-04T13:55:05.000Z,2026-08-04T19:50:05.000Z,-1.651287032540072,20.304133255893323,19.726027254339694,0.4925105576595539,-0.28472330921151245,-2.847233094206726,355,session_close,0.4229027805545682,-4.305198576450453,-0.28073101786594634
CMTG,2026-08-04T14:05:05.000Z,2026-08-04T19:50:05.000Z,-1.96629213483146,1.7611847724736902,1.7395598041265257,5.677994138795917,-0.12278644352684749,-1.2278648262891216,345,session_close,1.6361274510588109,-1.2028705224344516,-0.05677994138795839
FLGT,2026-08-04T14:40:05.000Z,2026-08-04T19:50:05.000Z,0.9085746734809774,17.80379714106265,18.62580008424432,0.561677932654138,0.46170091376189876,4.6170091507378865,310,session_close,5.70778722586982,-0.5830056377313597,0.39317455285789826
TNON,2026-08-04T14:40:05.000Z,2026-08-04T19:50:05.000Z,7.113155706209939,0.20497561534698835,0.19716069010611043,48.78626341082044,-0.38126100133734003,-3.812612162499724,310,session_close,2.207279458755429,-4.037365777865409,-0.2097809326665292
VNRX,2026-08-05T13:30:05.000Z,2026-08-05T13:35:05.000Z,8.658008658008654,0.8566956419269928,0.7952342684419346,11.672756864505706,-0.717423669249662,-7.174236739060698,5,stop,0,-7.154891297114407,-0.29648802435844424
FGL,2026-08-05T13:30:05.000Z,2026-08-05T13:55:05.000Z,-2.8687572590011534,0.8417111603922545,0.7977778168267613,11.88055552165197,-0.5219525274816529,-5.219527271685377,25,stop,0,-5.169369546196512,-0.4740341653139115
DBGI,2026-08-05T13:45:05.000Z,2026-08-05T14:00:05.000Z,10.77207582061952,24.07484718503258,21.205715299220792,0.41537127610268726,-1.1917549727165526,-11.917549730473635,15,stop,3.385910650657009,-11.899752314164914,-2.064395242230354
VTIX,2026-08-05T13:45:05.000Z,2026-08-05T14:15:05.000Z,-2.9585798816567976,1.660391227746905,1.9595705730920994,6.022676914221942,1.8018605364225357,18.018605515711535,30,take_profit,18.04446851117456,0,1.3852156902710462
ARVN,2026-08-05T13:55:05.000Z,2026-08-05T14:15:05.000Z,-2.833333333333321,8.7726187936432,8.30817809696632,1.139910435051961,-0.5294207966047796,-5.294208121905667,20,stop,0,-5.273440058496803,-0.44456506967026677
VNRX,2026-08-05T14:10:05.000Z,2026-08-05T14:15:05.000Z,13.929208046855113,0.8992813967202123,0.8464223960752877,11.11998984181573,-0.5877915502200933,-5.877915504280173,5,stop,0,-5.858165965886508,-0.5115195327235238
CTOR,2026-08-05T13:30:05.000Z,2026-08-05T14:55:05.000Z,-0.3030303030303161,0.6632603349999999,0.82782480046603,10.15,1.6703293244802055,24.81144383012594,85,take_profit,24.83785872707134,0,2.177175
CTXR,2026-08-05T13:30:05.000Z,2026-08-05T17:40:05.000Z,2.9397590361445847,0.6443988966598528,0.7416251865295704,15.518323257138888,1.5087889952905658,15.087904460059725,250,take_profit,15.115032605581957,-0.17053049990445324,1.3485422910453693
CRCD,2026-08-05T13:30:05.000Z,2026-08-05T17:40:05.000Z,5.789473684210522,6.05124733360233,5.668803930782988,1.6525518518720053,-0.6320075535653344,-6.32007554369244,250,stop,2.6234701317879194,-6.300309879671895,-1.1237352592729621
GME,2026-08-05T13:40:05.000Z,2026-08-05T19:50:05.000Z,-0.676730869338904,19.093829834746927,19.016181030456323,0.5237293976800049,-0.04066696150169053,-0.406669615067474,370,session_close,1.1845196443590833,-0.7532791272979011,-0.010474587953599013
CLSK,2026-08-05T13:55:05.000Z,2026-08-05T19:50:05.000Z,0.635144671841914,14.272862884578764,13.567283952194156,0.700630285571912,-0.49434996889015254,-4.943499689518888,355,session_close,0.19013084929553337,-4.924470236018152,-0.46241598847746346
MNTN,2026-08-05T14:20:05.000Z,2026-08-05T19:50:05.000Z,0,10.072205822907685,10.377903372322633,0.9928311766165819,0.30350605767444816,3.035060589406201,330,session_close,3.5522921531107476,-0.9154481603024567,0.208494547089483
CWVX,2026-08-05T14:20:05.000Z,2026-08-05T19:50:05.000Z,0.05265929436546468,19.043854719513398,18.71619932367009,0.5251037745413336,-0.17205308510615602,-1.7205308519161004,330,session_close,1.5025596692533005,-2.2256771318418633,-0.13652698138074726
CWK,2026-08-05T14:25:05.000Z,2026-08-05T19:50:05.000Z,-1.6335227272727293,13.873318532019686,14.137156095521412,0.72080806643386,0.19017624400029973,1.9017624578631813,325,session_close,1.9222615509390417,-2.1142636589991493,0.18020201660846347
PRCT,2026-08-05T14:25:05.000Z,2026-08-05T19:50:05.000Z,5.032822757111588,19.223859277172014,19.346119365209248,0.5201869122231406,0.06359809768421773,0.6359809769436617,325,session_close,1.4364478996987673,-3.245234311056544,0.20287289576702427
OLN,2026-08-05T14:25:05.000Z,2026-08-05T19:50:05.000Z,-1.942257217847776,18.70376963243793,18.68625295000902,0.5346515805810234,-0.009365321947151813,-0.09365321950142831,325,session_close,0.5144971813338506,-0.5013408220945204,0.016039547417429745
CALY,2026-08-05T14:45:05.000Z,2026-08-05T19:50:05.000Z,0.4598875830352567,19.67394246427032,19.19614307474605,0.5082865326712533,-0.24285899501373176,-2.4285899503467365,305,session_close,0.18327559814290684,-3.3239014775911735,-0.22872893970206398
CMTG,2026-08-05T14:50:05.000Z,2026-08-05T19:50:05.000Z,-2.8901734104046284,1.6906826883183417,1.679373449896716,5.914769959707364,-0.06689154368339922,-0.6689154919350621,300,session_close,1.1425746424879035,-1.2233335362837439,0
ETH,2026-08-05T14:50:05.000Z,2026-08-05T19:50:05.000Z,0.05595970900951208,17.903742303729636,18.27609001602303,0.5585424438869402,0.20797200120006334,2.079720015942296,300,session_close,2.157413180538792,-0.41188206621068923,0.22900240199364497
UNG,2026-08-05T14:50:05.000Z,2026-08-05T19:50:05.000Z,-0.3070624360286489,9.751965880907482,9.7079263637395,1.025434268211974,-0.04515963005955913,-0.4515963007438728,300,session_close,0.5951017446250262,-0.5328759507785219,-0.020508685364237778
OMH,2026-08-05T13:30:05.000Z,2026-08-06T13:35:05.000Z,0.6363636363636349,0.11164092960087572,0.11047782865115464,89.57287819353522,0.037589285840642195,0.3758928813903064,1445,session_close,4.979419661765938,-2.4551296828813074,-0.11733118074836213
GVH,2026-08-06T13:30:05.000Z,2026-08-06T13:35:05.000Z,7.954545454545459,0.9601130849809152,0.8930877850711428,10.415437897125157,-0.6980978487464223,-6.980979736476006,5,stop,0,-6.958876618397847,-0.3645403263993785
CODX,2026-08-06T13:40:05.000Z,2026-08-06T13:50:05.000Z,1.324503311258285,1.5503961254726293,1.448684512234643,6.449964427623822,-0.6560362872612437,-6.5603629657536775,10,stop,0,-6.47551447163377,-0.644996442762384
GCDT,2026-08-06T13:30:05.000Z,2026-08-06T15:15:05.000Z,-2.8858218318695172,0.39016491999999997,0.4528784146875,14.350000000000001,0.8999386487656257,16.07358618696423,105,take_profit,16.156009105072798,-1.6569711085250738,0.8853949999999999
HTZ,2026-08-06T13:45:05.000Z,2026-08-06T18:15:05.000Z,7.371794871794868,1.6803364799401272,1.9696055241877577,5.951189014109993,1.7214947582485955,17.21494758347075,270,take_profit,17.23842358467358,-1.2102623601227713,1.7258448140918983
AISP,2026-08-06T13:30:05.000Z,2026-08-06T19:50:05.000Z,-1.0471204188481575,1.9105271399630774,1.8978313490858534,5.23415741192356,-0.0664517679202538,-0.6645176931362207,380,session_close,7.300229194316388,-3.1680858490315433,0.20936629647694183
SNOA,2026-08-06T13:30:05.000Z,2026-08-06T19:50:05.000Z,10.619469026548689,1.2603499735690649,1.2195403170492634,7.934303958249261,-0.32379621925985386,-3.2379622625163815,380,session_close,2.3525232715300604,-4.78835044508833,-0.15868607916498512
OPTU,2026-08-06T13:40:05.000Z,2026-08-06T19:50:05.000Z,0.3698507843387322,0.7914182081679354,0.8054131437720132,12.635542320399265,0.17683360109658788,1.7683363182248353,370,session_close,4.710757403265808,-0.8994243617939324,0.0657048200660757
JOBY,2026-08-06T13:40:05.000Z,2026-08-06T19:50:05.000Z,3.589743589743599,8.091619854008076,8.168364396834301,1.2358464905624371,0.09484447392160829,0.9484447392595956,370,session_close,5.912044246059889,-0.2671882070357845,0
OKLL,2026-08-06T13:40:05.000Z,2026-08-06T19:50:05.000Z,-2.6666666666666727,2.930587588486089,2.8493632623374867,3.4122849759555844,-0.27716054779899124,-2.7716054782911894,370,session_close,4.757148773223663,-3.7735636675925943,-0.44359704687422585
DVLT,2026-08-06T13:40:05.000Z,2026-08-06T19:50:05.000Z,10.23008849557523,0.3122629589853959,0.3134339472477797,32.02429141496742,0.03750006935808403,0.3750006937065279,370,session_close,3.43846130501384,-3.959150014323054,0.1857408902068105
TPVG,2026-08-06T13:45:05.000Z,2026-08-06T19:50:05.000Z,6.70995670995671,4.951215169945993,5.168246862192687,2.019706182242383,0.4383402505731745,4.3834025546714726,365,session_close,5.8326051310987115,-1.6403078266315485,0.4847294837381728
TRIN,2026-08-06T13:50:05.000Z,2026-08-06T19:50:05.000Z,1.1020881670533722,17.453632990824843,17.646364043296348,0.5729466173718781,0.11042460457607056,1.104246047644184,360,session_close,1.698024756971539,-0.6510563782599288,0.1317777219955314
CMPS,2026-08-06T13:55:05.000Z,2026-08-06T19:50:05.000Z,-0.2945508100147376,13.55275561116216,13.437181926515745,0.737857324374661,-0.08527688972132497,-0.8527688977969029,355,session_close,0.9388820435383582,-1.4960471285645371,-0.09592145216870485
TCPC,2026-08-06T14:05:05.000Z,2026-08-06T19:50:05.000Z,2.571428571428558,3.600759392793528,3.8691050214675577,2.777191943715016,0.7452473180846567,7.4524731980451175,345,session_close,8.032766859828278,-0.021089795531681332,0.916473341425954
GVH,2026-08-06T14:10:05.000Z,2026-08-06T19:50:05.000Z,3.7045454545454604,0.9184074056689712,0.9585654572615055,10.888413878002908,0.43725748627370814,4.372574888296237,340,session_close,9.97298081065805,-0.2621282944923031,0.4573133828761211
AESI,2026-08-06T14:15:05.000Z,2026-08-06T19:50:05.000Z,0.09372071227740086,10.702178818000188,11.047766037411023,0.9343891709036838,0.3229129554201991,3.2291295565869738,335,session_close,4.37127046702841,-0.5809921424187792,0.308348426398215
ABCL,2026-08-06T14:15:05.000Z,2026-08-06T19:50:05.000Z,3.378378378378377,6.131265158454224,6.4486992873201086,1.630984752474757,0.517730224095365,5.177302247778077,335,session_close,6.177107526063352,0,0.5708446633661648
IMRX,2026-08-06T14:15:05.000Z,2026-08-06T19:50:05.000Z,2.05011389521641,4.491090854378203,4.428559844205856,2.226630504684524,-0.1392334547384848,-1.392334561911327,335,session_close,0,-3.364235088473211,-0.08906522018738094
RNA,2026-08-06T14:15:05.000Z,2026-08-06T19:50:05.000Z,3.066439522998299,12.142983419054437,12.005904423754997,0.8235208385360024,-0.11288740915466758,-1.128874104236521,335,session_close,0.05778300688901172,-2.165723282152965,-0.1482337509364804
NXDR,2026-08-06T14:15:05.000Z,2026-08-06T19:50:05.000Z,1.224489795918382,2.4905097473718465,2.50947552195094,4.015242261507462,0.07615217961219983,0.7615217968573459,335,session_close,3.1917262203866814,-1.6265644980749339,0.12045726784522337
ARDT,2026-08-06T14:15:05.000Z,2026-08-06T19:50:05.000Z,1.344086021505353,11.342525940479481,11.387578298585058,0.8816378293353425,0.03971986320663968,0.39719863407844047,335,session_close,0.41854926997426656,-2.2263642314298004,0.07053102634682595
AQB,2026-08-06T14:05:05.000Z,2026-08-07T13:30:05.000Z,8.091726437013836,1.080417048656688,1.2697432595559996,9.25568445418694,0.6625885447658797,6.625885923867685,1405,session_close,17.547201016406188,-3.7408747582185597,0.7561368908373876
SBFM,2026-08-07T13:30:05.000Z,2026-08-07T13:45:05.000Z,6.428571428571428,1.5003082583966785,1.3597265947086437,6.665296903300769,-0.9370185276407287,-9.370185287006885,15,stop,0,-9.351962012568027,-0.1999589070990222
FEMY,2026-08-07T13:50:05.000Z,2026-08-07T14:00:05.000Z,-1.6949152542372836,2.9308291218579376,2.6789104788210025,3.4120036854631683,-0.859547338478903,-8.595473586574593,10,stop,0,-8.558299082920595,-0.6482807002380024
AZIO,2026-08-07T13:35:05.000Z,2026-08-07T14:15:05.000Z,0,1.4807674535632,1.3989321203966338,6.753253743137421,-0.5526547700280112,-5.526548612994177,40,stop,0,-5.454431981797536,-0.33766268715687175
ZCMD,2026-08-07T13:50:05.000Z,2026-08-07T15:10:05.000Z,5.555555555555536,1.1502396901567753,1.0896796200762051,8.69384013437936,-0.5264995678072878,-5.264995687317656,80,stop,0,-5.237142368871373,-0.5216304080627605
ATOS,2026-08-07T13:35:05.000Z,2026-08-07T15:20:05.000Z,-2.4793388429752095,2.380714933954983,2.259091608345005,4.200418771631977,-0.5108688999604585,-5.108689153637134,105,stop,1.2300954485284565,-5.070532898890356,-0.5460544403121581
VTAK,2026-08-07T14:15:05.000Z,2026-08-07T15:20:05.000Z,3.694126339120807,0.28218317297644707,0.2676800928997341,35.43797319652185,-0.5139597630255643,-5.139597773933705,65,stop,0,-5.097105126692869,-0.42525567835826195
CPOP,2026-08-07T16:10:05.000Z,2026-08-07T18:00:05.000Z,7.521776650738543,0.3873981193385002,0.36711310522342333,25.813238024915883,-0.523621897691258,-5.236219047659411,110,stop,4.621055128524643,-5.2137886918473875,-0.5085207890908432
XBIO,2026-08-07T13:30:05.000Z,2026-08-07T19:50:05.000Z,-1.1102230246251565e-14,2.8607829127234243,2.909391885704413,3.4955465350723873,0.16991492707712294,1.6991493050660678,380,session_close,9.760163416620982,-0.7264764002536395,0.3495546535072389
UAVS,2026-08-07T13:30:05.000Z,2026-08-07T19:50:05.000Z,19.710467706013368,0.8629322450484749,0.9139777473905746,11.588393582971625,0.5915353717807512,5.915354610399596,380,session_close,10.054990464129766,-1.0466922635354203,0.6918270969034062
ZYME,2026-08-07T13:35:05.000Z,2026-08-07T19:50:05.000Z,1.2970168612191912,23.53546111174846,23.875127367701758,0.4248907585898785,0.1443210531593802,1.4432105423409018,375,session_close,2.6111189635658727,0,0.09347596688977333
RKT,2026-08-07T13:40:05.000Z,2026-08-07T19:50:05.000Z,-0.03782148260211837,13.232648242467995,13.577282632498639,0.7557066292722449,0.2604424932213537,2.6044249323018835,370,session_close,3.229525562090352,0,0.21915492248895063
CDE,2026-08-07T13:40:05.000Z,2026-08-07T19:50:05.000Z,9.361022364217252,17.133426791599756,17.466504892423004,0.5836544038470117,0.19440250037048715,1.9440250037228393,370,session_close,2.0227897934006034,-2.179521914336713,0.2626444817311544
EQX,2026-08-07T13:40:05.000Z,2026-08-07T19:50:05.000Z,8.65921787709496,11.682338372567244,11.567684374522536,0.855993011046115,-0.09814302101476564,-0.9814302101875607,370,session_close,0.23678159757563044,-2.245598134559035,-0.09415923121507319
AGBK,2026-08-07T13:50:05.000Z,2026-08-07T19:50:05.000Z,-1.2578616352201255,6.33133268820083,6.1385978297365,1.5794462983220188,-0.304414358759105,-3.0441435943417434,360,session_close,0,-4.28555410942929,-0.30009479668118466
AQN,2026-08-07T13:50:05.000Z,2026-08-07T19:50:05.000Z,-0.9565217391304337,5.70114784180417,5.708807982386274,1.7540327447578596,0.013436137410458486,0.1343613741418014,360,session_close,0.6814795769887416,-1.0725531682549638,0.05262098234273438
GLUE,2026-08-07T13:50:05.000Z,2026-08-07T19:50:05.000Z,1.8459579885423238,16.04413027172809,15.936751301701836,0.6232808935485894,-0.06692726038629063,-0.6692726137699709,360,session_close,0.036584895363600545,-2.456538715735812,-0.02493123574194378
VEL,2026-08-07T13:50:05.000Z,2026-08-07T19:50:05.000Z,0.1098297638659762,18.336165159311708,18.43497468244977,0.5453702807882521,0.053887777378358113,0.5388777984903957,360,session_close,1.547950938608067,-1.1243635597763535,-0.043629622463058126
HRZN,2026-08-07T14:15:05.000Z,2026-08-07T19:50:05.000Z,1.091703056768556,4.641699322407372,4.648445443751103,2.1543832757641344,0.014533730999209975,0.14533731883848938,335,session_close,1.25602012416417,-0.25204826066381747,0.043087665515283646
CRBP,2026-08-07T14:15:05.000Z,2026-08-07T19:50:05.000Z,1.0266940451745254,9.882029833437024,10.017945564180152,1.0119378465112205,0.13753827187520076,1.3753827202913502,335,session_close,1.902141257729828,-0.3241220070865136,0.13155192004645677
CORZ,2026-08-07T16:10:05.000Z,2026-08-07T19:50:05.000Z,0.9026128266033329,21.254258304535593,21.025775363505193,0.47049395259692767,-0.10749984202636359,-1.0749984203478054,220,session_close,0,-1.2433193421724997,-0.0752790324155086
GT,2026-08-07T16:10:05.000Z,2026-08-07T19:50:05.000Z,-2.8846153846153855,6.571327712392381,6.498662825254965,1.5217624859774952,-0.11057869929350767,-1.105786993401383,220,session_close,0.13197161954447978,-1.6941433643985815,-0.12174099887819878
LITU,2026-08-10T13:30:05.000Z,2026-08-10T13:35:05.000Z,9.945571499257788,22.39472794721972,19.305891640997242,0.4465336663164652,-1.3792694004689314,-13.79269403719617,5,stop,0,-13.77434883107248,-0.6028204495272291
SLI,2026-08-10T13:30:05.000Z,2026-08-10T13:35:05.000Z,9.282700421940927,2.6206255604717805,2.4694966119462656,3.8158827641385944,-0.5766903498409013,-5.7669035517728755,5,stop,0,-5.747694853615936,-0.11447648292415913
AWX,2026-08-10T13:30:05.000Z,2026-08-10T13:35:05.000Z,9.23076923076922,2.880739356753307,2.6991742501914335,3.4713310077744928,-0.6302725843381116,-6.302725935139917,5,stop,0,-6.274061425571187,-0.17356655038872404
QNTM,2026-08-10T13:30:05.000Z,2026-08-10T13:40:05.000Z,0,3.4711467489089185,3.2092870170099874,2.880892192772137,-0.7543896572290355,-7.543896897509192,10,stop,0,-7.523356625328637,-0.5473695166267056
VIVK,2026-08-10T13:35:05.000Z,2026-08-10T13:45:05.000Z,9.523809523809511,1.390279644211306,1.8596276256744237,7.192797534839566,3.375925069635114,33.75925070438345,10,take_profit,33.78603417984751,0,2.373623186497058
GME.WS,2026-08-10T13:35:05.000Z,2026-08-10T13:55:05.000Z,9.15032679738561,1.7110497806062106,1.5996038767328418,5.84436383607923,-0.651330410276679,-6.513305757468054,20,stop,0,-6.490154866614484,-0.467549106886338
TNXP,2026-08-10T13:45:05.000Z,2026-08-10T14:10:05.000Z,12.302576891105588,13.552731189353945,12.657337169599959,0.7378586542544192,-0.6606742264431313,-6.606742266513364,25,stop,1.3079932610579936,-6.587094341952349,-0.6935871349991523
QNTM,2026-08-10T14:15:05.000Z,2026-08-10T14:20:05.000Z,5.362318840579694,3.670740158062297,3.3593138349314517,2.7242462190228713,-0.8484019832934,-8.484019835804457,5,stop,0,-8.465327009861955,-1.1169409497993783
WYHG,2026-08-10T14:00:05.000Z,2026-08-10T14:25:05.000Z,11.28668171557563,4.9611720727201485,5.71883232344858,2.015652706184769,1.5271799347493933,15.27179947848525,25,take_profit,15.295335782695307,0,1.4109568943293382
SERV,2026-08-10T14:15:05.000Z,2026-08-10T16:45:05.000Z,0.5899705014749346,5.131059031373146,4.859006557165478,1.948915404318432,-0.5302072577662674,-5.3020725847089505,150,stop,0,-5.282711224248116,-0.5067180051227922
SMCL,2026-08-10T13:35:05.000Z,2026-08-10T17:15:05.000Z,9.22014622258327,13.492717339960667,12.807261136913379,0.7411405534670359,-0.5080193897038797,-5.080193898505591,220,stop,1.8327120757726911,-5.05989507346084,-0.6225580649123099
GCL,2026-08-10T14:00:05.000Z,2026-08-10T17:20:05.000Z,1.1856171039844599,0.526648309738703,0.6334701601090198,18.988003160772088,2.028333632471098,20.28333679136206,200,take_profit,20.307990794532536,0,2.496922415641528
STDN,2026-08-10T13:35:05.000Z,2026-08-10T19:45:05.000Z,9.834123222748815,9.311873344333746,10.847762710840959,1.073897767696078,1.6493881621202393,16.493881625245667,370,take_profit,16.517907823587397,-1.0940155709456056,1.2671993658813712
GENC,2026-08-10T13:30:05.000Z,2026-08-10T19:50:05.000Z,6.219765031098823,15.563646062886779,15.956498004037968,0.6425229588994582,0.25241639163785795,2.524163936675403,380,session_close,3.7032064002509024,-0.15193138414504315,-0.3855137753396747
TTD,2026-08-10T13:30:05.000Z,2026-08-10T19:50:05.000Z,-2.3188405797101463,13.492970568113094,13.13737027495978,0.7411266410932693,-0.2635448508364975,-2.635448520088504,380,session_close,0,-4.913451524750534,-0.3335069884919708
MPG,2026-08-10T13:35:05.000Z,2026-08-10T19:50:05.000Z,9.518599562363228,5.041060966175722,5.258398825716038,1.9837093907372303,0.4311351529328538,4.311351538864526,375,session_close,5.731710760155195,-0.41778836473188585,0.23804512688846557
BOIL,2026-08-10T13:35:05.000Z,2026-08-10T19:50:05.000Z,9.100418410041833,20.874180741919655,20.675529756557562,0.4790607173037904,-0.09516588354066906,-0.9516588354682631,375,session_close,0.36322028163759956,-1.026055798633263,-0.07664971476860671
CSQR,2026-08-10T13:45:05.000Z,2026-08-10T19:50:05.000Z,1.2081784386617223,21.85464741047348,21.705459482536714,0.4575685795877395,-0.06826370827766368,-0.6826370846196737,365,session_close,1.625981800814702,-3.0869745816634264,-0.07321097273403865
RYN,2026-08-10T14:00:05.000Z,2026-08-10T19:50:05.000Z,-1.8357044515832865,21.414405006187977,21.59562226952678,0.46697538340626843,0.0846240010274716,0.846240011274824,350,session_close,1.100170626939878,-0.20736044814294585,0.10273458434937943
GME,2026-08-10T14:00:05.000Z,2026-08-10T19:50:05.000Z,0.13048016701462384,19.20386186595445,18.816229999441497,0.5207285944624646,-0.2018509970181525,-2.0185099706438074,350,session_close,0.7609830515633575,-1.9988784997197917,-0.19266957995111333
BCIC,2026-08-10T14:00:05.000Z,2026-08-10T19:50:05.000Z,-0.6666666666666599,7.482642383957283,7.566540471833253,1.3364262175808992,0.1121236042423526,1.1212361031157498,350,session_close,1.4347554050276434,-1.3717398038071038,0.14700688393389783
CTMX,2026-08-10T14:15:05.000Z,2026-08-10T19:50:05.000Z,-1.3005780346820761,3.42152821726537,3.4392858830376456,2.9226702988243964,0.051899802329080355,0.5189980805263746,335,session_close,0.5398693671856858,-1.5060000676117014,0.05845340597648807
PTEN,2026-08-10T14:15:05.000Z,2026-08-10T19:50:05.000Z,9.473150962512666,10.822181048606247,10.997793268669064,0.9240281558690392,0.16227063585271265,1.6227063590424176,335,session_close,1.8279028091036098,-0.9441816593837693,0.16632506805642677
QMLS,2026-08-11T13:30:05.000Z,2026-08-11T13:35:05.000Z,6.218487394957983,6.351353902889357,5.868813470684994,1.5744674481584913,-0.7597442029260977,-7.5974420506601765,5,stop,0,-7.578760532779938,-0.8817017709687551
AKAN,2026-08-11T13:30:05.000Z,2026-08-11T13:45:05.000Z,0.39920159680637557,5.051206031613649,4.4590432860273825,1.9797252071539817,-1.172319514174642,-11.723195250404295,15,stop,0,-11.704254942552472,-0.811687334933131
TDIC,2026-08-11T13:35:05.000Z,2026-08-11T13:45:05.000Z,11.007462686567159,3.000610113257835,2.809421235298714,3.33265556526713,-0.6371666781476437,-6.371666785843859,10,stop,4.978650377871596,-6.352378551803417,-0.6998576687060982
MTEK,2026-08-11T13:30:05.000Z,2026-08-11T13:50:05.000Z,4.201680672268915,1.2615005116947893,1.2084199886866915,7.927058379614143,-0.5181861604076377,-5.181867717582914,20,stop,0,-10.424134629808613,-0.4463529189807076
BKD,2026-08-11T13:45:05.000Z,2026-08-11T14:40:05.000Z,-0.9495982468955444,13.582718797644565,12.8074302961105,0.7362296274087463,-0.5707903646187104,-5.707903646422479,55,stop,0,-5.688984725050517,-0.48591155408977293
PSKY,2026-08-11T13:30:05.000Z,2026-08-11T19:50:05.000Z,0.21574973031284195,9.313105366312188,9.328124088115143,1.073755655207939,0.0161264374699174,0.16126438188148454,380,session_close,0.18140709272895794,-1.858728743028637,0.10737556552079397
TRIP,2026-08-11T13:30:05.000Z,2026-08-11T19:50:05.000Z,-2.0408163265306145,10.6022984052842,10.837802024046741,0.9431917100662992,0.22212506090744305,2.2212506171790625,380,session_close,3.8454076571981854,0,0.09431917100662801
RNW,2026-08-11T13:30:05.000Z,2026-08-11T19:50:05.000Z,10.2773246329527,6.771358231991022,6.818621520651841,1.476808589375985,0.06979883065645388,0.6979883066520578,380,session_close,1.0137075259832207,-0.3154202046218191,0.07384042946879887
ASPN,2026-08-11T13:35:05.000Z,2026-08-11T19:50:05.000Z,-0.5564387917328939,6.281419468609412,6.118648673540808,1.5919968394325181,-0.2591305913011356,-2.5913059282544353,375,session_close,0.4550011591076597,-4.320989387284135,-0.2865594310978512
CMRC,2026-08-11T13:45:05.000Z,2026-08-11T19:50:05.000Z,2.220446049250313e-14,2.12064400358395,2.199414458379125,4.715548516355936,0.3714459012420691,3.714459129493234,365,session_close,5.1567352290735835,-1.9165877683977262,0.4715548516355952
DSX,2026-08-11T13:45:05.000Z,2026-08-11T19:50:05.000Z,1.26050420168069,2.4329829317538203,2.3492666708572205,4.110175726453009,-0.3440885434466116,-3.440889773782866,365,session_close,0,-3.821766710331731,-0.2877123008517106
GNK,2026-08-11T13:45:05.000Z,2026-08-11T19:50:05.000Z,-0.31923383878690315,25.00510977115174,24.46498124222562,0.39991826000957026,-0.21600726146966345,-2.1600726166348014,365,session_close,0,-2.8598545565145295,-0.22395422560535927
JBIO,2026-08-11T13:45:05.000Z,2026-08-11T19:50:05.000Z,0.9894155545329131,22.04540377178169,22.40539663677024,0.4536092871226659,0.16329610685670318,1.6329610866522029,365,session_close,1.9260079453014889,-3.1090551975238134,0.18144371484906685
CLSK,2026-08-11T14:00:05.000Z,2026-08-11T19:50:05.000Z,2.329594477998276,11.872380577455106,11.527691786939899,0.8422910581116534,-0.2903282860822795,-2.903282861145378,350,session_close,0.5695523497056598,-3.052299200576869,-0.27795604917684713
CHMI,2026-08-11T14:00:05.000Z,2026-08-11T19:50:05.000Z,1.0752688172043001,2.83057612062664,2.8793615790973615,3.53284969792911,0.17235169222162147,1.7235169234707322,350,session_close,2.805926284567728,-0.3736384458828401,0.21197098187574603
ONDS,2026-08-11T14:00:05.000Z,2026-08-11T19:50:05.000Z,0.26852846401719255,9.341871671846159,9.628073691326392,1.0704493007915759,0.3063647516377532,3.0636475166188397,350,session_close,3.0842676743481956,-0.7693498088050199,0.29972580422164263
GAP,2026-08-11T14:00:05.000Z,2026-08-11T19:50:05.000Z,-1.6271501627150187,21.184279042793534,21.035789376069097,0.4720481624932545,-0.07009427432650628,-0.7009427435527965,350,session_close,0,-1.1059099170676379,-0.0377638529994595
OGI,2026-08-11T14:00:05.000Z,2026-08-11T19:50:05.000Z,9.999999999999986,1.1602351228053114,1.2297217379809169,8.61894265911004,0.5989011517741893,5.989011521009214,350,session_close,6.012994764889146,-1.7440536325417644,0.5171365595466035
SLMT,2026-08-11T13:45:05.000Z,2026-08-11T19:55:05.000Z,-0.7537688442211032,3.9717161105320864,3.8389321127863094,2.517803064940067,-0.33432395649931224,-3.343239900597731,370,session_close,0.4603523756249617,-3.316352600902306,-0.8308750114302246
PLUL,2026-08-11T14:00:05.000Z,2026-08-11T19:55:05.000Z,6.985769728331159,8.311726039990724,8.538079421465067,1.2031195368907668,0.13224262902800454,1.3224262923963817,355,session_close,4.551087923125263,-2.6676293097717574,0.08609358610672224
SCNX,2026-08-12T13:40:05.000Z,2026-08-12T13:45:05.000Z,-2.56660963089711,0.401388682738463,0.37192447731315825,24.913507489553677,-0.7340567025370781,-7.3405670594113515,5,stop,0,-7.32175170908147,-0.4633912393056985
WETH,2026-08-12T13:35:05.000Z,2026-08-12T13:55:05.000Z,8.715596330275233,1.2105520322165801,1.1097402481021754,8.260693109540238,-0.7629460503486722,-7.629461395163668,20,stop,0,-8.306295767598215,-0.6008554487632178
BMBL,2026-08-12T13:30:05.000Z,2026-08-12T14:55:05.000Z,-0.7194244604316502,2.7805959658485233,2.629363349509022,3.5963513189286433,-0.5438856192375956,-5.438856209134703,85,stop,0,-5.4159600207349,-0.5034891846500091
IVDA,2026-08-12T13:30:05.000Z,2026-08-12T16:35:05.000Z,0.3355704697986628,0.303668828775667,0.4158166296471256,32.9305907449409,3.69309348613572,36.93095730648988,185,take_profit,36.95841014595638,-3.6121023089169646,3.6520025136139456
BMNR,2026-08-12T13:30:05.000Z,2026-08-12T19:50:05.000Z,1.1608623548922115,18.32368162443728,17.926411754030184,0.5457418548863356,-0.21680679596642338,-2.168067960083307,380,session_close,0,-2.585078883959413,-0.11460578952613076
SMMT,2026-08-12T13:30:05.000Z,2026-08-12T19:50:05.000Z,2.0178630499503747,15.47379607490595,15.006985817404423,0.6462538242233428,-0.30167791409704486,-3.0167791745592316,380,session_close,1.1387246170304843,-2.9972999040493664,-0.3360519885961377
FGL,2026-08-12T13:30:05.000Z,2026-08-12T19:50:05.000Z,2.516469038208169,0.7842727533327035,0.7771177633949002,12.750664418316434,-0.0912308756133604,-0.912308875630159,380,session_close,4.797724580817397,-2.941929734860449,-0.11475597976484941
ZBAO,2026-08-12T13:30:05.000Z,2026-08-12T19:50:05.000Z,0.10256410256408444,0.19636147131604972,0.2070466112356192,50.92648562225813,0.5441566244857718,5.441566437629422,380,session_close,9.441021479265643,-3.2396738899000965,0.5347280990337104
KEY,2026-08-12T13:35:05.000Z,2026-08-12T19:50:05.000Z,0.3525782282943979,22.794563930010554,22.91541275485111,0.43870108812712844,0.05301651095643722,0.5301651095919926,375,session_close,0.7696399480512595,-0.45872309876868744,0.07896619586288445
JBI,2026-08-12T13:50:05.000Z,2026-08-12T19:50:05.000Z,-0.8893280632410905,5.03101746820097,4.839029985104427,1.9876695039512349,-0.38160766529135065,-3.8160766546730915,360,session_close,0,-4.591863766348226,-0.4372872908692713
BYND,2026-08-12T13:50:05.000Z,2026-08-12T19:50:05.000Z,-1.8354684896880413,0.41068238131769325,0.4060170109885313,24.349717576483044,-0.11360044990479654,-1.1360044991929936,360,session_close,1.148726825623747,-2.722878269531326,-0.09009395503298911
PSKY,2026-08-12T13:50:05.000Z,2026-08-12T19:50:05.000Z,0.4264392324093702,9.431903736981255,9.438101992216714,1.060231346191,0.00657158449232602,0.06571584494820883,360,session_close,1.4641398689989593,-0.8683690935067712,0.010602313461909318
MYSZ,2026-08-12T13:50:05.000Z,2026-08-12T19:50:05.000Z,-0.6704221507058739,0.3812921922306764,0.4093823435912083,26.226605481508297,0.7367093176485234,7.367093251030365,360,session_close,11.305714789786192,-3.512317457204661,0.48781486195605517
REFI,2026-08-12T13:55:05.000Z,2026-08-12T19:50:05.000Z,1.3685239491691092,10.402324563730174,10.42751421511176,0.9613235855297343,0.024215405984390405,0.24215406111644497,355,session_close,0.650579933890838,-1.9449937606794143,0.0480661792764856
CIFR,2026-08-12T14:00:05.000Z,2026-08-12T19:50:05.000Z,6.362579895409648,18.323666250321676,17.876420417656963,0.545742312872495,-0.24408097514102525,-2.4408097514702405,350,session_close,0.744030958738584,-4.495095244966141,-0.2182969251489979
CORZ,2026-08-12T14:00:05.000Z,2026-08-12T19:50:05.000Z,7.818825910931171,21.32427331918649,21.135765532199965,0.46894915711507784,-0.08840056781695883,-0.8840056782470231,350,session_close,0.5895942099953588,-3.7247380358412574,-0.0844108482807151
GLXY,2026-08-12T14:00:05.000Z,2026-08-12T19:50:05.000Z,6.458022851465484,21.454295263655574,21.29573200225408,0.46610713037258833,-0.07390746675436867,-0.7390746675799965,350,session_close,1.238468721899899,-1.884449051749859,-0.12118785389687403
AMTM,2026-08-12T14:05:05.000Z,2026-08-12T19:50:05.000Z,-1.827909050378962,22.044446471536663,22.415507065777117,0.4536289903849917,0.16832384273695228,1.6832384279621624,345,session_close,1.8850712763411437,-0.5645252726002581,0.14516127692319714
NOK,2026-08-12T14:05:05.000Z,2026-08-12T19:50:05.000Z,8.421610169491522,10.242048502429226,10.287941176095911,0.9763671786488854,0.0448081003085956,0.44808100309035326,345,session_close,2.225643605541494,0,0.00976367178648907
RKT,2026-08-12T14:10:05.000Z,2026-08-12T19:50:05.000Z,-2.7932960893854775,13.932793288443436,13.9772024335766,0.7177311678947781,0.03187382760163455,0.3187382760497801,340,session_close,1.2000946837792625,-1.2401912873189591,0.050241181752634034
MFIC,2026-08-12T14:10:05.000Z,2026-08-12T19:50:05.000Z,-1.0245901639344246,9.682196086674534,9.617657123003486,1.0328235298620927,-0.06665736027237276,-0.6665736067860851,340,session_close,0,-1.2620699434367944,-0.04131294119448192
BLOX,2026-08-12T14:10:05.000Z,2026-08-12T19:50:05.000Z,3.416149068322971,13.364419673517942,13.187191247593429,0.7482554283409235,-0.13261213175433406,-1.3261213749198342,340,session_close,0.19140618977078194,-2.053360192374931,-0.16461619423500373
LEGN,2026-08-12T14:10:05.000Z,2026-08-12T19:50:05.000Z,-2.33623453962436,21.35433962373117,20.63584165120986,0.46828888973273647,-0.33646461782722764,-3.3646461805020773,340,session_close,0,-4.281750875194756,-0.3043877783262783
FSK,2026-08-12T14:10:05.000Z,2026-08-12T19:50:05.000Z,-1.346938775510198,12.102847942078094,12.147526073583014,0.5984115670537791,0.02673591068689403,0.3691538695581487,340,session_close,0.5548450930167981,-0.18878153462259517,0.02992057835268902
IPWR,2026-08-13T13:30:05.000Z,2026-08-13T13:35:05.000Z,8.447488584474883,4.771198796456964,4.279123702932955,2.0959092877190977,-1.0313447587722155,-10.313447720715784,5,stop,0,-10.295081328862732,-0.775486436456065
SMTK,2026-08-13T13:30:05.000Z,2026-08-13T13:35:05.000Z,0.07639419404126269,0.13171039617729843,0.12117370541297962,75.92411025946849,-0.7999888713600652,-7.999893000196531,5,stop,0,-7.979929058257584,-0.8731272679838877
HYLN,2026-08-13T13:30:05.000Z,2026-08-13T13:45:05.000Z,4.113110539845777,4.071034402534803,4.689057265479757,2.4563781274286813,1.5180978427888399,15.180978636784465,15,take_profit,15.204135761658089,0,0.7614772195028934
FRGT,2026-08-13T13:45:05.000Z,2026-08-13T13:55:05.000Z,10.950413223140497,2.700555951785901,2.3095342323398245,3.70294123372047,-1.4479304482171533,-14.47930449978236,10,stop,0,-14.462057397019413,-1.4071176688137772
FWDI,2026-08-13T13:35:05.000Z,2026-08-13T15:50:05.000Z,-1.8181818181818188,4.340908688208803,4.109051421608463,2.3036651306528584,-0.5341215003556864,-5.3412150140391805,135,stop,0,-5.319362944353534,-0.645026236582801
ONDS,2026-08-13T14:25:05.000Z,2026-08-13T15:55:05.000Z,-2.40532241555782,9.5419084775634,9.028192211799322,1.0480083752022589,-0.5383789489983831,-5.383789490037735,90,stop,0,-5.364843718288526,-0.4716037688410175
GSUN,2026-08-13T13:30:05.000Z,2026-08-13T16:00:05.000Z,4.902238594502695,0.3754010311211011,0.34138155157420674,26.638138913336675,-0.9062156219295884,-9.062169980007324,150,stop,14.197874928506815,-9.030617475892043,-1.1321209038168085
SPCB,2026-08-13T13:40:05.000Z,2026-08-13T16:05:05.000Z,3.767441860465137,11.213886166775774,10.647495506578368,0.8917514716058258,-0.5050797047348322,-5.050797304109387,145,stop,3.621526268274855,-5.028463446030351,-0.5707209418277284
LGHL,2026-08-13T13:30:05.000Z,2026-08-13T16:30:05.000Z,3.3079847908745075,0.8192488660479077,0.7406429326070025,12.206302747407037,-0.9594878213222153,-9.594878515987897,180,stop,2.4963274042415717,-9.575706393876192,-0.7384813162181256
ELMT,2026-08-13T13:45:05.000Z,2026-08-13T16:50:05.000Z,8.535144713526277,18.413973312418285,17.296414397872883,0.5430658444102244,-0.6069080756057725,-6.069080776780132,185,stop,2.4222186054810635,-6.049608596244827,-0.6951242808450875
AVIR,2026-08-13T14:25:05.000Z,2026-08-13T17:40:05.000Z,7.707509881422925,5.472467006982723,5.1676316367135335,1.8273292201504678,-0.5570345794282767,-5.5703464247518975,195,stop,0,-5.527068625480669,-0.5116521816421322
MDWD,2026-08-13T13:45:05.000Z,2026-08-13T18:10:05.000Z,1.581595974119332,14.203390529338144,13.477243395328422,0.7040572380793557,-0.5112491456101244,-5.112491503418227,265,stop,0,-5.093083428523116,-0.4928400666555479
SLGB,2026-08-13T13:30:05.000Z,2026-08-13T19:50:05.000Z,0.6239168110918625,0.585209186056186,0.5866782393720937,17.087903781284172,0.025103041711807963,0.2510304607157514,380,session_close,4.817219998509614,-4.854535221437628,0.1982196838628969
MLCO,2026-08-13T13:35:05.000Z,2026-08-13T19:50:05.000Z,-2.1739130434782483,5.431094563730968,5.5088869571527885,1.8412494718103176,0.14323520329878667,1.432352033443135,375,session_close,2.9258455069113953,-0.388403543400595,0.05523748415430774
HCAT,2026-08-13T13:35:05.000Z,2026-08-13T19:50:05.000Z,0,1.8021694112545703,1.7796383542088317,5.548861180681856,-0.12502170780082764,-1.2502185923827096,375,session_close,2.0991693960166646,-4.00458529613651,-0.1664658354204569
UAA,2026-08-13T13:35:05.000Z,2026-08-13T19:50:05.000Z,2.281368821292773,5.391104703928595,5.338923301456463,1.854907396356205,-0.09679166939779779,-0.9679166949606186,375,session_close,0.3504902447477143,-1.6899078933155454,-0.0927453698178109
CSQR,2026-08-13T13:35:05.000Z,2026-08-13T19:50:05.000Z,0.08703220191470518,23.05488050549425,22.84537261733708,0.43374763849994435,-0.09087355173528272,-0.9087355196104412,375,session_close,0.45595332615451234,-3.751398777747461,-0.26458605948496583
EVTL,2026-08-13T13:40:05.000Z,2026-08-13T19:50:05.000Z,0.5083514887436413,0.8320732552013286,0.8477743046105765,12.018172583100169,0.18869792153612397,1.8869792186084446,370,session_close,4.24562916520177,-0.9942940900470099,0.21272165472087146
YSWY,2026-08-13T13:45:05.000Z,2026-08-13T19:50:05.000Z,0.0914076782449813,22.025509917949883,24.49482683041812,0.4540189948658134,1.1211167826039827,11.211167966902986,365,session_close,12.369702641162327,-2.47671867748821,0.9988417887047909
MTW,2026-08-13T13:45:05.000Z,2026-08-13T19:50:05.000Z,1.6865079365079305,20.5442104380178,20.735676123666114,0.4867551381421536,0.09319690626722729,0.9319690636248545,365,session_close,1.0503667815964235,-1.9675150779695727,0.09735102762843084
CCO,2026-08-13T13:45:05.000Z,2026-08-13T19:50:05.000Z,0,2.4204843308733173,2.309530603967473,4.131404559069544,-0.45839473318456214,-4.5839473319710295,365,session_close,0,-4.564554682882582,-0.41314045590695514
ERAS,2026-08-13T14:25:05.000Z,2026-08-13T19:50:05.000Z,-2.1797631862217504,18.20383345770367,17.926361249498083,0.5493348420732569,-0.1524251516743342,-1.5242515201553006,325,session_close,0.4733428401030748,-1.7789300174388734,-0.181280497884174
YXT,2026-08-13T14:25:05.000Z,2026-08-13T19:50:05.000Z,12.803532008829999,5.131047248743917,5.538827915146375,1.9489198806333383,0.7947318476896623,7.947318483615276,325,session_close,8.94462141950525,-2.9437898624085523,0.6821219582216678
EIKN,2026-08-14T13:30:05.000Z,2026-08-14T13:35:05.000Z,3.7754114230396763,10.742280037473384,9.877149731695347,0.9309010693280942,-0.8053507267569152,-8.053507288584125,5,stop,0,-8.026974110388153,-0.7912659089288816
VNRX,2026-08-14T13:30:05.000Z,2026-08-14T13:40:05.000Z,-1.6650808753567947,0.623950697425458,0.5898643201807054,16.026906019457176,-0.546299164645412,-5.462992089823688,10,stop,0,-5.441246810933165,-0.6058170475354814
FIRY,2026-08-14T13:45:05.000Z,2026-08-14T14:15:05.000Z,-2.075098814229237,9.964418108018343,9.347994323498327,1.0035707867036996,-0.6186249023736244,-6.186249692031504,30,stop,0,-6.166121306410477,-0.602142472022221
LFS,2026-08-14T13:30:05.000Z,2026-08-14T14:20:05.000Z,13.888888888888884,2.470605232200236,2.9894007496386465,4.047591156750643,2.099872148545585,20.998721717123107,50,take_profit,21.022976922023638,-1.2387746857064674,2.1856992246453473
AEBI,2026-08-14T13:45:05.000Z,2026-08-14T15:05:05.000Z,-0.8035062089116085,13.644579230271178,12.957330501002982,0.7328917495867631,-0.503678923594648,-5.036789465398103,80,stop,0,-5.017224926602381,-0.8794700995041147
CYCU,2026-08-14T13:45:05.000Z,2026-08-14T15:15:05.000Z,4.042857142857148,0.7304466039900402,0.6889617242639755,13.690254624883341,-0.567938566532487,-5.67938566617395,90,stop,2.1977507900329263,-5.660455365824923,-0.48326598825838296
PMN,2026-08-14T13:30:05.000Z,2026-08-14T15:55:05.000Z,1.893171061528065,15.123453455172918,14.257011346909527,0.6612246313171877,-0.5729128635941472,-5.729128673100966,145,stop,0,-5.709366962593965,
STRR,2026-08-14T15:10:05.000Z,2026-08-14T17:00:05.000Z,0.0452960986273343,10.262400593469602,9.17758613983395,0.9744308682399038,-1.0570766899353847,-10.57076698337,110,stop,0,-10.547245584608921,-1.7539755628318279
ONDS,2026-08-14T13:45:05.000Z,2026-08-14T19:50:05.000Z,4.489337822671158,9.321864573358708,9.168165129418115,1.0727467580312535,-0.1648805801984768,-1.6488058020050569,365,session_close,2.232766041636447,-2.809143721172469,-0.12872961096375057
RCAT,2026-08-14T13:45:05.000Z,2026-08-14T19:50:05.000Z,5.13196480938416,10.772157879523188,11.097774349822284,0.9283191084942629,0.30227599141910527,3.0227599144091704,365,session_close,4.435899713140512,-0.11286391880961366,0.29706211471816246
BRUN,2026-08-14T13:45:05.000Z,2026-08-14T19:50:05.000Z,1.6407982261640752,22.964594964689155,22.78541816263424,0.4354529228631225,-0.07802306216407984,-0.7802306216609566,365,session_close,4.290975028412314,-4.200356967637953,-0.2090174029742986
ETHA,2026-08-14T17:00:05.000Z,2026-08-14T19:50:05.000Z,-0.10541110330288816,14.232876668646787,14.167160597330671,0.702598654400816,-0.046172023279211015,-0.4617202329932354,170,session_close,0,-0.8633298208609475,-0.03512993272004117
MLCO,2026-08-14T17:00:05.000Z,2026-08-14T19:50:05.000Z,1.9999999999999796,5.62117158193295,5.598690745897033,1.7789885678805304,-0.0399931503042926,-0.39993150374865977,170,session_close,0,-0.7324377370952373,-0.017789885678803685
USAS,2026-08-14T17:05:05.000Z,2026-08-14T19:50:05.000Z,4.950495049504955,5.311085936878304,5.198955596851333,1.882854111123752,-0.21112507170148756,-2.111250718960845,165,session_close,0,-2.0915861313213213,-0.13179978777866275
SATL,2026-08-14T17:05:05.000Z,2026-08-14T19:50:05.000Z,-1.3582342954159499,5.821169947785898,5.78882895649634,1.7178677289347288,-0.05555754525809014,-0.5555754526950135,165,session_close,0.49526216332280715,-1.9097526576797863,-0.03435735457869349
TSLL,2026-08-14T17:05:05.000Z,2026-08-14T19:50:05.000Z,-0.578703703703709,8.601720320484054,8.718254981474452,1.1625581427137972,0.1354783190427792,1.3547831904378895,165,session_close,1.7238374882154073,-0.3687671686850247,0.1976348842613458
UNG,2026-08-14T17:10:05.000Z,2026-08-14T19:50:05.000Z,0.5516549648946656,10.043901203620454,9.908011541901201,0.995628995617555,-0.13529568741234863,-1.3529569732353526,160,session_close,0,-1.33315930638771,-0.11947547947410442
OKUR,2026-08-14T17:20:05.000Z,2026-08-14T19:50:05.000Z,0,3.9213847492898237,4.03917714978881,2.5501194343533005,0.300384689731593,3.003847059901968,150,session_close,3.024830724188887,-1.3103725488586515,0.3315155264659282
MDWD,2026-08-14T17:20:05.000Z,2026-08-14T19:50:05.000Z,-0.44345898004435336,13.514669823646255,13.416682712383635,0.7399366486283823,-0.07250425471643966,-0.7250425836610145,150,session_close,0.039439930263185374,-0.7744904241990147,-0.044396198917702634
BITO,2026-08-14T17:20:05.000Z,2026-08-14T19:50:05.000Z,-0.4672897196261738,8.531937214833333,8.4882993125576,1.1720667518587813,-0.051146534378247926,-0.5114653469304072,150,session_close,0,-0.8431521824640686,-0.046882670074349875
MGRX,2026-08-14T17:20:05.000Z,2026-08-14T19:50:05.000Z,-1.8004501125281402,0.5257263157200082,0.5421303291467786,19.021303678527154,0.3120257209372375,3.1202572396065698,150,session_close,3.970446914266468,-2.5348390068237636,0.3119493803278477
ABEV,2026-08-14T17:20:05.000Z,2026-08-14T19:50:05.000Z,-2.464788732394374,2.780606946887354,2.779440622130828,3.5963371130864736,-0.004194497007806416,-0.041944970245856375,150,session_close,0.33780585649334505,-0.7410952817485383,0
CAMP,2026-08-17T13:30:05.000Z,2026-08-17T13:35:05.000Z,9.558823529411754,6.0036984592834415,5.558862067664247,1.665639522294585,-0.7409370748358419,-7.409372649809713,5,stop,0,-7.390418794224363,-0.7995069707014011
GEMI,2026-08-17T13:30:05.000Z,2026-08-17T13:35:05.000Z,0.25510204081633514,3.950978064792734,3.7192494506190523,2.531018830816286,-0.5865094861125499,-5.865094930255908,5,stop,0,-5.846098383865639,-0.3037222596979561
RCT,2026-08-17T13:30:05.000Z,2026-08-17T13:35:05.000Z,5.183486238532109,0.231458084527425,0.2091480887379274,43.20436632141017,-0.963889230718573,-9.638892430587855,5,stop,0,-9.61646449847281,-0.9461756224388829
DAIC,2026-08-17T13:35:05.000Z,2026-08-17T13:40:05.000Z,9.975520195838406,0.55260011,0.47353875444444443,10.75,-0.8499095722222221,-14.307155233022945,5,stop,0,-14.187494461410799,-0.4192499999999999
XHG,2026-08-17T13:35:05.000Z,2026-08-17T13:45:05.000Z,9.736842105263154,4.200875065645787,3.9886352922982917,2.3804564111861364,-0.5052275291737385,-5.052275300524052,10,stop,0,-5.019789028488287,-0.07141369233558414
BRNX,2026-08-17T13:35:05.000Z,2026-08-17T13:45:05.000Z,1.9718309859154903,3.640790533328993,3.4392742181006257,2.7466562196187487,-0.5534960405766471,-5.534960426413456,10,stop,0.8022836360294328,-5.51502569265907,-0.35706530855043717
CRGO,2026-08-17T13:55:05.000Z,2026-08-17T14:15:05.000Z,8.888888888888879,1.4803648156354787,1.3995231405454442,6.755091569179412,-0.5460929178390332,-5.460929240967635,20,stop,0,-5.428716947786983,-0.3377545784589717
CAPR,2026-08-17T13:55:05.000Z,2026-08-17T15:10:05.000Z,6.9172932330827,7.121430789899263,6.658663638848511,1.4042122002038684,-0.6498232793590522,-6.498232794835572,75,stop,2.3670694144753757,-6.479467448503973,-0.6740218560978573
ZBAO,2026-08-17T13:50:05.000Z,2026-08-17T15:30:05.000Z,-2.209456473707472,0.22324724326304501,0.21362329828181262,44.793386154091,-0.5001827837852798,-5.001827850198377,100,stop,0.20280507402348213,-5.70992191291041,-0.5949046813877725
ITG,2026-08-17T13:45:05.000Z,2026-08-17T16:15:05.000Z,2.1202775636083304,13.333067836776818,12.63680438107704,0.7500149292762716,-0.5222079864843218,-5.222079901065707,150,stop,0,-5.198112281894474,-0.7725153771545585
GCTK,2026-08-17T13:50:05.000Z,2026-08-17T16:30:05.000Z,2.4224278715296643,0.3784779204243992,0.35451987221738607,26.42161016743643,-0.6330102100983505,-6.33010458843893,160,stop,5.580795717730624,-6.308933529761552,-0.6922461863868339
FAMI,2026-08-17T13:30:05.000Z,2026-08-17T18:10:05.000Z,8.203125,0.13904502747856348,0.13097211072794687,71.91914576115704,-0.5805972765052823,-5.805972998107543,280,stop,3.0601400126246903,-5.785915271082798,-0.4458987037191733
LUNR,2026-08-17T13:30:05.000Z,2026-08-17T19:50:05.000Z,6.680694371383478,20.30406398123604,20.455905247227122,0.49251223837990926,0.07478368179170641,0.7478368179464201,380,session_close,2.294791915522687,-2.778084139989523,0.17237928343296893
SNAP,2026-08-17T13:30:05.000Z,2026-08-17T19:50:05.000Z,-2.957486136783738,5.261054649963784,5.198957522397354,1.9007595747097799,-0.1180317097838663,-1.1803170979578665,380,session_close,0.1700295973218413,-3.4414135949914493,-0.019007595747096317
DCH,2026-08-17T13:35:05.000Z,2026-08-17T19:50:05.000Z,0.2971768202080227,6.761387253696261,6.798635298044005,1.478986428980734,0.055089352096384735,0.5508935215532986,375,session_close,1.3105704935817197,-0.46421322309415647,0.07394932144903699
FULC,2026-08-17T13:35:05.000Z,2026-08-17T19:50:05.000Z,3.208556149732633,3.8707807672823322,3.829212403517129,2.5834581180617486,-0.10739012682375784,-1.0739012686163623,375,session_close,0,-3.120320538513277,-0.10333832472247018
GT,2026-08-17T13:45:05.000Z,2026-08-17T19:50:05.000Z,0.49099836333879043,6.151346960812561,6.058753602301538,1.6256602045147024,-0.15052533813373356,-1.5052533876058969,365,session_close,0,-2.4603873229184448,-0.1463094184063234
AAL,2026-08-17T13:45:05.000Z,2026-08-17T19:50:05.000Z,-1.7194875252865893,14.592920303007137,14.477098284205182,0.6852637986122241,-0.07936863656716425,-0.7936863656967136,365,session_close,0.1170409804084338,-1.2534866168592895,-0.04796846590285675
NMRK,2026-08-17T13:50:05.000Z,2026-08-17T19:50:05.000Z,-1.8032786885245788,14.993011831541109,15.076941352361176,0.6669773965701284,0.055979093291946974,0.5597909330232314,360,session_close,2.3810303924918452,0,0.06669773965701253
MESO,2026-08-17T13:55:05.000Z,2026-08-17T19:50:05.000Z,9.458159666559784,17.103815481375417,16.9063610695726,0.5846648637723836,-0.11544465677794973,-1.1544465737357095,355,session_close,0.9716224944401608,-1.3085704860364866,-0.09939302684130702
DSX,2026-08-17T13:55:05.000Z,2026-08-17T19:50:05.000Z,8.870967741935498,2.7105452815579683,2.639449324134678,3.6892945731628606,-0.262293929895562,-2.622939299594565,355,session_close,0,-2.9715527021807353,-0.22135767438977183
ANGX,2026-08-17T13:55:05.000Z,2026-08-17T19:50:05.000Z,6.979405034324948,4.691139563925646,4.709016422211877,2.1316781901980653,0.038107708918019664,0.3810770931588106,355,session_close,2.9600576615152363,-1.516466584637599,0.04263356380396033
ALM,2026-08-17T13:55:05.000Z,2026-08-17T19:50:05.000Z,7.289595758780654,16.21325316994404,16.366709876272424,0.6167793652390052,0.09464892992088941,0.9464892993397582,355,session_close,2.5087305168957963,-1.1302677385174653,0.04934234921912228
DRAL,2026-08-17T13:35:05.000Z,2026-08-17T19:55:05.000Z,9.830205540661296,12.322819537406547,12.30504060078845,0.8115025870185328,-0.014427653060024003,-0.1442765315529278,380,session_close,5.008435453590554,-0.9966837299996367,-0.056805181091297285
DFSC,2026-08-18T13:30:05.000Z,2026-08-18T13:35:05.000Z,9.72222222222221,2.400842191723533,2.269476354928235,4.165204820626965,-0.5471656166854708,-5.4716564565617,5,stop,0,-5.449845565634748,-0.5831286748877744
DVLT,2026-08-18T13:30:05.000Z,2026-08-18T13:35:05.000Z,12.176084920387154,0.3608758774643742,0.341931408886525,27.71035861027633,-0.5249580179733131,-5.249580191105848,5,stop,0,-5.230573347545963,-0.16903318752268426
RANI,2026-08-18T13:40:05.000Z,2026-08-18T14:05:05.000Z,9.310214851111942,0.8765828866782486,0.8289027361225725,11.407934302465904,-0.543932025070836,-5.439320260558222,25,stop,0.9145870223558505,-5.416816526978052,-0.3525051699461965
ENRD,2026-08-18T13:40:05.000Z,2026-08-18T14:20:05.000Z,10.551948051948056,6.831377553553998,6.338708599331761,1.4638335999137435,-0.7211853688248769,-7.211853690708812,40,stop,0,-7.192949733811171,-0.49770342397067147
SXTC,2026-08-18T13:40:05.000Z,2026-08-18T14:45:05.000Z,14.933333333333355,4.340871039384158,4.998990476547299,2.3036851147767443,1.5160999511379756,15.160999513510271,65,take_profit,15.184255755023601,0,1.819911240673628
DEFT,2026-08-18T13:30:05.000Z,2026-08-18T15:10:05.000Z,-1.0752688172043112,0.4629694605484383,0.4324111541181789,21.59968652757128,-0.6600498397070692,-6.60050155231832,100,stop,0,-6.5813111111786675,-0.7192695613681241
FBLG,2026-08-18T13:55:05.000Z,2026-08-18T15:45:05.000Z,4.411764705882337,1.080340960544865,1.0097452885654983,9.256336656666736,-0.6534573063446335,-6.534573302095495,110,stop,0,-6.510996353353937,-0.2776900997000009
SPCQ,2026-08-18T13:35:05.000Z,2026-08-18T15:55:05.000Z,9.79757085020243,13.59272597491747,12.8973016662084,0.7356876035959272,-0.51161504315653,-5.116150432167395,140,stop,0,-5.096299124956605,-0.4193419340496778
ASTN,2026-08-18T13:30:05.000Z,2026-08-18T19:50:05.000Z,9.725685785536164,4.420909447828439,4.4678228728758835,2.2619780174570323,0.10611713618093722,1.0611713630662198,380,session_close,2.6938021141794444,-2.056351728106398,0.02261978017457089
AMX,2026-08-18T13:30:05.000Z,2026-08-18T19:50:05.000Z,0.7601351351351315,23.925225599638765,23.66525256601543,0.4179688888629633,-0.10866063999787941,-1.0866064043603454,380,session_close,0.1035492863298515,-1.5683262758635408,-0.17972662221107427
BBWI,2026-08-18T13:30:05.000Z,2026-08-18T19:50:05.000Z,3.7214247740563478,19.54397424679634,20.015986194165933,0.511666658317717,0.24151277579663852,2.4151277596314222,380,session_close,3.5613317149031376,-0.8901682155299406,0.3325833279065158
KURA,2026-08-18T13:35:05.000Z,2026-08-18T19:50:05.000Z,9.84042553191491,12.41248819147598,12.29748865608816,0.805640242692612,-0.09264825359938123,-0.9264825360864707,375,session_close,1.6717986379759298,-1.3090702602848392,-0.17724085339237305
EYPT,2026-08-18T13:35:05.000Z,2026-08-18T19:50:05.000Z,9.65092402464065,5.361073554434369,5.4788942974473525,1.8652980411260809,0.21977080114613773,2.197708011589006,375,session_close,2.404862463768853,-4.683270092921877,0
RAMZ,2026-08-18T13:35:05.000Z,2026-08-18T19:50:05.000Z,9.58199356913183,17.073446490515305,18.01410156500996,0.5857048254266081,0.5509462161935441,5.5094621640522865,375,session_close,6.949701163990851,-0.020186261263765992,0.5447054876467465
SKDD,2026-08-18T13:35:05.000Z,2026-08-18T19:50:05.000Z,9.546413502109697,10.402086534636679,11.13773043273617,0.961345588256916,0.7072080159660662,7.072080160551996,375,session_close,8.632051486723036,-0.11619336751749199,0.6921688235449803
LITZ,2026-08-18T13:35:05.000Z,2026-08-18T19:50:05.000Z,9.222661396574438,8.321673704147162,9.07790479665926,1.2016813387757044,0.9087487916737506,9.087487918869305,375,session_close,10.554683193299397,-1.462130197276612,0.9012610040817783
SNDQ,2026-08-18T13:40:05.000Z,2026-08-18T19:50:05.000Z,9.57446808510638,13.402680891007908,14.417113891855585,0.7461193832180373,0.7568881249084921,7.568881249185592,370,session_close,9.754161272833084,0,0.8505760968685632
NCLH,2026-08-18T13:55:05.000Z,2026-08-18T19:50:05.000Z,-1.3476347634763353,17.953599174156075,17.706453489401827,0.5569913810580246,-0.1376580162737996,-1.37658016287904,355,session_close,0,-1.4125255426283956,-0.14481775907508698
SMMT,2026-08-18T13:55:05.000Z,2026-08-18T19:50:05.000Z,-0.5086071987480345,12.732575264656996,12.847399917062523,0.7853870711534903,0.09018179744899475,0.9018179749092627,355,session_close,1.7861644688195177,-1.3553838172551624,0.06283096569227986
ADNT,2026-08-18T13:55:05.000Z,2026-08-18T19:50:05.000Z,-1.194029850746281,19.894203584093116,19.465729585760098,0.5026589746990953,-0.21537630068729685,-2.1537630120343945,355,session_close,1.2857836445959059,-2.132297391549265,-0.2563560770965374
PBK,2026-08-18T13:55:05.000Z,2026-08-18T19:50:05.000Z,-2.448622649759491,0.4511987305142976,0.4639829914637543,22.163182833688825,0.28333991281639775,2.8333991398611924,355,session_close,2.970147870413342,-3.634480641292037,0.3080682413882734
DLHC,2026-08-18T13:45:05.000Z,2026-08-19T13:50:05.000Z,1.7777777777777892,4.6532011629897925,4.4776273470263614,2.149057452706572,-0.3773182176963435,-3.7731834454073048,1445,time,0,-4.581817022774171,-0.2578868943247894
GOVX,2026-08-19T14:00:05.000Z,2026-08-19T14:10:05.000Z,-0.09223674096847656,0.6532390249631216,0.6053750905956168,15.30833215785777,-0.7327170056796675,-7.3271700768653485,10,stop,0,-7.308048530293587,-0.7041832792614588
QTEX,2026-08-19T13:50:05.000Z,2026-08-19T14:15:05.000Z,11.420612813370479,1.0102042796454511,1.1697654872207868,9.898987954144776,1.5794944717370418,15.794944724579512,25,take_profit,15.818159116355357,-1.0101204133714958,1.9797975908289551
AEON,2026-08-19T13:55:05.000Z,2026-08-19T14:15:05.000Z,-1.1020408163265216,0.24455367623449387,0.23122125152002795,40.890818372055385,-0.545173757458328,-5.451737597958626,20,stop,1.8181381829822651,-5.419536699904437,-0.5847387027203919
ZNB,2026-08-19T14:00:05.000Z,2026-08-19T18:45:05.000Z,7.623318385650224,2.420487591798115,2.859423756306345,4.131398992044165,1.8134204276210337,18.134204281632208,285,take_profit,18.158011207790704,-2.498983758606277,2.0243855061016394
KC,2026-08-19T13:50:05.000Z,2026-08-19T19:50:05.000Z,9.501845018450194,11.892412700719218,12.407443547768278,0.8408722641684205,0.4330751544747223,4.330751547311439,360,session_close,5.024945856820473,-1.533857807576633,0.46247974529263125
JTAI,2026-08-19T13:50:05.000Z,2026-08-19T19:50:05.000Z,7.586206896551739,1.5703360294820043,1.679563640270853,6.368063766118113,0.6955683905241185,6.955683926126226,360,session_close,6.983471592011403,-3.8422368428945086,0.6368063766118102
IOVA,2026-08-19T13:55:05.000Z,2026-08-19T19:50:05.000Z,8.036984352773825,7.601522733336105,8.038389530209551,1.3155258952821443,0.5747095840759834,5.7470958411738815,355,session_close,5.768281988304436,-1.5986630258062906,0.5393656170656786
LCID,2026-08-19T14:00:05.000Z,2026-08-19T19:50:05.000Z,0.5199306759098743,5.811183806759018,5.8488080316086215,1.7208197718204983,0.06474451002061855,0.6474451007012203,350,session_close,0.8400387057832193,-1.9132729312347552,0.017208197718204588
WEAV,2026-08-19T14:00:05.000Z,2026-08-19T19:50:05.000Z,0.3434065934065922,7.31148761741663,7.288529133367124,1.367710719915443,-0.03140056474751746,-0.31400564769906864,350,session_close,0,-0.2938884470712222,-0.013677107199155714
BALY,2026-08-19T14:05:05.000Z,2026-08-19T19:50:05.000Z,-2.1885521885521952,8.742079926317977,8.747756456626096,1.1438925283140335,0.006493340606204961,0.06493340664879287,345,session_close,2.0352144476098344,-2.9979127224516344,0.011438925283139056
COTY,2026-08-19T14:10:05.000Z,2026-08-19T19:50:05.000Z,8.941605839416056,2.9906295192150245,2.9893892391190517,3.3437775938341217,-0.004147220794992175,-0.041472208041948115,340,session_close,2.9883501186209527,-1.0241830028837606,0
DNA,2026-08-19T14:10:05.000Z,2026-08-19T19:50:05.000Z,9.954058192955584,7.20151151574458,7.7084347541997715,1.3885973739386805,0.70391227770737,7.039122791748799,340,session_close,7.060857753871774,-1.6873057201800101,0.8470443981025966
EDIT,2026-08-19T14:15:05.000Z,2026-08-19T19:50:05.000Z,10.59027777777779,3.1907454093657153,3.1793543160605524,3.134063874850235,-0.03570041402275928,-0.3570041430358833,335,session_close,2.797295903718844,-3.4708318952883843,-0.0940219162455076
PRME,2026-08-19T14:15:05.000Z,2026-08-19T19:50:05.000Z,11.311475409836081,3.400696135099337,3.5792760852457413,2.9405743980102446,0.5251276293984622,5.251276299085975,335,session_close,5.272563551033804,-1.1967001308733072,0.47049190368163885
PRMB,2026-08-19T14:25:05.000Z,2026-08-19T19:50:05.000Z,1.6638225255972472,23.854830315969565,23.66525830239659,0.41920231091246307,-0.07946902617411948,-0.7946902621481459,325,session_close,0.48279397717339023,-0.7748129562079931,-0.0670723697459934
PSKY,2026-08-19T14:25:05.000Z,2026-08-19T19:50:05.000Z,-0.04793863854265501,10.44210158939187,10.557881876458218,0.9576616269984626,0.11087833808630833,1.1087833811535568,325,session_close,1.512132488430673,-1.0735539051425547,0.08618954642986054
LUXE,2026-08-19T14:25:05.000Z,2026-08-19T19:50:05.000Z,2.251655629139071,7.764050695268914,7.768236634708197,1.2879872520173743,0.005391436635513723,0.05391437541532406,325,session_close,0.5918212867812134,-1.7265561564480558,-0.0386396175605217
IVR,2026-08-19T15:30:05.000Z,2026-08-19T19:50:05.000Z,1.3386880856760541,7.581575384189073,7.548430397698947,1.318987080782082,-0.04371780897317296,-0.4371780904434189,260,session_close,0,-0.8121713637179617,-0.03956961242346324
BITO,2026-08-19T15:30:05.000Z,2026-08-19T19:50:05.000Z,5.727376861397482,9.241848139035604,9.228144654658173,1.0820346590344883,-0.014827645045917107,-0.14827645045961724,260,session_close,0.629223290510228,-0.7774217662388616,0.07574242613241466
CORD,2026-08-19T15:30:05.000Z,2026-08-19T19:50:05.000Z,0.8547008547008739,2.960604017934185,3.039383780725749,3.3776891239559514,0.26609354796889567,2.6609354818931195,260,session_close,4.370594016693374,-3.060322062165044,0.3377689123955925
CRML,2026-08-19T15:30:05.000Z,2026-08-19T19:50:05.000Z,0.9756097560975618,6.221306549423537,6.1787382865896605,1.6073793984331468,-0.06842334870626066,-0.6842334885076665,260,session_close,0.9434264347880639,-1.9498564885020442,-0.048221381952993525
PWCM,2026-08-20T13:30:05.000Z,2026-08-20T13:40:05.000Z,10.909090909090914,1.8404189152767456,1.6996568539163737,5.43354551184297,-0.7648370667424138,-7.648370715599031,10,stop,0,-7.629725716855651,-0.8150318267764476
CALC,2026-08-20T13:30:05.000Z,2026-08-20T13:45:05.000Z,0.9298531810766786,0.6227086185863423,0.5658130237323248,16.05887285774717,-0.9136791239265614,-9.13679257935766,15,stop,0,-9.090707418640475,-0.6246901541663661
PLRZ,2026-08-20T13:40:05.000Z,2026-08-20T13:45:05.000Z,-1.2511170688114248,11.084067172222397,10.387880375600066,0.9021958484609301,-0.6280968376659815,-6.280968761782986,5,stop,0,-6.261845597271254,-0.3157685469613245
SOC,2026-08-20T13:30:05.000Z,2026-08-20T14:20:05.000Z,7.740585774058584,5.171046097058618,4.879016339468432,1.9338446820179505,-0.5647401937067715,-5.64740193974092,50,stop,0.36653904424026607,-5.6283794728530845,-0.754199425987002
BEEM,2026-08-20T13:55:05.000Z,2026-08-20T14:30:05.000Z,11.570247933884303,1.3602759813519956,1.2797421590742442,7.35144936112261,-0.5920403163325374,-5.920403166841762,35,stop,0,-5.901448121741315,-0.5881159488898096
BIVIW,2026-08-20T14:30:05.000Z,2026-08-20T14:45:05.000Z,19.999999999999996,0.30452335467764213,0.266587484674052,32.83820112596938,-1.2457457290665206,-12.457458326553542,15,stop,0,-12.42051031444883,-1.3759206271781164
TGHL,2026-08-20T13:55:05.000Z,2026-08-20T15:40:05.000Z,6.826137689614953,0.736605620384691,0.6876542782004533,13.575785334912531,-0.6645529133490592,-6.645529280468013,105,stop,9.21719543489925,-6.625746401337851,-0.5633950913988706
HIVE,2026-08-20T13:40:05.000Z,2026-08-20T19:50:05.000Z,5.141843971631199,2.9705978669155075,3.0993747068202575,3.36632571804914,0.4335047880604566,4.335047881740526,370,session_close,6.712525290120808,-2.376554150993593,0.40395908616589793
MFA,2026-08-20T13:40:05.000Z,2026-08-20T19:50:05.000Z,-0.7692307692307776,9.04185192001329,8.907717279676339,1.1059681222952866,-0.1483486363082113,-1.483486364558311,370,session_close,0,-2.1218210794698322,-0.13271617467543528
CHWY,2026-08-20T13:40:05.000Z,2026-08-20T19:50:05.000Z,-2.542726135889939,23.39469159383612,23.945196043509203,0.4274473958643347,0.23531169342448724,2.3531169345191296,370,session_close,2.3736513214398958,0,0.2778408073118186
AUPH,2026-08-20T13:40:05.000Z,2026-08-20T19:50:05.000Z,8.163265306122458,17.523585310621332,17.296482360994194,0.5706594748303768,-0.12959844996665218,-1.2959845008971271,370,session_close,1.0067271408878753,-3.1020210817922944,-0.15978465295250643
SAN,2026-08-20T13:45:05.000Z,2026-08-20T19:50:05.000Z,0.6704304869442623,14.272854921736286,14.187158592001584,0.7006306765328141,-0.060041477478403514,-0.6004147747917926,365,session_close,0.40037594844943847,-1.0008854046342885,-0.04904414735729645
STDN,2026-08-20T14:00:05.000Z,2026-08-20T19:50:05.000Z,3.550543024227215,12.443483737064566,12.85606816760821,0.803633450823989,0.33156664967403915,3.3156665710479998,350,session_close,3.507990785853754,-1.7156267615690002,0.2651990387719163
SGLY,2026-08-20T14:00:05.000Z,2026-08-20T19:50:05.000Z,16.10738255033557,3.4806995050659544,3.4292640084159727,2.872985726984315,-0.147773447735747,-1.4777344776565848,350,session_close,4.5766804833969,-4.61687384481383,-0.5745971453968632
CAN,2026-08-20T14:00:05.000Z,2026-08-20T19:50:05.000Z,12.78633902540609,0.2715559209687458,0.27274305974633606,36.824827652555925,0.04371618088442675,0.4371618093817508,350,session_close,5.024408594215313,-4.402747296429544,0.03682482765255557
OPRA,2026-08-20T14:10:05.000Z,2026-08-20T19:50:05.000Z,-1.6004415011037665,17.854149911576826,18.19617438986819,0.560093870277194,0.1915658137757483,1.9156581522237124,340,session_close,2.553188422191943,-0.9754029872007797,0.19043191589424602
HELP,2026-08-20T14:25:05.000Z,2026-08-20T19:50:05.000Z,4.286926994906626,12.312566976009448,12.477491045670654,0.812178321685928,0.13394775410305115,1.3394775434119774,325,session_close,2.8217757082459993,-1.6452050689684916,0.11370496503602823
BULL,2026-08-20T14:30:05.000Z,2026-08-20T19:50:05.000Z,5.092592592592582,9.091818405877632,8.978202502993094,1.0998899838833063,-0.12496499359256184,-1.2496499359367783,320,session_close,0.08998853427470976,-1.999802435122222,-0.1649834975824973
COSM,2026-08-20T13:40:05.000Z,2026-08-20T19:55:05.000Z,5.64766839378239,0.20583590409437943,0.21293233719190918,48.58233638023597,0.33643340634921093,3.3643377199071187,375,session_close,6.541179472482628,-2.155068190797993,0.2520116819011804
UZX,2026-08-20T13:45:05.000Z,2026-08-21T13:35:05.000Z,-0.9288450455947617,0.11872790568730318,0.11373080714671817,84.22619652577048,-0.2048842073111218,-2.0488420900117195,1430,session_close,2.7559606090539646,-4.571718549132675,-0.21120740575565833
AIRE,2026-08-21T13:40:05.000Z,2026-08-21T13:45:05.000Z,-0.34965034965035446,1.4403319266055141,1.3497215757330114,6.942844038225949,-0.6290935343567167,-6.290935387792701,5,stop,0,-6.271604825035215,-0.555427523058075
KNRX,2026-08-21T13:40:05.000Z,2026-08-21T13:55:05.000Z,15.727272727272723,0.38397920364836285,0.357527428438822,26.043077051993922,-0.6888856199440948,-6.888856208411906,15,stop,5.161945272897772,-6.869956340791883,-0.3880418480747103
INV,2026-08-21T13:35:05.000Z,2026-08-21T14:15:05.000Z,8.666666666666668,1.6403340292621353,1.5396763098941875,6.096319294803535,-0.6136415967537401,-6.1364159721313785,40,stop,0,-6.1166827897405796,-0.48770554358428164
GOSS,2026-08-21T13:40:05.000Z,2026-08-21T14:15:05.000Z,0.032391441038037705,0.15813399381646534,0.14896879232865046,63.237509699078544,-0.5795845179797028,-5.79584519850442,35,stop,0.3579282163654218,-5.776110244244204,-0.5501663343819843
AEVA,2026-08-21T13:45:05.000Z,2026-08-21T14:15:05.000Z,2.861685214626397,19.443945525723905,18.266217846138986,0.5142989102065512,-0.6057040621306141,-6.057040624943181,30,stop,0,-6.037589048841974,-0.6120157031457971
ELAB,2026-08-21T13:35:05.000Z,2026-08-21T15:10:05.000Z,3.2786885245901676,6.391346198456305,5.938435427201229,1.5646156016294899,-0.708631258851737,-7.086312604447354,95,stop,1.7000143345378138,-7.061833054283895,-0.9700616730102833
IOVA,2026-08-21T14:10:05.000Z,2026-08-21T15:25:05.000Z,-1.0567296996663034,8.901784330086072,8.44830711877651,1.1233702849019802,-0.5094228240653774,-5.094228241150577,75,stop,0.204629423028857,-5.075210916525363,-0.49428292535687035
SDEV,2026-08-21T14:00:05.000Z,2026-08-21T16:15:05.000Z,8.482142857142838,1.2202953012109108,1.1497165520171055,8.194737690389156,-0.578374336158999,-5.783743420446613,135,stop,1.614748394879184,-5.760515601523353,-0.9014211459428072
HOLO,2026-08-21T13:45:05.000Z,2026-08-21T17:40:05.000Z,6.214689265536721,1.89040817214145,1.809206630457628,5.2898628523183975,-0.44913559139084785,-4.491355929390102,235,stop,0.5073945404967306,-5.311454617110966,-0.42318902818547066
ADXN,2026-08-21T13:55:05.000Z,2026-08-21T17:45:05.000Z,6.345733041575463,4.890985051362585,4.559058144500857,2.0445779106010313,-0.6786504217036151,-6.786504219007093,230,stop,4.682389053174751,-6.767247249516251,-0.36802402390818756
BEKE,2026-08-21T13:35:05.000Z,2026-08-21T19:50:05.000Z,2.0306062389641166,17.363476239170126,17.776437841041137,0.5759215413876743,0.2378334822834757,2.3783348229510297,375,session_close,2.3988500637346144,-2.0357458051672883,0.23036861655507046
PURR,2026-08-21T13:35:05.000Z,2026-08-21T19:50:05.000Z,8.085317460317466,10.9121826570404,10.617874557066257,0.9164069475530332,-0.2697059875374379,-2.6970598754068678,375,session_close,0.6214828425351371,-4.327114674310872,-0.2749220842659099
PUSA,2026-08-21T13:35:05.000Z,2026-08-21T19:50:05.000Z,2.7027027027026973,3.4407193846973367,3.389099894708383,2.906368948714536,-0.15002528285237657,-1.5002528313855696,375,session_close,1.432276503624208,-4.3804614048929436,-0.1453184474357272
SKYQ,2026-08-21T13:35:05.000Z,2026-08-21T19:50:05.000Z,0.9380863039399667,2.7106304436845785,2.7493655126478167,3.6891786364278074,0.14290058889973617,1.4290058998446633,375,session_close,1.821331138313087,-3.712436858334367,0.2582425045499459
SXTC,2026-08-21T13:40:05.000Z,2026-08-21T19:50:05.000Z,9.779614325068863,4.010835946474813,4.078912009546253,2.493245826009198,0.1697303601040069,1.697303604034795,370,session_close,3.719026544984705,-3.5113863631993314,0.12466229130046003
STUB,2026-08-21T13:55:05.000Z,2026-08-21T19:50:05.000Z,1.171303074670571,6.92147323484,6.688650259678024,1.4447791146855997,-0.3363777719329866,-3.363777728562693,355,session_close,0,-3.34427696223476,-0.317851405230833
ABUS,2026-08-21T14:00:05.000Z,2026-08-21T19:50:05.000Z,9.85324947589099,5.251114853897856,5.2089382498156835,1.9043575035023452,-0.08031933245613242,-0.803193326667859,350,session_close,0.3596406977867783,-3.068202817507637,-0.019043575035023963
PMI,2026-08-21T14:05:05.000Z,2026-08-21T19:50:05.000Z,-0.9900990099009799,3.020685282368348,3.2692465022236155,3.3105070552395945,0.8228636719898226,8.22863677014325,345,session_close,13.219341980524746,-1.3468891514725745,0.5958912699431256
ZKH,2026-08-21T14:15:05.000Z,2026-08-21T19:50:05.000Z,2.220446049250313e-14,2.9106049562856544,2.8894184394597837,3.4357118653315495,-0.07279076724369046,-0.7279076736304229,335,session_close,0,-1.738640490402854,-0.10307135595994588
NUVB,2026-08-21T14:30:05.000Z,2026-08-21T19:50:05.000Z,3.1478770131771583,7.061485405994465,6.908580616608535,1.416132641106848,-0.21653346323098385,-2.165334637045771,320,session_close,0.12057794523383514,-2.428460814333655,-0.16993591693282184
TIC,2026-08-21T14:30:05.000Z,2026-08-21T19:50:05.000Z,5.044345898004465,9.491996989070415,9.528060577773385,1.0535190845055176,0.03799367895433589,0.3799367903771457,320,session_close,1.980647603934771,-1.0745577478359913,0.06321114507032988
BCTX,2026-08-24T13:30:05.000Z,2026-08-24T13:35:05.000Z,-0.49140049140048436,4.0708484898429536,3.7592065737187363,2.4564903378958416,-0.7655453558424858,-7.655453571946615,5,stop,0,-7.635963131974622,-0.3930384540633334
TMCR,2026-08-24T13:30:05.000Z,2026-08-24T13:40:05.000Z,-2.287581699346397,6.011373428587415,5.308868730427581,1.6635133474279906,-1.168625942019756,-11.68625949635793,10,stop,0,-11.667440675902707,-1.0979188093024757
CAPR,2026-08-24T13:35:05.000Z,2026-08-24T13:40:05.000Z,11.049284578696339,7.0114032826958645,6.638671236515941,1.4262480129068835,-0.5316083402108333,-5.316083402303019,5,stop,0,-5.297131939514699,-0.3993494436139269
NCTY,2026-08-24T13:40:05.000Z,2026-08-24T13:45:05.000Z,5.622837370242206,6.1513526423088996,7.108561559351707,1.625658702667848,1.556095006261906,15.560950130856435,5,take_profit,15.584334266540667,0,1.446836245374385
OLOX,2026-08-24T13:30:05.000Z,2026-08-24T14:10:05.000Z,11.00478468899524,2.3304914710361357,2.0295918459134596,4.290940387994652,-1.2911423541713412,-12.911423571479375,40,stop,2.553475509498737,-12.893909922894398,-1.1156445008786111
ZSTK,2026-08-24T13:40:05.000Z,2026-08-24T14:25:05.000Z,1.0615711252653925,4.811016183220113,4.55892077616375,2.0785629470722773,-0.5239961722344602,-5.239961734812348,45,stop,2.8888661248871905,-5.217529387982712,-0.5404263662387923
BEZ,2026-08-24T13:30:05.000Z,2026-08-24T14:35:05.000Z,9.899328859060418,13.153013936578008,12.317462107017835,0.7602820145492214,-0.6352550282382955,-6.352550324884366,65,stop,3.5504110744026596,-6.333255180863362,-1.1176145613873558
CYAB,2026-08-24T13:30:05.000Z,2026-08-24T14:45:05.000Z,7.200267916945746,0.3280802017925342,0.3093479808864307,30.480351561999637,-0.5709646787550755,-5.709646849689855,75,stop,2.9016679932078793,-5.663310888928208,-0.640087382801994
INCR,2026-08-24T13:45:05.000Z,2026-08-24T15:15:05.000Z,18.365429779239072,5.091050351594789,4.958410176650458,1.9642312089398777,-0.46993766881437915,-4.699376694306167,90,stop,3.514984846872582,-6.699017453008571,-0.37856924835759465
VMAR,2026-08-24T13:40:05.000Z,2026-08-24T15:40:05.000Z,0.6706408345752424,0.6803491103972744,0.591870428871989,14.698336199845611,-1.3004894075777131,-13.004894130547221,120,stop,3.1088288761596194,-12.985849330454036,-1.0538707055289294
NXGL,2026-08-24T13:55:05.000Z,2026-08-24T16:00:05.000Z,-2.9090909090909056,0.3215931800043048,0.37111686881756817,31.095185972438646,1.5399483136896035,15.399483537741826,125,take_profit,15.42533333419296,-1.17949640731001,1.358859626995569
MVIS,2026-08-24T13:35:05.000Z,2026-08-24T19:00:05.000Z,6.024096385542177,1.7703830196112857,1.6795089432693904,5.648495186495959,-0.5133017827944623,-5.1330178461521925,325,stop,0,-5.105280530262357,-0.28242475932479927
OSPR,2026-08-24T13:30:05.000Z,2026-08-24T19:50:05.000Z,-0.10050251256279452,9.962206360746599,9.847402628939426,1.0037936969199401,-0.1152392623709278,-1.152392629202368,380,session_close,0,-1.4274584925978329,-0.15056905453799097
SNAP,2026-08-24T13:35:05.000Z,2026-08-24T19:50:05.000Z,-0.667938931297718,5.211048171902659,5.508897487970859,1.9189997228457758,0.5715727549846803,5.715727551208753,375,session_close,5.73688475399734,-0.020114415911764993,0.5565099196252739
ALKT,2026-08-24T13:35:05.000Z,2026-08-24T19:50:05.000Z,1.422963689892054,20.71591454338358,20.31586761681798,0.48272065105669454,-0.1931109128449765,-1.9311091756427965,375,session_close,0,-2.780058501291316,-0.2027426734438098
PSKY,2026-08-24T13:40:05.000Z,2026-08-24T19:50:05.000Z,-0.48309178743960457,10.31209171342007,10.397896039989147,0.9697353623358675,0.0832074897154491,0.8320748976409128,370,session_close,2.113133713661064,-1.571860665369429,0.11636824348030217
JMKE,2026-08-24T13:40:05.000Z,2026-08-24T19:50:05.000Z,0.37720033528920727,23.98481289192633,23.48524203369206,0.41693049863034964,-0.20828632702480654,-2.0828632705424814,370,session_close,0,-3.8975200521201625,-0.175110809424746
XHLD,2026-08-24T13:50:05.000Z,2026-08-24T19:50:05.000Z,-0.13054830287205776,7.671589176205721,7.537913854584602,1.3035108835225488,-0.17424723659150607,-1.7424723685117032,360,session_close,3.4987643059248397,-2.4973857672143773,-0.31284261204541153
STLA,2026-08-24T13:50:05.000Z,2026-08-24T19:50:05.000Z,-2.957486136783738,5.261058248430405,5.218951819587521,1.9007582743631393,-0.08003414302699506,-0.8003414304611891,360,session_close,0.16996108287266054,-2.1109488469081006,-0.03801516548726269
F,2026-08-24T13:50:05.000Z,2026-08-24T19:50:05.000Z,-2.498265093684937,14.062813452361631,13.947209128982108,0.7110952608216526,-0.08220568648567288,-0.8220568648737174,360,session_close,0,-2.0110730567512225,-0.07110952608216614
RCON,2026-08-25T13:30:05.000Z,2026-08-25T13:35:05.000Z,7.665505226480818,3.1006470301536266,2.639470779871156,3.2251332978423815,-1.4873548809600885,-14.873548836663975,5,stop,0,-14.856480782038673,-1.257801986158528
FNGR,2026-08-25T13:30:05.000Z,2026-08-25T13:40:05.000Z,0.20470829068577334,0.19714070072260925,0.18676222654701252,50.72519246370896,-0.5264501000367773,-5.264501007430205,10,stop,0,-5.24534035067642,-0.4058015397096728
GRML,2026-08-25T13:50:05.000Z,2026-08-25T14:10:05.000Z,2.8070175438596356,8.831775066004838,10.157947970896009,1.1322752134424592,1.5015927089472574,15.015927092571236,20,take_profit,15.039161709493154,0,1.2568254869211302
NCPL,2026-08-25T13:35:05.000Z,2026-08-25T14:15:05.000Z,1.681658193195168,0.26138113607027225,0.30763710862694493,38.258306652392164,1.76967518257782,17.69675243290579,40,take_profit,17.720813608092566,0,2.196026801847312
SMTG,2026-08-25T13:35:05.000Z,2026-08-25T14:25:05.000Z,9.540034071550242,6.492223608747915,6.077356400954022,1.540304233818274,-0.6390217166372995,-6.390217478567474,50,stop,1.5060539677089313,-6.349498008547738,-0.33886693144001967
RIME,2026-08-25T13:30:05.000Z,2026-08-25T14:50:05.000Z,-2.8887523048555686,0.31949078011398296,0.2960239794183576,31.29980701511104,-0.7345063330351468,-7.345063506137242,80,stop,3.1641663907829853,-7.321269210221959,-0.7198955613475544
ILLR,2026-08-25T13:50:05.000Z,2026-08-25T16:00:05.000Z,-0.2618127415534244,0.8142182175151397,0.9429608361082527,12.281719571498115,1.5811807384609529,15.81180767313391,130,take_profit,15.841181112170588,-3.858697439983949,1.4762626924940747
AXTL,2026-08-25T13:30:05.000Z,2026-08-25T18:05:05.000Z,9.818181818181815,3.050646046590128,2.8891214478689786,3.2779941763970477,-0.5294766939527983,-5.2947669527801935,275,stop,2.9290173964871435,-5.265968065016613,-0.4589191846955867
COHX,2026-08-25T13:30:05.000Z,2026-08-25T19:50:05.000Z,9.31506849315069,24.004980207738434,23.575025772827676,0.41658022201569345,-0.17911051395175578,-1.7911051423077406,380,session_close,1.228994107508008,-4.7697610988628565,0.033326417761255556
AVXL,2026-08-25T13:30:05.000Z,2026-08-25T19:50:05.000Z,9.0032154340836,3.4108936295493124,3.5592667862858653,2.9317829646639257,0.4349978933336365,4.349979004069902,380,session_close,7.010079950288017,0,0.2638604668197537
BEX,2026-08-25T13:35:05.000Z,2026-08-25T19:50:05.000Z,9.869646182495352,23.634733348658813,23.965170974950382,0.42310610624869366,0.13981017741828697,1.3981017742699464,375,session_close,2.6455413823260665,-4.716504866859728,0.14808713718704247
SMCX,2026-08-25T13:35:05.000Z,2026-08-25T19:50:05.000Z,9.79667282809611,11.902382705993928,12.547467540880831,0.8401679097840534,0.5419795773603209,5.419795773849927,375,session_close,7.961576412165439,0,0.5797158577509975
BZ,2026-08-25T13:35:05.000Z,2026-08-25T19:50:05.000Z,4.145077720207246,16.113226326639136,16.126770519474196,0.6206081759634807,0.008405636810263906,0.08405636810715918,375,session_close,1.9038624986834174,-2.2542122804955156,-0.07447298111561906
PFXF,2026-08-25T13:35:05.000Z,2026-08-25T19:50:05.000Z,0.3353828954723248,17.974010573692922,17.956167802763428,0.5563588553191022,-0.009926983610054447,-0.09926983661403521,375,session_close,0.08895858963429149,-0.3561284969232692,0
EHTH,2026-08-25T13:50:05.000Z,2026-08-25T19:50:05.000Z,-0.40650406504064707,1.241798,1.1894307082405344,5,-0.26183645879732764,-4.217053962034528,360,session_close,0,-4.171209810291209,-0.20000000000000018
EIKN,2026-08-25T14:10:05.000Z,2026-08-25T19:50:05.000Z,4.659498207885293,11.742438331798624,12.437268794036093,0.8516118800421848,0.5917258762566314,5.917258772020649,340,session_close,8.410192502583147,-0.8723770047079582,0.5450316032269971
EYPT,2026-08-25T14:10:05.000Z,2026-08-25T19:50:05.000Z,7.186858316221767,5.231126575808882,5.048970168955983,1.9116341044135083,-0.34821639967742407,-3.482164008328021,340,session_close,0.7431176368563941,-4.991784695412472,-0.3632104798385676
RR,2026-08-25T14:10:05.000Z,2026-08-25T19:50:05.000Z,6.481481481481488,1.7303901908814194,1.939608580405996,5.779043359755261,1.2090821447206934,12.090821516851392,340,session_close,14.42505918225503,-1.7562623182658887,1.271389539146158
IXHL,2026-08-25T14:10:05.000Z,2026-08-25T19:50:05.000Z,4.41988950276242,3.8017716739506477,3.767246720148336,2.6303522716851035,-0.0908127906637335,-0.9081280193356439,340,session_close,2.0576808066977037,-2.15088335027952,-0.2367317044516586
UZX,2026-08-25T14:10:05.000Z,2026-08-26T13:35:05.000Z,-0.9243697478991564,0.11934793510301787,0.11640735966755765,83.788623411705,-0.1357478046268082,-1.3574781563172922,1405,session_close,1.3842425472682995,-2.805188962949401,0.0864074857528756
VMAR,2026-08-26T13:50:05.000Z,2026-08-26T14:10:05.000Z,9.99721526037316,7.942510217633673,9.178057728775642,1.259047751763774,1.5556133161006216,15.556133732114697,20,take_profit,15.580587855195915,0,1.3220001393519638
CRMX,2026-08-26T13:50:05.000Z,2026-08-26T14:10:05.000Z,9.826589595375722,7.641540145267864,7.2478947778876295,1.3086367154648304,-0.5151387806264172,-5.151387807914685,20,stop,0,-5.12383809840129,-0.40567738179409574
CISS,2026-08-26T13:50:05.000Z,2026-08-26T14:10:05.000Z,10.861423220973787,2.980660635269889,2.7793638453819,3.35496092161473,-0.6753428637206941,-6.7534286696735,20,stop,0,-6.732085930732601,-0.6374425751067996
RZLVW,2026-08-25T14:10:05.000Z,2026-08-26T14:15:05.000Z,18.589147286821706,0.770303848889422,0.7981327184700927,12.981888007381189,0.3972353360034493,3.9723540361541123,1445,time,5.789423378173941,-2.077602093316222,0.4841660802583423
ADIG,2026-08-26T14:00:05.000Z,2026-08-26T14:15:05.000Z,-0.9878760664571273,22.114666566776133,20.9557783408658,0.45218859377612564,-0.5240360372181034,-5.240360384412875,15,stop,0,-5.22127052329534,-0.587845171908965
AEON,2026-08-26T13:50:05.000Z,2026-08-26T14:20:05.000Z,9.768758848513448,0.23575401846315533,0.2205522491211371,42.41709218073589,-0.6448148514906717,-6.448148558025118,30,stop,0.9102629727518519,-6.427894023585301,-0.39447895728084426
OLOX,2026-08-26T14:00:05.000Z,2026-08-26T14:30:05.000Z,7.070707070707072,1.6103225127209613,1.5196901473815962,6.209936158977992,-0.5628212026946265,-5.628212027305237,30,stop,4.947921093421703,-5.608970377514211,-0.6830929774875809
EXYN,2026-08-26T15:10:05.000Z,2026-08-26T15:25:05.000Z,18.633540372670797,3.840769532993003,3.389310315652364,2.6036448980596383,-1.1754394879109524,-11.754394880049722,15,stop,0,-11.736437948718336,-1.119567306165644
CLGN,2026-08-26T14:00:05.000Z,2026-08-26T15:55:05.000Z,8.62068965517242,0.317760085,0.29867369,23.400000000000002,-0.44662164300000085,-6.00654264049559,115,stop,0,-5.935322241621388,-0.23166000000000064
YJ,2026-08-26T14:00:05.000Z,2026-08-26T18:15:05.000Z,8.955223880596996,2.9406052235767435,2.789370196368405,3.4006604857279004,-0.5345626382380995,-5.345626388826489,255,stop,2.3598807438303337,-5.801704431757471,-0.5921188874310221
SMTK,2026-08-26T14:10:05.000Z,2026-08-26T18:15:05.000Z,10.270270270270277,4.100865436691514,3.8891765001795253,2.438509658751465,-0.5162055163353096,-5.162055175425956,245,stop,10.220636833346909,-5.141974052716913,-0.5852423181003523
BTDR,2026-08-26T13:50:05.000Z,2026-08-26T19:50:05.000Z,-1.7714791851195733,11.10224661017894,10.69784278246214,0.900718597439595,-0.36425404850028,-3.642540486769843,360,session_close,0.24997994365947296,-3.8933256065726396,-0.35128025300144117
NUWE,2026-08-26T13:50:05.000Z,2026-08-26T19:50:05.000Z,4.045037531276052,1.0008018022333107,0.9938845305939215,9.991988397997234,-0.06911729796657286,-0.6911729799000388,360,session_close,8.912673575091667,-2.4382252488811984,0.05095914082978581
BBWI,2026-08-26T14:00:05.000Z,2026-08-26T19:50:05.000Z,0.5119453924914863,17.683542535663573,18.926210487811804,0.565497551132178,0.7027256838102635,7.027256838623034,350,session_close,8.123131784479432,0,0.7408017919831522
NXXT,2026-08-26T14:00:05.000Z,2026-08-26T19:50:05.000Z,3.734622144112487,0.2394501018559956,0.2371438530857946,41.7623542569826,-0.0963143781458645,-0.9631437833290072,350,session_close,1.5660457502162828,-4.113634439762914,-0.3591562466100502
AGEN,2026-08-26T14:10:05.000Z,2026-08-26T19:50:05.000Z,-2.8110047846889863,8.1416886964901,8.138195731913802,1.2282464188105067,-0.004290221231869428,-0.042902212385047066,340,session_close,2.804225413436967,-1.0033384907643939,-0.012282464188103859
AMRX,2026-08-26T14:10:05.000Z,2026-08-26T19:50:05.000Z,0.05580357142855874,17.954676673383904,17.916322931309274,0.556957946066953,-0.02136142140986763,-0.21361421746728423,340,session_close,0.5866066459009334,-0.6387008547689477,-0.02784789730334758
SFL,2026-08-26T14:10:05.000Z,2026-08-26T19:50:05.000Z,-1.1456628477905073,12.092486068791594,11.97753458451142,0.8269598105416122,-0.09506025766181034,-0.9506025777184277,340,session_close,0.8064010217061268,-1.7571743939402085,-0.07442638294874371
PDYN,2026-08-26T14:10:05.000Z,2026-08-26T19:50:05.000Z,1.5358361774743923,5.971335933031001,5.998673387062534,1.674667119545853,0.04578113539870524,0.45781135642216597,340,session_close,1.3173612714344474,-1.3621061340911012,0.06698668478183478
VVOS,2026-08-26T14:10:05.000Z,2026-08-26T19:50:05.000Z,-1.9230769230769162,0.2616582308064707,0.2513612589363875,38.21779241911715,-0.3935275334763289,-3.9352753545517647,340,session_close,1.124279249485971,-3.920469375204927,-0.4662570675132276
XPEV,2026-08-26T15:10:05.000Z,2026-08-26T19:50:05.000Z,2.025862068965534,11.842383669843846,11.727639606399002,0.8444245918835311,-0.0968927089454704,-0.9689270897128183,280,session_close,0,-1.2867651825188342,-0.10133095102602319
GRO,2026-08-26T15:10:05.000Z,2026-08-26T19:50:05.000Z,0.20080321285140812,2.5106236242814832,2.478732279397222,3.9830740788534045,-0.12702558914827428,-1.2702559067724872,280,session_close,0,-3.211298718841493,-0.11949222236560075
TITN,2026-08-27T13:30:05.000Z,2026-08-27T13:35:05.000Z,-1.9138755980861233,18.573928915835992,17.47629958990826,0.5383890517096251,-0.5909516119149079,-5.909516133616209,5,stop,0,-5.889593530765136,-0.04845501465386626
YAAS,2026-08-27T13:30:05.000Z,2026-08-27T13:35:05.000Z,4.761904761904745,2.650534217989337,2.2995349079313843,3.772824334400706,-1.3242587383445033,-13.242587387693364,5,stop,0,-13.225040280945644,0.07545648668801519
LNAI,2026-08-27T13:35:05.000Z,2026-08-27T13:45:05.000Z,4.166666666666674,2.5205206632238157,2.3089791723720445,3.96743424176116,-0.8392769543585222,-8.392769555049146,10,stop,0,-8.352268890132963,-0.5554407938465626
EPOW,2026-08-27T13:55:05.000Z,2026-08-27T14:00:05.000Z,6.919850885368106,0.46269651775838816,0.4333069328857452,21.612438387087078,-0.6351805922820629,-6.35180593427109,5,stop,0,-6.33169186150786,0.10590094809672657
USDE,2026-08-27T13:50:05.000Z,2026-08-27T14:30:05.000Z,4.1806020066889715,6.261259933651586,7.218548986725785,1.597122640397666,1.5289080200696454,15.289080204595573,40,take_profit,15.312254666119141,-0.4992594778500892,1.5811514139936875
OBAI,2026-08-27T14:50:05.000Z,2026-08-27T15:25:05.000Z,17.350746268656714,0.37937940420082034,0.35312239523451044,26.35883727401631,-0.6921042266453497,-6.9210422799892,35,stop,5.567143488896331,-6.900586566096911,-0.3953825591102458
LGPS,2026-08-27T14:50:05.000Z,2026-08-27T15:25:05.000Z,0.6556999884965053,0.8833860605994241,0.8574240295749865,11.32007898194404,-0.5390410773931781,-5.390410786041939,35,stop,0,-5.522620604441075,-0.4177109144337354
BRNX,2026-08-27T14:15:05.000Z,2026-08-27T15:50:05.000Z,17.62820512820513,7.381491372047317,8.568275166834702,1.3547397797767806,1.6077832167929145,16.07783217469536,95,take_profit,16.101199175730272,-2.7296837710918065,1.8424461004964225
MTLS,2026-08-27T13:30:05.000Z,2026-08-27T19:50:05.000Z,7.6461769115442335,7.222759286715452,7.378072688117908,1.3845123320553752,0.21503331957516658,2.150333345430988,380,session_close,2.4539197036586913,-3.7763862242665036,0.42919882293716505
PURR,2026-08-27T13:30:05.000Z,2026-08-27T19:50:05.000Z,5.795847750865057,12.2524666167844,12.997399209338468,0.8161621908498334,0.6079858167743748,6.0798581694040355,380,session_close,14.834020283930416,-0.9995262228801649,0.7835157032158389
EOSE,2026-08-27T13:30:05.000Z,2026-08-27T19:50:05.000Z,4.790419161676662,3.510751269958889,3.419295676406844,2.8483931788419397,-0.2605014888405862,-2.6050148962309163,380,session_close,0,-3.439470947205636,-0.22787145430735656
FNGR,2026-08-27T13:30:05.000Z,2026-08-27T19:50:05.000Z,-0.43290043290045155,0.16216765627713464,0.1728126805635458,61.664571854151724,0.6564208649985904,6.564209245411706,380,session_close,10.872910250816448,0,0.5118159463894596
OWL,2026-08-27T13:45:05.000Z,2026-08-27T19:50:05.000Z,2.2881355932203418,12.082443692160094,12.057582440185076,0.8276471424280054,-0.020576344154306425,-0.20576344163846483,365,session_close,0.9729514230319536,-0.6823428625915229,-0.04965882854567916
VNCE,2026-08-27T13:55:05.000Z,2026-08-27T19:50:05.000Z,19.32176656151419,7.60163153339664,7.628065314377578,1.3155070624731287,0.03477382556829131,0.34773825677822884,355,session_close,1.1624934228280592,-3.3102306036688955,0.026310141249460628
LASE,2026-08-27T14:00:05.000Z,2026-08-27T19:50:05.000Z,13.475177304964546,1.610333825708463,1.5696669921015713,6.2098925236037505,-0.2525366659740739,-2.525366663586062,350,session_close,3.7052053020923736,-4.98864424419081,-0.2483957009441493
GNS,2026-08-27T14:05:05.000Z,2026-08-27T19:50:05.000Z,11.188405797101453,0.1925457253881896,0.19014498252683606,51.935714961729644,-0.12468429694366404,-1.246842980550938,345,session_close,2.884652256295217,-4.07473361061218,-0.21293643134309015
STXS,2026-08-27T14:10:05.000Z,2026-08-27T19:50:05.000Z,2.0689655172413834,1.4905769098464303,1.4696654291892821,6.708811339635455,-0.14029117856124337,-1.4029118872707251,340,session_close,0.6321773865758162,-2.051347343732879,-0.13417622679270913
SNAP,2026-08-27T14:15:05.000Z,2026-08-27T19:50:05.000Z,1.6605166051660403,5.521105811349494,5.3489256328923656,1.8112313621641174,-0.3118581391645651,-3.1185813918506144,335,session_close,0.7044637429435285,-3.099122117851094,-0.2897970179462579
TE,2026-08-27T14:25:05.000Z,2026-08-27T19:50:05.000Z,6.873614190687372,4.830970447425844,4.889016181178089,2.0699774728447684,0.12015336126189348,1.2015336128411815,325,session_close,2.670882672091457,-1.2620745270410794,0.08279909891379056
AMPG,2026-08-27T14:50:05.000Z,2026-08-27T19:50:05.000Z,3.3802816901408406,3.6807632008012283,3.719238215457849,2.7168278531193955,0.10452999146828448,1.0452999162849055,300,session_close,4.054506933950153,-0.5641004234314351,0.19017794971835933
SMCX,2026-08-27T14:50:05.000Z,2026-08-27T19:50:05.000Z,4.537953795379535,12.692547769389002,12.717445497790264,0.7878638851824521,0.019616021030435873,0.19616021033467168,300,session_close,2.5798778666070943,-3.8018196043569374,0.1575727770364903
OPXS,2026-08-27T14:25:05.000Z,2026-08-27T19:55:05.000Z,2.4878048780487605,10.532269899094777,10.217873262011688,0.949462942201431,-0.29850795606314506,-2.98507957064517,330,session_close,0,-2.9648869815006806,-0.41776369456862916
EMAT,2026-08-28T13:30:05.000Z,2026-08-28T13:35:05.000Z,7.2555205047318605,3.442331622267042,3.2092491639610157,2.905006797563011,-0.677106125771704,-6.771063450084556,5,stop,0,-6.749251605051166,-0.23240054380504205
SLGB,2026-08-28T13:30:05.000Z,2026-08-28T13:35:05.000Z,7.0717131474103745,0.5479934399999999,0.5187803340093069,5,-0.14606552995346522,-5.330922572849238,5,stop,0,-5.309085451825835,-0.07749999999999968
EXYN,2026-08-28T13:35:05.000Z,2026-08-28T13:40:05.000Z,9.955423476968805,3.780874737367491,3.579267119324985,2.6448905668549316,-0.5332300871667155,-5.332300910420508,5,stop,0,-5.312917018439867,-0.4496313963653389
XTNT,2026-08-28T13:35:05.000Z,2026-08-28T13:40:05.000Z,7.333333333333325,0.35858151632102564,0.33892896155859004,27.88766147332299,-0.5480637943007456,-5.480637977123547,5,stop,0,-5.460827016943881,-0.2509889532599079
DFDVW,2026-08-28T13:35:05.000Z,2026-08-28T13:45:05.000Z,6.874999999999987,0.8620708202762702,0.7917185623849862,11.599956746081284,-0.816083148528051,-8.160844357165237,10,stop,0,-8.116597689021244,-1.2759952420689409
RGNX,2026-08-28T13:30:05.000Z,2026-08-28T13:50:05.000Z,7.790821771611545,10.15216175896961,9.547423791537948,0.9850118831610308,-0.5956740841188355,-5.9567408576539425,20,stop,0,-5.93136489809758,-0.5811570110650077
EPOW,2026-08-28T13:50:05.000Z,2026-08-28T14:05:05.000Z,7.901785714285725,0.4857991168346213,0.45880643209451566,20.584640122143572,-0.5556347013055509,-5.556347017669578,15,stop,0,-5.537086401039815,-0.27377571362450936
HYLN,2026-08-28T13:30:05.000Z,2026-08-28T14:10:05.000Z,9.237536656891487,3.7618019168724963,3.5492156931843213,2.6583001665337935,-0.5651179938330659,-5.651180694408171,40,stop,0,-5.630331462231409,-0.3721620233147327
XPON,2026-08-28T13:35:05.000Z,2026-08-28T14:15:05.000Z,8.030112923462983,8.641754385437208,10.05798668628378,1.1571724383479236,1.6388249848377174,16.388249858537502,40,take_profit,16.411547369973523,-3.1446668502307817,0.9373096750618171
MSS,2026-08-28T13:55:05.000Z,2026-08-28T14:35:05.000Z,9.904153354632594,1.730372368414421,1.6293985632244994,5.779102897004144,-0.583538010094608,-5.835380120086301,40,stop,0,-5.800622469855698,-0.6357013186704563
WHLR,2026-08-28T13:55:05.000Z,2026-08-28T14:35:05.000Z,13.392857142857139,1.2802577990014157,1.1797569736433,7.810926834399869,-0.7850045936690404,-7.850045938912069,40,stop,2.323141559597053,-7.8310633279965565,-0.7029834150959893
DFDVW,2026-08-28T14:15:05.000Z,2026-08-28T14:40:05.000Z,0,0.8038851158776369,0.7553426299667964,12.439587763695405,-0.8606729135898306,-8.606729608503887,25,stop,0,-12.300901450287416,-1.542750531643449
DWTX,2026-08-28T13:55:05.000Z,2026-08-28T14:45:05.000Z,9.913793103448265,2.5807101967336816,2.4691338297379195,3.8749022674077023,-0.46227434719891236,-4.6227435677513276,50,stop,0,-5.452382716655824,-0.46623924941484773
UMC,2026-08-28T13:30:05.000Z,2026-08-28T16:00:05.000Z,8.96696381751443,20.804168165095774,19.656065432196794,0.480672907460488,-0.551861878685885,-5.5186187872928825,150,stop,0,-5.499706385835723,-0.5864209471017947
XTNT,2026-08-28T14:15:05.000Z,2026-08-28T19:30:05.000Z,10.606060606060597,0.3678795843899813,0.42781331158982433,27.182807605774496,1.6291669755703067,16.291669813432364,315,take_profit,16.31523415727043,-2.7942796573033446,1.8511491979532444
LCID,2026-08-28T13:30:05.000Z,2026-08-28T19:50:05.000Z,-0.5893909626718985,5.081066555728664,4.978989701855886,1.96809072847814,-0.20089650969923248,-2.008965101189065,380,session_close,0.7662455085820641,-2.5795087368200686,-0.13776635099347168
PD,2026-08-28T13:35:05.000Z,2026-08-28T19:50:05.000Z,8.551068883610458,13.742759757916838,13.707234752045657,0.7276558838570107,-0.025849979546219475,-0.258499795506617,375,session_close,2.817776406664496,-2.9307050767937604,0.07276558838570146
AAOZ,2026-08-28T13:35:05.000Z,2026-08-28T19:50:05.000Z,7.749381698268754,13.10264770137221,13.617226669867073,0.7632045235162389,0.39272899646159976,3.92728996629416,375,session_close,4.864301575940577,-2.6151027577145713,0.3129138546416588
KLC,2026-08-28T13:45:05.000Z,2026-08-28T19:50:05.000Z,-0.19762845849802257,2.54053096258616,2.5692922069815043,3.93618504492703,0.11320958006244529,1.1320958027634669,365,session_close,3.915285382414102,-0.020899669950080746,0.19680925224635182
KLAR,2026-08-28T13:45:05.000Z,2026-08-28T19:50:05.000Z,5.710206995003575,14.822971611836696,14.267140078055684,0.6746285603748277,-0.37497982744561636,-3.749798274842269,365,session_close,0.9244326424661109,-4.000355848777215,-0.3777919938099039
AGEN,2026-08-28T14:15:05.000Z,2026-08-28T19:50:05.000Z,1.2804097311139628,7.931688353310347,7.688426059580345,1.2607656185018652,-0.30669673621268806,-3.066967370553263,335,session_close,0.23086694627898474,-4.0557361684046445,-0.3277990608104844
NABL,2026-08-28T14:15:05.000Z,2026-08-28T19:50:05.000Z,8.860759493670866,4.31087005794973,4.229114788026211,2.319717333577589,-0.18964911675290028,-1.8964911682446222,335,session_close,0.21178884836563494,-4.195674087094902,-0.06959152000732871
PASW,2026-08-31T13:30:05.000Z,2026-08-31T13:35:05.000Z,8.339709257842376,0.1428341770118943,0.13097239333215824,70.01125441458018,-0.8304583550127164,-8.30458362829247,5,stop,0,-8.285255853652462,-0.44107090281185535
PURR,2026-08-31T13:30:05.000Z,2026-08-31T13:40:05.000Z,5.4263565891472965,12.26246592167351,11.567682350941977,0.8154966596108387,-0.5665936810840556,-5.665936812134378,10,stop,0,-5.647036461480381,-0.16309933192216697
AIM,2026-08-31T15:00:05.000Z,2026-08-31T15:15:05.000Z,3.482972136222884,0.2686550035067224,0.24734873374937294,37.222459510106916,-0.7930717633543554,-7.930717641302487,15,stop,2.6223209697642247,-7.911635081901814,-0.45039176007229287
CVKD,2026-08-31T15:05:05.000Z,2026-08-31T15:35:05.000Z,3.2467532467532534,1.6103690967963622,1.5196548972746535,6.20975647933427,-0.5633130882475521,-5.633130920245165,30,stop,1.2190312918132218,-5.6117008812539115,-0.869365907106797
MEDS,2026-08-31T15:05:05.000Z,2026-08-31T15:40:05.000Z,5.663127212159069,1.0302170322798727,0.9716975689267865,9.706692535751754,-0.5680304381256004,-5.680304394073403,35,stop,0,-5.631534954482453,-0.1931631814614594
SHMD,2026-08-31T13:30:05.000Z,2026-08-31T16:40:05.000Z,7.820299500831962,3.2631495851569277,3.0878037713425543,3.064521664942363,-0.5373510452910969,-5.373514429493761,190,stop,2.3550993553173694,-5.306210476667461,-0.4903234663907785
GPRO,2026-08-31T15:00:05.000Z,2026-08-31T19:15:05.000Z,18.63643940656776,0.713243430104771,0.8285338829772912,14.020458619922444,1.616425023771289,16.164250241405632,255,take_profit,16.18754060984049,-1.8427691794988377,1.7525573274903063
GMEU,2026-08-31T13:30:05.000Z,2026-08-31T19:50:05.000Z,8.200000000000006,5.431194624515371,5.238350505645777,1.8412155423154755,-0.3550675889068282,-3.550675904691979,380,session_close,0.5303690527790561,-4.993277598472535,-0.38665526388624905
GME,2026-08-31T13:30:05.000Z,2026-08-31T19:50:05.000Z,4.644655847789592,18.73376660931192,18.346325764224076,0.533795483115339,-0.20681417308228134,-2.068141731280356,380,session_close,0.03327355794524589,-2.689083406545245,-0.19750432875267698
ATTO,2026-08-31T15:00:05.000Z,2026-08-31T19:50:05.000Z,-2.0772946859903163,20.356544451657502,21.43461944408592,0.49124249121868785,0.5295962450011048,5.295962657064022,290,session_close,5.322394235011152,-1.2602554046770575,0.33895731894089565
ZDGE,2026-08-31T15:00:05.000Z,2026-08-31T19:50:05.000Z,5.226480836236935,3.0406991201305376,3.0283935167119322,3.288717342955256,-0.040469651378296785,-0.40469651657205186,290,session_close,0,-2.9828377141978946,0.03288717342955216
SLI,2026-08-31T15:00:05.000Z,2026-08-31T19:50:05.000Z,4.509803921568634,2.680565464489213,2.6894279731586828,3.7305561491716843,0.03306208621397794,0.3306208629065723,290,session_close,0.3519606454597257,-1.5133174334521438,0.11191668447515113
BMNR,2026-08-31T15:05:05.000Z,2026-08-31T19:50:05.000Z,1.5126050420168013,24.17483894363052,25.15496666946282,0.41365322114070796,0.40543299091984775,4.054329909364464,285,session_close,4.075150443263031,-0.930053532744457,0.430199349986335
TCAN,2026-08-31T13:30:05.000Z,2026-09-01T13:30:05.000Z,7.837866896032675,20.156529190088772,19.695258892816195,0.49611713920997325,-0.22884410028540486,-2.288441094806092,1440,time,0.6125598745043037,-2.264919648533803,-0.1587574845471913
BLSM,2026-09-01T13:30:05.000Z,2026-09-01T13:35:05.000Z,9.781420765027327,20.186535190549584,18.82550752027934,0.4953796926822908,-0.6742254690305671,-6.7422549606601825,5,stop,0,-6.720000127533787,-0.49537969268229176
FTCI,2026-09-01T13:30:05.000Z,2026-09-01T13:40:05.000Z,8.936170212765958,2.5808819071170888,2.4094838902217335,3.8746443561520723,-0.6641063588192458,-6.6410639100806925,10,stop,0,-6.621066490716276,-0.42621087917672895
ATER,2026-09-01T13:35:05.000Z,2026-09-01T13:40:05.000Z,9.999999999999986,0.44804873,0.41920628772437046,18.400000000000002,-0.5307009378715837,-6.437344945856569,5,stop,0,-6.416429302232373,-0.3404000000000007
SST,2026-09-01T13:30:05.000Z,2026-09-01T13:55:05.000Z,8.92857142857142,2.4607257944388694,2.2795187807329134,4.063841547179246,-0.7363965909385433,-7.363966115829558,25,stop,3.6279623582150533,-7.344410126772427,-0.6095762320768863
ZEO,2026-09-01T13:45:05.000Z,2026-09-01T13:55:05.000Z,9.29743374000842,0.26608526499999996,0.25220835517408124,27.25,-0.3981761190618941,-5.491460668442545,10,stop,0,-6.082736298832614,-0.26432500000000125
AMBR,2026-09-01T13:35:05.000Z,2026-09-01T14:00:05.000Z,8.62068965517242,1.2702582705183671,1.0397904619221618,7.872414787807104,-1.8143381845062638,-18.14338185746714,25,stop,0,-18.126886150830046,-1.7319312533175637
CAPR,2026-09-01T13:30:05.000Z,2026-09-01T14:10:05.000Z,8.779011099899092,10.822224770388075,10.2379485163505,0.9240244220223579,-0.5398855279384595,-5.398855285618174,40,stop,0,-5.379899075661109,-0.06468170954156527
GDXD,2026-09-01T13:35:05.000Z,2026-09-01T14:20:05.000Z,8.343023255813954,18.66374527049813,17.556471261074336,0.535798139850308,-0.593275354553861,-5.932753546385285,45,stop,0.08709253832115404,-5.91384662885871,-0.766191339985939
SMZ,2026-09-01T13:35:05.000Z,2026-09-01T14:25:05.000Z,8.456193865446537,19.254658865719577,18.14613551517434,0.5193548204652993,-0.5757169457040138,-5.757169515575367,50,stop,1.429997468148514,-5.737099127143097,-0.6751612666048885
BGIN,2026-09-01T13:45:05.000Z,2026-09-01T14:30:05.000Z,9.424083769633507,2.131713623251177,1.967815033540289,4.6910593563996175,-0.7688580127639622,-7.688583866200485,45,stop,0,-7.586085742818483,-0.5629271227679542
NBIZ,2026-09-01T14:30:05.000Z,2026-09-01T15:45:05.000Z,9.612817089452609,8.231764570402726,7.798402963220676,1.2148063618183758,-0.5264504373725903,-5.26450438998462,75,stop,0,-5.245103485528901,-0.48592254472734986
GAME,2026-09-01T13:45:05.000Z,2026-09-01T17:25:05.000Z,9.122807017543867,3.1414016483780385,2.977123660981759,3.1832920523100157,-0.5229448116480618,-5.229448691513206,220,stop,0.5920399141435606,-5.137886410079817,-0.3183292052310023
RGTZ,2026-09-01T13:30:05.000Z,2026-09-01T19:50:05.000Z,8.479532163742686,3.721060365510287,3.7191173817231693,2.6874059475953933,-0.005221586185581416,-0.05221586312135002,380,session_close,1.5839472811570499,-2.715902339209375,0.18811841633167603
BMNZ,2026-09-01T13:30:05.000Z,2026-09-01T19:50:05.000Z,8.347826086956523,6.243721771488924,6.668113063744578,1.6016084639825086,0.679708685717129,6.797088464024398,380,session_close,8.2687577602927,-0.700251758311421,0.8808846551903802
MSTZ,2026-09-01T13:35:05.000Z,2026-09-01T19:50:05.000Z,9.7938144329897,5.331068940655923,5.328926204414057,1.8757964134793885,-0.004019336957524141,-0.040193369579687825,375,session_close,2.7936434700421175,-4.89712182607418,0.018757964134795913
CRCD,2026-09-01T13:35:05.000Z,2026-09-01T19:50:05.000Z,9.302325581395344,2.3604891821124783,2.3892688745022745,4.236410003778333,0.12192257674579611,1.2192257692975483,375,session_close,3.7920452491722934,-3.4098517681172336,0.1270923001133486
LITZ,2026-09-01T13:45:05.000Z,2026-09-01T19:50:05.000Z,9.884467265725272,8.5817409201679,8.537926141148082,1.1652647274176013,-0.051055816531389374,-0.5105581656147186,365,session_close,2.543296073168233,-1.4186040023859925,-0.034957941822526095
CRK,2026-09-01T13:45:05.000Z,2026-09-01T19:50:05.000Z,9.632709632709634,15.833173812154605,15.976793110128117,0.6315853105417238,0.09070783891038482,0.9070783891935804,365,session_close,1.1799667587933271,-3.6200816017986193,0.10736950279209267
CAST,2026-09-01T13:45:05.000Z,2026-09-01T19:50:05.000Z,9.375,1.410301200077309,1.4095338094278484,7.090683869778487,-0.005441324499948545,-0.05441324515773323,365,session_close,3.523984799840396,-4.984835868639637,0.14181367739556983
KUST,2026-09-01T14:30:05.000Z,2026-09-01T19:50:05.000Z,-1.6397150288363638,0.8737938303709943,0.9242566323885916,11.444347171949847,0.5775138255587539,5.775138283612255,320,session_close,6.913091799167148,-3.512708525071917,0.43145188838250803
ASTN,2026-09-01T14:30:05.000Z,2026-09-01T19:50:05.000Z,10.258780036968563,5.98138826305681,5.937178643939578,1.6718526679064782,-0.07391196966827297,-0.7391197021983349,320,session_close,0,-2.3638034656615514,0.016718526679065704
DDC,2026-09-02T13:30:05.000Z,2026-09-02T13:35:05.000Z,13.31386861313868,0.3896889745297613,0.35470868430145497,25.661490544558042,-0.8976463869395793,-8.976463927550721,5,stop,0,-8.953030958051079,-0.4542083826386776
UPC,2026-09-02T13:35:05.000Z,2026-09-02T13:45:05.000Z,7.962529274004693,4.65119035001613,4.339124436249977,2.1499872299716816,-0.670937729506673,-6.709377391210635,10,stop,1.4793987088408844,-6.690552882125123,-0.5589966797926387
SST,2026-09-02T13:35:05.000Z,2026-09-02T13:50:05.000Z,8.450704225352123,3.110644562574169,2.9094062904742586,3.21476780255846,-0.6469343177892911,-6.469343187618286,15,stop,1.5866627135627365,-6.450256804915333,-0.9001349847163684
AXTL,2026-09-02T13:40:05.000Z,2026-09-02T13:50:05.000Z,9.183673469387754,2.1605642405859444,2.04957946451028,4.628420508058144,-0.5136842136708458,-5.136842218843969,10,stop,1.3624107472070657,-5.117378067682898,-0.2777052304834875
BRNX,2026-09-02T13:40:05.000Z,2026-09-02T13:55:05.000Z,9.659090909090896,3.8810584088329847,3.6692263614051535,2.576616672073583,-0.5458099850820319,-5.458099959168821,15,stop,0,-5.438166257756705,-0.4122586675317734
CBRG,2026-09-02T13:40:05.000Z,2026-09-02T13:55:05.000Z,9.328358208955233,2.9505906255426595,2.7894371420367614,3.389151959274724,-0.5461736443679615,-5.461736443911445,15,stop,0,-5.442660332221594,-0.23724063714922927
MOVE,2026-09-02T13:40:05.000Z,2026-09-02T13:55:05.000Z,9.289617486338786,14.062921099987118,12.516768643423033,0.7110898164600432,-1.0994532665574004,-10.994532683295093,15,stop,4.032440315784758,-10.971554835705732,-0.7466443072830451
AXTX,2026-09-02T13:40:05.000Z,2026-09-02T13:55:05.000Z,9.072978303747515,5.541109432673477,5.218953843352257,1.8046927462786853,-0.5813918552211405,-5.813918552512434,15,stop,2.867486543211273,-5.795038639374939,-0.5053139689580313
GELS,2026-09-02T13:30:05.000Z,2026-09-02T14:05:05.000Z,6.823308270676698,0.5717152312871193,0.66266690350705,17.491224280489494,1.590856097484374,15.908562032739365,35,take_profit,15.931842240378803,-2.101611192003594,1.3695628611623274
DGNX,2026-09-02T13:55:05.000Z,2026-09-02T14:05:05.000Z,17.0940170940171,1.3802821811927304,1.3095524876281985,7.244895375090439,-0.5124292297872408,-5.124292302564744,10,stop,0,-5.091870499407447,-0.36224476875452183
LGPS,2026-09-02T13:35:05.000Z,2026-09-02T14:25:05.000Z,7.76699029126211,1.1303899853919281,1.098969711406828,8.846503975170757,-0.4580347260104273,-4.580347489459262,50,stop,0,-5.342402725815876,-0.17693007950341233
ASTX,2026-09-02T13:30:05.000Z,2026-09-02T19:10:05.000Z,9.623893805309747,9.932047472814228,11.427672698675279,1.006841742813841,1.5058579090022852,15.058579109240485,340,take_profit,15.082011350488745,0,1.3290311005142712
MAIA,2026-09-02T13:35:05.000Z,2026-09-02T19:40:05.000Z,8.846153846153836,1.4303450455207696,1.3497183592970177,6.991319983737764,-0.563686962618671,-5.636869682335761,365,stop,0,-5.617179279389672,-0.4893923988616411
XTLB,2026-09-02T13:40:05.000Z,2026-09-02T19:45:05.000Z,7.758620689655182,2.530755177859026,2.2295152847151924,3.951389606377766,-1.190316182794892,-11.903162177808008,365,stop,5.502105591216178,-11.884009187860656,-1.4225002582959956
PZG,2026-09-02T13:30:05.000Z,2026-09-02T19:50:05.000Z,8.270676691729317,1.451375925299723,1.3896675969539334,6.89000879824167,-0.4251709252272758,-4.251712273169074,380,session_close,1.2832012971712325,-4.228809657776866,-0.3445004399120837
CRK,2026-09-02T13:30:05.000Z,2026-09-02T19:50:05.000Z,0.12484394506866447,16.133863602371758,15.496879519224525,0.619814332870989,-0.39481186454534084,-3.948118682828045,380,session_close,0,-4.734536135904033,-0.17974615653258752
XTNT,2026-09-02T13:30:05.000Z,2026-09-02T19:50:05.000Z,3.5597826086956497,0.38569901730295547,0.4131412996281302,25.926951860369652,0.7114947327834775,7.114947431566719,380,session_close,10.682159105601862,0,0.645581101323204
EOSE,2026-09-02T13:35:05.000Z,2026-09-02T19:50:05.000Z,9.868421052631572,3.3506708495457302,3.6492672282421514,2.9844769744685675,0.8911540168791657,8.911540169244127,375,session_close,9.530304968557646,-2.1091552324607354,1.1341012502980554
GME,2026-09-02T13:55:05.000Z,2026-09-02T19:50:05.000Z,1.1430090377458901,19.043835086005032,18.986186581069145,0.5251043160147919,-0.030271478753634427,-0.30271478762306697,355,session_close,0,-1.595451150636762,-0.02100417264059118
AAL,2026-09-02T13:55:05.000Z,2026-09-02T19:50:05.000Z,1.3513513513513598,13.132627643088961,13.10737556828592,0.7614622352452145,-0.019228501324102396,-0.19228501324583852,355,session_close,1.5029159607286013,-0.6291782980113902,-0.030458489409809886
CCL,2026-09-02T13:55:05.000Z,2026-09-02T19:50:05.000Z,1.764959104606123,23.65473450912762,23.675259459679186,0.42274835068470984,0.008676888993559142,0.0867688899389026,355,session_close,0.783206807080794,-1.2882601113533232,-0.01690993402738883
TGHL,2026-09-02T13:35:05.000Z,2026-09-02T19:55:05.000Z,7.732696897374702,0.9186549440223343,0.8852456389241273,10.885479193531724,-0.363676295516885,-3.6367632173103175,380,session_close,7.5594276642762415,-4.4146003117083605,-0.2960850340640633
GPUS,2026-09-03T13:30:05.000Z,2026-09-03T13:35:05.000Z,8.366935483870975,0.21593569438229465,0.19916002649329623,46.3100708425393,-0.7768823683704287,-7.768825777964534,5,stop,0,-7.75031401370152,-0.48162473676240936
SPWH,2026-09-03T13:35:05.000Z,2026-09-03T14:00:05.000Z,2.34375,1.3203446241107526,1.2496983793613616,7.573780101011749,-0.535059122694143,-5.3505913122470545,25,stop,0,-5.327747227973112,-0.45442680606070596
COSM,2026-09-03T13:35:05.000Z,2026-09-03T14:35:05.000Z,4.27998216674097,0.2369965284954198,0.2278511833533429,42.19465524472632,-0.39492064586732717,-3.949211666079607,60,stop,0,-5.610431756040157,-0.4320765177620327
RCAX,2026-09-03T13:30:05.000Z,2026-09-03T14:40:05.000Z,8.787275267280537,3.2408082164423657,3.0488883351544027,3.085650001113207,-0.5921975819098496,-5.921975892132403,70,stop,0,-5.887673805388827,-0.15428250005565936
WCT,2026-09-03T13:35:05.000Z,2026-09-03T14:40:05.000Z,5.000000000000004,1.2906129449374633,1.2296343257597118,7.748255379045798,-0.5224005686727862,-5.224006369569311,65,stop,0,-7.020923297949255,-0.7448255379045801
GPRK,2026-09-03T13:30:05.000Z,2026-09-03T14:55:05.000Z,9.92301112061591,12.922641499171293,12.24674665372413,0.7738355963480253,-0.5230314907951614,-5.2303149127096535,85,stop,0,-5.205139361131616,-0.5339465614801373
MSTX,2026-09-03T13:30:05.000Z,2026-09-03T15:00:05.000Z,8.255451713395633,13.92282488815243,16.046784398090725,0.7182450454109808,1.5255233946667153,15.255233955759003,90,take_profit,15.278329857166284,0,1.5729566494500489
MSTP,2026-09-03T13:30:05.000Z,2026-09-03T15:10:05.000Z,8.294650639531342,21.42553367713757,24.664493718748503,0.4667328244887618,1.5117289686273085,15.117289914076279,100,take_profit,15.142989536472973,0,1.4422044276702728
PBK,2026-09-03T13:35:05.000Z,2026-09-03T17:20:05.000Z,1.3346515076618992,0.4127259837337747,0.3907807125051978,24.22912970693593,-0.5317148230510794,-5.317152806820257,225,stop,0,-5.288250460105115,-0.17202682091924437
DRTS,2026-09-03T13:30:05.000Z,2026-09-03T18:45:05.000Z,4.605722260990919,15.053072659556117,14.296894655949748,0.6643161976072189,-0.5023412960700008,-5.023412964969152,315,stop,0,-5.002783661434362,-0.49823714820541554
SUPX,2026-09-03T13:35:05.000Z,2026-09-03T19:50:05.000Z,-2.392344497607646,8.222811824763156,8.738192792295974,1.2161289504397537,0.6267697151223116,6.267697455762505,375,session_close,12.370320480563146,-1.0070986242658009,0.012161289504396322
HLN,2026-09-03T13:35:05.000Z,2026-09-03T19:50:05.000Z,-0.4540867810292837,9.87197643276864,9.78803169002322,1.0129683825331,-0.0850333702809867,-0.8503337028518283,375,session_close,0,-1.9446605659572125,-0.08103747060264865
MIST,2026-09-03T13:45:05.000Z,2026-09-03T19:50:05.000Z,3.8135593220339103,1.240264177783107,1.2097427190244825,8.062798354850967,-0.2460883674666888,-2.460883681505629,365,session_close,0,-4.052699310638075,-0.16125596709701995
ALMS,2026-09-03T13:45:05.000Z,2026-09-03T19:50:05.000Z,5.21739130434784,10.912186336697735,11.247746255040218,0.9164066384729461,0.30750933677449105,3.0750933679898163,365,session_close,8.685827331547324,-1.9444896755854701,0.26575792515715335
DLTH,2026-09-03T13:45:05.000Z,2026-09-03T19:50:05.000Z,10.91160220994476,4.030836444351007,4.4589883557420675,2.4808746577495167,1.0621912266370976,10.62191228302233,365,session_close,11.887447239902604,-3.990150594584674,1.0171586096773026
YQ,2026-09-03T13:45:05.000Z,2026-09-03T19:50:05.000Z,5.4824561403509,2.4205319925217137,2.6291898634938917,4.131323191475165,0.8620331014311916,8.620331051885744,365,session_close,13.198255939821912,-2.500772256211803,0.867577870209784
AIM,2026-09-03T13:45:05.000Z,2026-09-03T19:50:05.000Z,5.029838022165389,0.24765213615416592,0.23897118443461104,40.37921954984,-0.3505300553854676,-3.5053005616518895,365,session_close,4.259145109601592,-4.0185949165286505,-0.44013349309325633
BULL,2026-09-03T14:00:05.000Z,2026-09-03T19:50:05.000Z,7.1111111111111125,9.651932908085337,9.938006980868225,1.036061905384733,0.2963904489286101,2.963904489464972,350,session_close,5.263889593441529,-0.6416632676078393,0.31081857161541926
APPS,2026-09-03T14:00:05.000Z,2026-09-03T19:50:05.000Z,7.719836400818014,10.552145159541006,10.717846592406783,0.9476746047397959,0.15703103989589334,1.570310400022823,350,session_close,3.0122296050068664,-2.958120408898768,0.18953492094795799
LRHC,2026-09-03T14:55:05.000Z,2026-09-04T13:30:05.000Z,8.242934795397328,0.46111156164786493,0.4635068579650129,21.6867255781783,-0.12111681969111705,-1.21116820921876,1355,session_close,0.5396608020935778,-3.862744535012763,
GME.WS,2026-09-04T13:30:05.000Z,2026-09-04T13:35:05.000Z,9.642857142857153,3.0918672447931153,2.9291705140845665,3.2342907265122576,-0.5262085273645212,-5.262086558940702,5,stop,0,-5.235258566347212,-0.12937162906048982
WETH,2026-09-04T13:30:05.000Z,2026-09-04T13:45:05.000Z,9.166666666666679,1.321914,1.2397048445390935,5,-0.41104577730453284,-6.218948846967849,15,stop,0,-6.19662096021375,-0.25
MODD,2026-09-04T13:30:05.000Z,2026-09-04T13:50:05.000Z,9.941520467836252,3.791315842009798,3.4787171156786565,2.637606547647246,-0.8245124473572081,-8.245124894828889,20,stop,0,-8.211287452241589,-0.8440340952471175
ZTG,2026-09-04T13:55:05.000Z,2026-09-04T14:00:05.000Z,-0.4119464469618861,0.6865987476898099,0.6474097381102104,14.564547014400402,-0.5707701724698643,-5.707701872667005,5,stop,0,-5.679991089559733,0.07282273507200365
CRMU,2026-09-04T13:50:05.000Z,2026-09-04T14:05:05.000Z,5.5320574563423985,2.540735206955982,2.4086525398581693,3.9358685288238675,-0.5198600126334002,-5.198600260908688,15,stop,0,-5.145565999875035,-0.31486948230590883
SGRX,2026-09-04T13:50:05.000Z,2026-09-04T14:25:05.000Z,5.882352941176472,2.3604760768158246,2.1795510558038163,4.236433529123275,-0.7664768252726052,-7.664768255396513,35,stop,0.40347467520291946,-7.645749032935701,-1.4403873999019137
ANPA,2026-09-04T13:45:05.000Z,2026-09-04T14:35:05.000Z,-2.646950481502919,3.730766150649765,3.509262630619625,2.6804145811079825,-0.5937212648555314,-5.937212655142219,50,stop,0,-5.917448098732104,-0.4824746245994369
ASTY,2026-09-04T14:10:05.000Z,2026-09-04T14:35:05.000Z,4.849498327759183,6.34175710122804,5.937717783984257,1.576850015952476,-0.6371094038412858,-6.371094174602537,25,stop,0,-6.335107050224953,-0.441518004466694
SOAR,2026-09-04T13:30:05.000Z,2026-09-04T14:50:05.000Z,9.218255761409843,0.2437766860301079,0.23084070336676818,41.02114850305353,-0.530648865865785,-5.306488850103597,80,stop,0.21466940847143512,-5.282164689250701,-0.4922537820366415
CRCD,2026-09-04T13:30:05.000Z,2026-09-04T15:30:05.000Z,9.969788519637458,1.8303980237842459,1.729620364782269,5.4632925910137455,-0.55057783776521,-5.505778398603418,120,stop,0,-5.485037815801319,-0.10926585182027537
NCPL,2026-09-04T14:00:05.000Z,2026-09-04T15:30:05.000Z,8.176901049952278,0.6841400712816181,0.6384613921800617,14.616889742293282,-0.6676802160010467,-6.676802166548339,90,stop,0,-6.656542014313926,-0.8360860932591745
BMNZ,2026-09-04T13:30:05.000Z,2026-09-04T19:50:05.000Z,8.92116182572613,5.271257866509662,5.378395723991912,1.8970803859205687,0.2032491280191304,2.032491298954251,380,session_close,4.149714148497496,-0.7826949004295258,0.4173576849025249
ETHA,2026-09-04T13:45:05.000Z,2026-09-04T19:50:05.000Z,-2.8128286014721393,18.493698874192514,18.526286932176777,0.54072471212669,0.01762116827230862,0.17621168272475246,365,session_close,0.4125790428758602,-0.7770153238141009,0.010814494242534778
BAOS,2026-09-04T13:50:05.000Z,2026-09-04T19:50:05.000Z,16.74385464909156,0.3286689134836826,0.336777080137598,30.425755431595313,0.2466970956106463,2.466970961133487,360,session_close,12.57529532630086,-0.14267047002176625,0.09736241738110607
UGP,2026-09-04T13:55:05.000Z,2026-09-04T19:50:05.000Z,0.7681564245810124,7.231526784491655,7.268523489471471,1.382833843311579,0.05116029573710374,0.5116029585779487,355,session_close,1.3617209538589359,-0.5742464313443607,0.09679836903181105
FMS,2026-09-04T13:55:05.000Z,2026-09-04T19:50:05.000Z,0.8010680907877266,22.674615020783374,22.665118848449033,0.44102182037313375,-0.004188019209468045,-0.04188019212514457,355,session_close,0.28836202580151404,-0.6377837976557443,0.008820436407463106
TSDD,2026-09-04T13:55:05.000Z,2026-09-04T19:50:05.000Z,9.878213802435742,8.13162839507413,8.268342558366488,1.2297659845680748,0.16812642762562593,1.681264276355445,355,session_close,2.8084363159561976,-1.0038382364297105,0.19676255753089222
SNAP,2026-09-04T14:00:05.000Z,2026-09-04T19:50:05.000Z,-2.1052631578947434,5.591121989558532,5.468901746436022,1.7885497789608038,-0.21859698882130119,-2.185969888526086,350,session_close,0,-2.3451820547540136,-0.17885497789607996
AMC,2026-09-04T14:05:05.000Z,2026-09-04T19:50:05.000Z,5.5118110236220375,2.6905392102997667,2.629472657458319,3.7167271009531775,-0.22696771190759746,-2.269677119280631,345,session_close,3.3250134158151035,-2.993422656375022,-0.1486690840381275
BBCP,2026-09-04T14:10:05.000Z,2026-09-04T19:50:05.000Z,16.68508287292816,10.582300734401842,10.497837564636919,0.9449740857891649,-0.07981550663146353,-0.7981550693446403,340,session_close,2.813180924166825,-4.179627337219527,-0.03779896343156608
CURR,2026-09-04T13:50:05.000Z,2026-09-04T19:55:05.000Z,7.666666666666688,3.240695836616199,3.279282299908151,3.085757032582015,0.1190684504656084,1.1906845084308286,365,session_close,3.990012327686232,-2.181501757042925,0
TRUG,2026-09-08T13:30:05.000Z,2026-09-08T13:35:05.000Z,7.560590094836672,0.4104288530170818,0.38661634999177397,24.3647579072593,-0.5801858713775054,-5.80185892153074,5,stop,0,-5.781477798807256,-0.402018505469778
TWG,2026-09-08T13:30:05.000Z,2026-09-08T13:45:05.000Z,19.177772758075463,0.5292187436765655,0.49929867597171157,18.895778096825644,-0.5653629599929195,-5.653629630914912,15,stop,0.22320757485423393,-5.634483667265833,-0.3080011829782592
VVOS,2026-09-08T13:50:05.000Z,2026-09-08T14:20:05.000Z,-0.5901287553648049,0.18633440825121703,0.17624451970525554,53.66693316411846,-0.5414933742295197,-5.414935781671762,30,stop,1.2695410208906077,-5.38516119775827,-0.5635027982232437
GMEX,2026-09-08T13:30:05.000Z,2026-09-08T14:35:05.000Z,10.616271357693474,0.8232815230146125,0.7282507191728902,12.146513282726472,-1.1542929211316544,-11.542929263582614,65,stop,2.5773051370923117,-11.524796848007046,-1.0300243263752034
BRFH,2026-09-08T13:55:05.000Z,2026-09-08T16:55:05.000Z,3.2258064516129004,1.2918705,1.1696707206038135,6.15,-0.7515286432865466,-9.459135369697384,180,stop,0,-9.433646793544714,-0.492
RGTI,2026-09-08T14:10:05.000Z,2026-09-08T17:55:05.000Z,7.86184210526315,16.403283670876107,15.526891317621303,0.6096340342700309,-0.5342786059181324,-5.342786059420722,225,stop,0,-5.3238344736219805,-0.5181889291295274
SLDP,2026-09-08T13:30:05.000Z,2026-09-08T19:50:05.000Z,2.9821073558647937,2.6006009660597207,2.5794373797755927,3.8452650208719787,-0.0813795980545632,-0.8137959864020888,380,session_close,1.8995237864241066,-1.561214757265772,-0.11535795062616039
QUBT,2026-09-08T13:40:05.000Z,2026-09-08T19:50:05.000Z,5.555555555555558,8.471696803983884,8.238334180666783,1.1804010732105472,-0.2754614910107343,-2.7546149102899906,370,session_close,1.16037198085146,-2.852991668330518,-0.16525615024947804
XE,2026-09-08T13:50:05.000Z,2026-09-08T19:50:05.000Z,4.573687182382846,18.53371472395003,18.886216355458163,0.5395572419237659,0.19019480807015593,1.9019480808810334,360,session_close,5.483440806049988,0,0.06474686903085036
WDH,2026-09-08T13:50:05.000Z,2026-09-08T19:50:05.000Z,0.4901960784313708,1.0302074143424347,1.0693546769934295,9.706783175908557,0.3799939904835495,3.799939905886026,360,session_close,5.803936646653818,-0.020133260501431494,0.19413566351817124
CRESY,2026-09-08T13:55:05.000Z,2026-09-08T19:50:05.000Z,0.1657000828500399,12.133144204628502,12.067375416657297,0.8241886585952727,-0.05420588913542435,-0.5420588996718245,355,session_close,2.281814101128732,-1.344616052335934,-0.09066075244547989
TRUG,2026-09-08T13:55:05.000Z,2026-09-08T19:50:05.000Z,3.3983140147523683,0.3947872826143827,0.42960217078073515,25.330096468776883,0.8818644758033869,8.818644799244634,355,session_close,12.972230778679993,-3.7962931620119655,0.7624359037101822
QBTS,2026-09-08T14:10:05.000Z,2026-09-08T19:50:05.000Z,9.16767189384804,18.11362524471285,17.716451964569313,0.5520706023527949,-0.21926769200727797,-2.192676920151406,340,session_close,1.3601625956077612,-3.332437524559251,-0.14353835661172454
TWG,2026-09-08T14:10:05.000Z,2026-09-08T19:50:05.000Z,6.166704314434157,0.472495890326042,0.5120862288276962,21.164205231585747,0.8378980492369598,8.37898049744627,340,session_close,11.471869022300885,-1.7345950502101748,0.9037115633887094
AEO,2026-09-08T16:35:05.000Z,2026-09-08T19:50:05.000Z,-1.2938470385278955,17.18344240043831,17.236548047544115,0.5819555689841625,0.030905127077731347,0.30905127080037925,195,session_close,0.32914010035758334,-0.892966594600364,0.023278222759365974
TH,2026-09-08T17:00:05.000Z,2026-09-08T19:50:05.000Z,3.790983606557363,20.284145716046034,20.15592357484058,0.4929958663749756,-0.06321298559203793,-0.6321298564919281,170,session_close,0.6697560047919549,-0.6120332489419344,-0.05915950396499525
CLYM,2026-09-08T17:00:05.000Z,2026-09-08T19:50:05.000Z,1.8685567010309212,15.833521539681584,15.946781861551901,0.6315714369026528,0.07153198422769333,0.7153198458502562,170,session_close,0.7356446891899626,-0.9695981989656044,0.0631571436902636
PLUG,2026-09-08T17:25:05.000Z,2026-09-08T19:50:05.000Z,5.990783410138234,2.3104672973346223,2.249548321297113,4.328128775896547,-0.2636651731860971,-2.6366517330838755,145,session_close,0,-3.04991537495094,-0.17312515103586357
SPDN,2026-09-08T17:25:05.000Z,2026-09-08T19:50:05.000Z,0.235017626321965,8.541710433810831,8.528292909684128,1.1707257085005027,-0.01570824043955741,-0.15708240440453844,145,session_close,0,-0.48831477177835314,0
IDAI,2026-09-08T13:35:05.000Z,2026-09-09T13:45:05.000Z,3.7151702786377694,3.361171825656051,3.406781682310813,2.97515271458884,0.1356962888384218,1.3569629587698693,1450,time,4.427865698740341,-4.7951081948805925,0.11900610858355343
DXLG,2026-09-09T13:45:05.000Z,2026-09-09T14:15:05.000Z,7.619047619047614,0.6904997749999999,0.6540115278846154,12.5,-0.45610308894230706,-5.284324258524858,30,stop,0,-5.213582437445396,-0.5175000000000001
AVO,2026-09-09T13:45:05.000Z,2026-09-09T15:05:05.000Z,8.896658896658916,14.032819337768002,13.276222728730508,0.7126151742847548,-0.5391622244125085,-5.391622245154873,80,stop,0,-5.364704836909439,-0.5130829254850227
GOW,2026-09-09T13:45:05.000Z,2026-09-09T15:25:05.000Z,8.951707891637216,9.304334094211763,9.048178722522275,1.0747678081204473,-0.6259660658096318,-6.2596614340086925,100,stop,0,-6.4951891031913895,-0.46775852044526545
MIMI,2026-09-09T13:45:05.000Z,2026-09-09T15:45:05.000Z,8.756065284516978,0.9913004303771892,0.9267957616584609,10.087759158629355,-0.6507075626417037,-6.507075629351265,120,stop,4.912695297053449,-6.48647255733793,-0.650660465731594
VVOS,2026-09-09T15:15:05.000Z,2026-09-09T16:10:05.000Z,3.005008347245397,0.18614334332269566,0.17505933763273815,53.722038859301655,-0.5954553843926184,-5.9545538895486745,55,stop,0.9437117900364722,-5.932709236639777,-0.4888705536196447
SGLY,2026-09-09T13:45:05.000Z,2026-09-09T19:50:05.000Z,9.493670886075932,1.750386605855541,1.8892002181809897,5.71302358024545,0.7930454404743384,7.9304544413832705,365,session_close,9.690053247497076,-2.307296326447905,0.7426930654319079
SSL,2026-09-09T13:45:05.000Z,2026-09-09T19:50:05.000Z,8.646616541353369,14.462901943898716,14.496820578302918,0.6914241718162762,0.02345216370206439,0.23452163705300366,365,session_close,1.8467805225905076,-1.0572009994385567,0.034571208590815417
SRPT,2026-09-09T14:15:05.000Z,2026-09-09T19:50:05.000Z,9.455587392550147,22.944594903740775,22.005587228976903,0.43583249307081756,-0.4092500559049696,-4.092500559296344,335,session_close,0.24147341232942932,-4.0732682693317095,-0.33123269473382244
SAIL,2026-09-09T14:15:05.000Z,2026-09-09T19:50:05.000Z,-0.7026419336706002,17.683544379144873,17.87641485564595,0.56549749216812,0.10906777077462981,1.090677707849904,335,session_close,3.1467425812631955,-1.546886604178055,0.05654974921681166
WVVIP,2026-09-09T14:15:05.000Z,2026-09-09T19:50:05.000Z,3.076923076923066,2.690775348486229,2.6388708175123567,3.716400832703335,-0.19289804213237532,-1.9289804703715872,335,session_close,3.687585868868326,-2.6302957073709554,-0.3344760749433
KURA,2026-09-09T14:15:05.000Z,2026-09-09T19:50:05.000Z,-0.7188498402555865,12.442499935334265,12.067278629185243,0.803697010250671,-0.301564241934321,-3.015642419924531,335,session_close,0,-3.717098153409304,-0.2732569834852274
NETG,2026-09-09T14:15:05.000Z,2026-09-09T19:50:05.000Z,15.815923785650131,19.29408460659451,19.924886315411126,0.5182935691964549,0.32694046911778674,3.2694046993087964,335,session_close,5.3690828796895795,-2.612638105786158,0.5493911833482432
BLCO,2026-09-09T15:15:05.000Z,2026-09-09T19:50:05.000Z,1.2408347433728206,17.984082270914545,17.666025005594808,0.5560472749160289,-0.17685487564828434,-1.7685487673403708,275,session_close,0.31092901068345835,-1.74644591913653,-0.16681418247480906
RBBN,2026-09-09T15:15:05.000Z,2026-09-09T19:50:05.000Z,2.570694087403602,2.001134876966898,1.959451838644534,4.997163374907773,-0.20829695245939495,-2.082969958803711,275,session_close,0,-3.554726759583382,-0.14991490124723406
AMRX,2026-09-09T15:15:05.000Z,2026-09-09T19:50:05.000Z,0.9384164222873803,17.23354085716658,17.17655228507548,0.5802638048425184,-0.03306840567412402,-0.33068405711529425,275,session_close,0.5597174929568016,-0.9489684013402999,-0.023210552193699385
VALE,2026-09-09T15:15:05.000Z,2026-09-09T19:50:05.000Z,-1.3817480719794495,15.353071249506293,15.36692529668215,0.6513354779200111,0.009023632438412785,0.09023632438559723,275,session_close,0.4359306969011767,-0.21540478102943794,0
EZRA,2026-09-09T14:15:05.000Z,2026-09-09T19:55:05.000Z,0.18450184501843658,2.753047230344527,2.7890321665859394,3.632335046584697,0.1309796784728589,1.3097981024269538,340,session_close,4.611354583974414,-2.2900889476072384,-0.2116167523292365
RXT,2026-09-10T13:30:05.000Z,2026-09-10T13:35:05.000Z,8.641975308641946,3.530713890565751,3.2793422044049634,2.8322883998618176,-0.7119571107669039,-7.119571110886827,5,stop,0,-7.100940442545389,-0.0849686519958528
AHMA,2026-09-10T13:30:05.000Z,2026-09-10T13:40:05.000Z,9.375,1.4303348071624649,1.7496495307527733,6.991370041496298,2.392414490365545,23.924145094797307,10,take_profit,33.535168859457976,0,2.1874973120339245
DLXY,2026-09-10T13:35:05.000Z,2026-09-10T13:55:05.000Z,9.317776100999309,0.4821978374093107,0.4693428497360893,20.738361359414107,-0.44160251892727276,-4.416028280968442,20,stop,0,-5.640389752769459,-0.2762370128772762
WVVIP,2026-09-10T13:40:05.000Z,2026-09-10T14:05:05.000Z,9.425703720473955,2.930689925631766,2.6991669704948067,3.412165793807463,-0.7899947079995524,-7.89994714596257,25,stop,0,-7.871522797896679,-0.7847981325757178
SMZ,2026-09-10T13:35:05.000Z,2026-09-10T14:40:05.000Z,9.01156668323464,12.993017365672282,12.155251447283398,0.7696441591346801,-0.6447816458101058,-6.447816506443472,65,stop,0.43856352011248934,-6.411269547542697,-0.500268703437543
DBI,2026-09-10T13:30:05.000Z,2026-09-10T14:45:05.000Z,9.578544061302674,5.771708159655023,5.388888060996336,1.7325892853757394,-0.6632700011625249,-6.632700200170351,75,stop,0,-6.61343486358531,-0.7450133927115701
IMNN,2026-09-10T13:40:05.000Z,2026-09-10T15:35:05.000Z,7.615894039735105,1.6403435876292054,1.5396741447755877,6.0962837636621785,-0.613709489965427,-6.137094911872432,115,stop,0,-6.117229852693995,-0.2438513505464872
SVRE,2026-09-10T13:40:05.000Z,2026-09-10T16:05:05.000Z,7.539682539682535,2.720969742567414,2.6576890185308413,3.6751601039985906,-0.4212322327371976,-4.212322562389636,145,stop,0,-9.22354036655355,-0.8085352228796907
IPDN,2026-09-10T16:20:05.000Z,2026-09-10T18:50:05.000Z,19.424460431654687,0.15023032734653383,0.14247085363657555,66.56445587761486,-0.5165051454000301,-5.16505145599505,150,stop,1.377666340759598,-5.145650337765972,-0.7388654602415254
MDCX,2026-09-10T13:35:05.000Z,2026-09-10T19:35:05.000Z,-2.1126760563380254,0.16773742612991713,0.15684566901056066,59.61698697194109,-0.6493337422862213,-6.493337456436535,360,stop,0.9911764526511657,-6.46094695737327,-0.4352040048951693
SKHN,2026-09-10T13:30:05.000Z,2026-09-10T19:50:05.000Z,9.619450317124745,10.414580900099878,10.306700552352078,0.9601921613368641,-0.10358586426973267,-1.0358587520959723,380,session_close,0.5321299093234755,-4.268831404397789,0.17283458904063664
SKDD,2026-09-10T13:30:05.000Z,2026-09-10T19:50:05.000Z,9.396914446002791,7.0314107476559204,6.998553970186995,1.4221897080864965,-0.04672857075719407,-0.4672857076352567,380,session_close,1.54434517113482,-3.57553777867029,0.17066276497038047
GDXD,2026-09-10T13:30:05.000Z,2026-09-10T19:50:05.000Z,8.91210817455439,17.754388718789997,17.976362739107685,0.5632410127761396,0.12502487201372614,1.2502487347410987,380,session_close,1.2707352800675809,-2.671951855418919,0.016897230383284167
MUZ,2026-09-10T13:35:05.000Z,2026-09-10T19:50:05.000Z,8.031088082901562,8.351671958195524,8.38817043251876,1.1973650365562407,0.04370199704228708,0.43701997044338825,375,session_close,2.01550111938118,-1.5765939904561654,0.09578920292450022
SNDQ,2026-09-10T13:35:05.000Z,2026-09-10T19:50:05.000Z,8.026315789473681,12.332466649978798,12.077564025932045,0.8108677917983061,-0.20669232788438469,-2.06692327886564,375,session_close,1.277387196676294,-3.2634724374421054,-0.17028223627764305
OBIO,2026-09-10T13:40:05.000Z,2026-09-10T19:50:05.000Z,8.348623853211002,5.921270277655245,5.878318383828026,1.6888268057060027,-0.07253830965124541,-0.7253830987804076,370,session_close,2.0051393835677223,-2.0480449627992114,-0.10132960834236115
WLTH,2026-09-10T13:40:05.000Z,2026-09-10T19:50:05.000Z,8.03382663847778,10.24227942996387,10.83780377109374,0.9763451600867235,0.5814373081759819,5.8143731110055175,370,session_close,7.202699116740785,-1.7796764012375066,0.5955705476529012
ZSL,2026-09-10T13:40:05.000Z,2026-09-10T19:50:05.000Z,7.695709862892541,24.37488198485539,25.084958101915003,0.4102583965558053,0.2913146892174497,2.91314689236567,370,session_close,2.933831702606504,-1.086700583904221,0.36512997293466753
F,2026-09-10T16:20:05.000Z,2026-09-10T19:50:05.000Z,3.4572490706319625,13.92278676959002,13.877220721627491,0.7182470122607659,-0.03272767780961725,-0.3272767781092062,210,session_close,0.05180881190922637,-0.522788797922269,-0.03591235061303699
JOBY,2026-09-10T16:20:05.000Z,2026-09-10T19:50:05.000Z,0.9345794392523477,6.4913002067905525,6.338730790480482,1.5405234206943497,-0.23503675910733027,-2.3503675912333812,210,session_close,0,-2.7929721475659752,-0.21567327889721
CWH,2026-09-10T16:20:05.000Z,2026-09-10T19:50:05.000Z,-1.213592233009697,6.1214197259328555,6.098759922210486,1.6336079493879365,-0.03701723549243322,-0.37017235767012135,210,session_close,0.793611224881996,-1.820161513526608,-0.016336079493880717
SKHQ,2026-09-10T13:35:05.000Z,2026-09-11T13:35:05.000Z,8.110992529348993,10.17289286220474,10.066389410385446,0.983004529319369,-0.10469337552651406,-1.0469337804095649,1440,time,1.5443703175028745,-2.977450625967726,-0.04915022646597045
GNLN,2026-09-11T13:35:05.000Z,2026-09-11T13:55:05.000Z,9.689922480620151,2.8608021380267585,2.628251496597849,3.49552303580709,-0.8128861241064673,-8.128861424485352,20,stop,0,-8.067742083902196,-0.7690150678775609
COHH,2026-09-11T13:55:05.000Z,2026-09-11T14:05:05.000Z,6.6115702479338845,6.481315052463991,6.068724547353463,1.5428967598531829,-0.6365845534812222,-6.36584553860986,10,stop,0,-6.3461666210412275,-0.3857241899632946
VIOT,2026-09-11T13:35:05.000Z,2026-09-11T14:50:05.000Z,8.823529411764696,1.5003147941725241,1.408926920228593,6.665267861216538,-0.6091246591033923,-6.091246603639252,75,stop,3.978178850152214,-6.019722962362439,-0.5332214288973223
CLIK,2026-09-11T13:35:05.000Z,2026-09-11T15:15:05.000Z,8.799999999999986,1.3817710851221727,1.308960903843721,7.23707870733051,-0.5269330126071567,-5.269337451218552,100,stop,0.5955338743464544,-5.194137140004407,-0.43422472243982924
XRTX,2026-09-11T14:00:05.000Z,2026-09-11T15:25:05.000Z,11.374407582938396,2.3705200558600987,2.2087344267901305,4.21848359082461,-0.6824900214628977,-6.82490024372594,85,stop,0,-6.771512245310118,-0.5905877027154443
SURG,2026-09-11T14:20:05.000Z,2026-09-11T19:35:05.000Z,14.224924012158047,0.1886383802681629,0.1759624165850742,53.011481431622585,-0.6719716134139794,-6.719716138926196,315,stop,5.227790716723768,-6.6997926138872455,-0.5089102217435766
BFRI,2026-09-11T13:35:05.000Z,2026-09-11T19:45:05.000Z,8.56164383561644,1.6003260921579967,1.5196735119229687,6.2487264572163825,-0.5039759119573863,-5.039759123484023,370,stop,0.6044960392389997,-5.019357776619082,-0.37492358743298304
KORU,2026-09-11T13:35:05.000Z,2026-09-11T19:50:05.000Z,9.68351440717996,23.234652254064525,23.125355676191752,0.4303916361697042,-0.04704033297841199,-0.47040332980947763,375,session_close,1.4433086506677295,-1.440315311824747,0.08177441087224402
JVA,2026-09-11T13:35:05.000Z,2026-09-11T19:50:05.000Z,8.45481049562682,3.740914625916086,3.88676951735354,2.6731430388147497,0.3898909877231112,3.8989099197027683,375,session_close,5.589151183387742,-1.8956494068270935,0.32077716465776973
OPEN,2026-09-11T13:55:05.000Z,2026-09-11T19:50:05.000Z,-0.7142857142857006,2.790558764655856,2.809428225900864,3.5835117060093387,0.06761893525757569,0.6761893526128648,355,session_close,2.13008362687086,-0.0200233968527308,0.07167023412018558
LEGN,2026-09-11T13:55:05.000Z,2026-09-11T19:50:05.000Z,1.2506513809275477,19.45400238694502,18.656207107056073,0.5140330400505497,-0.4100931330592953,-4.1009313354681405,355,session_close,0,-4.081434612539425,-0.390665110438416
REF,2026-09-11T14:00:05.000Z,2026-09-11T19:50:05.000Z,4.220532319391634,13.753028025535038,13.78719481022805,0.7271125992700282,0.02484309962683524,0.24843099737435914,350,session_close,2.522876953502484,-3.657580167807939,-0.1745070238248072
XNCR,2026-09-11T14:00:05.000Z,2026-09-11T19:50:05.000Z,0.6801319043693299,24.46533833115904,24.344856269076086,0.40874153567079496,-0.04924602307657026,-0.49246023272650635,350,session_close,0.7139147902913479,-2.0655276633368302,-0.05722381499391105
LAES,2026-09-11T14:00:05.000Z,2026-09-11T19:50:05.000Z,2.1008403361344463,2.440498939160988,2.3694965723364185,4.097522777154816,-0.29093381529557455,-2.9093381556223536,350,session_close,0.38930813230668715,-2.888710092421698,-0.2048761388577418
FCEL,2026-09-11T14:05:05.000Z,2026-09-11T19:50:05.000Z,4.939063502245022,16.373286636492267,15.8468154814293,0.6107509274382825,-0.32154274622421136,-3.2154274627403474,345,session_close,0.4074524864118967,-3.3792032642922076,-0.32980550081667204
ULCC,2026-09-11T14:05:05.000Z,2026-09-11T19:50:05.000Z,0.4520795660036159,5.571142690165582,5.578741890202315,1.794963896201681,0.013640289705951578,0.1364028972036237,345,session_close,1.415460242539135,-0.738496435178515,0.10769783377210196
GPK,2026-09-11T14:15:05.000Z,2026-09-11T19:50:05.000Z,1.1182108626198062,9.511983072941671,9.518084434376188,1.051305485464259,0.006414394744907925,0.06414394756308384,335,session_close,1.3458489788790162,-0.33623980085343286,0.021026109709284313
JBLU,2026-09-11T14:20:05.000Z,2026-09-11T19:50:05.000Z,2.505694760820054,4.510907251683186,4.409116186738411,1.825349998988492,-0.1858043202939815,-2.256554153419856,330,session_close,0,-2.9020160331237,-0.14602799991907922
GPRO,2026-09-11T14:50:05.000Z,2026-09-11T19:50:05.000Z,0,1.4102837848696725,1.3697178568291546,6.6588550620019955,-0.27012263527741165,-2.87643724445621,300,session_close,1.3980317537402254,-4.274585407308173,-0.19976565186005857
EROC,2026-09-11T15:25:05.000Z,2026-09-11T19:50:05.000Z,10.699241786015179,13.16266436847905,12.54747258594426,0.7597246055265618,-0.4673763343094258,-4.673763345421196,265,session_close,0,-4.654561958946635,-0.4938209935922657
BFLY,2026-09-11T15:25:05.000Z,2026-09-11T19:50:05.000Z,2.176966292134841,7.291502075988617,7.308529345003207,1.205590141324775,0.0205279076576754,0.23352210336279844,265,session_close,0.9394213057547063,-0.020600364272860272,0.036167704239742804
BMM,2026-09-14T13:35:05.000Z,2026-09-14T13:50:05.000Z,16.956920256645304,6.4012869119445845,6.06876752861878,1.5621858753384614,-0.5194570839078272,-5.194570840206124,15,stop,0,-5.175317346366937,-0.3905464688346161
HAIN,2026-09-14T13:30:05.000Z,2026-09-14T14:55:05.000Z,1.3400064578624526,0.6306411532427377,0.7276498464561032,15.856878186811336,1.5382550313460879,15.382550395664746,85,take_profit,15.406360060340884,0,1.4651755444613688
VEEA,2026-09-14T14:55:05.000Z,2026-09-14T19:25:05.000Z,17.948717948717952,1.8504838135850907,2.1495637406621415,5.403992061821118,1.616225551774421,16.162255777726543,270,take_profit,16.185831198092583,-4.349338967151672,1.8913972216373907
CRBP,2026-09-14T13:30:05.000Z,2026-09-14T19:50:05.000Z,-2.5862068965517127,7.941611281415528,8.168291344086676,1.2591903128590876,0.28543333903379964,2.8543333920360743,380,session_close,8.290366970304785,-1.9090745699215872,0.46590041575786323
DRCT,2026-09-14T13:30:05.000Z,2026-09-14T19:50:05.000Z,0.5847953216374213,1.7303998552529631,1.8794818683827652,5.779011075218338,0.8615466049929719,8.615466111906725,380,session_close,8.645408995666326,-3.490514349594276,1.0980121042914845
ONDS,2026-09-14T13:35:05.000Z,2026-09-14T19:50:05.000Z,-0.7607192254495243,7.181437663970176,7.238550749175325,1.3924788416262137,0.07952876272816622,0.7952876273185593,375,session_close,3.878921590134987,-0.9947543557828786,0.06962394208131073
SOAR,2026-09-14T13:35:05.000Z,2026-09-14T19:50:05.000Z,16.142557651991616,0.2230453703471476,0.22835221337135017,44.8339276327912,0.23792661610568047,2.379266162728684,375,session_close,10.739801330809694,-0.42384665759985785,0.30487070790298
ALLO,2026-09-14T13:40:05.000Z,2026-09-14T19:50:05.000Z,-0.2808988764045006,1.7803865631839417,1.7896094121732526,5.616757714029906,0.05180250820604501,0.5180250839917202,370,session_close,2.7866665499503895,-0.5833880910315892,0
LYNX,2026-09-14T13:40:05.000Z,2026-09-14T19:50:05.000Z,-0.3532182103610615,12.763163095451146,13.517141583305415,0.7835048260778593,0.5907457839927064,5.9074579100457525,370,session_close,6.870059545516294,-3.002101380242539,0.48577299216827363
FNB,2026-09-14T14:15:05.000Z,2026-09-14T19:50:05.000Z,0.7099945385035555,18.46377422003182,18.286333899810547,0.5416010763414923,-0.09610186841822022,-0.9610186850571585,335,session_close,0,-1.4827641237878275,-0.07582415068780968
CODA,2026-09-14T14:55:05.000Z,2026-09-14T19:50:05.000Z,0.698602794411185,10.1222110848722,10.767254890680206,0.9879264397639735,0.6372558305637076,6.372558331371238,295,session_close,6.992433858503522,-0.9109776915244505,0.4544461622914291
TAK,2026-09-14T14:55:05.000Z,2026-09-14T19:50:05.000Z,2.0536692223439124,18.65373311615574,18.626261779260663,0.536085722755664,-0.014726991494460962,-0.14726991494953412,295,session_close,0.03359586955189453,-0.44888128094433544,-0.005360857227557858
BMNR,2026-09-14T14:55:05.000Z,2026-09-14T19:50:05.000Z,-0.5193767479025224,24.914985567706854,25.734849908491483,0.401364872258836,0.32906474640859773,3.290647464180286,295,session_close,4.073911379698902,-0.34110221527484663,0.405378520981424
DQ,2026-09-14T14:55:05.000Z,2026-09-14T19:50:05.000Z,-0.6932409012131546,11.482370767688337,11.487572514437277,0.870900286088394,0.004530202731810857,0.04530202737902718,295,session_close,0.7631632359255791,-0.8044572811415462,0.03483601144353443
PLUG,2026-09-14T14:55:05.000Z,2026-09-14T19:50:05.000Z,-0.952380952380949,2.0904274577296396,2.049584972620918,4.783710601279301,-0.1953786289971839,-1.9537862917797528,295,session_close,0,-2.4123036436005996,-0.09567421202558712
TSLG,2026-09-14T16:30:05.000Z,2026-09-14T19:50:05.000Z,-1.2448132780083054,4.770955389050628,4.669050854249143,2.096016244957335,-0.21359356037873284,-2.135935603911884,200,session_close,0,-2.325642979292386,-0.1676812995965875
SOUN,2026-09-14T16:30:05.000Z,2026-09-14T19:50:05.000Z,4.712460063897761,6.561312370672844,6.48869903222304,0.7222718572444481,-0.052446570822859466,-1.1066892467178406,200,session_close,1.046858089460434,-1.3916784556849304,-0.08667262286933397
JEM,2026-09-14T13:35:05.000Z,2026-09-15T13:40:05.000Z,-2.244389027431415,3.981974660322405,3.8782798228791266,2.5113164658283176,-0.26041055269269536,-2.6041059094756385,1445,time,0.9549367567928124,-2.560906811851693,-0.40181063453253074
CIRC,2026-09-15T13:40:05.000Z,2026-09-15T13:45:05.000Z,9.527606139126977,0.5625422908003795,0.5025275555297837,17.776436856100453,-1.0668481519733322,-10.668484174799996,5,stop,0,-10.620053243531036,-0.43552270297446327
BRNX,2026-09-15T13:40:05.000Z,2026-09-15T13:50:05.000Z,9.05797101449275,3.0306093828190086,2.8294143822353894,3.299666415093493,-0.663876386310484,-6.638763864595173,10,stop,0,-6.619440431891155,-0.6269366188677648
BDRX,2026-09-15T13:45:05.000Z,2026-09-15T14:05:05.000Z,13.392857142857139,1.2802589520773073,1.1897579442383455,7.810919797990431,-0.7068961138674345,-7.068961141971928,20,stop,0,-7.050054360553859,-0.7029827818191396
ALAR,2026-09-15T13:50:05.000Z,2026-09-15T14:15:05.000Z,9.589041095890405,2.420887078029084,2.2694479990847363,4.130716992266658,-0.6255519766886294,-6.255520148739811,25,stop,0,-6.232718551743677,-0.7848362285306649
CEPL,2026-09-15T13:45:05.000Z,2026-09-15T14:20:05.000Z,9.042553191489366,6.18131903875465,5.8585672690538395,1.6177776795907954,-0.5221406090704006,-5.221406105675394,35,stop,0,-5.198227704153357,-0.3397333127140669
BRNX,2026-09-15T14:20:05.000Z,2026-09-15T14:35:05.000Z,3.260869565217406,2.870591791192295,2.6894137362483552,3.483602237664991,-0.631152277618499,-6.311522784250968,15,stop,0,-6.291099687053958,-0.661884425156348
CRDF,2026-09-15T13:50:05.000Z,2026-09-15T14:55:05.000Z,8.77862595419845,1.4403019752633055,1.3595911526914082,6.942988450615695,-0.5603743089563756,-5.603743100966196,65,stop,0,-5.575356879492244,-0.41657930703694035
XHLD,2026-09-15T13:40:05.000Z,2026-09-15T15:35:05.000Z,9.641255605381183,9.841987600808665,9.338128268968587,1.0160549272746058,-0.5119487567694013,-5.1194875697534705,115,stop,0,-5.100469754375824,-0.508027463637303
JONER,2026-09-15T13:45:05.000Z,2026-09-15T15:50:05.000Z,9.999999999999986,0.16644098999999998,0.16383404976190474,20,-0.06394291398809526,-1.920888417813883,125,stop,0,-8.67634228803853,-0.30000000000000027
PSNYW,2026-09-15T14:20:05.000Z,2026-09-15T16:05:05.000Z,16.58291457286434,4.671201310912143,4.428581211142776,2.1407768981021498,-0.5193955046015006,-5.193955122477717,105,stop,7.681079559763071,-5.1635820179422804,-0.4923786865634945
VRA,2026-09-15T13:40:05.000Z,2026-09-15T16:10:05.000Z,9.046052631578938,3.330668111098596,3.8391291707244264,3.0024006190847645,1.526603800201089,15.266038003952263,150,take_profit,15.292183787516578,-2.4219798673362325,1.5012003095423836
FBDT,2026-09-15T13:50:05.000Z,2026-09-15T17:30:05.000Z,9.171736078614877,0.7130323999999999,0.8678263344178216,5.050000000000001,0.7817093688099999,21.70924272414855,220,take_profit,21.73359864152038,-3.1600808041822415,1.0605000000000002
TNON,2026-09-15T13:45:05.000Z,2026-09-15T19:20:05.000Z,9.442446043165464,6.1012298615010625,5.7288248373210555,1.6390138093045026,-0.6103769772854086,-6.103769774843158,335,stop,11.452939069026025,-6.084508696247182,-0.5244844189774387
SMST,2026-09-15T13:40:05.000Z,2026-09-15T19:50:05.000Z,9.125766871165641,21.40430127956423,21.705615589809497,0.46719581580311953,0.14077278498819193,1.4077278501632162,370,session_close,5.679693555782928,-3.804381506915555,0.22892594974352676
MSTZ,2026-09-15T13:40:05.000Z,2026-09-15T19:50:05.000Z,8.805031446540879,4.330866489471288,4.389109421151003,2.3090067597522808,0.13448332295625337,1.3448332295929493,370,session_close,5.983410275026668,-3.7144181161522405,0.23090067597522967
RKTO,2026-09-15T13:45:05.000Z,2026-09-15T19:50:05.000Z,8.777943368107287,0.7383650492160857,0.7412280916500149,13.543436214781611,0.038775432584133324,0.387754327885491,365,session_close,2.550899558952735,-2.419541558075211,0.0975127407464278
MTEN,2026-09-15T13:45:05.000Z,2026-09-15T19:50:05.000Z,6.930693069306937,1.0902252684757257,1.0797602577663519,9.172416266046298,-0.09598943445500875,-0.959894345872684,365,session_close,7.317270460609437,-2.7723874459435693,-0.3668966506418503
QCML,2026-09-15T13:50:05.000Z,2026-09-15T19:50:05.000Z,9.212730318257979,19.594037994469026,19.234398551179318,0.5103593241066253,-0.18354534319941865,-1.8354534343111257,360,session_close,1.0001103681961165,-3.1338001622858713,-0.030621559446396773
PDM,2026-09-15T13:50:05.000Z,2026-09-15T19:50:05.000Z,1.6304347826086918,9.361906860401547,9.558016928209529,1.068158457622712,0.2094766275540599,2.094766277129688,360,session_close,2.8636595470995285,-0.5544475198861365,0.22431327610077112
QCMU,2026-09-15T13:55:05.000Z,2026-09-15T19:50:05.000Z,8.795737567159234,24.404987788096303,23.975116167288945,0.40729764258589013,-0.17508569776941252,-1.761408874857256,355,session_close,0.9629679553387227,-3.257480786300837,-0.2688164441066885
CCXIW,2026-09-15T13:55:05.000Z,2026-09-16T14:40:05.000Z,8.823529411764719,5.581343218029104,6.047435039441141,1.7916833836155701,0.8350889716630634,8.350889798470858,1485,time,9.830192491990108,0,0.28666934137849154
PUSA,2026-09-16T14:40:05.000Z,2026-09-16T19:50:05.000Z,-0.7062146892655496,3.530937420021995,3.4391388931212576,2.832109051051304,-0.25998343890875536,-2.5998344343402637,310,session_close,0,-3.1418687681330826,-0.22656872408410322
CDE,2026-09-16T14:40:05.000Z,2026-09-16T19:50:05.000Z,-2.737317930688088,19.37387869037248,18.776240323665682,0.5161589044368563,-0.30847636460881217,-3.0847636462376666,310,session_close,1.2703770554206573,-4.149291441429082,-0.30453375361774526
UNG,2026-09-16T14:40:05.000Z,2026-09-16T19:50:05.000Z,-0.5692599620493288,10.492190676233506,10.347926320047938,0.9530898065172727,-0.1374968873242418,-1.3749688757787235,310,session_close,0,-1.6411317859819752,-0.1143707767820743
NOK,2026-09-16T14:40:05.000Z,2026-09-16T19:50:05.000Z,3.0487804878048808,10.152030365026931,10.117974734300175,0.9850246345181757,-0.03354563520990932,-0.335456352101506,310,session_close,1.16202996574426,-2.1870537916416355,-0.039400985380726894
NXDR,2026-09-16T14:40:05.000Z,2026-09-16T19:50:05.000Z,-0.609756097560965,2.450495041133793,2.459474652976651,4.080808093052289,0.036644072680804024,0.36644072696035923,310,session_close,0.795959940289559,-1.24444410708473,0.04080808093052113
ABTC,2026-09-16T14:45:05.000Z,2026-09-16T19:50:05.000Z,1.5018773466833446,8.131694894126765,8.067883766684176,1.2297559257369524,-0.07847211210047994,-0.784721122390828,305,session_close,0.7170104957497481,-3.0952328807682616,-0.012297559257369528
SNTI,2026-09-16T14:45:05.000Z,2026-09-16T19:50:05.000Z,4.233333333333333,0.31727228628863957,0.31890732116506276,31.51866825002179,0.051534121847197946,0.5153412217465829,305,session_close,3.160601837828869,-3.931098563488411,0.01260746730000939
GRAB,2026-09-16T14:45:05.000Z,2026-09-16T19:50:05.000Z,1.8900343642611617,2.970594115137269,2.889420782373,3.3663299704814684,-0.2732562228882232,-2.732562228903419,305,session_close,0,-3.049696849382022,-0.20197979822888712
AAL,2026-09-16T14:50:05.000Z,2026-09-16T19:50:05.000Z,1.566170712607673,12.982596486448722,12.677463281562975,0.7702619433919157,-0.23503249538869916,-2.3503249539046074,300,session_close,2.2137598888733123,-3.178073714910512,-0.23107858301757567
CMCSA,2026-09-16T14:50:05.000Z,2026-09-16T19:50:05.000Z,-1.1261261261261368,24.16483472567645,23.63526934641556,0.4138244731774945,-0.21914711408567827,-2.1914711409062484,300,session_close,0.06275761657676959,-2.2546594332695014,-0.18208276819809832
ALVO,2026-09-16T14:50:05.000Z,2026-09-16T19:50:05.000Z,8.565737051792844,5.46110693393836,5.278932112465516,1.831130595943914,-0.3335858894095454,-3.335858895944858,300,session_close,0.1628436536624589,-4.5980958984311755,-0.36622611918878256
CCAP,2026-09-16T14:55:05.000Z,2026-09-16T19:50:05.000Z,0.20325203252031798,9.892323700239439,9.857910626891428,1.0108848255387297,-0.03478765364765563,-0.34787653933299895,295,session_close,0.27977551684739144,-1.3376402172953217,0.010108848255390157
CORZ,2026-09-16T16:35:05.000Z,2026-09-16T19:50:05.000Z,6.514962593516227,17.103451711437003,16.7766192724944,0.5846773016917082,-0.19109150850628093,-1.9109150857779855,195,session_close,1.3245764210946032,-3.469777454571721,-0.17540319050751307
DQ,2026-09-16T16:35:05.000Z,2026-09-16T19:50:05.000Z,1.5097690941385356,11.453131520672923,11.237716606500175,0.8731236326924336,-0.18808385239863792,-1.8808385617848096,195,session_close,0.23459504746434767,-2.472088268277284,-0.15716225388463734
FNGR,2026-09-16T16:35:05.000Z,2026-09-16T19:50:05.000Z,1.9430950728660523,0.14783300058155588,0.1431695014801168,36.05580487341496,-0.16814621362883297,-3.154572445322401,195,session_close,2.4128573487732785,-4.892683333966152,-0.18388460485441627
LNAI,2026-09-16T14:55:05.000Z,2026-09-16T19:55:05.000Z,1.3698630136986356,2.2406842227326327,2.178347853661934,4.462922341526925,-0.2782023742152888,-2.782023831750648,300,session_close,0,-4.493458815443563,-0.3570337873221554
VTAK,2026-09-17T13:30:05.000Z,2026-09-17T13:45:05.000Z,1.5286624203821653,0.16069833909612083,0.1479584264800429,62.228317102421926,-0.7927833221304431,-7.927843366481606,15,stop,0,-7.839744434810358,-0.3982612294554997
NUWE,2026-09-17T14:00:05.000Z,2026-09-17T14:10:05.000Z,9.202453987730074,0.8949454642015718,1.0297929570233058,11.173864996310588,1.506767679881016,15.06767710611713,10,take_profit,15.090811809289129,0,0.8939091997048472
SLXN,2026-09-17T13:30:05.000Z,2026-09-17T14:35:05.000Z,8.23529411764705,0.370669695072226,0.3502145893709961,26.97819366250167,-0.5518418029947233,-5.518418681960013,65,stop,0,-5.495376434336485,-0.42085982113502673
WETO,2026-09-17T14:00:05.000Z,2026-09-17T15:00:05.000Z,9.239130434782595,2.0204222031722074,1.8396299624011283,4.949460546151216,-0.8948240627467275,-8.948240644317924,60,stop,0,-8.929925779321346,-0.6929244764611688
CYAB,2026-09-17T13:40:05.000Z,2026-09-17T17:20:05.000Z,4.223433242506802,0.30816726503987146,0.2879389697387633,32.4499098199576,-0.6508425938731559,-6.508425964760837,220,stop,0.1079721949329926,-6.544259344762715,-0.8488424659408107
RXRX,2026-09-17T13:30:05.000Z,2026-09-17T19:50:05.000Z,3.1347962382445083,3.3006812577308966,3.519293486076654,3.029677574374109,0.6623245657030926,6.623245665837044,380,session_close,8.159489548962107,-0.6265754284045744,0.6968258421060458
MVIS,2026-09-17T13:30:05.000Z,2026-09-17T19:50:05.000Z,1.2269938650306678,1.6705804626447438,1.7095141556690236,5.985943036410669,0.2330548686404386,2.3305488059307726,380,session_close,10.14135751875389,-1.8305291680671965,0.419016012548747
VNRX,2026-09-17T13:30:05.000Z,2026-09-17T19:50:05.000Z,4.256093124772642,0.2878714802406281,0.27701906626172135,34.73772348526931,-0.37698815594693363,-3.7698816047478356,380,session_close,0,-4.401783820347937,-0.46548549470260703
SNAP,2026-09-17T13:35:05.000Z,2026-09-17T19:50:05.000Z,3.321678321678334,5.921185175538083,5.6488684900738315,1.6888510835491313,-0.45990232931480923,-4.599023293330882,375,session_close,1.6688352336985846,-4.748798884043193,-0.3546587275453188
SAFE,2026-09-17T13:35:05.000Z,2026-09-17T19:50:05.000Z,-0.14471780028942893,13.835146066618872,13.547162674249947,0.7227968039962925,-0.2081534756082696,-2.081534889347972,375,session_close,0,-2.5669845833847793,-0.15178732883921953
MDCX,2026-09-17T13:40:05.000Z,2026-09-17T19:50:05.000Z,2.496798975672232,0.16123345,0.17176389994944483,17.55,0.1848093966127567,6.531181928715676,370,session_close,13.686086851084545,-1.0751180973923247,0.2141099999999998
XPEV,2026-09-17T13:45:05.000Z,2026-09-17T19:50:05.000Z,1.934235976789167,10.552118026132549,10.617857920797968,0.9476770420599693,0.062300188921858936,0.6230018893137232,365,session_close,2.2543528538851776,-0.4939105685084044,0.11372124504719672
ATCH,2026-09-17T13:45:05.000Z,2026-09-17T19:50:05.000Z,7.437499999999986,0.17318056294357112,0.17314051125938507,57.74319354904022,-0.002312712151920368,-0.023127124375444313,365,session_close,8.672703680564187,-1.7788156425931456,-0.005774319354905799
UGP,2026-09-17T14:00:05.000Z,2026-09-17T19:50:05.000Z,-0.8597883597883493,7.512637964556792,7.538477211851228,1.3310902929127113,0.03439437124979596,0.34394373076862705,350,session_close,0.76354052616181,-1.2330950192707246,0.05324361171650871
TSHA,2026-09-17T14:15:05.000Z,2026-09-17T19:50:05.000Z,3.2544378698224685,5.251216517043438,5.118950564015427,1.904320626289821,-0.25187678250712114,-2.5187678435792153,335,session_close,0,-4.022239729744714,-0.20947526889188062
WULF,2026-09-17T14:20:05.000Z,2026-09-17T19:50:05.000Z,4.223521767381411,16.053215023311466,16.376721864451863,0.6229281788633505,0.20152152740142243,2.01521527414054,330,session_close,4.091298694590417,-0.08232010405564427,0.18687845365900557
NOK,2026-09-17T14:20:05.000Z,2026-09-17T19:50:05.000Z,4.043392504930976,10.562114055357428,10.62787337061317,0.9467801566238645,0.06225961479730894,0.6225961479973441,330,session_close,0.6427306530375709,-0.872117597619626,0.08521021409614882
LUXE,2026-09-17T14:25:05.000Z,2026-09-17T19:50:05.000Z,0.4540295119182636,8.871783768240375,9.338068071418274,1.1271690405242119,0.5255812306245328,5.25581230740908,325,session_close,5.277588408272149,-1.1472751241384582,0.5635845202621059
UNG,2026-09-17T14:35:05.000Z,2026-09-17T19:50:05.000Z,1.0617760617760652,10.48209946810683,10.287916269407386,0.9540073560419365,-0.18525219997902195,-1.8525219999130074,315,session_close,0,-1.9280437923885785,-0.16218125052713006
UEC,2026-09-17T15:00:05.000Z,2026-09-17T19:50:05.000Z,1.6865079365079305,10.262090518106808,10.127967622127265,0.888394229515574,-0.11915400683414326,-1.3069744000298116,290,session_close,0.7591969857966729,-1.384615716028803,-0.08883942295155656
AIXI,2026-09-18T13:30:05.000Z,2026-09-18T13:35:05.000Z,9.785202863961807,2.320795451326793,2.1795469013204434,4.3088672483123895,-0.6086212509939756,-6.086212808009357,5,stop,0,-6.066689386447244,-0.4308867248312378
CIFG,2026-09-18T13:30:05.000Z,2026-09-18T14:05:05.000Z,9.897968913893385,4.64107793517289,4.259078672945392,2.154671838014192,-0.8230830524637882,-8.230830586413491,35,stop,0.8386427758976911,-8.210979011682863,-0.5386679595035471
ESLA,2026-09-18T13:35:05.000Z,2026-09-18T14:25:05.000Z,9.980988593155882,0.5882238972456945,0.5511668607997812,17.000328205979006,-0.6343177011678965,-6.343177448231106,50,stop,0,-6.27718415021683,-0.4131079754052909
ARRY,2026-09-18T13:35:05.000Z,2026-09-18T15:05:05.000Z,-2.948113207547165,4.130869139005729,3.9092163645291254,2.420798055207753,-0.5365766053843655,-5.36576606563611,90,stop,0,-5.346795833355566,-0.4841596110415516
TGL,2026-09-18T13:35:05.000Z,2026-09-18T15:45:05.000Z,9.954751131221705,2.4606103418493332,2.307404383048116,4.064032289303039,-0.6226339634817785,-6.226339709117519,130,stop,0,-6.120852996827542,-0.5283241976093969
RYDE,2026-09-18T13:35:05.000Z,2026-09-18T16:15:05.000Z,2.9172029172029212,0.7256764757469738,0.6934294491270274,13.780245369715658,-0.5416921524416176,-5.416921581389293,160,stop,2.786851293782,-5.756900925301633,-0.6331504032023094
GSUI,2026-09-18T13:30:05.000Z,2026-09-18T19:50:05.000Z,9.416195856873832,11.662941602298138,11.716993142303027,0.8574166114455514,0.04634468827440491,0.46344688885553165,380,session_close,0.8321948356728059,-1.0541217343822962,0.06001916280118813
CIFR,2026-09-18T13:30:05.000Z,2026-09-18T19:50:05.000Z,5.135773317591474,17.83357733970833,18.106375579629987,0.5607399910985992,0.15296888262538277,1.529688826448981,380,session_close,1.7743083973798202,-4.22560950814066,0.29158479537127135
EUV,2026-09-18T13:30:05.000Z,2026-09-18T19:50:05.000Z,1.2680367293397499,23.21469869072341,23.375287520698905,0.4307615674138517,0.06917549610940082,0.6917549614359907,380,session_close,0.7120545111474641,-0.881763289071702,0.09045992915691059
XRPC,2026-09-18T13:35:05.000Z,2026-09-18T19:50:05.000Z,2.8425655976676234,14.14407763960182,14.866721091824889,0.707009675710216,0.5109159128103432,5.109159258287364,375,session_close,5.273743395678787,0,0.5585376438110714
MG,2026-09-18T13:35:05.000Z,2026-09-18T19:50:05.000Z,4.73790322580645,20.79416895166623,20.755285862161497,0.48090404681176696,-0.018699035095370117,-0.18699035097344943,375,session_close,1.32648267394051,-0.3566814900784365,-0.10098984983046932
SGRY,2026-09-18T15:05:05.000Z,2026-09-18T19:50:05.000Z,-1.2359550561797827,13.203032374537123,13.387287995139687,0.7574017580243638,0.1395555309702517,1.395555319230391,285,session_close,1.4160960918603527,-1.1590699030039175,0.1287582988641418
BTCT,2026-09-18T15:05:05.000Z,2026-09-18T19:50:05.000Z,3.4482758620689724,1.2102447542941634,1.2597433569886485,8.262791439429732,0.40899663060772434,4.0899663079600375,285,session_close,5.76373047338834,-1.6727818255217852,0.4131395719714881
AMZE,2026-09-18T15:05:05.000Z,2026-09-18T19:50:05.000Z,-0.7773851590105907,0.141032175046335,0.14795760486347206,70.90580523484107,0.4910531777814816,4.910531809398648,285,session_close,7.138672398945345,-4.206256511598172,0.4112536703620773
SGML,2026-09-18T15:40:05.000Z,2026-09-18T19:50:05.000Z,9.79729729729728,9.761982873174327,9.797981086009063,1.0243820465055817,0.03687592293419017,0.3687592295788385,250,session_close,1.0040698503479328,-1.4544470628451212,0.061462922790335384
CAAP,2026-09-18T15:40:05.000Z,2026-09-18T19:50:05.000Z,-0.9615384615384803,23.7569617410015,23.684869408914462,0.420929234811183,-0.03034577018115075,-0.30345771009352657,250,session_close,0.09697476996286536,-0.7448837226356586,0.008418584696224585
AMC,2026-09-18T15:40:05.000Z,2026-09-18T19:50:05.000Z,0,2.720554257266391,2.689458158389391,3.675721579750887,-0.1143006016882568,-1.1430060177607144,250,session_close,0,-1.1230894287361903,-0.1470288631900356
SPDN,2026-09-18T15:40:05.000Z,2026-09-18T19:50:05.000Z,0.34924330616998844,8.63172771265498,8.588273097507534,1.0491053635949066,-0.04558846982413851,-0.5034289379139889,250,session_close,0,-0.7151258092221835,-0.041964214543796174
TSUI,2026-09-18T13:30:05.000Z,2026-09-18T19:55:05.000Z,9.782208463458208,16.203386339433326,16.215597405881496,0.6171549435184854,0.007536120024120996,0.07536120038348307,385,session_close,0.16424752214854177,-1.6255018174339053,0.06788704378703336
ENRD,2026-09-21T13:30:05.000Z,2026-09-21T13:35:05.000Z,5.597964376590325,4.171141418921638,3.889202191197411,2.397425259399098,-0.6759282261615372,-6.759282397984889,5,stop,0,-6.740155527844016,-0.7671760830077101
LGHL,2026-09-21T13:30:05.000Z,2026-09-21T13:40:05.000Z,2.9113924050632844,8.172340012459067,7.748197518430706,1.2236397087367497,-0.5189975978557424,-5.189976106986966,10,stop,0.9502784688661725,-5.167920226216626,-0.6485290456304753
SCNI,2026-09-21T13:30:05.000Z,2026-09-21T14:00:05.000Z,9.615384615384603,1.7204094294507344,1.6296657958428964,5.812569809419896,-0.5274537051059798,-5.274537098811949,30,stop,4.0450005305704195,-5.2551112486984515,-0.17437709428259573
LGHL,2026-09-21T14:00:05.000Z,2026-09-21T14:10:05.000Z,14.050632911392391,9.071834087555768,8.268187403480955,1.1023129280152766,-0.8858701294122754,-8.858701298089331,10,stop,0,-8.8387208123182,-0.9810585059335946
SDST,2026-09-21T13:30:05.000Z,2026-09-21T14:15:05.000Z,2.400000000000002,0.12843063844540706,0.12087354582198523,77.86303976151285,-0.5884182034189294,-5.884182088399551,45,stop,1.2219526225123012,-5.863584061063564,-0.5528275823067421
WETH,2026-09-21T13:40:05.000Z,2026-09-21T14:25:05.000Z,7.619047619047614,1.1407641211653998,1.0797256461079705,8.766051336013192,-0.5350664058253861,-5.350665744560117,45,stop,0,-5.326615733962892,-0.5259630801607891
CYAB,2026-09-21T13:35:05.000Z,2026-09-21T14:50:05.000Z,5.550146056475191,0.32696630367187385,0.3019391596199353,30.584191343171813,-0.7654349624576134,-7.654349628961916,75,stop,1.692436274313902,-7.63574209069835,-0.816597908862688
MARA,2026-09-21T13:30:05.000Z,2026-09-21T19:45:05.000Z,5.211480362537757,13.95280454972637,13.23734964188932,0.7167017901142799,-0.5127678131928605,-5.1276781330035925,375,stop,0,-5.1086829689759305,-0.35835089505713924
USAR,2026-09-21T13:35:05.000Z,2026-09-21T19:50:05.000Z,8.230318802862712,16.653330887748385,16.856621498522497,0.6004804724831484,0.12207204200902615,1.2207204201032793,375,session_close,2.201776417721746,-1.701346653460345,0.08406726614764004
CLSK,2026-09-21T13:35:05.000Z,2026-09-21T19:50:05.000Z,3.5590877677954325,15.003001285466633,14.817032106231453,0.6665333028742414,-0.12395465126843608,-1.2395465127056111,375,session_close,0.979795387178739,-2.152911136383917,-0.08664932937365144
RIOT,2026-09-21T13:35:05.000Z,2026-09-21T19:50:05.000Z,4.905263157894724,24.934987702320335,23.985198409263496,0.40104290883339233,-0.3809062608663258,-3.809062608715285,375,session_close,0.3409357914852862,-3.7898061695550767,-0.29677175253670995
JBLU,2026-09-21T13:35:05.000Z,2026-09-21T19:50:05.000Z,1.3729977116704761,4.440892990211808,4.539086187946799,2.25179936102514,0.22111137991666652,2.2111137996663826,375,session_close,2.4568709497993835,-0.4704682201948751,0.24769792971276416
BB,2026-09-21T13:40:05.000Z,2026-09-21T19:50:05.000Z,2.3153942428035146,8.19164502165339,8.428306817979681,1.220756022977656,0.288906313274032,2.8890631332377277,370,session_close,3.7642619709657765,-0.38630850787284565,0.3051890057444133
SOFI,2026-09-21T14:15:05.000Z,2026-09-21T19:50:05.000Z,-0.14740566037735325,16.943389177703928,16.91661429293466,0.5902006909585772,-0.015802555491157822,-0.15802555491377576,335,session_close,0.688237878933462,-0.25608322661340166,-0.011804013819171288
XXI,2026-09-21T14:15:05.000Z,2026-09-21T19:50:05.000Z,6.8846815834767705,6.221293504460421,6.538617823572446,1.6073827695610936,0.510061642903375,5.100616437474232,335,session_close,5.122833303252428,-0.9852212311873054,0.578657797041993
YSG,2026-09-21T14:20:05.000Z,2026-09-21T19:50:05.000Z,1.6064257028112205,2.5511347219374905,2.607597349184717,3.9198239215094457,0.22132355695494904,2.213235810782473,330,session_close,2.699397937330761,-1.2204264114223151,0.23518943529056813
NVTS,2026-09-21T14:20:05.000Z,2026-09-21T19:50:05.000Z,7.349081364829391,12.282468489369698,12.147563058141534,0.8141685856235514,-0.10983576413596967,-1.0983576415842047,330,session_close,0.14273605216634788,-2.0555191294665764,-0.13840865955600457
SCNI,2026-09-21T14:20:05.000Z,2026-09-21T19:50:05.000Z,5.12820512820511,1.6503464428339687,1.6395874990864936,6.059333797762143,-0.06519203147729757,-0.6519203161367673,330,session_close,6.038341682665527,-4.262525795079119,-0.060593337977621786
CHCT,2026-09-21T14:25:05.000Z,2026-09-21T19:50:05.000Z,1.3055751587861764,14.38316100006407,14.39703780207392,0.6952574581065848,0.009647950092015637,0.09647950134039879,325,session_close,0.2561258956620627,-1.064863280494377,0.020857723743198164
LCID,2026-09-21T14:25:05.000Z,2026-09-21T19:50:05.000Z,-0.24449877750610804,4.0908207398369205,4.279139922344619,2.444497237748593,0.46034572145514246,4.603457215170125,325,session_close,4.624481789701229,-0.7534121340684652,0.44000950279474793
IMSR,2026-09-22T13:30:05.000Z,2026-09-22T13:35:05.000Z,9.55555555555554,4.9610257813633805,4.649051866078129,2.0157121584579336,-0.6288496141622062,-6.288496150477878,5,stop,0,-6.269384499709341,-0.24188545901495218
SCNX,2026-09-22T13:30:05.000Z,2026-09-22T13:35:05.000Z,8.697079094190997,0.3344042119776724,0.31462639938295206,29.903928519995173,-0.5914342941143771,-5.914343147101528,5,stop,0,-5.892333670422801,-0.33492399942394613
STI,2026-09-22T13:30:05.000Z,2026-09-22T13:35:05.000Z,10.468319559228645,8.041666330967697,7.158554901036749,1.2435233661035394,-1.0981696979922426,-10.981696996431815,5,stop,0,-10.963726853133448,-0.39792747715313226
SCAG,2026-09-22T13:30:05.000Z,2026-09-22T13:40:05.000Z,9.962794543199681,0.26818831,0.2493136224390244,25,-0.4922353652860437,-7.341637900414731,10,stop,0,-14.612236454303318,-0.7910000000000004
MAZE,2026-09-22T13:30:05.000Z,2026-09-22T13:40:05.000Z,9.468512728896815,24.626817415056447,28.744240334273016,0.4060613930963302,1.6719264865438388,16.719265221413636,10,take_profit,16.742653000800267,0,1.2466084768057328
SOFX,2026-09-22T13:35:05.000Z,2026-09-22T13:50:05.000Z,9.776889205068118,8.971803401555256,8.318328953697423,1.1146031126985818,-0.7283646536513284,-7.283646538047794,15,stop,0,-7.265021003940708,-0.5350094940953198
SOFA,2026-09-22T13:35:05.000Z,2026-09-22T13:50:05.000Z,8.957654723127039,13.423933633676684,12.427362897182013,0.7449381083071475,-0.7423835192386015,-7.423835394973722,15,stop,0,-7.40419061059121,-0.5512542001472891
OPEX,2026-09-22T13:40:05.000Z,2026-09-22T14:00:05.000Z,9.445585215605746,5.372194618161993,5.068298136803573,1.861436499996141,-0.5656840026209593,-5.656840508551658,20,stop,0,-5.625161403132184,-0.5398165849988814
FBGL,2026-09-22T13:40:05.000Z,2026-09-22T14:00:05.000Z,7.879088206144691,0.438588281600231,0.4068165852655841,22.80042677119487,-0.7244082356747568,-7.244082358681549,20,stop,3.513937568860226,-7.225063443239598,-0.9804183511613793
NCT,2026-09-22T14:10:05.000Z,2026-09-22T15:15:05.000Z,4.210526315789487,5.9813525081204295,5.64878693612334,1.6718626643793428,-0.5560039632798942,-5.56003966570421,65,stop,7.166397420944981,-5.53975890353523,-1.0031175986276057
AKAN,2026-09-22T13:40:05.000Z,2026-09-22T15:20:05.000Z,8.986928104575153,3.350687762129387,3.17923732369374,2.9844619072359406,-0.5116873024900893,-5.11687303046969,100,stop,1.7701511475041176,-5.094111246609067,-0.23875695257887664
VEEA,2026-09-22T14:05:05.000Z,2026-09-22T15:25:05.000Z,-2.754820936639124,3.5508065404452434,3.3391889599515894,2.8162615519385765,-0.5959704556585446,-5.959704593399751,80,stop,7.862818105538016,-5.936863584204454,-0.47876446382955784
SKIL,2026-09-22T13:35:05.000Z,2026-09-22T17:25:05.000Z,8.585858585858585,6.501426490458479,6.12847935312602,1.538123975096465,-0.5736389333746479,-5.736389358240027,230,stop,0.5933084008276079,-5.712999923994921,-0.4152934732760478
SHPU,2026-09-22T13:30:05.000Z,2026-09-22T19:50:05.000Z,9.67529527964115,16.02335992487661,16.73602264776825,0.6240888319599719,0.44476484631085883,4.4476484721860325,380,session_close,6.407146066347247,0,0.19970842622719154
VTGN,2026-09-22T13:35:05.000Z,2026-09-22T19:50:05.000Z,9.871244635193133,0.25946098499569054,0.2597234063992229,38.541439737700514,0.010114098710126277,0.10114098793571817,375,session_close,1.67231886689303,-4.532852982072,0.2697900781639042
GMEU,2026-09-22T13:35:05.000Z,2026-09-22T19:50:05.000Z,9.240506329113906,8.672396946678278,8.828225717592405,1.1530837264633644,0.1796836198558673,1.7968362365356527,375,session_close,3.0856873245893146,-2.679731429582355,0.3113326061451076
VFF,2026-09-22T13:35:05.000Z,2026-09-22T19:50:05.000Z,8.680555555555557,3.140645105710947,2.9893876862866073,3.184059214658198,-0.48161258010348795,-4.816125806424072,375,session_close,0,-4.796629375188354,-0.3820871057589841
OMER,2026-09-22T13:40:05.000Z,2026-09-22T19:50:05.000Z,9.464575446187151,20.274063564165154,21.085755463129267,0.4932410302160393,0.40035974846307265,4.003597485009352,370,session_close,4.419126106610594,-1.993007286804327,0.46857897870523857
VRDN,2026-09-22T13:45:05.000Z,2026-09-22T19:50:05.000Z,2.5718257645968468,22.164479240498423,22.115517936629086,0.4511723414381,-0.022089986106591106,-0.2208998611610784,365,session_close,0.29561154489865515,-2.8174776123654155,0
MASK,2026-09-22T13:55:05.000Z,2026-09-22T19:50:05.000Z,-2.5045330915684394,0.8661038476266877,0.8961824497808613,11.545959464377228,0.34728632121721764,3.472863241122351,355,session_close,6.511476946771455,-3.695151304821609,0.6292547908085577
ZEO,2026-09-23T13:35:05.000Z,2026-09-23T13:40:05.000Z,8.207431604736627,0.5323067259089274,0.483203100923225,18.786161271675894,-0.9224686180052986,-9.22468618104659,5,stop,0,-9.206482564210905,-0.5541917575144382
LGHL,2026-09-23T13:30:05.000Z,2026-09-23T13:45:05.000Z,1.6752577319587791,7.92243119753559,7.198318294706965,1.2622387525199419,-0.9140033671499976,-9.140033971565105,15,stop,0,-9.11880683495635,-0.7699656390371636
FLYE,2026-09-23T13:40:05.000Z,2026-09-23T13:55:05.000Z,8.888888888888879,1.4918393052681658,1.3791515795638394,6.703126266921897,-0.75536005412836,-7.553610184849646,15,stop,0,-7.496739419133491,-0.46921883868453307
HAO,2026-09-23T13:35:05.000Z,2026-09-23T14:05:05.000Z,8.771929824561386,3.150702510663282,3.008723323099663,3.173895318529358,-0.45062707873677316,-4.50627081049712,30,rotation_for_stronger_continuation,1.2472611807594847,-4.783139955398596,-0.8252127828176334
EDVA,2026-09-23T13:30:05.000Z,2026-09-23T14:10:05.000Z,8.369470945359915,0.2517583100923252,0.30033971961591516,39.720634933522575,1.929684432242474,19.296844463952002,40,take_profit,19.32078821542649,0,1.521300317953914
TNMG,2026-09-23T14:05:05.000Z,2026-09-23T14:20:05.000Z,17.13554987212276,4.6109364842427,5.348924818946753,2.071026771809615,1.5283935984552897,16.005172424865023,15,take_profit,16.02849048740873,-3.056569630146344,1.4497187402667304
FRGT,2026-09-23T14:30:05.000Z,2026-09-23T15:30:05.000Z,6.603392568659139,0.5318129711222968,0.6520685083104419,18.803602989230562,2.2612373785425337,22.612373845332737,60,take_profit,22.637099020666575,-3.2742659671406327,2.9634478311027372
EPOW,2026-09-23T13:30:05.000Z,2026-09-23T16:50:05.000Z,-0.5955572300068046,6.902816195312306,6.506386496905284,1.4486839671947347,-0.5743013482020973,-5.7430139698089775,200,stop,7.782096313856579,-5.690665725375499,-0.8836972199887878
NXXT,2026-09-23T13:40:05.000Z,2026-09-23T17:15:05.000Z,8.882189239332106,0.9498521919023937,0.8954969809057279,9.99393210278126,-0.5432222881330266,-5.722491505525866,215,stop,2.0895680682543327,-5.68006184144677,-0.4976978187185068
XNDU,2026-09-23T13:35:05.000Z,2026-09-23T18:40:05.000Z,-2.768166089965396,5.631127943819544,5.3389308025967805,1.7758431523979035,-0.518896292390687,-5.188962924265727,305,stop,0,-5.169975655393733,-0.4262023565754962
RUN,2026-09-23T13:30:05.000Z,2026-09-23T19:50:05.000Z,-1.7064846416382062,8.661956567410963,8.348325806133262,1.154473572292811,-0.36207842535318047,-3.620784274740871,380,session_close,0.20830666199507242,-3.832350864698275,-0.4271552217483414
ONDS,2026-09-23T13:30:05.000Z,2026-09-23T19:50:05.000Z,0.38860103626943143,7.761561350206076,7.47849937231998,1.288400560965818,-0.36469721109653963,-3.646972111849379,380,session_close,2.0413244532263786,-3.885318128652937,-0.2319121009738474
OLB,2026-09-23T13:30:05.000Z,2026-09-23T19:50:05.000Z,-2.9563585171281215,0.20869133058501615,0.20564054058730308,47.91757869791455,-0.1461864698062269,-1.4618671456839716,380,session_close,6.5688734537054705,-3.206328967407801,-0.33063129301561034
JDST,2026-09-23T13:35:05.000Z,2026-09-23T19:50:05.000Z,8.29244357212955,22.104446150838488,22.46505779119452,0.4523976728202509,0.16313986688896284,1.63139866927792,375,session_close,2.4680729181754124,-0.2915528866849426,0.11762339493326657
IONL,2026-09-23T13:35:05.000Z,2026-09-23T19:50:05.000Z,8.08656036446469,14.302865542003794,14.315672260272356,0.699160596165583,0.008953952779572666,0.08953952780267899,375,session_close,6.062662446554201,-1.4882719926203825,0.09788248346318085
INFQ,2026-09-23T13:35:05.000Z,2026-09-23T19:50:05.000Z,-0.2844950213371278,14.04280948232703,13.817224053151966,0.7121082154090206,-0.16064123739213287,-1.6064123739552603,375,session_close,2.1875289133529208,-2.512385308445886,-0.14242164308180527
AIXC,2026-09-23T13:40:05.000Z,2026-09-23T19:50:05.000Z,9.929078014184412,1.5704522345146759,1.6388637297545778,6.367592421250928,0.4356165186160437,4.356165296618748,370,session_close,6.975555389570842,-3.849352001040496,0.4457314694875638
QUBT,2026-09-23T13:45:05.000Z,2026-09-23T19:50:05.000Z,2.643171806167399,9.331867498366769,9.21813677055009,0.9736525375163024,-0.11073421173228482,-1.2187349192065051,365,session_close,2.01602199844948,-1.3059282977185172,-0.13631135525228188
ADUR,2026-09-23T13:55:05.000Z,2026-09-23T19:50:05.000Z,1.1838989739542338,12.86281446076499,12.69720589056684,0.7187095148883502,-0.11902445514846616,-1.2874987095810244,355,session_close,1.4552455825742827,-1.499006779217149,-0.15092899812655425
RKT,2026-09-23T14:30:05.000Z,2026-09-23T19:50:05.000Z,-2.8649921507064358,12.382478081476712,12.187560307122599,0.8075927882822417,-0.15741418887640735,-1.5741418888170402,320,session_close,0.787579981015063,-2.119754056898848,-0.1776704134220939
HQ,2026-09-23T14:30:05.000Z,2026-09-23T19:55:05.000Z,-1.14358322744601,15.61314832963617,14.956869725550636,0.19262296288621128,-0.12641432919778237,-4.2033713523352345,325,session_close,1.0046126959935453,-4.2473709698729545,-0.21959017769028044
PMAX,2026-09-24T13:30:05.000Z,2026-09-24T13:35:05.000Z,9.469074986316372,1.0110262443231746,0.9593582158837737,9.890931878096739,-0.511044949569679,-5.110453732483446,5,stop,0,-5.066757130272881,-0.5440012532953222
ATYR,2026-09-24T13:30:05.000Z,2026-09-24T13:35:05.000Z,8.155650319829434,0.4071855645159077,0.3650265307360509,24.55882735060956,-1.0353764318680194,-10.353764340830347,5,stop,0,-10.335721151102728,-0.2455882735060957
CBRZ,2026-09-24T13:30:05.000Z,2026-09-24T13:35:05.000Z,7.568238213399492,8.7019712149558,8.178280871516296,1.1491649067523264,-0.6018065646857501,-6.018065683088598,5,stop,0,-5.998310061732958,-0.33325782295817596
KYTX,2026-09-24T13:35:05.000Z,2026-09-24T13:40:05.000Z,9.54738330975955,7.761565548871075,7.368521319551354,1.2883998638564291,-0.5063981315450838,-5.06398131723425,5,stop,0,-5.044930000340308,-0.6699679292053435
BTLN,2026-09-24T13:35:05.000Z,2026-09-24T13:45:05.000Z,7.625368731563409,0.7482851629656752,0.7047823637488511,13.363889032351869,-0.5759260546649709,-5.759260614362132,10,stop,0,-5.771217325026146,-0.22511277987233846
HUHU,2026-09-24T13:35:05.000Z,2026-09-24T14:00:05.000Z,9.322033898305083,6.501454096229596,6.038610974486503,1.5381174424926622,-0.7119070786908052,-7.119070824656134,25,stop,0,-7.097705980839086,-1.0613010353199375
ZKIN,2026-09-24T13:35:05.000Z,2026-09-24T14:00:05.000Z,8.235294117647074,1.8706224262470916,1.5896604355483497,5.345814001582161,-1.5019705437897315,-15.019706101910568,25,stop,0,-15.001553617107334,-0.7484139602215034
GRML,2026-09-24T13:35:05.000Z,2026-09-24T14:05:05.000Z,9.606791778373559,12.282458020810175,14.23715077273039,0.814169279693663,1.5914507898533052,15.91450789905716,30,take_profit,15.937705432195749,0,1.489929781839404
ATCH,2026-09-24T14:00:05.000Z,2026-09-24T14:50:05.000Z,6.61577608142494,0.21044258675521402,0.19915992497333718,47.51889885652214,-0.5361396640453535,-5.361396643066733,50,stop,4.731653130822044,-5.342353431670821,-0.6272494649060913
LU,2026-09-24T13:30:05.000Z,2026-09-24T19:50:05.000Z,9.016393442622949,1.3503909717387725,1.3696158696293543,7.4052625867760735,0.1423654170837156,1.42365420777567,380,session_close,2.9331526269186003,-4.4721101519964,0.3702631293388041
TSSI,2026-09-24T13:30:05.000Z,2026-09-24T19:50:05.000Z,8.081896551724155,10.062992100621535,10.267919975643155,0.9937401928072648,0.20364506603556698,2.0364507193537595,380,session_close,3.6471051125618548,-3.8059465494152622,0.44718308676326757
PATH,2026-09-24T13:30:05.000Z,2026-09-24T19:50:05.000Z,0.07668711656443339,13.08265302952628,12.637471036690362,0.7643709553169349,-0.34028418515388764,-3.402841853492449,380,session_close,0,-4.2243192438031985,-0.2981046725736043
ORCZ,2026-09-24T13:35:05.000Z,2026-09-24T19:50:05.000Z,9.313725490196067,17.894335392206358,17.39607801147935,0.5588360605882199,-0.27844419180448593,-2.7844419466062837,375,session_close,4.669995221826495,-3.7125457729807576,-0.25147622726469976
KHC,2026-09-24T14:00:05.000Z,2026-09-24T19:50:05.000Z,0.10508617065994041,23.83479867315912,23.81523198617134,0.41955462407579636,-0.008209294003566708,-0.0820929400583283,350,session_close,0.525287956310172,-0.6494649914263517,0.012586638722273946
DKNG,2026-09-24T14:00:05.000Z,2026-09-24T19:50:05.000Z,-2.1882352941176464,20.804171911450005,21.38571592225974,0.4806728208849262,0.27953240014465,2.7953240017675087,350,session_close,3.1523873737509644,-0.5968606295820189,0.2547565950690096
IOVA,2026-09-24T14:00:05.000Z,2026-09-24T19:50:05.000Z,2.3552502453385804,10.442103449016635,10.637869731064313,0.9576614564147846,0.18747782278268724,1.874778228385722,350,session_close,2.852840449607097,-2.701595999254358,0.19153229128295557
LBTYA,2026-09-24T14:00:05.000Z,2026-09-24T19:50:05.000Z,0.5801687763713037,9.551914387934188,9.508064273308321,1.0469105556170981,-0.045907147866839824,-0.45907147871067255,350,session_close,0.39872229292508,-1.2763345962165218,-0.07328373889319728
OPTU,2026-09-24T14:00:05.000Z,2026-09-24T19:50:05.000Z,-0.4901960784313597,1.0202084968588965,1.0397170000391325,9.801917962631075,0.19122074774640072,1.9122074791868935,350,session_close,4.88052229464917,0,0.09801917962631101
HYPD,2026-09-24T14:05:05.000Z,2026-09-24T19:50:05.000Z,-2.5510204081632626,3.840853803098172,4.1291310848601155,2.603587760164593,0.7505552023289157,7.505552060570714,345,session_close,7.528175028911344,-0.803305844999469,0.7810763280493767
ARCT,2026-09-24T14:05:05.000Z,2026-09-24T19:50:05.000Z,6.315789473684208,14.172895082339332,14.096878162401348,0.7055721455001425,-0.053635421294956305,-0.5363542134218454,345,session_close,1.179045753812824,-2.207700547570046,-0.17639303637503545
CD,2026-09-24T14:05:05.000Z,2026-09-24T19:50:05.000Z,8.644859813084116,4.6809554785668395,5.038842041329523,2.136315980207951,0.7645587831316161,7.645587837811625,345,session_close,7.670325493954255,-4.933938799980863,0.5554421548540667
DNA,2026-09-24T14:05:05.000Z,2026-09-24T19:50:05.000Z,7.983682983682994,9.281935269212827,10.36791929201161,0.717864724778737,0.7795896216405541,11.699974103470367,345,session_close,11.722390850927011,-3.3606705947140325,0.6819714885397996
KITT,2026-09-25T13:30:05.000Z,2026-09-25T13:35:05.000Z,9.867751780264511,3.2506620830068993,2.3695253641399314,3.076296378114295,-2.710637696873967,-27.10637698926572,5,stop,0,-27.09177578348214,-1.3228074425891467
USDE,2026-09-25T13:30:05.000Z,2026-09-25T13:35:05.000Z,9.353023909985936,15.57336000990229,14.577077441490273,0.6421221855496412,-0.6397351402537342,-6.397351424346017,5,stop,0,-6.378585027705408,-0.3467459801968058
LFS,2026-09-25T13:30:05.000Z,2026-09-25T13:35:05.000Z,4.235294117647048,2.2304984761973947,2.1095615218631583,4.483302747849161,-0.5421969796831908,-5.421969825346509,5,stop,0,-5.402311522885384,-0.31383119234944346
GLNDW,2026-09-25T13:40:05.000Z,2026-09-25T13:45:05.000Z,9.532267613972767,1.7003681153966488,1.3697039306485346,5.881079440178924,-1.9446623385256598,-19.446623454885202,5,stop,0,-19.429211381065148,-1.1174050936339945
FRVO,2026-09-25T13:35:05.000Z,2026-09-25T14:00:05.000Z,3.470975463794135,17.31347308425055,16.426707888640316,0.5775848641144177,-0.5121821550079322,-5.12182155073723,25,stop,0,-5.102806813811456,-0.508274680420687
GIPR,2026-09-25T13:30:05.000Z,2026-09-25T14:10:05.000Z,1.138484509145199,0.546989977147987,0.6778642330292415,18.281869697146135,2.3926260927320553,23.926262152669516,40,take_profit,23.95108289462651,0,2.2998592079009814
STLU,2026-09-25T13:40:05.000Z,2026-09-25T14:10:05.000Z,9.610983981693355,24.024883881488893,22.385499158078595,0.4162351020120633,-0.6823694675857038,-6.823694680470194,30,stop,0,-6.804960596494558,-0.578566791796769
BENF,2026-09-25T13:40:05.000Z,2026-09-25T14:25:05.000Z,9.655172413793123,1.600327727109249,1.9796034760076375,6.248720071965103,2.369987984950956,23.699879872949083,45,take_profit,23.724657547274507,0,2.936898433823597
ACTU,2026-09-25T13:40:05.000Z,2026-09-25T14:40:05.000Z,9.564516129032263,0.695484205752489,0.6443369400349318,14.378456669827056,-0.7354187439000275,-7.354195148431547,60,stop,4.071378474637588,-7.330749617430343,-0.59526810613084
MGN,2026-09-25T13:35:05.000Z,2026-09-25T15:45:05.000Z,8.92388451443571,4.20153419082605,3.969015343647221,2.3800828321716327,-0.5534141163266696,-5.534141497325621,130,stop,4.009626044262382,-5.510705859102583,-0.9520331328686531
YMAT,2026-09-25T13:35:05.000Z,2026-09-25T16:10:05.000Z,9.090909090909104,1.5807151802894401,1.489562725295818,6.326249650368595,-0.5766531865336417,-5.766532524659603,155,stop,5.01575620321697,-5.73886943205224,-0.31631248251843047
PL,2026-09-25T13:30:05.000Z,2026-09-25T19:50:05.000Z,1.759364358683313,17.95364021078964,17.4664959940182,0.5569901076840478,-0.2713345097571858,-2.7133450991107666,380,session_close,1.0937046019912522,-3.1951192296083675,-0.11139802153681089
QBTS,2026-09-25T13:30:05.000Z,2026-09-25T19:50:05.000Z,-0.17162471395879564,17.483606157970396,17.41650571040614,0.5719643817555788,-0.03837906600661323,-0.38379066056499994,380,session_close,2.6104102203282853,-1.221751142415306,0
TSUI,2026-09-25T13:35:05.000Z,2026-09-25T19:50:05.000Z,9.249394673123511,22.606923109925376,22.863717153762465,0.44234235794540955,0.11359088285723512,1.1359088655649316,375,session_close,1.1637005566632164,-3.082786217905953,-0.026540541476725465
TNON,2026-09-25T13:35:05.000Z,2026-09-25T19:50:05.000Z,0.6756756756756799,3.0007475429263355,3.049349869970652,3.332502896169282,0.1619673956357508,1.6196739762025842,375,session_close,5.307092809225833,-0.6914124773756414,0.1333001158467706
AMZE,2026-09-25T13:35:05.000Z,2026-09-25T19:50:05.000Z,1.5813253012048278,0.1361972,0.1345662238125,32.6,-0.05316982371249981,-1.1975108060224398,375,session_close,1.7642066063032313,-2.4943244060817604,0.009780000000000122
AMC,2026-09-25T13:40:05.000Z,2026-09-25T19:50:05.000Z,0.687285223367673,2.940591294447475,2.909414588114597,3.400676597468379,-0.10602189561236186,-1.0602189563625097,370,session_close,0,-3.7608522699600244,-0.06801353194936688
WT,2026-09-25T13:45:05.000Z,2026-09-25T19:50:05.000Z,3.4597749062109218,24.854981339298043,24.395092571398326,0.33885564298038595,-0.15583590414611592,-1.850288123824054,365,session_close,0,-3.520345991628704,-0.11859947504313695
GENI,2026-09-25T14:10:05.000Z,2026-09-25T19:50:05.000Z,7.758620689655182,6.261280271562172,6.398715710565142,1.5971174515512403,0.2195005380932493,2.195005382959485,340,session_close,4.132057937302291,-0.49958267647340904,0.2395676177326873
LION,2026-09-25T14:10:05.000Z,2026-09-25T19:50:05.000Z,-2.2768670309653904,10.752579450214398,10.85774008302555,0.9300093945330437,0.09780037644941167,0.978003773867076,340,session_close,1.9290306176855676,-2.3490126381662035,0.12090122128929615
CIFR,2026-09-25T14:10:05.000Z,2026-09-25T19:50:05.000Z,-2.044198895027649,17.743550147225914,17.78643960368584,0.5635850727043629,0.024171857437217267,0.2417185743780265,340,session_close,1.6143886110574712,-1.316253767076181,0.022543402908175025
PMAX,2026-09-28T13:30:05.000Z,2026-09-28T13:35:05.000Z,9.259259259259256,1.7803784752139193,1.6896549943587496,5.61678323591083,-0.5095741263707948,-5.0957412773859225,5,stop,0,-5.076363058313205,-1.4603636413368157
LOBO,2026-09-28T13:30:05.000Z,2026-09-28T13:40:05.000Z,8.340775138417577,0.6137392736304972,0.570017000766089,16.293563681569005,-0.7123916372191718,-7.123916415805466,10,stop,0,-7.061512191346198,-0.6615186854717034
CRMT,2026-09-28T13:35:05.000Z,2026-09-28T13:40:05.000Z,8.962264150943366,1.1705610682429264,1.0886121793154688,8.542910687035459,-0.7000820390090589,-7.0008213283965715,5,stop,0,-6.88226103093047,-0.6834328549628346
CSAI,2026-09-28T13:35:05.000Z,2026-09-28T13:55:05.000Z,9.206798866855536,3.8811870584367925,4.469094925018645,2.576531232681091,1.5147629801870506,15.147630292744543,20,take_profit,15.170949833074033,0,1.3913268656477875
AMPX,2026-09-28T13:40:05.000Z,2026-09-28T14:00:05.000Z,9.282051282051285,10.67213738323381,10.057980267852729,0.9370194217210142,-0.5754771451002269,-5.754771451367719,20,stop,0,-5.735846168879844,-0.45913951664329744
SDEV,2026-09-28T13:40:05.000Z,2026-09-28T14:15:05.000Z,9.731543624161066,1.650331359346317,1.5196909877709743,6.059389189760515,-0.7916008552699277,-7.916008554008705,35,stop,0,-7.8972843004049835,-0.9695022703616818
AMPU,2026-09-28T14:30:05.000Z,2026-09-28T14:45:05.000Z,7.582938388625582,2.280470119786582,2.1483915149265713,4.385060738339823,-0.5791727045463331,-5.79172705285748,15,stop,0,-5.721194005330455,-0.43850607383398277
DLXY,2026-09-28T14:30:05.000Z,2026-09-28T14:45:05.000Z,15.999999999999993,2.920680801597152,2.8193480327712206,3.423859230784318,-0.3469491359255992,-3.4694913860671974,15,rotation_for_stronger_continuation,0,-4.13194079719903,-0.30814733077058776
KNDI,2026-09-28T14:45:05.000Z,2026-09-28T15:05:05.000Z,19.047619047619047,0.7048424537745441,1.019795896324451,13.695331177979725,4.248104855736762,44.00789894659611,20,take_profit,44.713190094855506,-2.687473445037869,2.0014517720298315
NEXR,2026-09-28T13:30:05.000Z,2026-09-28T15:15:05.000Z,2.684563758389258,1.5403663291815328,1.459313072302394,6.491962152427277,-0.5261946759903355,-5.261946807303053,105,stop,0,-5.217351720758212,-0.12983924304854533
SLXN,2026-09-28T13:40:05.000Z,2026-09-28T15:30:05.000Z,1.4598540145985606,0.26597261935107064,0.2505032455598039,37.597854338447846,-0.5816152625110491,-5.8161527412142835,110,stop,1.4766108851773874,-5.779775146997201,-0.5978058839813212
LINK,2026-09-28T13:30:05.000Z,2026-09-28T16:15:05.000Z,9.369369369369384,6.101297792350582,5.72875310351804,1.6389955568814798,-0.6105990897363307,-6.105990913926792,165,stop,4.895715924961275,-6.085554335933107,-0.6392082671837755
SCYX,2026-09-28T13:30:05.000Z,2026-09-28T19:50:05.000Z,4.328018223234631,4.610939190445526,4.549018202577237,2.1687555570296597,-0.13429148653611822,-1.342914866381183,380,session_close,8.0040268221107,-3.4903776388769847,-0.2819382224138547
SSPC,2026-09-28T13:30:05.000Z,2026-09-28T19:50:05.000Z,0.43859649122808264,9.171840791745689,9.428058508477168,1.0902936744729737,0.2793525558402397,2.7935255588176506,380,session_close,2.9237228855481634,-2.854833590017569,0.41431159629972925
NASA,2026-09-28T13:35:05.000Z,2026-09-28T19:50:05.000Z,-0.44824775876119993,24.455181994188045,24.184994799796083,0.4089112882934339,-0.11048259373920566,-1.1048259401879488,375,session_close,0,-1.4932704008288833,-0.032712903063472965
JDST,2026-09-28T13:40:05.000Z,2026-09-28T19:50:05.000Z,9.960159362549792,24.8849999094863,25.034353530041074,0.40184850449837095,0.06001752906135285,0.6001752907294124,370,session_close,0.783604947651062,-2.1498891357534355,0.08036970089967355
VLY,2026-09-28T14:30:05.000Z,2026-09-28T19:50:05.000Z,-2.0259938837920433,12.832573085148589,12.82742752813568,0.7792669430003808,-0.004009762483484007,-0.040097624839280054,320,session_close,0.6033623524889231,-0.799318145067085,0.023378008290011465
LBRT,2026-09-28T14:45:05.000Z,2026-09-28T19:50:05.000Z,1.5047518479408772,19.243862545497034,18.96619308441857,0.5196461975780705,-0.14428987963297576,-1.4428987965487057,305,session_close,0,-2.878125657921171,-0.12991154939451732
TRT,2026-09-28T14:45:05.000Z,2026-09-28T19:50:05.000Z,1.045856798069189,6.301430248081705,6.328276827295706,1.2971282415681424,0.03482345608797713,0.426039457029201,305,session_close,3.6272678252350143,-3.037885694917919,0.06485641207840764
ONCY,2026-09-28T13:35:05.000Z,2026-09-28T19:55:05.000Z,-0.4683155275867046,0.6842357366018172,0.6678186799269142,14.614845391233105,-0.25080119435196135,-2.508012068520927,380,session_close,4.1892379869751695,-2.4166724591060174,-0.28229690782466044
TGHL,2026-09-28T13:40:05.000Z,2026-09-28T19:55:05.000Z,9.289617486338809,0.8059669599999999,0.7785645999999999,5,-0.13492784999999963,-3.348222860152968,375,session_close,0,-3.395543658514233,-0.13000000000000034
NYXH,2026-09-28T13:40:05.000Z,2026-09-28T19:55:05.000Z,8.965517241379327,1.5904098880753959,1.5696561818752268,6.287687171733028,-0.04030122161685196,-0.4030122221714258,375,session_close,2.4893024258364704,-2.5408473864745096,0.11287687171732941
